y_real,y_predicha,probabilidad,correcto
0,0,0.981388,1
2,2,0.979391,1
0,0,0.981503,1
1,1,0.972885,1
1,1,0.971825,1
1,1,0.973349,1
2,2,0.989444,1
2,2,0.960395,1
2,2,0.991738,1
0,0,0.980568,1
1,0,0.794282,0
1,1,0.972783,1
2,2,0.976924,1
0,0,0.981773,1
2,2,0.953294,1
0,0,0.981255,1
2,2,0.987225,1
1,1,0.388586,1
0,0,0.980383,1
2,2,0.988138,1
0,0,0.981336,1
1,1,0.972879,1
2,2,0.966748,1
0,0,0.981255,1
0,0,0.981503,1
2,2,0.972193,1
2,2,0.992422,1
0,0,0.981436,1
0,0,0.981595,1
1,1,0.972155,1
1,1,0.972231,1
1,1,0.972694,1
0,0,0.981445,1
2,2,0.987215,1
2,2,0.9877,1
2,2,0.986223,1
0,0,0.981844,1
1,1,0.973455,1
1,1,0.972657,1
0,0,0.981442,1
0,0,0.980526,1
2,2,0.99022,1
1,1,0.972518,1
2,2,0.993116,1
2,2,0.972993,1
2,2,0.978337,1
2,2,0.978916,1
1,1,0.973086,1
1,1,0.973349,1
0,0,0.980646,1
2,2,0.969316,1
0,0,0.981931,1
0,0,0.981522,1
2,2,0.993506,1
1,1,0.972776,1
0,0,0.981027,1
1,1,0.973057,1
0,0,0.981602,1
0,0,0.981601,1
0,0,0.980745,1
2,2,0.980037,1
1,1,0.973048,1
1,1,0.972531,1
0,0,0.981733,1
0,0,0.981339,1
1,1,0.97304,1
1,1,0.97243,1
2,2,0.971269,1
1,1,0.972774,1
2,2,0.992149,1
1,1,0.972376,1
1,1,0.973191,1
0,0,0.981431,1
2,2,0.971376,1
0,0,0.981,1
1,1,0.973019,1
0,0,0.944005,1
1,1,0.972359,1
0,0,0.98115,1
1,1,0.973106,1
0,0,0.981001,1
1,1,0.972244,1
0,0,0.981206,1
1,1,0.972419,1
1,1,0.973571,1
0,0,0.981513,1
2,2,0.992017,1
2,2,0.970472,1
2,2,0.989411,1
0,0,0.981645,1
0,0,0.981142,1
2,2,0.945507,1
2,2,0.990763,1
1,1,0.973106,1
2,2,0.992383,1
2,2,0.974359,1
0,0,0.513779,1
1,1,0.97358,1
2,2,0.99409,1
0,0,0.981336,1
2,2,0.976481,1
1,1,0.972631,1
1,1,0.721763,1
2,2,0.991798,1
2,2,0.990217,1
0,0,0.874114,1
0,0,0.981279,1
0,0,0.981864,1
1,1,0.707013,1
1,1,0.97259,1
0,0,0.981433,1
2,2,0.991296,1
1,1,0.973601,1
2,2,0.976059,1
2,2,0.977406,1
1,1,0.619524,1
0,0,0.980822,1
0,0,0.981585,1
0,0,0.708974,1
1,1,0.971896,1
1,1,0.972957,1
1,1,0.97285,1
2,2,0.971241,1
1,1,0.972469,1
0,0,0.981952,1
0,0,0.980802,1
2,2,0.993263,1
1,1,0.972387,1
1,1,0.505732,1
0,0,0.980624,1
1,1,0.973346,1
1,1,0.580323,1
0,0,0.981729,1
0,0,0.981262,1
2,2,0.991259,1
1,1,0.973241,1
0,0,0.981351,1
0,0,0.981279,1
1,1,0.972935,1
2,2,0.967198,1
2,2,0.986566,1
2,2,0.977815,1
1,1,0.972776,1
1,1,0.973278,1
2,2,0.992508,1
1,1,0.97304,1
0,0,0.980949,1
2,2,0.990179,1
2,2,0.973306,1
1,1,0.972613,1
0,0,0.981665,1
0,0,0.980793,1
2,2,0.994795,1
0,0,0.98154,1
2,2,0.974443,1
1,1,0.972763,1
2,2,0.837451,1
1,1,0.973177,1
2,2,0.993085,1
1,1,0.973136,1
2,2,0.992317,1
2,2,0.975956,1
1,1,0.972701,1
2,2,0.977674,1
1,1,0.973033,1
0,0,0.980943,1
1,1,0.972173,1
0,0,0.98069,1
1,1,0.97303,1
0,0,0.981052,1
1,1,0.972687,1
0,0,0.981248,1
0,0,0.981106,1
0,0,0.981293,1
0,0,0.753091,1
0,0,0.98151,1
0,0,0.9817,1
1,1,0.972709,1
1,1,0.97255,1
0,0,0.981175,1
0,0,0.981083,1
1,1,0.972111,1
0,0,0.981618,1
2,1,0.435148,0
2,2,0.991269,1
0,0,0.980746,1
1,1,0.973508,1
0,0,0.981164,1
0,0,0.981229,1
0,0,0.981442,1
0,0,0.981626,1
1,1,0.9732,1
2,2,0.978137,1
2,2,0.994315,1
1,1,0.973328,1
0,0,0.981276,1
1,1,0.971951,1
0,0,0.981366,1
1,1,0.972583,1
1,1,0.972837,1
1,1,0.973537,1
1,1,0.567838,1
2,2,0.973235,1
0,0,0.981921,1
0,0,0.981882,1
2,2,0.991181,1
1,1,0.81477,1
1,1,0.972596,1
1,1,0.973478,1
2,2,0.992611,1
0,0,0.981553,1
0,0,0.981308,1
0,0,0.981388,1
1,1,0.972493,1
2,2,0.78095,1
0,0,0.981113,1
2,2,0.990953,1
2,2,0.99302,1
0,0,0.981382,1
2,2,0.977475,1
2,2,0.909928,1
0,0,0.980291,1
2,2,0.991769,1
2,2,0.829722,1
2,2,0.994082,1
2,2,0.960246,1
2,2,0.97648,1
1,1,0.972803,1
0,0,0.980628,1
2,2,0.511445,1
0,0,0.981121,1
2,2,0.970377,1
2,2,0.994236,1
1,1,0.97253,1
0,0,0.98111,1
1,1,0.973151,1
2,1,0.587306,0
1,1,0.972081,1
0,0,0.981646,1
0,0,0.980441,1
2,2,0.971835,1
1,1,0.972349,1
0,0,0.606213,1
0,0,0.98164,1
0,0,0.981484,1
0,0,0.981028,1
0,0,0.981106,1
2,2,0.9919,1
0,0,0.981012,1
0,0,0.981212,1
2,2,0.986687,1
0,0,0.981081,1
0,0,0.980895,1
1,1,0.97163,1
0,0,0.981354,1
1,1,0.973118,1
1,1,0.972824,1
0,0,0.982068,1
1,1,0.375984,1
2,2,0.987877,1
0,0,0.981033,1
0,0,0.981503,1
1,1,0.971896,1
1,1,0.972292,1
0,0,0.981691,1
1,1,0.648918,1
2,2,0.978082,1
0,0,0.981462,1
1,1,0.972625,1
2,2,0.96458,1
2,2,0.973918,1
1,1,0.973513,1
1,1,0.972936,1
2,2,0.991882,1
2,2,0.978678,1
1,1,0.972776,1
1,1,0.972588,1
2,2,0.974108,1
1,1,0.973026,1
1,1,0.972763,1
2,2,0.990714,1
0,0,0.980333,1
1,1,0.973018,1
1,1,0.972681,1
1,1,0.973651,1
1,1,0.97301,1
1,1,0.972074,1
0,0,0.981544,1
0,0,0.980759,1
2,2,0.975999,1
2,2,0.70508,1
0,0,0.981492,1
0,1,0.692364,0
1,1,0.703066,1
2,2,0.972398,1
0,0,0.981504,1
1,1,0.972254,1
2,2,0.991905,1
1,1,0.973098,1
1,1,0.972587,1
1,1,0.973452,1
0,0,0.981016,1
1,1,0.973038,1
2,2,0.993745,1
0,0,0.98136,1
1,1,0.972852,1
2,2,0.994292,1
2,2,0.96425,1
1,1,0.681622,1
1,1,0.9722,1
2,1,0.648816,0
0,0,0.981033,1
1,1,0.437515,1
0,0,0.636508,1
2,2,0.990923,1
1,1,0.973411,1
2,2,0.987893,1
2,2,0.994724,1
2,2,0.991858,1
1,1,0.644429,1
1,1,0.973241,1
2,2,0.994142,1
0,0,0.981965,1
1,1,0.972359,1
1,1,0.972877,1
2,1,0.615204,0
0,0,0.981532,1
0,0,0.98078,1
0,0,0.98027,1
0,0,0.981686,1
1,1,0.972777,1
0,0,0.981265,1
0,0,0.981004,1
2,2,0.964504,1
0,0,0.981356,1
1,1,0.972547,1
0,0,0.980893,1
0,0,0.982069,1
0,1,0.494596,0
1,1,0.972214,1
2,2,0.971577,1
1,1,0.972767,1
1,1,0.972625,1
1,1,0.972591,1
2,2,0.983772,1
1,1,0.972363,1
2,2,0.856048,1
1,1,0.972906,1
2,2,0.99214,1
2,2,0.97609,1
2,2,0.972693,1
1,1,0.973244,1
1,1,0.973612,1
1,1,0.973722,1
2,2,0.982688,1
0,0,0.981676,1
2,2,0.977331,1
2,2,0.98947,1
1,1,0.56444,1
1,1,0.971806,1
1,2,0.549852,0
2,2,0.992764,1
2,2,0.990229,1
2,2,0.987586,1
2,2,0.993466,1
0,0,0.980978,1
2,2,0.994431,1
1,1,0.972702,1
1,1,0.973263,1
0,0,0.981196,1
2,2,0.958514,1
0,0,0.980915,1
2,2,0.973633,1
1,1,0.972145,1
2,2,0.98894,1
0,0,0.981364,1
1,1,0.971627,1
0,0,0.859075,1
1,1,0.973673,1
1,1,0.653234,1
0,0,0.918156,1
1,1,0.972401,1
0,0,0.980961,1
1,1,0.972071,1
2,2,0.990263,1
2,2,0.993702,1
2,2,0.989144,1
1,1,0.972874,1
0,0,0.981712,1
1,1,0.973606,1
2,2,0.762882,1
2,2,0.975512,1
0,0,0.980955,1
0,0,0.981064,1
1,1,0.97358,1
0,0,0.981097,1
0,0,0.981574,1
0,0,0.98164,1
1,1,0.972921,1
0,0,0.980957,1
1,1,0.971965,1
0,0,0.982117,1
0,0,0.981269,1
1,1,0.973291,1
1,1,0.644429,1
1,1,0.972975,1
1,1,0.972459,1
2,2,0.990064,1
1,1,0.973397,1
1,1,0.973087,1
1,1,0.972543,1
0,0,0.942792,1
0,0,0.981475,1
1,1,0.972537,1
1,1,0.972387,1
1,1,0.973388,1
0,0,0.981707,1
2,2,0.992431,1
2,2,0.991114,1
2,2,0.979049,1
0,0,0.981475,1
2,2,0.683784,1
0,0,0.98165,1
0,0,0.981811,1
2,2,0.987469,1
1,1,0.973339,1
2,2,0.964476,1
1,1,0.97294,1
0,0,0.981366,1
0,0,0.98109,1
0,0,0.980406,1
0,1,0.50579,0
1,1,0.972736,1
2,2,0.992808,1
1,1,0.973169,1
0,0,0.980949,1
0,0,0.981074,1
1,1,0.972588,1
0,0,0.98112,1
2,2,0.995332,1
0,0,0.98114,1
2,2,0.987324,1
2,2,0.991906,1
0,0,0.980781,1
0,0,0.981791,1
0,0,0.98132,1
1,1,0.972521,1
1,1,0.973513,1
2,2,0.991333,1
1,1,0.972593,1
1,1,0.972591,1
0,0,0.981268,1
2,2,0.991288,1
2,2,0.966538,1
1,1,0.713311,1
0,0,0.981541,1
2,2,0.991444,1
0,0,0.542932,1
0,0,0.981753,1
2,2,0.985863,1
0,0,0.980741,1
0,0,0.981323,1
2,2,0.632149,1
2,2,0.992047,1
0,0,0.981285,1
2,2,0.991942,1
0,0,0.981012,1
1,1,0.97255,1
2,2,0.993546,1
0,0,0.981072,1
1,1,0.971964,1
2,2,0.977793,1
2,2,0.988404,1
2,2,0.992064,1
1,1,0.973057,1
0,0,0.981484,1
0,0,0.980711,1
1,1,0.973159,1
2,2,0.898316,1
1,1,0.972756,1
1,1,0.972451,1
1,2,0.600471,0
0,0,0.981004,1
2,2,0.990005,1
1,1,0.670775,1
0,0,0.981816,1
0,0,0.981225,1
0,0,0.981031,1
0,0,0.981271,1
2,2,0.992614,1
1,1,0.9728,1
1,1,0.972065,1
0,0,0.981359,1
1,1,0.971964,1
1,1,0.972762,1
2,2,0.977752,1
0,0,0.981293,1
0,0,0.98141,1
1,1,0.521293,1
0,0,0.981808,1
1,1,0.601707,1
2,2,0.974438,1
0,0,0.981149,1
1,0,0.480325,0
2,2,0.988813,1
1,1,0.972767,1
2,2,0.99119,1
1,1,0.972692,1
2,2,0.994069,1
0,0,0.981864,1
2,2,0.99107,1
1,1,0.973185,1
2,2,0.971532,1
1,1,0.575254,1
2,2,0.965286,1
2,2,0.992131,1
1,1,0.97302,1
0,0,0.981349,1
1,1,0.971709,1
0,0,0.981061,1
1,1,0.973131,1
2,2,0.992438,1
0,0,0.98151,1
2,2,0.98012,1
1,1,0.972207,1
2,2,0.973694,1
0,0,0.980361,1
2,2,0.99027,1
1,1,0.972543,1
0,0,0.981624,1
2,2,0.96573,1
2,2,0.99159,1
0,0,0.980933,1
1,1,0.973164,1
2,2,0.97375,1
0,0,0.980987,1
1,1,0.972888,1
2,2,0.978809,1
2,2,0.857782,1
2,2,0.993089,1
0,0,0.981193,1
0,0,0.980841,1
0,0,0.48752,1
1,1,0.973009,1
1,1,0.972469,1
2,2,0.979359,1
0,0,0.98183,1
0,0,0.981262,1
1,1,0.973236,1
2,2,0.989783,1
2,2,0.979121,1
2,2,0.987616,1
2,2,0.990726,1
1,1,0.972875,1
0,0,0.981317,1
1,1,0.972879,1
0,0,0.981246,1
1,1,0.973551,1
0,0,0.981674,1
2,2,0.988006,1
0,0,0.981123,1
1,1,0.972709,1
1,1,0.972015,1
0,0,0.981808,1
2,2,0.979891,1
0,0,0.981764,1
2,2,0.990989,1
0,0,0.980711,1
1,1,0.972671,1
1,1,0.972757,1
2,2,0.814422,1
1,1,0.972085,1
2,2,0.989367,1
1,1,0.972475,1
1,0,0.508423,0
1,1,0.97215,1
1,1,0.97267,1
1,1,0.973166,1
2,2,0.98929,1
0,0,0.636508,1
1,1,0.973262,1
0,0,0.981858,1
0,1,0.50579,0
2,2,0.981241,1
0,0,0.981245,1
0,0,0.981356,1
0,0,0.981627,1
0,0,0.981921,1
2,2,0.980586,1
1,1,0.973516,1
2,2,0.979014,1
2,2,0.991655,1
2,2,0.981751,1
1,1,0.973396,1
1,1,0.973531,1
1,0,0.524565,0
0,0,0.981498,1
2,2,0.98964,1
0,0,0.980712,1
2,2,0.992653,1
1,1,0.972671,1
2,2,0.993262,1
0,0,0.981141,1
2,2,0.911365,1
0,0,0.980818,1
0,0,0.981243,1
0,0,0.981205,1
2,1,0.5742,0
2,2,0.993179,1
1,0,0.483107,0
0,0,0.981091,1
2,2,0.842328,1
1,1,0.973451,1
2,2,0.989371,1
1,1,0.972538,1
1,1,0.971644,1
0,0,0.982069,1
1,1,0.97294,1
1,1,0.972525,1
1,1,0.972633,1
0,0,0.981355,1
1,1,0.972009,1
1,1,0.972756,1
0,0,0.981099,1
2,2,0.95931,1
1,1,0.972111,1
2,2,0.990823,1
0,0,0.981462,1
2,2,0.977205,1
2,2,0.990622,1
0,0,0.981853,1
2,0,0.348492,0
1,1,0.972253,1
1,1,0.972566,1
1,1,0.973068,1
0,0,0.980893,1
1,1,0.973038,1
0,0,0.981297,1
2,2,0.787181,1
1,1,0.973026,1
2,2,0.97736,1
2,2,0.971317,1
0,0,0.981373,1
1,1,0.972775,1
2,2,0.992294,1
0,0,0.980742,1
0,0,0.981086,1
1,1,0.665625,1
2,2,0.978923,1
1,1,0.972005,1
0,0,0.981748,1
1,1,0.614966,1
0,0,0.980949,1
1,1,0.97259,1
2,2,0.975714,1
0,0,0.980387,1
2,2,0.965137,1
1,1,0.973181,1
1,1,0.973029,1
0,0,0.981305,1
0,0,0.981921,1
0,0,0.98199,1
1,1,0.972015,1
2,2,0.990371,1
1,1,0.973412,1
0,0,0.98137,1
0,0,0.980531,1
0,0,0.98178,1
2,2,0.990504,1
2,2,0.991373,1
1,1,0.97237,1
1,1,0.972533,1
0,0,0.981192,1
0,0,0.981007,1
1,1,0.972927,1
1,2,0.56553,0
0,0,0.981861,1
2,2,0.976286,1
0,0,0.981384,1
2,2,0.993675,1
0,0,0.98165,1
2,2,0.993993,1
2,2,0.98999,1
1,1,0.972407,1
2,2,0.96927,1
1,1,0.637219,1
2,2,0.994761,1
1,1,0.973141,1
0,0,0.980615,1
1,1,0.973256,1
2,2,0.991454,1
1,1,0.972852,1
2,2,0.989858,1
1,1,0.972314,1
2,2,0.976535,1
2,2,0.988408,1
0,0,0.980935,1
2,2,0.973205,1
0,0,0.849106,1
1,1,0.972889,1
1,1,0.973479,1
2,2,0.991677,1
1,1,0.973331,1
1,1,0.973234,1
1,1,0.972605,1
1,1,0.972744,1
0,0,0.98115,1
2,2,0.992828,1
0,0,0.981244,1
2,2,0.995454,1
0,0,0.982118,1
1,0,0.453468,0
0,0,0.981796,1
2,2,0.980884,1
1,1,0.972192,1
2,2,0.987828,1
1,1,0.97319,1
1,1,0.973263,1
2,2,0.977907,1
2,2,0.991177,1
2,2,0.970517,1
2,2,0.977293,1
0,0,0.981351,1
1,1,0.973407,1
1,1,0.972219,1
1,1,0.973397,1
1,1,0.973743,1
0,0,0.981086,1
2,2,0.992211,1
1,1,0.972689,1
1,1,0.972315,1
0,0,0.980186,1
2,2,0.9205,1
1,1,0.971814,1
0,0,0.981278,1
0,0,0.981517,1
2,2,0.970255,1
2,2,0.99084,1
0,0,0.980991,1
2,2,0.972543,1
0,0,0.981254,1
2,2,0.991787,1
2,2,0.966875,1
0,0,0.981017,1
1,1,0.972625,1
2,2,0.967627,1
0,0,0.981205,1
2,2,0.966379,1
1,1,0.97303,1
1,0,0.415338,0
2,2,0.99442,1
2,2,0.970433,1
1,1,0.973122,1
0,0,0.98169,1
2,2,0.992486,1
1,1,0.562096,1
1,1,0.972702,1
1,1,0.527045,1
2,2,0.987534,1
0,0,0.980687,1
0,0,0.981318,1
1,1,0.972885,1
2,2,0.980258,1
1,1,0.973377,1
2,2,0.990743,1
0,0,0.982,1
0,0,0.981634,1
2,2,0.989163,1
1,1,0.972671,1
1,1,0.97284,1
2,2,0.912821,1
2,2,0.992193,1
2,2,0.690425,1
1,1,0.97273,1
1,1,0.973273,1
1,1,0.973225,1
2,2,0.994098,1
0,0,0.98133,1
1,1,0.972385,1
2,2,0.975563,1
1,1,0.973164,1
2,2,0.988689,1
2,2,0.840949,1
2,2,0.974092,1
1,1,0.972227,1
0,0,0.981027,1
2,2,0.969585,1
1,1,0.972582,1
1,1,0.973122,1
1,1,0.972005,1
2,2,0.97024,1
0,0,0.836728,1
1,1,0.97154,1
1,1,0.972648,1
2,2,0.990866,1
2,2,0.958216,1
0,0,0.980895,1
1,1,0.973102,1
1,1,0.973307,1
2,2,0.989387,1
1,1,0.971788,1
1,1,0.973241,1
2,2,0.99116,1
2,2,0.968407,1
2,2,0.986624,1
0,0,0.981374,1
0,0,0.98174,1
0,0,0.9817,1
1,1,0.9732,1
0,0,0.981178,1
1,1,0.973093,1
0,0,0.949903,1
2,2,0.976782,1
2,2,0.988503,1
0,0,0.981153,1
1,1,0.973205,1
2,2,0.979634,1
2,2,0.994993,1
1,1,0.973167,1
1,1,0.972322,1
1,1,0.97126,1
0,0,0.98175,1
2,2,0.990653,1
1,1,0.551629,1
2,2,0.972188,1
0,0,0.980774,1
1,1,0.973346,1
1,1,0.972247,1
1,1,0.973207,1
2,2,0.975942,1
1,1,0.973513,1
1,1,0.972642,1
2,2,0.994161,1
1,1,0.973512,1
0,0,0.981033,1
1,1,0.973023,1
0,0,0.981255,1
0,0,0.981012,1
1,1,0.973011,1
1,1,0.972779,1
1,1,0.972709,1
0,0,0.981865,1
1,1,0.659157,1
2,2,0.989255,1
1,1,0.972878,1
2,2,0.973847,1
1,1,0.972692,1
0,0,0.981178,1
2,2,0.97806,1
0,0,0.980985,1
0,0,0.981796,1
1,1,0.97251,1
1,1,0.973374,1
0,0,0.981865,1
2,2,0.991519,1
1,1,0.972974,1
1,1,0.973397,1
1,1,0.554834,1
0,0,0.981387,1
1,1,0.972482,1
0,0,0.981901,1
1,1,0.973483,1
2,2,0.994365,1
1,1,0.973012,1
1,1,0.973419,1
1,1,0.973349,1
0,0,0.981011,1
2,2,0.988517,1
1,1,0.972261,1
1,1,0.972749,1
2,2,0.989503,1
2,2,0.993599,1
0,0,0.981211,1
2,2,0.955472,1
2,2,0.988066,1
1,1,0.972425,1
1,1,0.73642,1
0,0,0.981691,1
2,2,0.992775,1
0,0,0.981027,1
1,1,0.97232,1
2,2,0.972991,1
1,1,0.972223,1
1,1,0.97285,1
0,0,0.980821,1
0,0,0.981796,1
2,2,0.977043,1
1,1,0.973479,1
2,2,0.724771,1
2,2,0.992305,1
2,2,0.993467,1
2,2,0.968777,1
1,1,0.972716,1
2,2,0.992543,1
1,1,0.973003,1
2,2,0.977089,1
1,1,0.972906,1
1,1,0.67107,1
1,2,0.432111,0
0,0,0.981317,1
1,1,0.972989,1
1,1,0.972455,1
0,0,0.980232,1
1,1,0.972405,1
1,1,0.973272,1
2,2,0.976562,1
2,2,0.971027,1
0,0,0.981424,1
2,2,0.972363,1
0,0,0.981413,1
0,0,0.980761,1
2,2,0.990939,1
2,2,0.9926,1
1,1,0.972089,1
2,2,0.961995,1
0,0,0.98117,1
2,2,0.991672,1
0,0,0.980561,1
0,0,0.98117,1
1,1,0.972516,1
0,0,0.981436,1
1,1,0.973198,1
0,0,0.981224,1
0,0,0.980704,1
2,2,0.985054,1
1,1,0.973274,1
0,0,0.980372,1
0,0,0.98127,1
1,1,0.973397,1
0,0,0.981307,1
2,2,0.97482,1
2,2,0.991748,1
1,1,0.657349,1
0,0,0.981415,1
0,0,0.981525,1
2,2,0.987446,1
0,0,0.980252,1
2,2,0.978036,1
0,0,0.980859,1
0,0,0.981458,1
1,1,0.973452,1
0,0,0.981411,1
2,2,0.990547,1
2,2,0.977733,1
0,0,0.980534,1
1,1,0.972828,1
1,1,0.972533,1
0,0,0.981424,1
1,1,0.81477,1
0,0,0.981032,1
2,2,0.972083,1
2,2,0.976462,1
0,0,0.981112,1
0,0,0.981796,1
1,1,0.973017,1
2,2,0.975376,1
2,2,0.751335,1
2,2,0.974376,1
2,2,0.942999,1
2,2,0.937123,1
2,2,0.977017,1
0,0,0.981788,1
1,1,0.578277,1
0,0,0.980582,1
1,1,0.972789,1
1,1,0.973424,1
2,2,0.898424,1
0,0,0.981219,1
0,0,0.980654,1
0,0,0.981261,1
1,1,0.973027,1
1,1,0.973075,1
1,1,0.972367,1
0,0,0.981525,1
0,0,0.981791,1
1,1,0.973471,1
0,0,0.981312,1
2,2,0.486527,1
2,2,0.980925,1
1,1,0.973227,1
1,1,0.972469,1
1,1,0.97203,1
2,2,0.989946,1
1,1,0.972459,1
0,0,0.981013,1
0,0,0.981145,1
1,1,0.972678,1
0,0,0.981108,1
1,1,0.973194,1
2,2,0.995423,1
0,0,0.98085,1
1,1,0.972009,1
0,0,0.980827,1
0,0,0.981389,1
1,1,0.973181,1
2,2,0.515102,1
0,0,0.980361,1
1,1,0.972462,1
1,1,0.972091,1
2,2,0.992302,1
1,1,0.972668,1
1,1,0.713311,1
2,2,0.968744,1
0,0,0.981473,1
0,1,0.50579,0
2,2,0.993959,1
2,2,0.991158,1
0,0,0.981356,1
0,0,0.981484,1
1,1,0.971986,1
0,0,0.980825,1
2,2,0.974454,1
0,0,0.981593,1
2,2,0.991164,1
1,1,0.972774,1
0,0,0.980646,1
2,2,0.992404,1
2,2,0.976641,1
0,1,0.538994,0
1,1,0.972935,1
1,1,0.973075,1
0,0,0.980687,1
1,1,0.973083,1
1,1,0.972877,1
1,1,0.9728,1
1,1,0.972106,1
0,0,0.981146,1
0,0,0.981123,1
2,2,0.976179,1
0,0,0.98137,1
0,0,0.981594,1
0,0,0.98119,1
0,0,0.981319,1
1,1,0.973227,1
0,0,0.981194,1
2,2,0.976442,1
1,1,0.972057,1
0,0,0.980906,1
1,1,0.971904,1
0,0,0.981177,1
0,0,0.981689,1
0,0,0.687396,1
1,1,0.972829,1
2,2,0.989959,1
0,0,0.949903,1
0,0,0.980145,1
2,2,0.97959,1
2,2,0.974739,1
0,0,0.98122,1
2,2,0.962381,1
0,0,0.9812,1
2,2,0.992509,1
2,2,0.99406,1
0,0,0.981016,1
1,1,0.665625,1
0,0,0.980763,1
1,1,0.972919,1
2,2,0.97046,1
1,1,0.971886,1
1,1,0.973512,1
0,0,0.981462,1
2,2,0.978401,1
0,0,0.981586,1
2,2,0.975248,1
2,2,0.98354,1
2,2,0.648395,1
2,2,0.994548,1
1,1,0.972928,1
1,1,0.972471,1
0,0,0.981279,1
1,1,0.973544,1
2,2,0.991582,1
1,1,0.697598,1
2,2,0.973959,1
1,1,0.972836,1
1,1,0.972895,1
1,1,0.973081,1
1,1,0.972572,1
1,1,0.970687,1
2,2,0.990261,1
1,0,0.546939,0
2,2,0.973115,1
0,0,0.981192,1
1,1,0.972363,1
1,1,0.574639,1
0,0,0.981586,1
2,2,0.991462,1
0,0,0.981746,1
0,0,0.981453,1
1,1,0.97339,1
0,0,0.981626,1
2,2,0.968544,1
1,1,0.972939,1
0,0,0.980876,1
0,0,0.981318,1
1,1,0.973361,1
1,1,0.972591,1
1,1,0.971896,1
2,2,0.938124,1
2,2,0.929896,1
2,2,0.976166,1
2,2,0.973457,1
1,1,0.973417,1
0,0,0.981299,1
0,0,0.981494,1
1,1,0.972915,1
1,1,0.550849,1
0,0,0.981368,1
2,2,0.991475,1
0,0,0.98144,1
2,2,0.990887,1
1,1,0.973277,1
2,2,0.868538,1
0,0,0.98085,1
0,0,0.981232,1
1,1,0.97291,1
2,2,0.986906,1
0,0,0.980662,1
0,0,0.981109,1
1,1,0.973161,1
0,0,0.981327,1
2,2,0.992158,1
2,2,0.991226,1
0,0,0.981901,1
2,2,0.990798,1
0,0,0.981942,1
1,1,0.972984,1
0,0,0.980637,1
2,2,0.993669,1
2,2,0.975723,1
1,1,0.972328,1
0,0,0.981477,1
0,0,0.980924,1
2,2,0.988584,1
0,0,0.981645,1
0,0,0.662367,1
0,0,0.827123,1
1,1,0.972763,1
1,1,0.972683,1
1,1,0.973262,1
2,2,0.991804,1
1,1,0.972747,1
2,2,0.989049,1
1,0,0.396676,0
2,2,0.992879,1
2,2,0.99228,1
2,2,0.992087,1
1,1,0.614966,1
0,0,0.980692,1
2,2,0.988811,1
2,2,0.992606,1
1,1,0.972605,1
0,0,0.981445,1
2,1,0.465241,0
2,2,0.63212,1
1,1,0.972349,1
0,0,0.98095,1
2,2,0.915186,1
2,2,0.991898,1
1,1,0.539536,1
1,1,0.973009,1
2,2,0.991934,1
2,2,0.994364,1
2,2,0.976763,1
0,0,0.981689,1
0,0,0.586113,1
2,2,0.969326,1
1,1,0.973336,1
2,2,0.988272,1
2,2,0.99017,1
1,1,0.972975,1
2,2,0.966725,1
0,0,0.981247,1
2,2,0.631061,1
2,2,0.979141,1
2,2,0.991129,1
0,0,0.981261,1
2,2,0.993363,1
2,2,0.979995,1
2,2,0.948489,1
0,0,0.980915,1
2,2,0.990089,1
2,2,0.965666,1
2,2,0.977866,1
2,2,0.991991,1
2,2,0.968621,1
1,1,0.971643,1
1,1,0.972004,1
0,0,0.981453,1
1,1,0.972216,1
2,2,0.974283,1
2,2,0.974165,1
2,2,0.972757,1
1,1,0.972089,1
0,0,0.981074,1
0,0,0.608585,1
0,0,0.981162,1
2,2,0.974763,1
0,0,0.981265,1
2,2,0.994908,1
2,2,0.971819,1
2,2,0.990593,1
2,2,0.993986,1
2,2,0.995391,1
1,1,0.972645,1
2,2,0.987771,1
0,0,0.981703,1
2,2,0.990511,1
1,1,0.972413,1
2,2,0.977753,1
2,2,0.975033,1
0,0,0.981249,1
0,0,0.981396,1
2,2,0.992741,1
2,2,0.823345,1
1,1,0.973111,1
0,0,0.980818,1
0,1,0.667397,0
1,1,0.973211,1
1,1,0.973169,1
1,1,0.972702,1
2,2,0.990677,1
1,1,0.560857,1
0,0,0.980802,1
2,2,0.990387,1
1,1,0.972874,1
1,1,0.972261,1
0,0,0.981016,1
2,2,0.993444,1
1,1,0.972531,1
2,2,0.973868,1
2,2,0.579546,1
0,0,0.981356,1
0,0,0.981164,1
0,0,0.981467,1
2,2,0.99133,1
0,0,0.981141,1
1,1,0.972838,1
0,0,0.981335,1
1,1,0.972388,1
0,0,0.981493,1
1,1,0.972577,1
0,0,0.678376,1
0,1,0.673535,0
0,0,0.501576,1
2,2,0.978156,1
2,2,0.992997,1
0,0,0.980601,1
2,2,0.989375,1
2,2,0.791583,1
1,1,0.578277,1
0,0,0.981729,1
1,1,0.972579,1
2,2,0.970649,1
0,0,0.981271,1
1,1,0.580323,1
2,2,0.990977,1
0,0,0.981921,1
1,1,0.971115,1
2,2,0.991923,1
2,2,0.994093,1
0,0,0.981421,1
2,2,0.989996,1
0,0,0.980748,1
0,0,0.833463,1
1,1,0.97269,1
0,0,0.981222,1
2,2,0.720888,1
0,0,0.981349,1
0,0,0.980654,1
2,2,0.990521,1
1,1,0.972975,1
2,2,0.976618,1
0,0,0.981483,1
1,1,0.973411,1
0,0,0.98123,1
0,0,0.981386,1
2,2,0.967174,1
0,0,0.981464,1
0,0,0.980636,1
2,2,0.971962,1
1,1,0.973531,1
1,1,0.973513,1
1,1,0.973686,1
1,1,0.973452,1
1,1,0.973713,1
0,0,0.981479,1
1,1,0.971785,1
1,1,0.971785,1
2,2,0.969344,1
2,2,0.977902,1
0,0,0.981326,1
2,2,0.971338,1
2,2,0.989796,1
2,2,0.972789,1
0,0,0.942792,1
2,2,0.990737,1
0,0,0.980893,1
1,1,0.972709,1
0,0,0.981364,1
1,1,0.367627,1
0,0,0.981151,1
0,0,0.981067,1
2,2,0.99202,1
0,1,0.719645,0
2,2,0.990977,1
2,2,0.97647,1
0,0,0.542932,1
2,2,0.992209,1
0,0,0.980561,1
1,1,0.972089,1
2,2,0.970843,1
1,1,0.972932,1
0,0,0.573247,1
2,2,0.965964,1
1,1,0.973571,1
1,1,0.9728,1
0,0,0.981749,1
1,1,0.97336,1
0,0,0.981037,1
2,2,0.992411,1
2,2,0.829377,1
1,1,0.703066,1
2,2,0.994021,1
1,1,0.973508,1
1,1,0.973003,1
1,1,0.973162,1
2,2,0.993814,1
2,2,0.990464,1
2,2,0.995379,1
0,0,0.981564,1
0,0,0.98153,1
1,1,0.97273,1
2,2,0.994348,1
0,0,0.981166,1
1,1,0.972418,1
1,1,0.973349,1
2,2,0.991585,1
2,2,0.977282,1
1,1,0.97126,1
0,0,0.981748,1
2,2,0.979904,1
2,2,0.585655,1
2,2,0.947838,1
2,2,0.963565,1
2,2,0.992164,1
1,0,0.483107,0
0,0,0.981581,1
2,2,0.979453,1
2,2,0.973513,1
1,1,0.551629,1
1,1,0.972332,1
2,2,0.627548,1
1,1,0.972336,1
2,2,0.97735,1
2,2,0.973414,1
2,2,0.991392,1
0,0,0.981683,1
0,0,0.981308,1
1,1,0.973451,1
2,2,0.991265,1
0,1,0.763679,0
1,1,0.972217,1
1,1,0.972173,1
0,0,0.981531,1
2,2,0.993304,1
1,1,0.97261,1
1,1,0.973475,1
2,2,0.967821,1
2,2,0.991147,1
0,0,0.98101,1
0,1,0.513101,0
2,1,0.617662,0
1,1,0.973072,1
2,2,0.97507,1
2,2,0.9907,1
1,1,0.703066,1
1,1,0.9723,1
0,0,0.981431,1
2,2,0.993512,1
0,0,0.98069,1
1,1,0.973091,1
0,0,0.98118,1
1,1,0.972155,1
0,1,0.586355,0
2,2,0.994565,1
2,2,0.960407,1
1,1,0.973464,1
1,1,0.973072,1
1,1,0.972482,1
0,0,0.981952,1
0,0,0.981265,1
1,1,0.972971,1
1,1,0.972303,1
0,0,0.981796,1
2,2,0.992687,1
0,0,0.981413,1
0,0,0.981291,1
0,0,0.981138,1
0,0,0.9814,1
0,0,0.981221,1
2,2,0.978071,1
1,1,0.972385,1
0,0,0.981598,1
0,0,0.981345,1
2,2,0.989205,1
0,0,0.98145,1
1,1,0.973105,1
1,1,0.972863,1
2,2,0.972092,1
0,0,0.981384,1
0,0,0.981682,1
2,2,0.976466,1
0,1,0.468838,0
2,2,0.989646,1
2,2,0.987943,1
2,2,0.96434,1
2,2,0.975653,1
1,1,0.550849,1
2,2,0.979685,1
2,2,0.967784,1
1,1,0.972891,1
0,0,0.981814,1
2,2,0.992777,1
0,0,0.981195,1
2,2,0.980376,1
2,2,0.973492,1
0,0,0.981573,1
1,1,0.973079,1
0,0,0.98137,1
1,1,0.48379,1
1,1,0.611735,1
2,2,0.970425,1
2,2,0.933119,1
1,2,0.484778,0
2,2,0.976702,1
2,2,0.979589,1
0,0,0.98136,1
2,2,0.969356,1
2,2,0.992021,1
1,1,0.973396,1
0,0,0.981931,1
0,0,0.980812,1
1,1,0.657349,1
2,2,0.976977,1
2,2,0.99426,1
2,2,0.989516,1
0,0,0.981033,1
0,0,0.981294,1
1,1,0.719027,1
0,0,0.981056,1
1,1,0.972935,1
1,1,0.972915,1
0,0,0.981317,1
2,2,0.969617,1
2,2,0.987505,1
0,0,0.980661,1
2,2,0.973721,1
2,2,0.993709,1
1,1,0.973336,1
2,2,0.964325,1
0,0,0.982031,1
2,2,0.718384,1
1,2,0.405751,0
2,2,0.97715,1
1,1,0.972709,1
2,2,0.990689,1
2,2,0.978625,1
2,2,0.978297,1
1,1,0.97332,1
0,0,0.9811,1
2,2,0.992396,1
1,1,0.972893,1
2,1,0.592048,0
2,2,0.816918,1
0,0,0.981419,1
1,1,0.973508,1
2,2,0.97206,1
1,1,0.503712,1
2,2,0.976045,1
1,1,0.972828,1
2,2,0.990186,1
1,1,0.972451,1
1,1,0.751057,1
1,1,0.973094,1
0,0,0.981175,1
1,1,0.973249,1
1,1,0.9733,1
2,2,0.976673,1
0,0,0.981189,1
1,1,0.973381,1
2,2,0.980499,1
1,1,0.972106,1
0,0,0.981058,1
2,2,0.994346,1
0,0,0.981108,1
2,2,0.990586,1
2,2,0.977824,1
0,0,0.981952,1
0,0,0.981133,1
1,1,0.973171,1
0,0,0.981123,1
2,2,0.973995,1
1,1,0.973516,1
2,2,0.991037,1
0,0,0.980531,1
2,2,0.991074,1
0,0,0.981061,1
0,0,0.981154,1
2,2,0.992367,1
2,2,0.968286,1
1,1,0.578277,1
1,1,0.972528,1
2,2,0.806431,1
2,2,0.991615,1
0,0,0.980711,1
2,2,0.969393,1
2,2,0.988606,1
0,0,0.980464,1
0,0,0.980186,1
0,0,0.981063,1
0,0,0.980803,1
1,1,0.972559,1
1,1,0.972849,1
2,2,0.991172,1
1,1,0.970864,1
1,1,0.800279,1
0,0,0.980567,1
1,1,0.97317,1
1,1,0.973327,1
1,1,0.972332,1
2,2,0.993965,1
2,2,0.991085,1
1,1,0.972935,1
1,1,0.972467,1
1,1,0.971726,1
0,0,0.981013,1
0,0,0.981522,1
1,1,0.97354,1
1,2,0.600471,0
0,0,0.980462,1
2,2,0.960635,1
0,0,0.980943,1
0,0,0.980236,1
2,2,0.992386,1
1,1,0.703066,1
0,0,0.874114,1
1,1,0.972842,1
2,2,0.991468,1
0,0,0.981035,1
2,2,0.991384,1
2,2,0.684299,1
2,2,0.991947,1
2,2,0.645521,1
0,0,0.981624,1
2,2,0.991791,1
2,2,0.960218,1
0,0,0.981244,1
0,0,0.980802,1
1,1,0.972642,1
2,2,0.994178,1
1,1,0.973182,1
2,2,0.994498,1
2,1,0.655639,0
0,0,0.981098,1
1,1,0.973655,1
2,1,0.512508,0
0,0,0.981219,1
2,2,0.972768,1
1,1,0.972737,1
2,2,0.976701,1
2,2,0.994627,1
2,2,0.976628,1
1,1,0.972886,1
1,1,0.972371,1
1,0,0.545294,0
1,1,0.972726,1
2,2,0.989828,1
2,2,0.992276,1
0,0,0.981261,1
1,1,0.552731,1
0,1,0.53108,0
0,0,0.981564,1
1,2,0.439469,0
0,0,0.981135,1
0,0,0.981796,1
0,0,0.981419,1
1,1,0.503712,1
2,2,0.973574,1
1,1,0.972172,1
1,1,0.973547,1
0,0,0.981384,1
1,1,0.663233,1
1,1,0.972993,1
2,2,0.992401,1
1,1,0.972001,1
0,0,0.981673,1
2,2,0.980321,1
0,0,0.981407,1
0,0,0.9817,1
2,2,0.991855,1
2,2,0.977241,1
0,0,0.981171,1
0,0,0.981109,1
0,0,0.981437,1
0,0,0.982,1
1,1,0.973277,1
1,1,0.562096,1
2,2,0.971863,1
0,0,0.981218,1
1,1,0.97314,1
2,2,0.989059,1
2,2,0.979733,1
2,2,0.992595,1
2,2,0.992525,1
2,2,0.971587,1
0,0,0.753091,1
1,1,0.441288,1
0,0,0.980679,1
0,0,0.980823,1
0,0,0.981273,1
2,2,0.970739,1
2,2,0.994667,1
2,2,0.992709,1
0,0,0.98104,1
2,2,0.988917,1
2,2,0.993572,1
0,1,0.61795,0
2,1,0.610271,0
0,0,0.980715,1
2,2,0.991854,1
1,1,0.681622,1
2,2,0.96603,1
0,0,0.981467,1
0,0,0.980779,1
2,2,0.988567,1
2,2,0.973288,1
2,2,0.99127,1
2,2,0.977967,1
0,0,0.982114,1
1,1,0.554834,1
2,2,0.992855,1
0,0,0.981475,1
1,1,0.973137,1
1,1,0.742674,1
2,2,0.99236,1
1,1,0.973003,1
2,2,0.994376,1
1,1,0.972928,1
0,0,0.981938,1
0,0,0.981436,1
1,1,0.608903,1
1,1,0.972451,1
2,2,0.964864,1
1,1,0.972138,1
2,2,0.991028,1
0,0,0.981573,1
0,0,0.980875,1
0,0,0.981618,1
2,2,0.974165,1
0,0,0.981743,1
0,0,0.981049,1
1,1,0.97283,1
1,1,0.625951,1
2,2,0.990697,1
1,1,0.973141,1
2,2,0.991237,1
2,2,0.967495,1
2,2,0.928347,1
1,1,0.972935,1
2,2,0.982591,1
2,2,0.976071,1
1,1,0.516714,1
2,2,0.994276,1
1,1,0.972653,1
2,2,0.990997,1
2,2,0.97815,1
2,2,0.991622,1
2,2,0.977401,1
2,2,0.970773,1
0,0,0.981456,1
1,1,0.681777,1
1,1,0.973339,1
0,0,0.98069,1
1,1,0.972024,1
2,2,0.993534,1
1,1,0.973295,1
0,0,0.981785,1
2,2,0.994129,1
1,1,0.972886,1
1,1,0.972079,1
1,1,0.971942,1
1,1,0.973168,1
0,0,0.981413,1
2,2,0.980075,1
0,0,0.981872,1
0,1,0.50579,0
1,1,0.972904,1
1,1,0.973108,1
0,0,0.981196,1
1,1,0.972458,1
2,2,0.988065,1
0,0,0.981553,1
1,1,0.971921,1
1,1,0.972022,1
0,0,0.980701,1
2,2,0.988972,1
1,1,0.973357,1
0,0,0.981554,1
0,0,0.980701,1
2,2,0.72108,1
2,2,0.9751,1
2,2,0.965695,1
1,0,0.483107,0
0,0,0.98069,1
1,1,0.972217,1
1,1,0.973086,1
1,1,0.973512,1
1,1,0.973336,1
1,1,0.796607,1
0,0,0.981248,1
1,1,0.973159,1
1,1,0.972852,1
0,0,0.981342,1
2,2,0.99129,1
0,0,0.981094,1
0,0,0.981282,1
2,2,0.992409,1
0,0,0.980568,1
1,1,0.972626,1
1,1,0.972404,1
2,2,0.992431,1
1,1,0.972502,1
0,0,0.981244,1
0,0,0.980837,1
0,0,0.981295,1
0,0,0.981605,1
1,1,0.972176,1
0,0,0.981391,1
0,0,0.981672,1
1,1,0.972623,1
0,0,0.9814,1
0,0,0.981389,1
0,0,0.980977,1
1,1,0.971955,1
2,2,0.9648,1
2,2,0.992952,1
2,2,0.992863,1
1,1,0.972969,1
0,0,0.981674,1
2,2,0.990988,1
0,0,0.981258,1
1,1,0.973225,1
2,2,0.961764,1
2,2,0.989236,1
0,0,0.980582,1
1,1,0.973388,1
1,1,0.972223,1
2,2,0.991755,1
2,2,0.990847,1
2,2,0.976661,1
2,2,0.990469,1
1,1,0.972891,1
2,2,0.966544,1
1,1,0.973513,1
2,2,0.971097,1
2,2,0.991203,1
0,0,0.874114,1
2,2,0.991806,1
2,2,0.97786,1
0,0,0.98152,1
2,2,0.992099,1
2,2,0.991052,1
0,0,0.981861,1
1,1,0.972404,1
2,2,0.968592,1
1,1,0.619524,1
2,2,0.991869,1
1,1,0.97317,1
0,0,0.981507,1
2,2,0.991803,1
1,1,0.973111,1
1,1,0.972692,1
2,2,0.627314,1
2,2,0.978031,1
2,2,0.968416,1
1,1,0.971978,1
2,2,0.93055,1
0,0,0.981359,1
0,0,0.981437,1
0,0,0.981235,1
2,2,0.99265,1
1,2,0.600471,0
0,0,0.981986,1
0,0,0.608585,1
0,0,0.981134,1
1,1,0.97264,1
1,1,0.973026,1
2,2,0.977868,1
0,0,0.98154,1
0,0,0.981047,1
0,0,0.981457,1
2,2,0.887685,1
0,0,0.982009,1
1,1,0.972387,1
2,2,0.991602,1
1,1,0.972884,1
2,2,0.990852,1
2,2,0.992101,1
1,1,0.973651,1
2,2,0.992197,1
2,2,0.991024,1
0,0,0.981262,1
2,2,0.977725,1
1,1,0.971476,1
2,2,0.988261,1
2,2,0.989951,1
0,0,0.980685,1
0,0,0.981814,1
1,1,0.973376,1
0,0,0.981217,1
2,2,0.979238,1
2,2,0.990902,1
1,1,0.972948,1
2,2,0.992229,1
0,0,0.98057,1
2,2,0.990619,1
0,0,0.980715,1
1,1,0.972929,1
2,2,0.990775,1
1,1,0.972332,1
0,0,0.981064,1
0,0,0.98115,1
1,1,0.973351,1
2,2,0.671001,1
1,1,0.973502,1
0,0,0.98111,1
2,2,0.991237,1
1,1,0.97302,1
1,1,0.972401,1
1,1,0.972596,1
2,2,0.97362,1
2,2,0.990293,1
1,1,0.971857,1
1,1,0.973417,1
2,2,0.991317,1
1,1,0.972756,1
1,1,0.973452,1
2,2,0.992498,1
2,2,0.989984,1
0,0,0.980781,1
2,2,0.980279,1
2,2,0.970344,1
0,0,0.981268,1
1,1,0.971672,1
1,1,0.606078,1
1,1,0.601587,1
2,2,0.992332,1
0,0,0.981358,1
1,1,0.480127,1
0,0,0.981691,1
0,0,0.981602,1
2,2,0.92884,1
2,2,0.984292,1
2,2,0.978447,1
2,2,0.977011,1
0,0,0.981084,1
0,0,0.980745,1
0,0,0.981104,1
0,0,0.980795,1
1,1,0.9732,1
2,2,0.973581,1
0,0,0.98069,1
0,0,0.981318,1
2,2,0.886341,1
2,2,0.971512,1
0,0,0.980902,1
2,2,0.962295,1
1,1,0.971959,1
1,1,0.972566,1
2,2,0.474581,1
1,1,0.973274,1
1,1,0.973424,1
0,0,0.98069,1
2,2,0.97871,1
1,1,0.973478,1
0,0,0.981791,1
1,1,0.97301,1
2,2,0.991728,1
0,0,0.981754,1
0,0,0.981379,1
2,2,0.991072,1
0,0,0.981865,1
1,1,0.972762,1
0,0,0.981407,1
2,2,0.972771,1
1,1,0.972746,1
2,2,0.990865,1
2,2,0.991123,1
1,1,0.973227,1
2,2,0.977562,1
0,0,0.980671,1
1,1,0.973005,1
1,1,0.9735,1
0,0,0.981166,1
1,1,0.972278,1
1,0,0.545294,0
1,1,0.972465,1
0,0,0.981588,1
1,1,0.972696,1
2,2,0.502974,1
1,1,0.97269,1
2,2,0.966265,1
1,1,0.972883,1
1,1,0.972151,1
0,0,0.981064,1
2,2,0.974734,1
2,2,0.991052,1
2,2,0.845957,1
1,1,0.97259,1
2,2,0.990452,1
1,1,0.548197,1
0,0,0.9811,1
1,1,0.972219,1
1,1,0.972404,1
2,2,0.980316,1
0,0,0.981022,1
1,1,0.973032,1
0,0,0.980949,1
2,2,0.990456,1
2,2,0.992542,1
1,1,0.663233,1
2,2,0.974822,1
1,1,0.971646,1
2,2,0.991736,1
0,0,0.981187,1
0,0,0.981306,1
2,2,0.965693,1
2,2,0.990183,1
0,0,0.98118,1
1,1,0.973419,1
0,0,0.980671,1
0,0,0.981507,1
2,2,0.989427,1
1,1,0.654365,1
1,1,0.97126,1
2,2,0.989865,1
1,1,0.733229,1
1,1,0.971643,1
2,2,0.977336,1
0,0,0.98027,1
2,2,0.989183,1
1,1,0.658997,1
1,1,0.971911,1
2,2,0.995447,1
2,2,0.992028,1
0,0,0.981376,1
2,2,0.96645,1
1,1,0.620299,1
2,2,0.989582,1
0,0,0.981064,1
2,2,0.853098,1
2,2,0.994755,1
0,1,0.541711,0
2,2,0.964616,1
0,0,0.980657,1
1,0,0.546939,0
1,1,0.972212,1
0,0,0.981837,1
2,2,0.974483,1
2,2,0.978339,1
0,0,0.981339,1
2,2,0.980878,1
1,1,0.972622,1
1,1,0.703108,1
2,2,0.975295,1
1,1,0.97269,1
2,2,0.989804,1
0,0,0.874114,1
1,1,0.97215,1
2,2,0.960887,1
1,1,0.972727,1
1,1,0.972493,1
2,2,0.978535,1
1,1,0.97336,1
1,0,0.480325,0
1,1,0.973299,1
1,1,0.972315,1
1,2,0.40746,0
2,2,0.980174,1
1,1,0.972367,1
2,2,0.70945,1
1,1,0.97285,1
2,2,0.980612,1
1,1,0.97236,1
2,2,0.992863,1
1,1,0.655395,1
1,1,0.973328,1
2,2,0.980424,1
0,0,0.636508,1
1,1,0.973626,1
1,1,0.972609,1
0,0,0.981644,1
2,2,0.990915,1
1,1,0.973322,1
2,2,0.989076,1
1,1,0.972851,1
0,0,0.980916,1
2,2,0.994525,1
0,1,0.612808,0
1,1,0.972802,1
1,1,0.973003,1
0,0,0.981705,1
1,1,0.972074,1
2,2,0.990751,1
1,1,0.97281,1
1,1,0.973262,1
1,1,0.97268,1
0,0,0.980873,1
0,0,0.981267,1
2,2,0.991104,1
1,1,0.973425,1
1,1,0.972657,1
2,2,0.988045,1
0,0,0.981186,1
2,2,0.995004,1
2,2,0.968499,1
1,1,0.972824,1
1,1,0.763108,1
2,2,0.993196,1
1,1,0.973234,1
2,2,0.990516,1
2,2,0.977439,1
1,1,0.688519,1
0,0,0.981364,1
2,2,0.992377,1
0,0,0.981032,1
1,1,0.9733,1
2,2,0.978939,1
0,0,0.981838,1
2,2,0.994772,1
2,2,0.980919,1
0,0,0.980798,1
0,0,0.981631,1
0,0,0.981074,1
2,2,0.974154,1
0,0,0.980875,1
1,1,0.972055,1
0,0,0.981349,1
1,1,0.972277,1
2,2,0.970044,1
1,1,0.972935,1
2,2,0.981955,1
1,1,0.972363,1
0,0,0.981721,1
2,2,0.966563,1
2,2,0.989196,1
1,1,0.972553,1
2,1,0.453979,0
0,0,0.981265,1
0,0,0.981394,1
2,2,0.967225,1
1,1,0.583716,1
0,0,0.981243,1
1,1,0.971965,1
1,1,0.972671,1
0,0,0.981005,1
0,0,0.980692,1
1,1,0.972612,1
1,1,0.97293,1
1,1,0.521293,1
1,1,0.972779,1
0,0,0.981032,1
1,1,0.973331,1
1,1,0.97296,1
1,1,0.973206,1
2,2,0.988711,1
0,0,0.708974,1
0,0,0.981115,1
1,1,0.97317,1
0,0,0.981484,1
2,2,0.904037,1
0,0,0.98119,1
1,1,0.66102,1
2,2,0.987785,1
1,1,0.973059,1
1,1,0.972074,1
1,2,0.519535,0
1,1,0.972707,1
2,2,0.992719,1
0,0,0.981938,1
0,0,0.981419,1
1,1,0.972711,1
1,1,0.972897,1
1,1,0.972891,1
1,1,0.972891,1
2,2,0.972628,1
2,1,0.565569,0
2,2,0.974092,1
0,0,0.981478,1
1,1,0.972419,1
1,1,0.972349,1
1,1,0.972188,1
1,1,0.972024,1
0,0,0.980535,1
1,1,0.97247,1
1,1,0.972899,1
0,0,0.981616,1
2,2,0.992893,1
1,1,0.972657,1
0,1,0.61795,0
2,2,0.982488,1
1,1,0.972138,1
1,1,0.972188,1
1,1,0.973475,1
2,2,0.991079,1
1,1,0.973125,1
0,0,0.981882,1
0,0,0.981012,1
1,1,0.972727,1
0,0,0.981589,1
1,1,0.9728,1
1,1,0.973017,1
0,0,0.981323,1
0,0,0.981175,1
1,1,0.972597,1
1,1,0.973531,1
1,1,0.972885,1
1,1,0.973127,1
1,1,0.972567,1
0,0,0.981437,1
1,1,0.972929,1
1,1,0.97217,1
1,1,0.97261,1
1,2,0.476045,0
1,1,0.97302,1
2,2,0.977878,1
0,0,0.981059,1
1,1,0.972993,1
0,0,0.98175,1
0,0,0.981445,1
0,0,0.981424,1
2,2,0.975193,1
1,1,0.973236,1
1,1,0.972274,1
1,1,0.973102,1
0,0,0.981457,1
1,1,0.973234,1
1,1,0.551629,1
2,2,0.944959,1
2,2,0.978416,1
0,0,0.981754,1
0,0,0.981548,1
0,0,0.599741,1
1,1,0.972673,1
2,2,0.989414,1
2,2,0.992038,1
2,2,0.991112,1
1,1,0.634269,1
2,2,0.970923,1
0,0,0.981235,1
1,1,0.973125,1
0,0,0.822424,1
1,1,0.972616,1
0,0,0.980751,1
2,2,0.968646,1
0,0,0.980952,1
0,0,0.981553,1
2,2,0.990736,1
0,0,0.981149,1
0,0,0.980903,1
2,2,0.989595,1
2,2,0.981658,1
0,0,0.982031,1
1,1,0.972807,1
2,1,0.556285,0
0,0,0.981312,1
2,2,0.97666,1
0,0,0.981391,1
2,2,0.993574,1
0,0,0.981553,1
1,1,0.97323,1
1,1,0.972183,1
2,2,0.953665,1
1,1,0.972008,1
2,2,0.992507,1
2,2,0.991008,1
2,2,0.995222,1
0,0,0.542932,1
1,1,0.97243,1
2,2,0.969699,1
0,0,0.981254,1
0,0,0.981218,1
1,1,0.972863,1
2,2,0.969448,1
0,0,0.980818,1
2,2,0.992869,1
0,0,0.980585,1
1,1,0.973127,1
2,2,0.99191,1
2,2,0.711362,1
0,0,0.981269,1
1,1,0.973331,1
2,2,0.912325,1
0,0,0.981521,1
0,0,0.981252,1
0,0,0.982,1
0,0,0.981965,1
2,2,0.974278,1
1,1,0.973153,1
2,2,0.972971,1
0,0,0.981001,1
0,0,0.981748,1
2,2,0.970305,1
0,0,0.981245,1
2,2,0.993479,1
2,2,0.976519,1
1,1,0.972935,1
0,0,0.981776,1
1,1,0.972913,1
0,0,0.981497,1
1,1,0.972928,1
1,1,0.583716,1
0,0,0.981665,1
1,1,0.973111,1
2,2,0.973798,1
0,0,0.982024,1
2,2,0.994914,1
0,0,0.608585,1
1,1,0.972413,1
2,2,0.970646,1
0,0,0.980679,1
2,2,0.986604,1
2,2,0.988205,1
1,1,0.97236,1
1,1,0.972817,1
1,1,0.97235,1
0,0,0.909416,1
2,2,0.970979,1
0,1,0.667397,0
2,2,0.994407,1
0,0,0.981427,1
1,1,0.97251,1
1,1,0.972214,1
1,1,0.972139,1
1,0,0.545294,0
1,1,0.972971,1
2,2,0.988368,1
1,1,0.972247,1
0,0,0.98086,1
0,0,0.981621,1
1,1,0.972597,1
0,0,0.9817,1
0,0,0.981534,1
0,0,0.981865,1
2,2,0.971344,1
1,1,0.972219,1
0,0,0.981005,1
0,0,0.981639,1
0,0,0.981047,1
0,0,0.98137,1
0,0,0.980763,1
0,0,0.981652,1
2,2,0.969329,1
2,2,0.994421,1
0,0,0.872664,1
2,2,0.992504,1
0,0,0.981331,1
2,2,0.965689,1
0,0,0.980677,1
1,1,0.97259,1
1,1,0.574639,1
1,1,0.973432,1
0,0,0.981864,1
2,2,0.968258,1
2,2,0.97254,1
0,0,0.58829,1
2,2,0.993718,1
2,2,0.993361,1
2,2,0.992312,1
0,0,0.9815,1
0,0,0.980746,1
2,2,0.974846,1
2,2,0.974101,1
1,1,0.973478,1
1,1,0.972106,1
0,0,0.982114,1
2,2,0.964481,1
1,1,0.686156,1
0,0,0.980414,1
0,0,0.981221,1
2,2,0.986004,1
2,1,0.632587,0
1,0,0.453468,0
2,2,0.97091,1
1,1,0.972207,1
0,0,0.753091,1
2,2,0.992011,1
1,1,0.602244,1
1,1,0.972774,1
2,2,0.977634,1
2,2,0.991203,1
1,2,0.524414,0
0,0,0.981312,1
1,1,0.972929,1
2,2,0.987002,1
0,0,0.599741,1
2,2,0.975056,1
1,2,0.496383,0
2,2,0.990486,1
2,2,0.563814,1
2,2,0.9712,1
1,1,0.972746,1
0,0,0.981349,1
1,1,0.973198,1
2,2,0.965241,1
0,0,0.981205,1
0,0,0.98145,1
0,0,0.981289,1
1,1,0.599332,1
2,2,0.994435,1
2,2,0.983032,1
2,2,0.970885,1
2,2,0.970785,1
0,0,0.981154,1
1,1,0.972706,1
2,2,0.991149,1
0,0,0.713383,1
1,1,0.972889,1
1,1,0.973168,1
1,1,0.972716,1
2,2,0.995126,1
1,1,0.972158,1
1,1,0.972891,1
2,2,0.992987,1
1,0,0.480325,0
0,0,0.980994,1
1,1,0.972764,1
1,1,0.972671,1
2,2,0.988248,1
0,0,0.981057,1
1,1,0.973091,1
0,0,0.98122,1
2,2,0.991004,1
0,0,0.981655,1
2,2,0.989799,1
0,0,0.980387,1
2,2,0.979328,1
0,0,0.981376,1
1,1,0.972607,1
0,0,0.981624,1
1,1,0.751057,1
0,0,0.98132,1
0,0,0.980903,1
0,0,0.980372,1
1,1,0.972833,1
0,0,0.981457,1
0,0,0.981037,1
0,0,0.981001,1
1,1,0.973458,1
2,2,0.976719,1
1,0,0.396676,0
0,0,0.980914,1
1,1,0.972959,1
2,2,0.977383,1
1,1,0.973017,1
1,1,0.972438,1
1,1,0.973252,1
2,2,0.97252,1
2,2,0.992975,1
1,1,0.601228,1
0,0,0.981776,1
2,2,0.990317,1
2,2,0.98894,1
2,2,0.681307,1
0,0,0.981171,1
0,0,0.9815,1
0,0,0.980917,1
1,1,0.972539,1
1,1,0.973182,1
2,2,0.989832,1
1,1,0.972776,1
2,2,0.979623,1
1,0,0.523104,0
1,1,0.972868,1
2,2,0.974557,1
1,1,0.416484,1
2,2,0.99244,1
1,1,0.972164,1
2,2,0.988151,1
0,0,0.981921,1
2,1,0.480845,0
1,1,0.972694,1
2,2,0.978268,1
1,1,0.973136,1
0,0,0.942792,1
0,0,0.501576,1
2,2,0.970041,1
2,2,0.961044,1
2,2,0.990703,1
0,0,0.981508,1
2,2,0.993706,1
1,1,0.601228,1
1,1,0.703066,1
0,0,0.981151,1
0,0,0.980883,1
0,0,0.981328,1
2,2,0.991977,1
1,1,0.972314,1
0,0,0.980646,1
1,1,0.972657,1
0,1,0.541711,0
2,2,0.992929,1
1,1,0.972176,1
2,2,0.969947,1
1,1,0.972351,1
0,0,0.98164,1
2,2,0.992897,1
0,1,0.511772,0
2,2,0.991624,1
1,1,0.973149,1
1,1,0.972386,1
0,0,0.687396,1
0,0,0.981416,1
2,2,0.988561,1
1,1,0.973606,1
0,0,0.981475,1
0,0,0.981703,1
0,0,0.980899,1
0,0,0.980987,1
2,2,0.990394,1
0,0,0.98145,1
0,0,0.980685,1
1,1,0.973262,1
1,1,0.973201,1
0,0,0.981241,1
0,0,0.981437,1
1,1,0.643358,1
1,1,0.971788,1
0,0,0.980895,1
0,0,0.982,1
0,0,0.981808,1
1,1,0.97237,1
2,2,0.978541,1
1,1,0.973005,1
1,1,0.405216,1
0,0,0.981297,1
2,2,0.919375,1
1,1,0.585376,1
2,2,0.972815,1
2,2,0.99026,1
0,0,0.980942,1
2,2,0.980488,1
2,2,0.971731,1
0,0,0.98112,1
0,0,0.827123,1
1,1,0.973349,1
1,1,0.973407,1
0,0,0.980661,1
2,2,0.990727,1
0,0,0.980563,1
2,2,0.990661,1
1,1,0.972596,1
0,0,0.981938,1
2,2,0.994199,1
0,0,0.981253,1
0,0,0.981293,1
0,0,0.981113,1
1,1,0.972775,1
1,1,0.971911,1
0,0,0.981281,1
2,2,0.99247,1
0,0,0.981965,1
1,1,0.97261,1
1,1,0.972469,1
2,2,0.986924,1
1,1,0.972459,1
1,1,0.972217,1
2,2,0.992466,1
2,2,0.551868,1
1,1,0.972624,1
0,0,0.981627,1
2,2,0.99017,1
2,2,0.99166,1
1,1,0.973468,1
0,0,0.981394,1
2,1,0.479618,0
1,1,0.972418,1
0,0,0.981218,1
2,2,0.977786,1
1,1,0.972677,1
1,1,0.645052,1
0,1,0.612808,0
1,1,0.972117,1
2,2,0.986191,1
2,2,0.825968,1
2,2,0.990127,1
1,1,0.972671,1
2,2,0.991991,1
1,1,0.972588,1
0,0,0.980994,1
0,0,0.981036,1
1,2,0.439469,0
0,0,0.981396,1
2,2,0.97228,1
2,2,0.988218,1
2,2,0.990744,1
1,1,0.973331,1
1,1,0.972757,1
1,1,0.972459,1
2,2,0.978794,1
1,1,0.973166,1
0,0,0.980585,1
2,2,0.993878,1
0,0,0.981462,1
2,2,0.972982,1
2,2,0.978329,1
0,0,0.981586,1
0,0,0.98046,1
0,0,0.981598,1
1,1,0.718746,1
1,1,0.973458,1
0,0,0.981063,1
0,0,0.98152,1
2,2,0.993308,1
1,1,0.580176,1
0,0,0.981545,1
2,2,0.991909,1
2,2,0.988494,1
0,0,0.9812,1
2,2,0.992502,1
0,0,0.981291,1
1,1,0.973166,1
0,0,0.981466,1
2,2,0.99242,1
0,1,0.516069,0
0,0,0.981142,1
0,0,0.981675,1
0,0,0.981408,1
2,2,0.988508,1
2,2,0.974936,1
1,1,0.973322,1
1,1,0.637219,1
0,0,0.98145,1
1,1,0.972009,1
2,2,0.772858,1
2,2,0.965216,1
0,0,0.981193,1
1,1,0.707013,1
2,2,0.989464,1
1,1,0.973468,1
2,2,0.96663,1
2,2,0.992559,1
2,2,0.991479,1
1,1,0.973231,1
2,2,0.978087,1
0,0,0.981783,1
1,1,0.970807,1
2,2,0.990409,1
0,0,0.981441,1
1,1,0.972737,1
1,0,0.508423,0
0,0,0.980821,1
1,1,0.972756,1
0,0,0.981404,1
2,2,0.989943,1
1,1,0.972655,1
1,1,0.972607,1
1,1,0.972833,1
0,0,0.981243,1
2,2,0.975219,1
1,1,0.973272,1
0,0,0.981054,1
0,0,0.981145,1
0,0,0.981601,1
0,0,0.981424,1
2,2,0.980659,1
0,1,0.690267,0
1,1,0.972473,1
1,1,0.649031,1
1,1,0.972467,1
0,0,0.981883,1
1,2,0.405751,0
1,1,0.972531,1
0,0,0.98123,1
1,1,0.543682,1
0,0,0.98115,1
0,0,0.98149,1
1,1,0.972987,1
0,0,0.981145,1
0,0,0.981478,1
2,2,0.554342,1
2,2,0.974988,1
2,2,0.975713,1
2,2,0.956748,1
0,0,0.982117,1
0,0,0.981544,1
2,2,0.993929,1
0,0,0.980741,1
1,1,0.971751,1
2,2,0.975218,1
2,2,0.991907,1
0,0,0.98123,1
2,2,0.972309,1
2,2,0.991346,1
1,1,0.972559,1
1,1,0.81477,1
0,0,0.981317,1
1,1,0.972231,1
0,0,0.981413,1
0,0,0.981333,1
1,1,0.97302,1
2,2,0.978539,1
0,0,0.981032,1
0,0,0.857094,1
0,0,0.981211,1
0,0,0.981318,1
0,0,0.982,1
2,2,0.978071,1
0,0,0.981113,1
1,1,0.9733,1
1,1,0.973505,1
0,0,0.981166,1
0,0,0.981471,1
0,0,0.981503,1
1,1,0.441288,1
1,1,0.973471,1
0,0,0.981402,1
2,2,0.988487,1
0,0,0.981302,1
2,2,0.990321,1
2,2,0.991023,1
0,0,0.981598,1
2,2,0.965398,1
1,1,0.972518,1
0,0,0.981431,1
2,2,0.991858,1
1,1,0.972543,1
2,2,0.978156,1
2,2,0.99457,1
1,1,0.603564,1
1,1,0.972879,1
1,1,0.973131,1
0,0,0.980857,1
2,2,0.994117,1
0,0,0.981184,1
2,2,0.989184,1
1,1,0.972445,1
0,0,0.981864,1
2,2,0.960438,1
2,2,0.980159,1
2,2,0.97926,1
0,0,0.981467,1
0,0,0.981386,1
1,1,0.972802,1
2,2,0.9775,1
1,1,0.552731,1
0,0,0.981796,1
0,0,0.981056,1
2,2,0.979218,1
2,2,0.964533,1
0,0,0.981113,1
1,1,0.9723,1
2,2,0.97219,1
1,1,0.634269,1
1,2,0.476045,0
1,1,0.973262,1
2,2,0.978327,1
0,0,0.982118,1
1,1,0.707013,1
2,2,0.972315,1
2,2,0.904377,1
2,2,0.961757,1
2,2,0.97671,1
2,2,0.994845,1
1,1,0.973097,1
2,2,0.682228,1
1,1,0.972829,1
0,0,0.981526,1
0,0,0.981466,1
1,1,0.693626,1
2,2,0.975455,1
2,2,0.993155,1
0,0,0.980899,1
1,1,0.972559,1
0,0,0.981466,1
2,2,0.991873,1
0,0,0.981161,1
1,1,0.97286,1
2,2,0.990679,1
0,0,0.981387,1
0,0,0.981027,1
0,0,0.980739,1
2,2,0.99306,1
2,2,0.995258,1
1,1,0.972776,1
1,1,0.972528,1
2,2,0.824633,1
1,1,0.972385,1
0,0,0.981344,1
2,2,0.988471,1
2,2,0.990091,1
1,1,0.972785,1
2,2,0.977742,1
2,1,0.66141,0
1,1,0.972838,1
2,2,0.987396,1
1,1,0.653234,1
0,0,0.981534,1
0,0,0.981853,1
1,1,0.972106,1
1,1,0.585376,1
2,2,0.99046,1
1,1,0.583716,1
0,0,0.981541,1
1,1,0.972671,1
1,1,0.973017,1
1,1,0.972671,1
1,1,0.972878,1
0,0,0.981682,1
2,2,0.966545,1
0,0,0.981512,1
0,0,0.981206,1
1,1,0.972412,1
2,2,0.994289,1
1,1,0.97126,1
2,2,0.952577,1
2,2,0.974171,1
1,1,0.973264,1
2,2,0.962495,1
0,0,0.981783,1
1,1,0.972111,1
2,2,0.993847,1
1,1,0.66102,1
2,1,0.690575,0
0,0,0.981232,1
0,0,0.981368,1
0,0,0.982093,1
1,1,0.972906,1
0,0,0.981121,1
2,2,0.978469,1
0,0,0.981254,1
2,2,0.994531,1
2,2,0.993474,1
0,0,0.981396,1
0,0,0.981278,1
0,0,0.981595,1
2,2,0.977468,1
1,2,0.435757,0
2,2,0.973278,1
2,2,0.990619,1
0,0,0.9817,1
0,1,0.61795,0
1,1,0.972625,1
2,2,0.990987,1
0,0,0.981445,1
2,2,0.980268,1
0,0,0.981262,1
1,1,0.972803,1
0,0,0.980988,1
1,1,0.972399,1
2,2,0.971989,1
1,1,0.97261,1
2,2,0.990869,1
0,0,0.980731,1
0,0,0.981265,1
0,1,0.805595,0
1,1,0.971857,1
2,2,0.9886,1
2,1,0.571038,0
1,1,0.973136,1
1,1,0.97317,1
0,0,0.981646,1
2,2,0.96853,1
1,1,0.973077,1
1,1,0.973171,1
2,1,0.590338,0
0,0,0.980441,1
0,0,0.981544,1
0,0,0.980986,1
2,2,0.989045,1
2,2,0.99103,1
1,1,0.973181,1
1,1,0.640678,1
1,1,0.973112,1
1,1,0.972569,1
0,0,0.981655,1
0,0,0.981247,1
2,2,0.986727,1
1,1,0.973247,1
0,0,0.981099,1
2,2,0.484589,1
0,0,0.981287,1
2,2,0.973294,1
2,2,0.971869,1
0,0,0.980704,1
0,0,0.981355,1
2,2,0.97683,1
2,2,0.970357,1
0,0,0.981221,1
0,0,0.981306,1
1,1,0.97363,1
2,2,0.445344,1
1,1,0.97293,1
2,2,0.978703,1
2,2,0.990875,1
2,2,0.971897,1
0,0,0.981795,1
1,1,0.972687,1
1,1,0.972877,1
2,2,0.993564,1
2,2,0.980515,1
2,2,0.977405,1
1,1,0.973186,1
1,1,0.972645,1
1,1,0.973424,1
0,0,0.542932,1
2,2,0.991304,1
2,2,0.973342,1
1,1,0.972412,1
2,2,0.992301,1
1,1,0.972375,1
1,1,0.972005,1
1,1,0.9728,1
2,2,0.991974,1
0,0,0.981618,1
2,2,0.979613,1
0,0,0.980953,1
2,2,0.97078,1
1,1,0.972707,1
1,1,0.971942,1
0,0,0.981265,1
2,2,0.994037,1
1,1,0.693626,1
1,1,0.972653,1
0,0,0.981662,1
0,0,0.981812,1
1,1,0.973389,1
1,1,0.97359,1
1,1,0.97268,1
1,1,0.972642,1
2,2,0.977129,1
0,0,0.981167,1
0,0,0.980441,1
2,2,0.958287,1
2,2,0.934293,1
1,1,0.97291,1
0,0,0.98123,1
1,1,0.973223,1
1,1,0.973516,1
0,0,0.981404,1
1,1,0.972747,1
0,0,0.98161,1
2,2,0.991279,1
2,2,0.956063,1
2,2,0.99081,1
0,0,0.980582,1
0,0,0.981544,1
0,0,0.980504,1
0,0,0.981611,1
2,2,0.98949,1
2,2,0.992252,1
2,2,0.977012,1
0,0,0.980531,1
0,0,0.981106,1
2,2,0.992212,1
1,1,0.972401,1
0,0,0.980372,1
0,0,0.98191,1
1,1,0.972385,1
1,1,0.707013,1
2,2,0.995399,1
1,1,0.97215,1
1,1,0.972632,1
0,0,0.981295,1
2,2,0.982515,1
1,1,0.973111,1
0,0,0.981952,1
1,1,0.972832,1
1,1,0.972521,1
0,0,0.981348,1
0,0,0.981342,1
2,2,0.992633,1
0,0,0.981033,1
0,0,0.980933,1
0,0,0.981244,1
1,1,0.972543,1
1,1,0.973189,1
0,0,0.98155,1
0,0,0.981234,1
0,0,0.981431,1
1,1,0.973303,1
2,2,0.582393,1
1,1,0.97259,1
0,0,0.981011,1
2,2,0.992837,1
1,1,0.972727,1
2,2,0.989764,1
1,1,0.971627,1
2,2,0.992474,1
1,0,0.415338,0
0,0,0.981022,1
1,1,0.972471,1
0,0,0.981162,1
2,2,0.959851,1
1,1,0.972829,1
0,0,0.981424,1
0,0,0.371166,1
1,1,0.972146,1
1,1,0.972625,1
0,0,0.98152,1
1,1,0.972387,1
1,1,0.972874,1
0,0,0.981141,1
0,0,0.981206,1
1,1,0.972717,1
0,0,0.98118,1
1,1,0.973502,1
1,1,0.973027,1
0,0,0.981222,1
2,2,0.837565,1
2,2,0.965467,1
2,2,0.970426,1
0,0,0.981437,1
2,2,0.989705,1
0,0,0.981267,1
2,2,0.988643,1
0,0,0.981598,1
1,1,0.972623,1
0,0,0.98136,1
2,2,0.970987,1
0,0,0.981243,1
2,2,0.98041,1
2,2,0.973137,1
0,0,0.9812,1
1,1,0.973061,1
1,1,0.704038,1
0,0,0.980848,1
2,2,0.991123,1
1,1,0.972904,1
1,1,0.973236,1
0,0,0.981373,1
2,2,0.991042,1
2,2,0.991036,1
1,1,0.973189,1
0,0,0.608585,1
0,0,0.980585,1
0,0,0.981419,1
2,2,0.98567,1
0,0,0.542932,1
1,1,0.645052,1
2,1,0.681436,0
0,0,0.981114,1
0,0,0.981,1
2,2,0.969299,1
1,1,0.971885,1
2,2,0.977841,1
2,2,0.990481,1
2,2,0.989088,1
1,1,0.680568,1
0,0,0.98086,1
1,1,0.972904,1
2,2,0.981289,1
0,0,0.981861,1
2,2,0.992513,1
1,1,0.611735,1
2,2,0.975138,1
2,2,0.993972,1
2,2,0.976602,1
1,1,0.973446,1
0,0,0.980628,1
2,2,0.992218,1
0,0,0.981271,1
1,1,0.972308,1
0,0,0.981057,1
0,0,0.981423,1
1,1,0.973339,1
2,2,0.935382,1
2,2,0.970105,1
0,0,0.981292,1
0,1,0.537532,0
2,2,0.533203,1
0,0,0.98098,1
0,0,0.981903,1
1,1,0.972889,1
1,1,0.972423,1
0,0,0.981033,1
0,1,0.50579,0
1,1,0.973578,1
2,2,0.978144,1
1,1,0.972863,1
1,1,0.973127,1
1,1,0.972932,1
2,2,0.979842,1
2,2,0.956559,1
1,1,0.590073,1
0,0,0.98112,1
0,0,0.981554,1
1,1,0.972145,1
1,1,0.540339,1
0,0,0.981627,1
0,0,0.981641,1
0,0,0.981892,1
0,0,0.981707,1
0,0,0.981811,1
1,2,0.435757,0
0,0,0.980857,1
2,2,0.970245,1
0,0,0.980933,1
1,1,0.973357,1
2,2,0.992835,1
0,0,0.981238,1
1,1,0.698754,1
0,0,0.981504,1
2,2,0.597999,1
0,0,0.98154,1
0,0,0.980994,1
0,0,0.981151,1
2,2,0.990874,1
2,2,0.991208,1
1,1,0.972308,1
2,2,0.971186,1
1,1,0.973392,1
0,0,0.980196,1
1,1,0.973438,1
0,0,0.980814,1
2,2,0.989493,1
2,2,0.96753,1
1,1,0.973438,1
1,1,0.972641,1
0,0,0.981094,1
1,1,0.973477,1
1,1,0.972591,1
1,1,0.973077,1
1,1,0.97336,1
0,0,0.981466,1
2,2,0.966878,1
2,2,0.975186,1
0,0,0.981553,1
0,0,0.981413,1
2,2,0.988653,1
1,1,0.970864,1
2,2,0.988179,1
1,1,0.972371,1
1,1,0.972777,1
2,2,0.986958,1
2,2,0.992319,1
0,0,0.981441,1
0,0,0.981749,1
1,1,0.973339,1
0,0,0.981265,1
2,2,0.992457,1
2,2,0.991191,1
2,2,0.980247,1
2,2,0.971228,1
0,0,0.981146,1
2,2,0.973361,1
2,2,0.992458,1
0,0,0.980955,1
1,0,0.437816,0
0,0,0.980504,1
1,1,0.973189,1
0,0,0.980889,1
1,1,0.971628,1
1,1,0.973122,1
1,1,0.972727,1
0,0,0.980637,1
2,2,0.969512,1
1,1,0.973508,1
0,0,0.981337,1
1,1,0.973468,1
2,2,0.990696,1
2,2,0.992053,1
2,2,0.984778,1
0,0,0.981421,1
1,1,0.972992,1
2,2,0.990774,1
2,2,0.979903,1
2,2,0.991608,1
2,2,0.991866,1
1,1,0.972625,1
2,2,0.992621,1
1,1,0.97358,1
0,0,0.981178,1
0,0,0.98086,1
0,0,0.981796,1
2,2,0.975585,1
2,2,0.972926,1
0,0,0.980656,1
0,0,0.981288,1
1,1,0.973651,1
1,1,0.972915,1
1,1,0.973204,1
2,2,0.976199,1
0,0,0.98127,1
0,0,0.980898,1
2,2,0.970867,1
0,0,0.981324,1
1,1,0.972631,1
0,0,0.981428,1
2,2,0.983174,1
2,2,0.990759,1
2,2,0.988807,1
1,1,0.972885,1
0,0,0.981431,1
0,0,0.980933,1
1,1,0.972756,1
2,2,0.991071,1
0,0,0.606213,1
2,2,0.980292,1
0,0,0.980962,1
2,2,0.990476,1
1,1,0.973059,1
2,2,0.973753,1
0,0,0.980652,1
0,0,0.981379,1
2,2,0.987054,1
1,1,0.972934,1
2,2,0.974861,1
0,0,0.981307,1
0,0,0.982,1
1,1,0.972978,1
0,0,0.981074,1
2,2,0.993703,1
0,0,0.981382,1
1,1,0.97317,1
2,2,0.828374,1
1,1,0.972297,1
0,0,0.981282,1
2,2,0.99207,1
2,2,0.971904,1
1,1,0.97332,1
2,2,0.992471,1
0,0,0.981521,1
2,2,0.975994,1
2,2,0.970019,1
0,0,0.982068,1
0,0,0.980763,1
1,1,0.972185,1
1,1,0.973339,1
2,2,0.983104,1
2,2,0.981338,1
0,0,0.981186,1
0,0,0.981315,1
0,0,0.981273,1
1,1,0.972592,1
1,1,0.973578,1
1,1,0.972702,1
2,2,0.974567,1
1,1,0.658569,1
1,1,0.972609,1
0,0,0.980333,1
2,2,0.992205,1
2,2,0.990764,1
1,1,0.973425,1
1,1,0.972277,1
2,2,0.989885,1
2,2,0.991144,1
2,2,0.992529,1
1,1,0.742674,1
2,2,0.92016,1
0,0,0.872664,1
0,0,0.98145,1
1,1,0.971968,1
1,1,0.972601,1
0,0,0.979955,1
1,1,0.973571,1
0,0,0.98123,1
1,1,0.972105,1
1,1,0.719027,1
1,1,0.972091,1
0,0,0.981235,1
2,2,0.994369,1
0,0,0.981574,1
0,0,0.981307,1
1,1,0.970687,1
0,0,0.981317,1
1,1,0.973071,1
1,1,0.973585,1
1,1,0.973351,1
0,0,0.981903,1
2,1,0.586349,0
1,1,0.972694,1
1,1,0.973024,1
1,1,0.971806,1
1,1,0.973461,1
2,2,0.994685,1
0,0,0.981004,1
2,2,0.973999,1
0,0,0.980923,1
1,1,0.972836,1
2,2,0.980869,1
1,1,0.972253,1
0,0,0.981424,1
2,2,0.991239,1
0,0,0.980893,1
1,1,0.97273,1
1,1,0.972294,1
0,0,0.981235,1
2,2,0.991289,1
0,0,0.980719,1
1,1,0.97348,1
1,1,0.973171,1
2,2,0.994676,1
2,2,0.991808,1
1,1,0.972359,1
0,0,0.981205,1
0,0,0.980953,1
0,0,0.981122,1
0,0,0.981482,1
1,0,0.794282,0
2,2,0.974336,1
1,1,0.973359,1
1,1,0.972442,1
2,2,0.972907,1
0,0,0.981475,1
2,2,0.991011,1
1,1,0.550849,1
2,2,0.969861,1
0,0,0.981494,1
0,0,0.981142,1
1,1,0.973381,1
1,1,0.972432,1
1,1,0.9728,1
2,2,0.9883,1
0,0,0.98132,1
0,0,0.981267,1
0,0,0.98066,1
0,0,0.981601,1
1,1,0.972721,1
1,1,0.97285,1
1,2,0.59512,0
2,2,0.978173,1
1,1,0.972219,1
1,2,0.476045,0
0,0,0.980854,1
0,0,0.981261,1
2,2,0.991462,1
0,0,0.981814,1
1,1,0.972891,1
1,1,0.973578,1
0,0,0.981306,1
2,2,0.970867,1
2,2,0.990505,1
2,2,0.969309,1
0,0,0.980383,1
2,2,0.978619,1
2,2,0.974866,1
0,0,0.981399,1
0,0,0.981627,1
2,2,0.972908,1
2,2,0.981338,1
1,1,0.972707,1
1,1,0.973643,1
0,0,0.98057,1
1,1,0.722124,1
1,1,0.973171,1
1,1,0.973533,1
1,1,0.97258,1
2,2,0.989543,1
1,1,0.971822,1
0,0,0.980861,1
0,0,0.98145,1
1,1,0.97352,1
1,1,0.973323,1
1,1,0.972799,1
0,0,0.981445,1
0,0,0.981241,1
2,2,0.631395,1
1,1,0.693626,1
0,0,0.981552,1
1,1,0.973358,1
1,1,0.604679,1
2,1,0.53162,0
0,0,0.982001,1
2,2,0.686018,1
0,0,0.981036,1
0,0,0.981368,1
2,2,0.974653,1
2,2,0.980749,1
0,0,0.981265,1
1,1,0.973194,1
0,0,0.981177,1
1,1,0.973187,1
1,1,0.97343,1
2,2,0.970434,1
0,0,0.981313,1
0,0,0.981253,1
2,2,0.977232,1
2,2,0.965985,1
1,1,0.97203,1
2,2,0.984472,1
1,1,0.972875,1
1,1,0.97217,1
2,2,0.971966,1
0,0,0.981414,1
2,2,0.991026,1
2,2,0.97764,1
0,0,0.980871,1
0,0,0.981389,1
2,2,0.98039,1
0,0,0.981408,1
0,0,0.981427,1
2,2,0.978135,1
0,0,0.981364,1
1,1,0.972451,1
2,1,0.471394,0
1,1,0.9728,1
0,0,0.980745,1
1,1,0.742674,1
0,0,0.980933,1
1,1,0.602244,1
0,0,0.981965,1
0,0,0.981375,1
2,2,0.605596,1
0,0,0.981374,1
2,2,0.944112,1
0,0,0.981247,1
0,0,0.827123,1
0,0,0.980873,1
2,2,0.971448,1
0,0,0.980854,1
1,1,0.973349,1
1,1,0.97264,1
0,0,0.981682,1
0,0,0.98133,1
2,2,0.972274,1
2,2,0.970936,1
0,0,0.981164,1
0,0,0.942792,1
2,2,0.990101,1
1,1,0.972015,1
2,2,0.971983,1
2,2,0.990873,1
0,0,0.981085,1
0,1,0.494596,0
2,2,0.990609,1
0,0,0.981312,1
0,0,0.981808,1
0,0,0.981186,1
2,2,0.814227,1
2,2,0.990123,1
1,1,0.574639,1
0,0,0.981917,1
2,2,0.980344,1
2,2,0.929437,1
1,1,0.973286,1
0,0,0.981428,1
2,2,0.981213,1
1,1,0.972993,1
1,1,0.540339,1
1,1,0.972757,1
1,1,0.601228,1
0,0,0.980911,1
1,1,0.973122,1
2,2,0.986858,1
1,1,0.97305,1
2,2,0.975482,1
0,0,0.98096,1
0,0,0.981458,1
1,1,0.97259,1
0,0,0.981005,1
0,0,0.980737,1
0,0,0.981015,1
0,0,0.981067,1
1,1,0.973713,1
2,2,0.969449,1
1,1,0.97302,1
1,1,0.972024,1
0,0,0.981164,1
2,2,0.993912,1
0,0,0.981441,1
0,0,0.981662,1
1,1,0.972996,1
1,1,0.437515,1
2,2,0.97842,1
2,2,0.989071,1
2,2,0.991033,1
0,0,0.981634,1
2,2,0.960015,1
2,1,0.533232,0
2,2,0.967249,1
0,0,0.981837,1
2,2,0.97702,1
1,1,0.972697,1
1,1,0.972138,1
2,2,0.980148,1
1,1,0.551629,1
2,2,0.990297,1
2,2,0.994542,1
1,1,0.972589,1
1,1,0.972778,1
1,1,0.973141,1
0,0,0.981349,1
1,1,0.972919,1
1,1,0.972694,1
1,1,0.973123,1
1,1,0.97255,1
1,1,0.973087,1
1,1,0.973139,1
2,2,0.970074,1
0,0,0.98125,1
1,1,0.973303,1
2,2,0.706686,1
2,2,0.991987,1
1,1,0.972244,1
0,0,0.98175,1
1,1,0.97141,1
1,1,0.972451,1
2,2,0.991073,1
0,0,0.981013,1
0,0,0.981449,1
2,1,0.612481,0
2,2,0.976596,1
1,1,0.972232,1
1,1,0.973402,1
1,1,0.973324,1
0,0,0.981465,1
1,1,0.602644,1
2,2,0.978095,1
2,2,0.974249,1
2,2,0.974072,1
2,2,0.974049,1
0,0,0.980654,1
1,1,0.972425,1
0,0,0.981206,1
1,1,0.972382,1
0,0,0.981349,1
0,0,0.980827,1
2,2,0.989882,1
0,0,0.981499,1
0,0,0.981808,1
1,1,0.562096,1
2,2,0.973339,1
2,2,0.967595,1
1,1,0.973464,1
1,1,0.972607,1
1,1,0.972216,1
0,0,0.980901,1
0,0,0.980884,1
0,0,0.607559,1
1,1,0.972367,1
2,2,0.975349,1
2,2,0.981504,1
2,2,0.990713,1
2,2,0.99202,1
2,2,0.99173,1
0,0,0.981852,1
0,0,0.981465,1
1,1,0.972591,1
2,2,0.895631,1
2,2,0.96478,1
2,2,0.990916,1
0,0,0.708039,1
1,1,0.972702,1
1,1,0.973349,1
1,1,0.973502,1
2,2,0.979448,1
1,1,0.972829,1
2,2,0.99267,1
1,1,0.97215,1
1,1,0.973148,1
2,2,0.953663,1
1,1,0.972336,1
0,0,0.981004,1
0,0,0.981445,1
2,2,0.990993,1
1,1,0.973157,1
0,0,0.9812,1
1,1,0.972493,1
2,2,0.976632,1
1,1,0.972322,1
2,2,0.978269,1
2,2,0.99154,1
2,2,0.992311,1
2,2,0.949977,1
1,1,0.973139,1
2,2,0.974888,1
1,1,0.97319,1
0,0,0.98099,1
2,2,0.99063,1
1,1,0.972889,1
0,0,0.981795,1
1,1,0.972692,1
1,1,0.973425,1
2,2,0.992202,1
0,0,0.981328,1
1,1,0.973551,1
1,1,0.973122,1
1,1,0.747767,1
0,0,0.981487,1
0,0,0.981485,1
2,2,0.975496,1
2,2,0.655751,1
2,2,0.991884,1
0,0,0.981749,1
1,1,0.972465,1
0,0,0.981184,1
1,1,0.972748,1
1,1,0.97358,1
1,1,0.74644,1
0,0,0.981611,1
2,2,0.96651,1
0,0,0.981315,1
2,2,0.9895,1
0,0,0.980841,1
1,1,0.973194,1
1,1,0.973373,1
2,2,0.992364,1
2,2,0.989718,1
2,2,0.991994,1
2,2,0.991245,1
0,0,0.981963,1
0,0,0.9817,1
1,2,0.519535,0
0,0,0.980751,1
0,0,0.981654,1
0,0,0.980782,1
0,0,0.981333,1
1,2,0.496383,0
0,0,0.98098,1
0,0,0.981156,1
0,0,0.981783,1
0,0,0.619614,1
1,1,0.972528,1
0,0,0.981729,1
1,1,0.703066,1
0,0,0.980917,1
2,1,0.633773,0
2,2,0.965949,1
2,2,0.980249,1
0,0,0.981356,1
0,0,0.9814,1
1,1,0.972588,1
2,2,0.990886,1
1,1,0.972244,1
2,2,0.990693,1
1,1,0.973017,1
2,2,0.974822,1
2,2,0.989286,1
0,0,0.98123,1
2,2,0.991309,1
1,1,0.971959,1
2,2,0.99082,1
1,1,0.973102,1
1,1,0.972889,1
0,0,0.98135,1
1,1,0.394359,1
1,1,0.973185,1
0,0,0.980437,1
0,0,0.981482,1
2,2,0.977787,1
2,2,0.966188,1
0,0,0.981386,1
1,1,0.972484,1
0,1,0.511772,0
0,0,0.981595,1
2,2,0.99113,1
1,1,0.972885,1
2,2,0.991049,1
2,2,0.990791,1
0,0,0.981141,1
0,0,0.980825,1
2,2,0.990653,1
2,2,0.979123,1
2,2,0.991101,1
0,0,0.981255,1
0,0,0.980895,1
0,0,0.981422,1
2,2,0.99352,1
1,1,0.972802,1
1,1,0.973474,1
1,1,0.514045,1
1,1,0.972284,1
1,1,0.784838,1
1,1,0.972513,1
0,0,0.981646,1
2,2,0.990312,1
1,1,0.972462,1
0,0,0.981593,1
0,0,0.981437,1
2,2,0.977606,1
1,1,0.972111,1
1,1,0.97314,1
2,2,0.988755,1
2,2,0.601425,1
2,2,0.991038,1
0,0,0.981391,1
0,0,0.981348,1
1,1,0.972216,1
1,1,0.601707,1
0,0,0.981918,1
1,1,0.972764,1
2,2,0.986449,1
2,2,0.977453,1
0,0,0.981126,1
0,0,0.98153,1
0,0,0.981033,1
0,0,0.98135,1
0,0,0.979955,1
0,0,0.981379,1
0,1,0.572028,0
0,1,0.568731,0
0,0,0.980802,1
0,0,0.98122,1
2,2,0.921189,1
0,0,0.981532,1
1,1,0.973003,1
2,2,0.990348,1
1,1,0.97363,1
0,0,0.981624,1
1,1,0.972645,1
0,0,0.980477,1
2,2,0.971789,1
1,1,0.972678,1
1,1,0.972188,1
1,1,0.972914,1
0,0,0.980846,1
1,1,0.715804,1
1,1,0.97249,1
2,2,0.995322,1
1,1,0.973564,1
1,1,0.972645,1
1,1,0.972278,1
0,0,0.981465,1
0,0,0.980793,1
1,1,0.97332,1
2,2,0.967244,1
0,0,0.981413,1
2,2,0.991507,1
1,1,0.972388,1
1,1,0.973256,1
0,0,0.981585,1
0,0,0.980942,1
2,2,0.994052,1
1,1,0.973238,1
1,1,0.516291,1
2,2,0.990403,1
2,2,0.989522,1
1,1,0.973468,1
1,1,0.973093,1
1,1,0.973578,1
1,1,0.973087,1
2,2,0.98064,1
0,0,0.980814,1
0,0,0.981689,1
1,1,0.973368,1
0,0,0.981442,1
0,0,0.981424,1
0,1,0.690267,0
2,2,0.973155,1
1,1,0.972212,1
2,2,0.990081,1
2,2,0.994895,1
1,1,0.973389,1
0,0,0.980951,1
1,1,0.973026,1
2,2,0.973155,1
1,1,0.581076,1
1,1,0.972439,1
2,2,0.973257,1
2,2,0.985043,1
1,1,0.973015,1
2,2,0.994376,1
2,2,0.984328,1
0,0,0.981388,1
1,1,0.97285,1
1,1,0.972601,1
1,1,0.97154,1
1,1,0.973176,1
1,1,0.97271,1
0,0,0.981192,1
0,0,0.981813,1
1,1,0.973495,1
1,1,0.796427,1
2,2,0.995282,1
0,0,0.981232,1
1,1,0.972882,1
1,1,0.97154,1
2,2,0.994127,1
0,0,0.980861,1
0,0,0.981355,1
1,1,0.972583,1
0,0,0.981436,1
0,0,0.981573,1
1,2,0.421983,0
1,1,0.972159,1
2,2,0.992565,1
0,0,0.981424,1
2,2,0.97585,1
2,2,0.982382,1
0,0,0.98069,1
1,1,0.972005,1
1,1,0.973451,1
2,2,0.992454,1
2,2,0.991173,1
2,2,0.981338,1
0,0,0.981594,1
1,1,0.97339,1
2,2,0.973212,1
2,2,0.981609,1
0,0,0.981243,1
0,0,0.980227,1
1,1,0.972025,1
0,0,0.980662,1
1,1,0.972425,1
0,0,0.980186,1
1,1,0.971679,1
2,2,0.992411,1
0,0,0.980911,1
1,1,0.973278,1
1,1,0.972482,1
1,1,0.972908,1
1,1,0.973437,1
0,0,0.981355,1
1,1,0.698754,1
2,2,0.989931,1
1,1,0.973359,1
0,0,0.981436,1
0,0,0.980879,1
2,2,0.991016,1
1,1,0.973349,1
1,1,0.972737,1
2,2,0.987632,1
0,0,0.980624,1
2,2,0.975428,1
2,2,0.992196,1
1,1,0.972605,1
2,2,0.979952,1
1,1,0.540339,1
1,1,0.973012,1
0,0,0.980464,1
1,1,0.973419,1
0,0,0.981456,1
1,1,0.972418,1
2,2,0.939561,1
1,1,0.972207,1
0,0,0.980911,1
1,1,0.97296,1
1,1,0.972897,1
0,0,0.980893,1
1,1,0.972811,1
2,2,0.976444,1
0,0,0.981315,1
2,2,0.992022,1
0,0,0.981317,1
1,1,0.972837,1
2,2,0.978151,1
0,0,0.981512,1
2,2,0.977078,1
2,2,0.992618,1
0,0,0.980522,1
2,2,0.979616,1
1,1,0.973168,1
1,1,0.972484,1
1,1,0.670775,1
1,1,0.973234,1
1,1,0.970687,1
0,0,0.981091,1
2,2,0.672794,1
0,0,0.678376,1
2,2,0.964097,1
1,1,0.973181,1
0,0,0.980859,1
2,2,0.980739,1
0,0,0.629356,1
0,0,0.662367,1
0,0,0.981652,1
1,1,0.367627,1
0,0,0.981153,1
1,1,0.972231,1
1,1,0.799057,1
2,2,0.99168,1
0,0,0.981851,1
1,1,0.972886,1
0,0,0.98121,1
0,0,0.982167,1
1,1,0.97332,1
0,0,0.981526,1
1,1,0.657349,1
2,2,0.991389,1
1,1,0.972711,1
2,2,0.992568,1
0,0,0.981788,1
2,2,0.993467,1
2,2,0.993013,1
0,0,0.980763,1
2,2,0.991036,1
2,2,0.965929,1
0,0,0.980884,1
0,0,0.980376,1
1,1,0.972302,1
2,2,0.97221,1
0,0,0.981241,1
2,2,0.995363,1
2,2,0.979859,1
1,1,0.972906,1
0,0,0.980372,1
2,2,0.991364,1
2,2,0.991441,1
1,1,0.972694,1
2,2,0.991323,1
2,2,0.992095,1
2,2,0.974769,1
1,1,0.972904,1
0,0,0.981508,1
1,1,0.56444,1
0,0,0.982017,1
2,2,0.990561,1
2,2,0.991446,1
2,2,0.974606,1
1,1,0.972038,1
1,1,0.972964,1
1,1,0.9732,1
2,2,0.975326,1
2,2,0.988721,1
0,0,0.981036,1
1,0,0.483107,0
1,1,0.972987,1
1,1,0.972084,1
0,0,0.981258,1
1,1,0.973124,1
1,1,0.620157,1
2,2,0.992074,1
1,1,0.972807,1
2,2,0.980887,1
0,0,0.981853,1
2,2,0.881396,1
2,2,0.987184,1
2,2,0.912504,1
2,2,0.98926,1
1,1,0.971694,1
0,0,0.981142,1
1,1,0.972885,1
0,0,0.981247,1
2,2,0.855554,1
2,2,0.992561,1
0,0,0.980949,1
2,2,0.994381,1
1,1,0.972111,1
1,1,0.97332,1
2,2,0.9919,1
2,2,0.993153,1
0,0,0.98132,1
1,1,0.97332,1
2,2,0.982803,1
0,0,0.981214,1
1,1,0.973293,1
0,1,0.667397,0
0,0,0.981,1
2,2,0.97866,1
2,2,0.688816,1
1,1,0.973486,1
2,2,0.991972,1
2,2,0.973075,1
0,0,0.98114,1
1,1,0.973081,1
0,0,0.98109,1
1,0,0.4749,0
2,2,0.98023,1
0,0,0.980784,1
2,2,0.989419,1
1,1,0.687489,1
0,0,0.981416,1
1,1,0.972967,1
2,2,0.988808,1
1,1,0.972939,1
0,0,0.606213,1
1,1,0.601707,1
0,0,0.981205,1
0,0,0.981032,1
0,0,0.857094,1
1,1,0.726583,1
0,0,0.981602,1
2,2,0.911381,1
0,0,0.980748,1
0,0,0.98101,1
2,2,0.992594,1
2,2,0.53325,1
2,2,0.975427,1
1,1,0.973444,1
0,0,0.981725,1
0,0,0.981389,1
2,2,0.990602,1
1,1,0.972702,1
2,2,0.516768,1
2,2,0.983061,1
0,0,0.982009,1
0,0,0.981816,1
2,2,0.978533,1
0,0,0.980376,1
1,1,0.973236,1
2,2,0.980095,1
0,0,0.980782,1
1,1,0.973076,1
0,0,0.981431,1
2,2,0.978714,1
1,1,0.972231,1
2,2,0.990656,1
0,0,0.981384,1
1,1,0.691282,1
0,0,0.981282,1
0,1,0.516069,0
1,1,0.972709,1
2,2,0.63271,1
0,0,0.981525,1
1,1,0.972617,1
2,2,0.990632,1
1,1,0.972404,1
2,2,0.991103,1
1,1,0.972783,1
2,2,0.993907,1
2,2,0.991047,1
2,2,0.968535,1
0,0,0.981382,1
0,0,0.980876,1
1,1,0.973067,1
2,2,0.990365,1
2,2,0.992064,1
0,0,0.981733,1
0,0,0.981431,1
0,0,0.980861,1
0,0,0.981141,1
0,0,0.981373,1
0,0,0.981072,1
2,2,0.991759,1
1,1,0.972117,1
2,2,0.991156,1
2,2,0.991403,1
0,0,0.98097,1
2,2,0.989438,1
2,2,0.958272,1
1,1,0.800279,1
0,0,0.981864,1
1,1,0.972538,1
0,0,0.981602,1
1,1,0.973537,1
0,0,0.981057,1
2,2,0.980411,1
1,1,0.973238,1
0,0,0.980719,1
1,1,0.973552,1
2,2,0.981216,1
2,2,0.987838,1
0,0,0.981482,1
0,0,0.980962,1
0,0,0.981743,1
2,2,0.994218,1
0,0,0.981167,1
0,0,0.981221,1
2,2,0.923008,1
1,1,0.669304,1
2,2,0.945825,1
2,2,0.992384,1
0,0,0.981705,1
2,2,0.970109,1
2,2,0.973306,1
0,0,0.981356,1
1,1,0.972705,1
2,2,0.992737,1
2,2,0.929862,1
1,1,0.972227,1
1,1,0.97304,1
0,0,0.981324,1
2,2,0.99123,1
1,1,0.97285,1
1,1,0.972414,1
0,0,0.981005,1
0,0,0.980628,1
2,2,0.977069,1
2,2,0.990063,1
0,0,0.98146,1
2,2,0.966076,1
0,0,0.98124,1
1,1,0.972988,1
1,1,0.972547,1
1,1,0.973606,1
0,0,0.981244,1
0,0,0.981811,1
1,1,0.972458,1
0,0,0.981247,1
1,1,0.973295,1
2,2,0.94048,1
0,0,0.981632,1
1,1,0.972055,1
1,1,0.971785,1
0,0,0.98085,1
2,2,0.988663,1
1,0,0.396676,0
2,2,0.974423,1
1,1,0.972404,1
1,1,0.973051,1
0,0,0.981344,1
1,1,0.461414,1
2,2,0.968216,1
1,1,0.973455,1
0,0,0.9813,1
2,2,0.976844,1
1,1,0.972694,1
2,2,0.987896,1
0,0,0.980976,1
2,2,0.971451,1
0,0,0.981233,1
1,1,0.973234,1
1,1,0.581076,1
1,1,0.973077,1
1,1,0.505732,1
2,2,0.975752,1
2,2,0.992129,1
2,2,0.991709,1
1,1,0.972531,1
0,0,0.501576,1
2,2,0.972789,1
2,2,0.995482,1
0,0,0.981192,1
0,0,0.981067,1
0,0,0.98135,1
0,0,0.981725,1
0,0,0.981457,1
0,0,0.662367,1
1,1,0.973011,1
1,1,0.973216,1
0,0,0.981121,1
0,0,0.981655,1
2,2,0.972748,1
0,0,0.981315,1
2,2,0.993506,1
0,0,0.981618,1
2,2,0.92908,1
0,0,0.708974,1
2,2,0.977318,1
2,2,0.991354,1
1,1,0.972717,1
2,2,0.990638,1
0,0,0.981453,1
2,2,0.994037,1
2,2,0.975425,1
1,1,0.973451,1
1,1,0.97319,1
0,0,0.981665,1
1,1,0.972625,1
1,1,0.973087,1
1,1,0.972527,1
1,1,0.973134,1
0,0,0.98101,1
2,1,0.565634,0
2,2,0.97341,1
0,0,0.98149,1
1,1,0.973407,1
2,2,0.9832,1
0,0,0.981191,1
0,0,0.980685,1
0,0,0.98178,1
1,1,0.972687,1
2,2,0.983577,1
2,2,0.990665,1
1,1,0.972145,1
1,1,0.972821,1
1,1,0.972888,1
2,2,0.991622,1
2,2,0.990965,1
0,0,0.981503,1
2,2,0.962107,1
1,1,0.973094,1
1,1,0.973155,1
1,1,0.972642,1
2,2,0.924763,1
2,2,0.980147,1
2,2,0.99136,1
1,1,0.971959,1
0,0,0.981249,1
0,0,0.981248,1
2,2,0.992466,1
0,0,0.981591,1
0,0,0.981136,1
0,0,0.98117,1
0,0,0.98111,1
2,2,0.99362,1
1,1,0.972709,1
1,0,0.480325,0
0,0,0.981057,1
0,0,0.619614,1
0,0,0.98116,1
0,0,0.981561,1
0,0,0.981234,1
2,2,0.991932,1
0,0,0.980848,1
0,0,0.981267,1
1,1,0.972978,1
2,2,0.971192,1
2,2,0.985919,1
0,0,0.981344,1
1,1,0.973293,1
0,0,0.669172,1
2,2,0.988675,1
0,0,0.9815,1
2,2,0.970893,1
1,1,0.972572,1
1,1,0.972349,1
1,1,0.973205,1
1,1,0.973212,1
0,0,0.981682,1
2,2,0.992421,1
2,2,0.970405,1
0,0,0.98103,1
0,0,0.980522,1
2,2,0.864597,1
2,2,0.966697,1
0,0,0.982114,1
1,0,0.475209,0
0,0,0.981104,1
1,1,0.699053,1
1,1,0.972727,1
1,1,0.972306,1
0,0,0.9812,1
1,1,0.973424,1
1,1,0.972057,1
1,1,0.637219,1
1,1,0.97268,1
0,0,0.981249,1
1,1,0.972328,1
2,2,0.754194,1
0,0,0.981255,1
2,2,0.994744,1
0,0,0.981663,1
0,0,0.981307,1
0,0,0.981027,1
2,2,0.991488,1
2,2,0.977701,1
0,0,0.980741,1
0,0,0.981292,1
1,1,0.770805,1
0,0,0.981814,1
0,0,0.662367,1
0,0,0.981441,1
2,2,0.977957,1
1,1,0.972891,1
1,1,0.973176,1
2,2,0.992019,1
2,2,0.976839,1
1,1,0.972671,1
1,1,0.972576,1
0,0,0.981313,1
0,0,0.980372,1
2,2,0.917573,1
1,1,0.972795,1
2,2,0.649918,1
1,1,0.972707,1
2,2,0.994617,1
1,1,0.972418,1
1,1,0.973554,1
1,1,0.971627,1
0,0,0.981265,1
0,0,0.981262,1
2,2,0.988375,1
1,1,0.972934,1
2,2,0.97943,1
1,1,0.972721,1
1,1,0.972743,1
2,2,0.975385,1
0,0,0.981788,1
0,0,0.980361,1
0,0,0.980252,1
1,1,0.514045,1
1,1,0.972833,1
1,1,0.972015,1
1,1,0.973544,1
1,1,0.972345,1
1,1,0.614966,1
2,2,0.979331,1
2,2,0.978605,1
0,0,0.98118,1
0,0,0.981475,1
1,1,0.973026,1
1,1,0.972567,1
0,0,0.981185,1
0,0,0.980535,1
2,2,0.833169,1
2,2,0.97518,1
2,2,0.988635,1
0,0,0.981278,1
2,2,0.989605,1
0,0,0.981865,1
2,2,0.991316,1
2,2,0.989675,1
1,1,0.973131,1
0,0,0.981748,1
0,0,0.980376,1
1,1,0.512129,1
2,2,0.991692,1
1,1,0.972587,1
0,0,0.981832,1
2,2,0.976143,1
2,2,0.977099,1
2,2,0.836594,1
0,0,0.980689,1
0,0,0.98174,1
2,2,0.991147,1
0,0,0.980949,1
2,2,0.974714,1
1,1,0.971921,1
2,2,0.974915,1
2,2,0.990906,1
2,2,0.990537,1
1,1,0.972022,1
0,0,0.98119,1
1,1,0.973206,1
1,1,0.972601,1
1,1,0.973098,1
0,0,0.981135,1
1,1,0.973238,1
2,2,0.991605,1
1,1,0.972223,1
2,2,0.979587,1
2,2,0.523305,1
1,1,0.973642,1
1,1,0.972891,1
1,1,0.972711,1
1,1,0.972004,1
2,2,0.97226,1
1,1,0.973066,1
0,1,0.707843,0
2,2,0.991788,1
2,2,0.972383,1
0,0,0.981725,1
2,2,0.99133,1
0,0,0.981585,1
1,1,0.971959,1
1,1,0.973181,1
2,2,0.968469,1
2,2,0.972064,1
2,2,0.980622,1
0,0,0.981329,1
0,0,0.981057,1
1,1,0.973286,1
0,0,0.980712,1
0,1,0.480003,0
2,2,0.964166,1
2,2,0.99261,1
2,2,0.974801,1
1,1,0.972297,1
1,1,0.972284,1
2,2,0.992618,1
2,2,0.971171,1
1,1,0.973286,1
0,0,0.981628,1
1,1,0.972668,1
0,0,0.981318,1
1,1,0.973425,1
2,2,0.964432,1
1,1,0.972717,1
2,2,0.774406,1
0,0,0.981261,1
0,0,0.981814,1
0,0,0.98175,1
0,0,0.981195,1
0,0,0.98127,1
0,0,0.982009,1
2,2,0.990419,1
0,0,0.981796,1
2,2,0.986959,1
2,2,0.990817,1
0,0,0.980383,1
0,0,0.981808,1
0,0,0.981602,1
0,0,0.981185,1
2,2,0.98956,1
2,2,0.979499,1
1,1,0.97332,1
0,0,0.981313,1
2,2,0.992569,1
0,0,0.981548,1
1,1,0.97259,1
1,1,0.972399,1
2,1,0.621049,0
2,2,0.989167,1
0,0,0.981232,1
0,0,0.981534,1
0,0,0.980582,1
1,1,0.972159,1
2,2,0.941587,1
1,1,0.973512,1
1,1,0.973336,1
2,2,0.992855,1
2,2,0.992093,1
0,0,0.760395,1
0,0,0.981225,1
1,1,0.972207,1
0,0,0.981245,1
0,0,0.981255,1
2,2,0.990409,1
1,1,0.972622,1
1,1,0.973531,1
1,1,0.971805,1
1,1,0.971675,1
2,2,0.990421,1
2,2,0.990591,1
0,0,0.98086,1
0,0,0.981493,1
0,0,0.980615,1
2,2,0.994438,1
2,2,0.984745,1
2,2,0.992229,1
2,2,0.988913,1
0,0,0.981208,1
1,1,0.973453,1
1,1,0.973573,1
0,0,0.98175,1
2,2,0.976096,1
0,1,0.511772,0
0,0,0.981676,1
1,1,0.972887,1
0,0,0.981234,1
0,0,0.9811,1
1,1,0.973164,1
0,0,0.981232,1
1,1,0.972253,1
2,2,0.992538,1
0,0,0.980847,1
0,0,0.981465,1
2,2,0.972962,1
1,1,0.972833,1
0,0,0.980943,1
1,1,0.973253,1
0,0,0.980737,1
1,1,0.972455,1
0,0,0.981278,1
0,0,0.981145,1
1,1,0.972829,1
0,0,0.981526,1
0,0,0.981431,1
0,0,0.981184,1
1,1,0.972794,1
1,1,0.973175,1
2,2,0.976694,1
2,2,0.994248,1
2,2,0.967858,1
2,2,0.990547,1
2,2,0.977759,1
2,2,0.975299,1
1,1,0.97304,1
1,1,0.972973,1
0,0,0.981522,1
1,0,0.406542,0
0,0,0.981108,1
2,2,0.991354,1
0,0,0.980227,1
2,2,0.8331,1
2,2,0.973029,1
2,2,0.991914,1
0,0,0.981193,1
2,2,0.994413,1
0,0,0.981074,1
1,1,0.972984,1
0,0,0.981703,1
1,1,0.973097,1
2,2,0.99261,1
1,1,0.972777,1
0,0,0.980671,1
2,2,0.964755,1
0,0,0.981429,1
2,2,0.989664,1
0,0,0.981764,1
2,2,0.952883,1
2,2,0.975433,1
2,2,0.994203,1
2,2,0.992449,1
2,2,0.973018,1
1,1,0.973407,1
0,0,0.981426,1
1,1,0.972462,1
0,0,0.980779,1
1,1,0.972921,1
0,0,0.981129,1
2,2,0.989113,1
0,0,0.981445,1
0,0,0.980875,1
0,0,0.980846,1
1,1,0.973396,1
2,2,0.977655,1
1,1,0.973262,1
1,1,0.97259,1
0,0,0.981108,1
0,0,0.980372,1
1,1,0.972799,1
2,2,0.989028,1
1,1,0.973454,1
1,1,0.971805,1
1,1,0.972084,1
1,1,0.972399,1
0,0,0.980994,1
1,1,0.663233,1
0,0,0.981654,1
2,1,0.739791,0
1,1,0.972769,1
2,2,0.976487,1
1,1,0.972459,1
0,0,0.98133,1
1,1,0.972849,1
1,1,0.973136,1
0,0,0.981544,1
2,2,0.991211,1
2,2,0.991487,1
2,2,0.994228,1
0,0,0.981844,1
0,0,0.878732,1
2,2,0.990616,1
0,0,0.981773,1
0,0,0.981138,1
1,1,0.973015,1
1,1,0.681622,1
2,2,0.974671,1
2,2,0.992782,1
1,1,0.971793,1
2,1,0.525802,0
1,1,0.973601,1
0,0,0.981526,1
2,2,0.991162,1
0,0,0.981387,1
0,0,0.980822,1
1,1,0.972405,1
0,0,0.949903,1
1,1,0.388586,1
0,0,0.981294,1
0,0,0.980646,1
2,2,0.98828,1
2,2,0.992652,1
0,0,0.980935,1
0,0,0.981221,1
0,0,0.981663,1
0,0,0.981113,1
0,0,0.981606,1
1,0,0.45522,0
2,2,0.991579,1
2,2,0.96441,1
0,0,0.980785,1
1,1,0.73642,1
2,2,0.9942,1
0,0,0.981091,1
1,1,0.973234,1
2,2,0.980079,1
1,1,0.973397,1
0,0,0.981299,1
2,2,0.992441,1
2,2,0.994097,1
1,1,0.972962,1
0,0,0.981639,1
0,0,0.981233,1
1,1,0.973103,1
0,0,0.981691,1
1,1,0.553066,1
2,2,0.994178,1
2,2,0.976976,1
2,2,0.992584,1
1,1,0.591974,1
1,1,0.972521,1
0,0,0.980949,1
2,2,0.988669,1
2,2,0.98904,1
2,2,0.972576,1
2,2,0.662796,1
2,2,0.990247,1
1,1,0.972913,1
2,2,0.687223,1
0,0,0.981427,1
0,0,0.942792,1
1,1,0.97236,1
2,2,0.965068,1
1,1,0.973505,1
2,2,0.99251,1
0,0,0.981307,1
0,0,0.981537,1
1,1,0.973131,1
2,2,0.975131,1
2,2,0.981058,1
2,2,0.977228,1
0,0,0.98144,1
0,0,0.982225,1
1,1,0.973722,1
0,0,0.981709,1
2,2,0.977033,1
0,0,0.981394,1
1,1,0.972793,1
1,2,0.56553,0
2,2,0.968006,1
2,2,0.979806,1
2,2,0.991259,1
2,2,0.993692,1
1,1,0.972929,1
2,2,0.991616,1
2,2,0.976211,1
1,1,0.973247,1
1,1,0.973083,1
1,1,0.972973,1
0,0,0.981729,1
0,0,0.981497,1
1,1,0.973349,1
0,0,0.980872,1
0,0,0.980252,1
0,0,0.981171,1
2,2,0.991678,1
0,0,0.981414,1
2,2,0.991142,1
1,1,0.972887,1
2,2,0.991875,1
1,1,0.972936,1
0,0,0.980818,1
2,2,0.975714,1
2,2,0.980953,1
1,1,0.97317,1
1,1,0.972465,1
1,1,0.973175,1
1,1,0.973428,1
2,2,0.979619,1
1,1,0.972633,1
0,0,0.980719,1
0,0,0.98118,1
0,0,0.981189,1
2,2,0.991621,1
2,2,0.942089,1
2,2,0.981428,1
1,1,0.97293,1
0,0,0.980903,1
1,2,0.519535,0
1,1,0.97248,1
0,0,0.980901,1
0,0,0.981184,1
2,2,0.964148,1
1,1,0.973263,1
1,1,0.972984,1
2,2,0.990433,1
2,2,0.965521,1
1,1,0.972533,1
1,1,0.972681,1
0,0,0.980753,1
2,2,0.991653,1
2,2,0.990633,1
1,1,0.972647,1
0,0,0.981074,1
1,1,0.973251,1
1,1,0.971978,1
0,0,0.981376,1
0,0,0.981464,1
1,1,0.972931,1
0,0,0.982,1
0,0,0.981184,1
2,2,0.991399,1
0,0,0.981312,1
2,2,0.978921,1
0,0,0.981391,1
2,2,0.990953,1
0,0,0.981691,1
1,1,0.635439,1
2,2,0.973428,1
2,2,0.990408,1
2,2,0.992121,1
0,0,0.981457,1
2,2,0.978296,1
2,2,0.990838,1
2,2,0.952576,1
2,2,0.993699,1
0,0,0.981083,1
1,1,0.973357,1
1,1,0.973277,1
0,0,0.981194,1
1,1,0.972971,1
0,0,0.981082,1
1,1,0.972445,1
1,1,0.972157,1
2,2,0.990272,1
0,0,0.980919,1
0,0,0.981429,1
1,1,0.97303,1
2,2,0.990689,1
2,2,0.991047,1
2,2,0.985154,1
2,2,0.974345,1
2,2,0.896769,1
2,2,0.965081,1
1,1,0.973231,1
1,1,0.973043,1
0,0,0.981033,1
0,0,0.981429,1
0,0,0.980567,1
1,1,0.973136,1
0,0,0.981329,1
0,0,0.981244,1
2,2,0.976159,1
0,0,0.98145,1
0,0,0.981348,1
0,0,0.981449,1
1,1,0.972467,1
0,0,0.981141,1
0,0,0.982,1
0,0,0.981441,1
0,0,0.98132,1
0,0,0.98122,1
1,1,0.97336,1
1,1,0.973162,1
0,0,0.98109,1
0,0,0.981615,1
0,0,0.497545,1
2,2,0.961446,1
2,2,0.962237,1
2,2,0.978178,1
1,1,0.972418,1
0,0,0.981192,1
2,2,0.991079,1
2,2,0.924852,1
0,0,0.980782,1
0,0,0.980236,1
0,0,0.981691,1
0,0,0.980915,1
1,1,0.973499,1
1,1,0.970864,1
1,1,0.973087,1
0,0,0.980771,1
0,0,0.980821,1
1,1,0.97249,1
0,0,0.981306,1
1,1,0.971986,1
0,0,0.980923,1
0,0,0.98133,1
0,0,0.981413,1
1,1,0.97302,1
0,0,0.980814,1
0,0,0.981391,1
2,2,0.974464,1
0,0,0.981247,1
0,0,0.980821,1
0,0,0.981027,1
0,0,0.981541,1
2,2,0.990669,1
0,0,0.981602,1
2,2,0.990947,1
0,0,0.981807,1
1,1,0.973295,1
0,0,0.981397,1
0,0,0.980753,1
0,0,0.981902,1
0,0,0.981333,1
1,1,0.574639,1
1,1,0.973131,1
0,0,0.981384,1
0,0,0.98152,1
0,0,0.981189,1
0,0,0.9813,1
1,1,0.973308,1
1,2,0.43181,0
1,1,0.97273,1
0,0,0.981404,1
1,1,0.973241,1
0,0,0.980876,1
2,2,0.974716,1
2,2,0.990922,1
2,2,0.994429,1
0,0,0.981785,1
2,2,0.992973,1
1,1,0.972702,1
1,1,0.972624,1
2,2,0.974524,1
2,2,0.977015,1
1,2,0.476045,0
0,0,0.981249,1
1,1,0.367627,1
0,0,0.980938,1
1,1,0.973262,1
0,0,0.981644,1
2,2,0.965832,1
2,2,0.988912,1
1,1,0.564817,1
1,1,0.972935,1
0,0,0.981047,1
2,2,0.993923,1
0,0,0.981816,1
0,0,0.980936,1
2,2,0.975849,1
0,0,0.98169,1
2,2,0.975786,1
0,0,0.980911,1
2,2,0.991612,1
1,1,0.972967,1
1,1,0.972833,1
2,2,0.990394,1
2,2,0.993037,1
2,2,0.990726,1
0,0,0.98118,1
0,0,0.981503,1
0,0,0.981648,1
2,2,0.971476,1
2,2,0.970444,1
0,0,0.981404,1
1,1,0.581076,1
0,0,0.981244,1
0,0,0.981465,1
1,1,0.653234,1
0,0,0.981423,1
1,1,0.656568,1
2,2,0.992138,1
2,2,0.992132,1
2,2,0.988787,1
2,2,0.991221,1
2,2,0.985022,1
1,1,0.972538,1
1,1,0.973396,1
1,1,0.973262,1
0,0,0.981187,1
0,0,0.980951,1
2,2,0.991316,1
2,2,0.780784,1
2,2,0.991398,1
0,0,0.981826,1
0,0,0.98183,1
1,1,0.9714,1
1,1,0.973338,1
2,2,0.990548,1
0,0,0.981518,1
2,2,0.989057,1
1,1,0.97317,1
2,2,0.980421,1
0,0,0.980884,1
0,0,0.981424,1
2,2,0.986147,1
2,2,0.975159,1
2,2,0.990929,1
0,0,0.981244,1
2,2,0.971681,1
2,2,0.976125,1
0,0,0.981512,1
2,2,0.9778,1
1,1,0.972376,1
2,2,0.989632,1
2,2,0.992197,1
2,2,0.991186,1
0,0,0.981521,1
2,2,0.990899,1
2,2,0.826938,1
2,2,0.973082,1
1,1,0.972671,1
0,0,0.981345,1
0,0,0.981296,1
1,1,0.972358,1
1,1,0.972935,1
2,2,0.994447,1
2,2,0.992157,1
1,1,0.97285,1
0,0,0.981238,1
2,2,0.976256,1
0,0,0.980861,1
1,1,0.540339,1
2,2,0.990882,1
2,2,0.979924,1
1,1,0.973424,1
2,2,0.988497,1
2,2,0.993367,1
0,0,0.981917,1
0,0,0.9813,1
1,1,0.972207,1
1,1,0.973209,1
1,1,0.973474,1
0,0,0.690929,1
2,2,0.97531,1
2,2,0.994766,1
0,0,0.980973,1
2,2,0.980081,1
2,2,0.973425,1
2,2,0.990239,1
0,0,0.859075,1
1,1,0.972833,1
1,1,0.692467,1
0,0,0.981317,1
1,1,0.973229,1
0,0,0.98103,1
0,1,0.541218,0
2,2,0.988804,1
0,0,0.980845,1
2,2,0.978486,1
2,2,0.990811,1
0,0,0.981595,1
1,1,0.973144,1
2,2,0.985041,1
2,2,0.976204,1
1,2,0.476045,0
1,1,0.973136,1
1,0,0.794282,0
1,1,0.648918,1
2,2,0.971353,1
2,1,0.527792,0
2,2,0.988146,1
0,0,0.981785,1
2,2,0.990547,1
1,1,0.972607,1
2,2,0.994499,1
0,0,0.98119,1
0,0,0.981421,1
0,0,0.98112,1
0,0,0.98139,1
0,0,0.982144,1
2,2,0.991537,1
1,1,0.973629,1
0,0,0.981146,1
0,0,0.981938,1
0,0,0.980642,1
1,1,0.973358,1
2,2,0.973661,1
1,1,0.972969,1
0,0,0.981126,1
2,2,0.979582,1
1,1,0.97259,1
1,1,0.972939,1
0,0,0.981862,1
2,2,0.990599,1
2,2,0.870873,1
2,1,0.510248,0
1,1,0.973166,1
2,2,0.797321,1
0,0,0.981181,1
2,2,0.97595,1
1,1,0.972961,1
0,0,0.980489,1
1,1,0.972974,1
1,1,0.973184,1
0,1,0.719645,0
0,0,0.98085,1
2,2,0.980638,1
0,0,0.980978,1
1,1,0.973453,1
1,1,0.973097,1
2,2,0.992752,1
0,0,0.981654,1
2,2,0.975676,1
0,0,0.980236,1
2,2,0.974168,1
0,0,0.980962,1
1,1,0.973201,1
2,2,0.871831,1
0,0,0.981261,1
2,2,0.990337,1
1,1,0.972412,1
1,1,0.973015,1
0,0,0.981487,1
2,2,0.99073,1
2,2,0.978263,1
1,1,0.973451,1
1,1,0.972401,1
0,0,0.981109,1
1,1,0.970687,1
1,1,0.97293,1
1,1,0.973043,1
1,1,0.972937,1
1,1,0.972015,1
1,1,0.973318,1
0,0,0.980903,1
1,1,0.972773,1
1,1,0.972863,1
0,0,0.980742,1
2,2,0.990669,1
2,2,0.988778,1
1,1,0.972969,1
2,2,0.990843,1
1,1,0.973205,1
0,0,0.980994,1
0,0,0.980845,1
1,1,0.972559,1
0,0,0.981051,1
0,0,0.981291,1
0,0,0.981785,1
0,0,0.981342,1
1,1,0.973026,1
1,1,0.973136,1
2,2,0.994069,1
2,2,0.970123,1
2,2,0.971551,1
1,1,0.972607,1
2,2,0.940843,1
0,1,0.586355,0
1,1,0.973125,1
2,2,0.916597,1
1,1,0.973208,1
0,0,0.981178,1
2,2,0.979016,1
2,0,0.427189,0
0,0,0.981516,1
1,1,0.972645,1
2,2,0.976942,1
0,0,0.982144,1
1,1,0.973513,1
1,1,0.973347,1
2,2,0.978216,1
1,1,0.972164,1
0,0,0.98078,1
0,0,0.98085,1
2,2,0.976218,1
0,0,0.981191,1
2,2,0.991012,1
2,2,0.99388,1
1,1,0.763108,1
0,0,0.981302,1
2,2,0.993193,1
2,2,0.976989,1
2,2,0.975116,1
0,0,0.981618,1
0,0,0.980954,1
0,0,0.981796,1
0,0,0.895433,1
1,1,0.97259,1
0,0,0.980441,1
2,2,0.990553,1
0,0,0.980675,1
2,2,0.979894,1
0,0,0.980873,1
1,1,0.973234,1
1,1,0.482777,1
1,1,0.972453,1
1,1,0.973341,1
0,0,0.980291,1
1,1,0.972455,1
2,1,0.721593,0
2,2,0.654344,1
2,2,0.976451,1
2,2,0.991162,1
2,2,0.990798,1
0,0,0.98111,1
0,0,0.981123,1
0,0,0.981537,1
1,1,0.972502,1
2,2,0.679909,1
2,2,0.990963,1
2,2,0.990822,1
2,2,0.992196,1
2,2,0.992206,1
0,0,0.98141,1
2,2,0.978957,1
2,2,0.991348,1
2,2,0.858205,1
1,1,0.972756,1
2,2,0.971038,1
1,1,0.973234,1
0,0,0.981427,1
1,1,0.973263,1
1,1,0.973018,1
2,2,0.974289,1
1,1,0.973181,1
1,1,0.972328,1
1,1,0.972036,1
2,2,0.991828,1
1,1,0.972817,1
1,1,0.971751,1
2,2,0.969611,1
1,1,0.972837,1
1,1,0.972616,1
2,2,0.975163,1
0,1,0.628006,0
0,0,0.981114,1
0,0,0.980861,1
1,1,0.973053,1
2,2,0.938954,1
2,2,0.73765,1
0,0,0.981965,1
1,1,0.973053,1
0,0,0.981477,1
1,1,0.972811,1
0,0,0.980968,1
1,1,0.972891,1
0,0,0.98175,1
2,2,0.97253,1
1,0,0.475209,0
0,0,0.981154,1
0,0,0.980895,1
2,2,0.977745,1
1,1,0.972226,1
1,1,0.64178,1
1,1,0.972176,1
0,1,0.537532,0
1,1,0.972445,1
1,1,0.973003,1
2,2,0.994513,1
2,2,0.541169,1
2,2,0.97509,1
1,0,0.454872,0
2,2,0.989514,1
0,0,0.980803,1
1,1,0.972973,1
2,2,0.988981,1
0,0,0.981504,1
0,0,0.981126,1
1,1,0.973376,1
1,1,0.971822,1
1,1,0.973513,1
0,0,0.981057,1
2,2,0.964865,1
2,2,0.992052,1
2,2,0.978168,1
1,1,0.971627,1
1,1,0.972736,1
2,2,0.968854,1
0,1,0.668572,0
0,0,0.98175,1
0,0,0.981707,1
1,1,0.972622,1
1,1,0.973338,1
0,0,0.980196,1
0,0,0.981504,1
2,2,0.973928,1
1,1,0.972034,1
1,1,0.973003,1
1,1,0.97126,1
2,2,0.895758,1
2,2,0.969392,1
0,0,0.98145,1
0,0,0.981105,1
1,1,0.972467,1
0,0,0.981324,1
1,1,0.654365,1
2,2,0.970683,1
1,1,0.973321,1
1,1,0.972458,1
0,0,0.981241,1
1,1,0.973161,1
0,0,0.981253,1
1,1,0.973361,1
1,1,0.97349,1
2,2,0.533846,1
2,2,0.963221,1
1,1,0.973417,1
1,1,0.973142,1
0,0,0.981351,1
0,0,0.980933,1
2,2,0.991422,1
2,2,0.973491,1
1,1,0.97295,1
0,0,0.981017,1
0,0,0.981151,1
0,0,0.981544,1
0,0,0.981373,1
2,2,0.985413,1
0,1,0.586355,0
2,2,0.716008,1
0,0,0.981082,1
0,0,0.980793,1
1,1,0.972018,1
0,0,0.980711,1
1,2,0.476045,0
0,0,0.981814,1
1,1,0.644429,1
0,0,0.981521,1
0,0,0.981319,1
1,1,0.973194,1
0,0,0.981316,1
0,0,0.980561,1
0,0,0.980646,1
1,1,0.972915,1
0,0,0.981328,1
0,0,0.909416,1
0,0,0.981841,1
2,2,0.975027,1
2,2,0.992125,1
0,0,0.981547,1
1,1,0.973059,1
0,0,0.981167,1
2,2,0.971397,1
1,1,0.973059,1
2,2,0.993797,1
2,2,0.76879,1
1,1,0.972993,1
0,0,0.98137,1
1,1,0.973167,1
2,2,0.993767,1
1,1,0.972527,1
0,0,0.981192,1
1,1,0.972969,1
0,0,0.981554,1
2,2,0.532053,1
1,1,0.972971,1
1,1,0.972694,1
0,0,0.981185,1
1,1,0.973417,1
0,0,0.980861,1
0,0,0.981265,1
0,0,0.981326,1
1,1,0.659231,1
2,2,0.915465,1
2,2,0.990713,1
1,1,0.768697,1
0,0,0.981526,1
2,2,0.981838,1
0,0,0.981249,1
2,2,0.987065,1
1,1,0.97332,1
0,0,0.981261,1
1,1,0.973017,1
1,1,0.972273,1
2,2,0.689457,1
2,2,0.992064,1
2,2,0.978352,1
1,1,0.973407,1
1,1,0.972085,1
0,0,0.980925,1
1,1,0.972911,1
0,0,0.981408,1
1,1,0.97295,1
0,0,0.981225,1
2,2,0.994097,1
2,2,0.992635,1
1,1,0.972777,1
1,1,0.972961,1
1,1,0.972717,1
2,2,0.969223,1
0,0,0.981419,1
2,2,0.991494,1
1,1,0.972635,1
0,0,0.980784,1
1,1,0.97251,1
1,1,0.973392,1
1,1,0.972803,1
1,1,0.972632,1
0,0,0.981602,1
2,2,0.963783,1
0,0,0.981232,1
2,2,0.991926,1
1,1,0.972314,1
0,0,0.981366,1
1,1,0.405216,1
2,1,0.657382,0
0,0,0.608585,1
0,0,0.981433,1
2,2,0.978837,1
0,0,0.98104,1
1,1,0.405216,1
2,2,0.977676,1
2,2,0.984513,1
1,1,0.972399,1
1,1,0.973302,1
0,0,0.982117,1
1,1,0.97317,1
1,1,0.972837,1
2,2,0.880224,1
1,2,0.432111,0
0,0,0.981141,1
0,0,0.981337,1
0,0,0.981187,1
0,0,0.981195,1
2,2,0.990383,1
2,2,0.991267,1
0,0,0.981444,1
0,0,0.981399,1
1,1,0.973153,1
0,0,0.980871,1
0,0,0.980628,1
2,2,0.977617,1
1,1,0.972874,1
2,2,0.992523,1
1,1,0.562096,1
1,1,0.972583,1
0,0,0.981162,1
1,1,0.972587,1
0,0,0.9813,1
1,1,0.972878,1
2,2,0.992302,1
1,1,0.973073,1
0,0,0.980873,1
1,1,0.9732,1
2,2,0.990499,1
0,0,0.980901,1
0,0,0.981656,1
2,2,0.992135,1
1,1,0.972219,1
2,2,0.991066,1
2,2,0.991152,1
2,2,0.930192,1
1,1,0.527045,1
0,0,0.981471,1
0,0,0.98109,1
1,1,0.972253,1
2,1,0.581106,0
1,1,0.973122,1
2,2,0.97483,1
2,2,0.961836,1
0,0,0.981016,1
0,0,0.981453,1
2,2,0.990332,1
0,0,0.981293,1
2,2,0.989758,1
2,2,0.977801,1
0,0,0.573247,1
0,0,0.981254,1
0,0,0.981356,1
1,1,0.972192,1
0,0,0.981965,1
2,2,0.967606,1
0,0,0.98137,1
2,2,0.991129,1
1,1,0.973571,1
0,0,0.982017,1
2,2,0.991161,1
0,0,0.981526,1
2,2,0.992772,1
0,0,0.981674,1
0,0,0.981297,1
2,2,0.991019,1
0,0,0.980689,1
0,0,0.980903,1
1,1,0.973642,1
0,0,0.980879,1
2,2,0.993512,1
2,2,0.990799,1
1,1,0.972703,1
2,2,0.990719,1
2,2,0.990919,1
1,1,0.972121,1
0,0,0.980973,1
0,0,0.895304,1
0,0,0.980387,1
0,0,0.981099,1
0,0,0.981149,1
0,0,0.981465,1
1,1,0.972673,1
0,0,0.606213,1
1,1,0.973103,1
0,0,0.980333,1
2,2,0.977126,1
0,0,0.981007,1
0,0,0.980949,1
1,1,0.972849,1
1,1,0.972569,1
1,1,0.972117,1
2,2,0.988838,1
2,2,0.979575,1
1,1,0.972455,1
0,0,0.980802,1
2,2,0.970857,1
0,0,0.98156,1
2,2,0.98972,1
0,0,0.981885,1
0,0,0.981532,1
0,0,0.981676,1
1,1,0.972482,1
0,0,0.654992,1
1,1,0.971558,1
1,1,0.973713,1
1,1,0.669369,1
1,1,0.972996,1
2,2,0.991654,1
2,2,0.976836,1
0,0,0.981631,1
1,1,0.972717,1
0,0,0.9812,1
0,0,0.981109,1
1,1,0.973067,1
1,1,0.697598,1
1,1,0.646724,1
2,2,0.479198,1
2,2,0.488847,1
0,1,0.607821,0
1,1,0.972726,1
1,1,0.972707,1
2,2,0.970388,1
0,0,0.981121,1
0,0,0.981225,1
2,2,0.99099,1
0,0,0.981605,1
0,0,0.981323,1
1,1,0.973303,1
1,1,0.972359,1
0,0,0.981457,1
1,1,0.972631,1
0,0,0.981632,1
0,0,0.981453,1
0,0,0.980753,1
0,0,0.981931,1
1,1,0.972306,1
1,1,0.972139,1
0,0,0.98104,1
0,0,0.980873,1
1,1,0.972747,1
1,1,0.973717,1
2,2,0.982272,1
0,0,0.981315,1
2,2,0.965494,1
0,0,0.981245,1
0,0,0.980704,1
1,0,0.546939,0
0,0,0.981816,1
0,0,0.981682,1
0,0,0.980782,1
1,1,0.97236,1
0,0,0.981021,1
2,2,0.970107,1
2,2,0.73114,1
1,1,0.973362,1
0,0,0.981308,1
2,2,0.98975,1
1,1,0.972651,1
1,1,0.973324,1
1,1,0.97332,1
2,2,0.965877,1
0,0,0.980685,1
0,0,0.981537,1
2,2,0.991199,1
2,2,0.991622,1
1,1,0.973651,1
2,2,0.992177,1
2,2,0.976279,1
2,2,0.978464,1
1,1,0.973141,1
2,2,0.973473,1
0,0,0.980987,1
0,0,0.981004,1
2,2,0.977113,1
0,0,0.981482,1
2,2,0.974973,1
2,2,0.988575,1
0,0,0.980719,1
1,1,0.396315,1
2,2,0.964275,1
1,1,0.972707,1
0,0,0.981382,1
2,2,0.992618,1
1,1,0.972655,1
2,2,0.993718,1
1,1,0.973077,1
1,1,0.972886,1
2,2,0.98788,1
1,1,0.718529,1
0,0,0.981067,1
1,1,0.973181,1
2,2,0.976994,1
0,0,0.981626,1
0,0,0.981507,1
1,1,0.972036,1
0,0,0.981697,1
0,0,0.981655,1
2,2,0.994175,1
0,0,0.981123,1
1,1,0.972015,1
2,2,0.977145,1
1,0,0.794282,0
0,0,0.981865,1
2,2,0.979547,1
0,0,0.981517,1
0,0,0.98112,1
2,2,0.986098,1
2,2,0.976607,1
2,2,0.991361,1
0,0,0.980437,1
2,2,0.967487,1
2,2,0.973917,1
1,1,0.971709,1
0,1,0.743541,0
2,2,0.99151,1
0,0,0.981222,1
1,1,0.971788,1
1,2,0.43181,0
2,2,0.910074,1
0,0,0.981764,1
2,2,0.977946,1
2,2,0.976337,1
0,0,0.980854,1
2,2,0.971971,1
1,1,0.972776,1
0,0,0.981012,1
2,2,0.991455,1
0,0,0.662367,1
2,2,0.99241,1
1,1,0.718529,1
2,2,0.992081,1
2,2,0.65635,1
0,0,0.981796,1
0,0,0.981122,1
1,1,0.972559,1
1,1,0.649031,1
0,0,0.981453,1
0,0,0.981931,1
2,2,0.978783,1
0,1,0.690267,0
1,1,0.97259,1
1,1,0.97283,1
2,2,0.988856,1
0,0,0.981379,1
1,1,0.972882,1
1,1,0.784838,1
1,1,0.972261,1
1,1,0.973202,1
2,2,0.965825,1
2,2,0.971318,1
1,1,0.97244,1
0,0,0.981776,1
0,0,0.980738,1
0,0,0.833463,1
0,0,0.98154,1
2,2,0.821208,1
1,1,0.972789,1
0,0,0.981011,1
2,2,0.969042,1
0,0,0.497545,1
0,0,0.981541,1
2,2,0.991448,1
2,2,0.994842,1
0,0,0.822424,1
1,1,0.973009,1
1,1,0.972587,1
1,1,0.9733,1
2,2,0.975145,1
2,2,0.990322,1
2,2,0.989318,1
1,1,0.703066,1
1,1,0.972461,1
0,0,0.980923,1
2,2,0.986799,1
1,1,0.972223,1
0,0,0.981686,1
1,1,0.971788,1
2,2,0.973209,1
1,1,0.972721,1
2,2,0.974672,1
1,1,0.972145,1
1,1,0.972842,1
0,0,0.981376,1
0,0,0.981494,1
1,1,0.972403,1
0,0,0.980719,1
0,0,0.981421,1
1,1,0.972592,1
2,2,0.991038,1
1,1,0.972623,1
2,2,0.99262,1
1,0,0.380665,0
2,2,0.977239,1
1,2,0.59512,0
2,2,0.995473,1
2,2,0.978264,1
0,0,0.981115,1
2,1,0.391553,0
2,2,0.978279,1
2,2,0.974526,1
1,1,0.972091,1
0,0,0.980827,1
2,2,0.976582,1
0,0,0.981472,1
2,2,0.980609,1
2,2,0.991168,1
2,2,0.990495,1
1,1,0.972964,1
2,2,0.753327,1
0,0,0.98116,1
0,1,0.71007,0
0,0,0.981931,1
2,2,0.972565,1
2,2,0.994207,1
2,2,0.991331,1
1,1,0.972445,1
0,0,0.980252,1
0,0,0.980656,1
2,2,0.990811,1
1,1,0.972358,1
2,2,0.992743,1
0,0,0.980903,1
1,1,0.607627,1
0,0,0.980737,1
1,1,0.973274,1
1,1,0.722124,1
2,2,0.937422,1
0,0,0.980737,1
0,0,0.981401,1
1,1,0.972606,1
0,0,0.98175,1
0,0,0.981123,1
1,1,0.973026,1
0,0,0.980857,1
1,1,0.580323,1
0,0,0.981429,1
1,1,0.973454,1
2,2,0.991847,1
2,2,0.988154,1
0,0,0.981017,1
2,2,0.984107,1
0,0,0.981036,1
1,1,0.972647,1
0,0,0.981254,1
1,1,0.973673,1
1,1,0.972862,1
2,2,0.963569,1
0,0,0.58829,1
0,0,0.981033,1
1,1,0.973077,1
1,1,0.971986,1
2,2,0.99412,1
1,1,0.552731,1
0,0,0.981549,1
0,0,0.980914,1
0,0,0.98137,1
2,2,0.993185,1
0,1,0.628006,0
2,2,0.889535,1
0,0,0.98102,1
2,2,0.915286,1
1,1,0.973417,1
1,1,0.972921,1
1,1,0.973302,1
1,1,0.972967,1
2,2,0.97154,1
0,1,0.516069,0
2,2,0.972492,1
0,0,0.980919,1
1,1,0.973552,1
0,0,0.981647,1
1,1,0.972525,1
1,1,0.972158,1
0,0,0.98139,1
0,0,0.981493,1
0,0,0.980873,1
1,1,0.973198,1
2,2,0.987688,1
0,0,0.981408,1
0,0,0.981618,1
1,1,0.973136,1
1,1,0.973324,1
0,0,0.981621,1
2,2,0.992611,1
2,2,0.989371,1
2,2,0.992781,1
2,2,0.975017,1
0,0,0.981816,1
1,1,0.9732,1
0,1,0.537532,0
0,0,0.981487,1
2,2,0.832618,1
1,1,0.972641,1
0,0,0.980774,1
0,0,0.708974,1
0,0,0.981552,1
1,1,0.972467,1
2,2,0.971813,1
1,1,0.972164,1
2,2,0.991094,1
2,2,0.990212,1
0,0,0.981471,1
0,0,0.981806,1
0,0,0.981842,1
0,0,0.981485,1
2,2,0.994251,1
2,2,0.914849,1
1,1,0.97259,1
1,1,0.973087,1
2,2,0.960962,1
1,1,0.973003,1
1,1,0.972315,1
2,2,0.992303,1
1,1,0.973432,1
1,1,0.972799,1
1,1,0.972624,1
2,2,0.725156,1
0,0,0.980889,1
0,0,0.981293,1
1,1,0.437515,1
0,0,0.981083,1
2,2,0.991683,1
2,2,0.899843,1
0,0,0.981641,1
2,2,0.991506,1
0,0,0.980763,1
0,0,0.981615,1
1,1,0.973273,1
2,2,0.986692,1
0,1,0.805595,0
2,2,0.990587,1
1,1,0.972937,1
2,2,0.992877,1
1,1,0.972247,1
1,1,0.97293,1
2,2,0.864923,1
0,0,0.981281,1
0,0,0.981872,1
1,1,0.585376,1
2,2,0.992019,1
2,2,0.874261,1
2,2,0.991784,1
2,2,0.969823,1
2,2,0.990633,1
2,2,0.951786,1
0,0,0.981885,1
2,2,0.989062,1
1,1,0.604679,1
1,1,0.972497,1
2,2,0.992217,1
1,1,0.437515,1
0,0,0.981611,1
0,0,0.981174,1
0,0,0.981678,1
1,1,0.972709,1
2,2,0.471468,1
2,2,0.974283,1
0,0,0.981639,1
0,0,0.981356,1
0,0,0.981457,1
0,0,0.981465,1
0,0,0.980489,1
0,0,0.981374,1
1,1,0.972728,1
1,1,0.973229,1
0,0,0.981498,1
0,0,0.981921,1
0,0,0.981105,1
2,2,0.994655,1
2,2,0.991355,1
2,2,0.988056,1
1,1,0.973554,1
0,0,0.981294,1
2,2,0.992462,1
0,0,0.980677,1
2,2,0.961153,1
2,2,0.971645,1
2,2,0.990554,1
1,1,0.972701,1
1,1,0.972971,1
1,1,0.611735,1
0,0,0.981328,1
1,1,0.64275,1
0,0,0.980531,1
1,1,0.972802,1
1,1,0.972651,1
0,0,0.980841,1
1,1,0.97266,1
0,0,0.981665,1
2,2,0.989713,1
1,1,0.973424,1
2,2,0.991934,1
2,2,0.991355,1
0,0,0.980742,1
1,1,0.972274,1
1,1,0.973234,1
2,2,0.614023,1
1,1,0.97301,1
2,2,0.991405,1
2,2,0.993299,1
2,2,0.991102,1
0,0,0.98086,1
2,2,0.991686,1
2,2,0.968328,1
0,0,0.98109,1
1,1,0.972001,1
0,0,0.980372,1
2,2,0.991004,1
0,0,0.981903,1
0,0,0.981303,1
1,1,0.973171,1
2,2,0.895205,1
0,0,0.586113,1
1,1,0.9733,1
0,0,0.981005,1
1,1,0.972623,1
0,0,0.981733,1
0,0,0.981689,1
2,1,0.610599,0
2,2,0.976172,1
1,1,0.972024,1
1,1,0.972934,1
0,0,0.981654,1
2,2,0.986254,1
1,1,0.97268,1
1,1,0.973324,1
0,0,0.981676,1
0,0,0.981193,1
1,1,0.97163,1
2,2,0.777725,1
1,1,0.973208,1
1,1,0.9732,1
2,2,0.990665,1
0,0,0.636508,1
2,2,0.990529,1
0,0,0.979955,1
0,0,0.98122,1
0,0,0.981054,1
2,2,0.823937,1
2,2,0.962731,1
2,2,0.975562,1
1,1,0.972216,1
0,0,0.981813,1
2,2,0.987537,1
0,0,0.981205,1
1,1,0.972579,1
1,1,0.578277,1
1,1,0.972717,1
0,0,0.981862,1
1,1,0.972332,1
0,0,0.981403,1
0,0,0.980935,1
2,2,0.992731,1
0,0,0.981952,1
1,1,0.973234,1
0,0,0.753091,1
0,0,0.98069,1
0,0,0.981806,1
2,2,0.97723,1
0,0,0.981076,1
1,1,0.665625,1
0,0,0.980988,1
0,0,0.981351,1
1,1,0.971857,1
2,2,0.989558,1
2,2,0.990913,1
1,1,0.972459,1
1,1,0.972889,1
2,2,0.807526,1
2,2,0.99036,1
2,2,0.977156,1
0,0,0.981892,1
1,1,0.972159,1
2,2,0.990536,1
1,1,0.972737,1
2,2,0.971242,1
2,2,0.994325,1
2,1,0.487132,0
0,0,0.981479,1
1,1,0.972539,1
2,2,0.991753,1
2,2,0.966931,1
2,2,0.991916,1
0,0,0.981615,1
0,0,0.981177,1
2,2,0.992741,1
0,0,0.98103,1
1,1,0.973136,1
1,1,0.972656,1
1,1,0.973298,1
2,2,0.99074,1
2,2,0.865795,1
1,1,0.973577,1
0,0,0.980991,1
2,2,0.993385,1
1,1,0.972737,1
1,1,0.648918,1
0,0,0.981094,1
1,1,0.972607,1
2,2,0.989157,1
2,2,0.990854,1
2,2,0.978148,1
0,0,0.981162,1
2,2,0.964456,1
2,2,0.990331,1
0,0,0.981185,1
2,2,0.990981,1
2,2,0.971159,1
2,2,0.992344,1
0,0,0.980782,1
2,2,0.969357,1
2,2,0.985624,1
2,2,0.991209,1
0,0,0.98107,1
2,2,0.992743,1
1,1,0.973032,1
2,2,0.970005,1
1,1,0.972899,1
0,0,0.980601,1
1,1,0.972302,1
0,0,0.981531,1
0,0,0.981135,1
1,1,0.97319,1
0,0,0.981293,1
1,1,0.973097,1
2,2,0.988606,1
2,2,0.966749,1
2,2,0.992433,1
1,1,0.972172,1
2,2,0.979065,1
2,2,0.993609,1
0,0,0.981404,1
2,2,0.965917,1
2,2,0.990121,1
2,2,0.992358,1
0,0,0.981444,1
0,0,0.981225,1
2,2,0.980007,1
1,1,0.658997,1
0,0,0.768543,1
1,1,0.972625,1
2,2,0.990999,1
0,0,0.980252,1
1,0,0.45522,0
2,2,0.972343,1
2,2,0.991204,1
2,2,0.994492,1
0,0,0.981162,1
2,2,0.949003,1
1,1,0.971822,1
1,1,0.973513,1
1,1,0.972138,1
1,1,0.971806,1
2,2,0.991573,1
1,1,0.973467,1
1,1,0.973211,1
2,1,0.479435,0
0,1,0.538994,0
2,2,0.977589,1
2,2,0.968995,1
2,2,0.989683,1
0,0,0.981796,1
2,2,0.809145,1
1,1,0.972689,1
2,2,0.971526,1
1,1,0.972445,1
2,2,0.968766,1
1,1,0.972635,1
2,2,0.990004,1
2,2,0.967046,1
2,2,0.968267,1
0,0,0.981516,1
0,0,0.981072,1
1,1,0.367627,1
2,2,0.973534,1
1,1,0.601587,1
1,1,0.972302,1
2,2,0.992416,1
0,0,0.981167,1
2,2,0.990758,1
1,1,0.97248,1
0,0,0.981986,1
1,1,0.638445,1
0,0,0.662367,1
1,1,0.971959,1
2,2,0.842073,1
1,1,0.973323,1
2,2,0.991979,1
2,2,0.969308,1
2,2,0.928728,1
0,0,0.981233,1
0,0,0.981407,1
2,2,0.989894,1
2,2,0.989547,1
1,1,0.972277,1
2,2,0.972689,1
2,2,0.990978,1
2,2,0.981796,1
0,0,0.981222,1
2,2,0.98184,1
1,1,0.972726,1
0,0,0.980987,1
1,1,0.972929,1
2,2,0.991427,1
0,0,0.980531,1
1,1,0.97203,1
0,0,0.980762,1
2,2,0.99228,1
1,1,0.972306,1
1,1,0.973236,1
1,1,0.972625,1
0,0,0.980884,1
1,1,0.972139,1
0,0,0.982069,1
0,0,0.981903,1
2,2,0.990531,1
1,1,0.972767,1
1,1,0.973357,1
0,0,0.98056,1
2,2,0.991407,1
0,0,0.981189,1
0,0,0.980864,1
0,0,0.981337,1
1,1,0.972009,1
0,0,0.654992,1
1,1,0.972315,1
2,2,0.979556,1
2,2,0.685623,1
2,2,0.987278,1
0,0,0.981389,1
1,1,0.973123,1
0,0,0.981844,1
2,2,0.976247,1
0,0,0.981161,1
1,1,0.973175,1
1,1,0.973061,1
0,0,0.981344,1
2,2,0.989289,1
0,0,0.980859,1
2,2,0.982203,1
0,0,0.813425,1
1,0,0.524565,0
1,1,0.972692,1
0,0,0.981748,1
1,1,0.972591,1
0,0,0.981176,1
2,2,0.992694,1
1,1,0.972034,1
2,2,0.971617,1
2,2,0.992583,1
0,0,0.980902,1
1,1,0.972587,1
0,0,0.981215,1
0,0,0.980935,1
2,2,0.973457,1
1,1,0.972746,1
2,2,0.990921,1
0,0,0.981337,1
1,1,0.973225,1
0,0,0.980531,1
2,2,0.994214,1
0,0,0.981244,1
0,0,0.981483,1
1,1,0.973118,1
1,1,0.972207,1
1,1,0.972001,1
2,2,0.975626,1
0,0,0.981436,1
1,2,0.43181,0
1,1,0.972886,1
1,1,0.973081,1
1,1,0.972438,1
2,2,0.98973,1
2,2,0.897605,1
1,1,0.973617,1
0,0,0.981273,1
1,1,0.972306,1
1,1,0.972385,1
1,1,0.973336,1
1,0,0.453468,0
0,0,0.980534,1
0,0,0.981641,1
1,1,0.712011,1
0,0,0.981424,1
1,1,0.972642,1
2,2,0.974868,1
2,2,0.963417,1
2,2,0.974006,1
1,1,0.973162,1
0,0,0.981221,1
2,2,0.967432,1
1,1,0.972455,1
0,0,0.981011,1
0,0,0.98129,1
1,1,0.973377,1
0,0,0.981105,1
2,2,0.977218,1
2,2,0.975046,1
1,1,0.971558,1
0,0,0.98027,1
1,1,0.973247,1
0,0,0.980973,1
2,2,0.956546,1
1,1,0.972385,1
2,2,0.991692,1
1,1,0.972842,1
2,1,0.582768,0
1,1,0.972847,1
0,0,0.981016,1
0,0,0.981337,1
0,0,0.981081,1
1,1,0.973182,1
1,1,0.972091,1
1,2,0.439469,0
0,0,0.980781,1
2,2,0.991231,1
2,2,0.987345,1
0,0,0.980439,1
2,2,0.973695,1
2,2,0.934724,1
0,0,0.980994,1
2,2,0.724661,1
1,1,0.972022,1
0,1,0.690267,0
2,2,0.992424,1
1,1,0.97268,1
1,1,0.719027,1
0,0,0.981445,1
0,0,0.981816,1
1,1,0.973225,1
2,2,0.99372,1
0,0,0.981427,1
0,0,0.982118,1
0,0,0.981788,1
0,0,0.981423,1
2,2,0.990442,1
1,1,0.972748,1
2,2,0.978239,1
1,1,0.601967,1
2,2,0.970787,1
2,2,0.992028,1
0,0,0.981436,1
1,1,0.972439,1
1,1,0.973513,1
0,0,0.981191,1
2,2,0.982308,1
2,2,0.974269,1
2,2,0.992285,1
1,1,0.973263,1
2,2,0.978739,1
1,1,0.972671,1
1,1,0.973153,1
0,0,0.98056,1
0,0,0.981689,1
0,0,0.980145,1
1,1,0.973483,1
2,2,0.992642,1
2,2,0.978156,1
0,0,0.981616,1
2,2,0.989987,1
0,0,0.981366,1
1,1,0.9728,1
1,1,0.973362,1
1,1,0.972747,1
1,1,0.972473,1
1,1,0.972939,1
1,1,0.972927,1
1,1,0.601587,1
0,0,0.981676,1
2,2,0.993411,1
0,0,0.981446,1
0,0,0.981267,1
2,2,0.978165,1
1,1,0.972877,1
1,1,0.973087,1
2,2,0.990294,1
2,2,0.600202,1
0,0,0.981573,1
2,2,0.99421,1
2,2,0.995398,1
1,1,0.972613,1
2,2,0.962447,1
1,1,0.972962,1
0,0,0.981072,1
1,1,0.514045,1
0,0,0.981262,1
1,0,0.524565,0
1,1,0.628092,1
0,0,0.980898,1
1,1,0.97247,1
0,0,0.981291,1
1,1,0.972803,1
1,1,0.972962,1
2,2,0.975552,1
2,2,0.989982,1
1,1,0.972714,1
1,1,0.973184,1
2,2,0.988344,1
1,1,0.97244,1
2,2,0.992267,1
2,2,0.97317,1
2,2,0.952816,1
1,1,0.972877,1
1,1,0.972961,1
1,1,0.972015,1
0,0,0.981677,1
2,2,0.963798,1
2,2,0.988348,1
0,0,0.98111,1
2,2,0.977907,1
0,0,0.981646,1
2,2,0.979156,1
2,2,0.99261,1
0,0,0.981628,1
1,1,0.973072,1
2,2,0.976761,1
1,1,0.973182,1
1,1,0.97205,1
2,2,0.977275,1
1,1,0.973212,1
2,2,0.980533,1
1,1,0.744183,1
1,1,0.9732,1
2,2,0.971593,1
0,0,0.981478,1
2,2,0.672421,1
1,1,0.686156,1
0,0,0.980628,1
0,0,0.980376,1
1,1,0.972746,1
2,2,0.99075,1
2,2,0.970968,1
1,1,0.973028,1
2,2,0.991919,1
0,0,0.98085,1
1,1,0.972961,1
2,2,0.958309,1
0,0,0.981036,1
0,0,0.981031,1
1,1,0.567838,1
1,1,0.973153,1
1,1,0.972635,1
2,2,0.975554,1
2,2,0.976425,1
0,0,0.980977,1
0,0,0.981177,1
2,2,0.966007,1
0,0,0.981484,1
0,0,0.981142,1
0,0,0.859075,1
0,0,0.981408,1
2,2,0.991319,1
1,1,0.970807,1
2,2,0.974972,1
0,0,0.981175,1
2,2,0.977179,1
1,1,0.972587,1
2,2,0.990291,1
2,2,0.966878,1
0,0,0.608585,1
1,1,0.972114,1
0,0,0.981499,1
0,0,0.981057,1
2,2,0.977307,1
1,1,0.638445,1
0,0,0.980845,1
1,1,0.97271,1
2,1,0.564879,0
1,1,0.972671,1
1,1,0.971903,1
0,0,0.980821,1
1,1,0.973389,1
0,0,0.981142,1
1,1,0.972612,1
1,1,0.580176,1
0,0,0.981305,1
2,2,0.991992,1
0,0,0.981342,1
1,1,0.567838,1
2,2,0.98989,1
2,2,0.991781,1
2,2,0.654603,1
0,0,0.982009,1
0,0,0.98128,1
0,0,0.98164,1
2,2,0.978908,1
2,2,0.969026,1
1,1,0.9728,1
2,2,0.968459,1
0,0,0.981517,1
0,0,0.981349,1
0,0,0.98139,1
0,0,0.981192,1
2,2,0.992514,1
0,0,0.981811,1
1,1,0.97295,1
1,1,0.972897,1
0,0,0.981493,1
0,0,0.980933,1
0,0,0.981478,1
2,2,0.992416,1
0,0,0.981007,1
2,2,0.990142,1
0,0,0.980857,1
2,2,0.99074,1
2,2,0.978145,1
1,1,0.973061,1
1,1,0.972569,1
1,1,0.972089,1
0,0,0.981058,1
2,2,0.908526,1
0,0,0.98149,1
0,0,0.981773,1
0,0,0.98057,1
2,2,0.991105,1
0,0,0.981278,1
2,2,0.992579,1
0,0,0.981307,1
0,0,0.981108,1
2,2,0.98662,1
2,2,0.844867,1
0,0,0.98126,1
0,0,0.981039,1
2,2,0.990635,1
2,2,0.978923,1
0,0,0.981115,1
2,2,0.800533,1
0,0,0.981624,1
1,1,0.9723,1
1,1,0.972532,1
2,2,0.972424,1
2,2,0.977888,1
1,1,0.973244,1
2,2,0.988773,1
1,1,0.972543,1
0,0,0.981862,1
2,2,0.992192,1
0,0,0.980675,1
2,2,0.990339,1
2,2,0.993383,1
2,2,0.77527,1
2,2,0.989878,1
2,2,0.93107,1
0,0,0.981938,1
1,1,0.972875,1
2,2,0.991683,1
1,1,0.712011,1
1,1,0.972294,1
1,1,0.973122,1
0,0,0.981294,1
1,1,0.973104,1
2,2,0.991705,1
0,0,0.981291,1
2,2,0.976473,1
1,1,0.972473,1
2,2,0.992751,1
0,0,0.981471,1
2,2,0.972621,1
2,2,0.975142,1
1,0,0.545294,0
0,0,0.981157,1
2,2,0.976791,1
0,0,0.982069,1
0,0,0.981247,1
2,2,0.970905,1
1,1,0.972622,1
2,2,0.990872,1
1,1,0.9732,1
1,1,0.97349,1
0,0,0.981553,1
0,0,0.981808,1
1,1,0.973187,1
1,1,0.973116,1
1,1,0.973184,1
2,2,0.98944,1
2,2,0.99265,1
2,2,0.993426,1
1,1,0.972988,1
0,0,0.981192,1
2,2,0.994503,1
0,0,0.980145,1
2,2,0.975768,1
1,1,0.972575,1
2,2,0.991158,1
2,2,0.981687,1
1,1,0.973076,1
2,2,0.621115,1
2,2,0.969567,1
2,2,0.892611,1
0,0,0.981235,1
1,1,0.972445,1
0,0,0.981518,1
1,1,0.973022,1
0,0,0.98112,1
1,1,0.519063,1
1,1,0.972151,1
1,1,0.973412,1
0,0,0.981083,1
2,2,0.967146,1
0,0,0.981091,1
1,1,0.973087,1
0,0,0.980675,1
1,1,0.972591,1
2,2,0.972139,1
1,1,0.972863,1
0,0,0.981007,1
0,0,0.981313,1
0,1,0.763679,0
1,1,0.973343,1
2,2,0.742405,1
2,2,0.968982,1
2,2,0.962849,1
1,1,0.973246,1
2,2,0.970227,1
0,0,0.980987,1
1,1,0.97314,1
2,2,0.987696,1
2,2,0.960808,1
2,2,0.992153,1
1,1,0.973144,1
2,2,0.992385,1
1,1,0.973082,1
2,2,0.97638,1
0,0,0.982144,1
0,0,0.980667,1
1,2,0.525462,0
0,0,0.981003,1
2,2,0.992027,1
0,0,0.98141,1
0,0,0.981595,1
1,1,0.763108,1
2,2,0.751184,1
1,1,0.973122,1
2,2,0.96929,1
0,0,0.981936,1
2,2,0.975629,1
1,1,0.511861,1
2,2,0.989336,1
1,1,0.972589,1
1,1,0.692467,1
1,1,0.972838,1
0,0,0.980534,1
0,0,0.981261,1
1,1,0.625951,1
2,2,0.975545,1
1,1,0.973743,1
2,2,0.975439,1
2,2,0.989458,1
1,1,0.973181,1
1,1,0.973508,1
1,1,0.970864,1
2,2,0.975609,1
1,1,0.972909,1
2,2,0.974365,1
0,0,0.731517,1
2,2,0.971969,1
2,2,0.972776,1
0,0,0.981033,1
2,2,0.979795,1
0,0,0.981586,1
2,2,0.98013,1
0,0,0.981002,1
2,2,0.971101,1
2,2,0.974493,1
1,1,0.973327,1
2,2,0.97581,1
2,2,0.957178,1
1,1,0.970864,1
2,2,0.992089,1
1,1,0.973012,1
2,2,0.975849,1
2,2,0.699915,1
1,1,0.972566,1
1,1,0.972957,1
1,1,0.972465,1
2,2,0.970746,1
1,1,0.628092,1
0,0,0.981233,1
2,2,0.897128,1
1,1,0.97269,1
0,0,0.981149,1
0,0,0.981813,1
2,1,0.483969,0
1,1,0.972462,1
0,1,0.513101,0
1,1,0.972777,1
0,0,0.981281,1
2,2,0.974275,1
0,0,0.981415,1
0,0,0.981113,1
1,1,0.972566,1
2,2,0.988355,1
0,0,0.981408,1
0,0,0.98183,1
1,1,0.973717,1
2,2,0.972791,1
0,0,0.982009,1
1,1,0.973164,1
0,0,0.708974,1
2,2,0.945818,1
0,0,0.981921,1
1,1,0.973018,1
1,1,0.973141,1
2,2,0.966279,1
1,1,0.972254,1
2,2,0.992667,1
1,1,0.602244,1
1,1,0.617848,1
0,0,0.981354,1
1,1,0.972889,1
1,1,0.972903,1
2,2,0.626496,1
2,2,0.992071,1
1,1,0.972641,1
2,2,0.991495,1
0,0,0.981761,1
0,0,0.981294,1
2,2,0.972501,1
0,0,0.980976,1
2,2,0.859487,1
1,1,0.973118,1
1,1,0.973655,1
1,1,0.688519,1
2,2,0.99048,1
1,1,0.972959,1
2,2,0.991953,1
0,0,0.981032,1
1,1,0.973629,1
2,2,0.959016,1
0,0,0.980903,1
0,0,0.980657,1
2,2,0.992995,1
0,0,0.98116,1
1,1,0.973017,1
0,0,0.98124,1
1,1,0.971675,1
1,1,0.973034,1
0,0,0.981057,1
0,0,0.980973,1
2,2,0.991817,1
0,0,0.980361,1
1,1,0.973126,1
1,1,0.97317,1
2,2,0.990646,1
2,2,0.980275,1
2,2,0.962608,1
1,1,0.972875,1
1,1,0.97268,1
0,0,0.98123,1
1,1,0.972879,1
0,0,0.981167,1
0,0,0.981192,1
1,1,0.973139,1
2,2,0.979063,1
0,0,0.981005,1
1,1,0.973028,1
2,2,0.986579,1
2,2,0.973332,1
0,0,0.981465,1
1,1,0.97236,1
2,2,0.978609,1
1,1,0.973086,1
2,2,0.978407,1
0,0,0.981749,1
2,2,0.981556,1
0,0,0.981247,1
2,2,0.988924,1
0,0,0.98069,1
2,2,0.990135,1
2,2,0.977282,1
2,2,0.978127,1
1,1,0.972172,1
1,1,0.973137,1
2,2,0.982017,1
1,1,0.973585,1
1,1,0.67107,1
2,2,0.990674,1
0,0,0.981243,1
0,1,0.707843,0
1,1,0.973531,1
2,2,0.975675,1
1,1,0.973106,1
2,2,0.991849,1
0,0,0.981271,1
1,1,0.972662,1
2,2,0.995496,1
1,1,0.972933,1
0,0,0.981386,1
2,2,0.977555,1
0,0,0.980662,1
0,0,0.713383,1
0,0,0.981258,1
2,2,0.992254,1
0,0,0.981083,1
1,1,0.973564,1
2,2,0.98549,1
2,2,0.975206,1
2,2,0.964885,1
0,0,0.849106,1
1,1,0.562096,1
2,2,0.994268,1
1,1,0.973322,1
1,1,0.973098,1
0,0,0.981709,1
2,2,0.978736,1
2,2,0.705703,1
0,0,0.981,1
2,2,0.977045,1
0,0,0.981938,1
1,1,0.973327,1
2,2,0.961268,1
1,1,0.973038,1
1,1,0.972284,1
0,0,0.98199,1
2,2,0.974541,1
2,2,0.972988,1
2,2,0.976147,1
2,2,0.99153,1
1,1,0.656568,1
1,1,0.97343,1
2,2,0.98789,1
1,1,0.972533,1
2,2,0.975654,1
1,1,0.97302,1
0,0,0.981475,1
1,1,0.972545,1
1,1,0.747767,1
1,1,0.973578,1
0,0,0.98169,1
1,1,0.973017,1
1,0,0.453468,0
0,0,0.98136,1
2,2,0.980951,1
1,1,0.539536,1
0,0,0.981337,1
1,1,0.675219,1
2,2,0.978269,1
0,0,0.981758,1
2,2,0.98968,1
2,2,0.975965,1
0,1,0.763679,0
1,1,0.512545,1
1,1,0.972973,1
2,2,0.992288,1
0,0,0.981254,1
1,1,0.973585,1
0,0,0.981368,1
1,1,0.973451,1
1,1,0.972934,1
0,0,0.980232,1
2,2,0.990221,1
1,1,0.973027,1
1,1,0.48379,1
0,0,0.632074,1
0,0,0.980745,1
0,1,0.568731,0
0,0,0.981214,1
2,2,0.976817,1
0,1,0.628006,0
2,2,0.990903,1
2,2,0.973867,1
2,2,0.961518,1
2,2,0.99187,1
0,0,0.981644,1
0,0,0.981396,1
1,1,0.972207,1
2,2,0.990547,1
0,0,0.981397,1
0,0,0.981773,1
2,2,0.96367,1
0,0,0.981403,1
0,0,0.98152,1
1,1,0.972605,1
2,2,0.977474,1
2,1,0.618256,0
1,1,0.972912,1
0,0,0.981814,1
0,0,0.981883,1
0,0,0.981424,1
0,0,0.981032,1
0,0,0.981145,1
1,1,0.614966,1
0,0,0.981457,1
2,2,0.946056,1
2,2,0.972068,1
1,1,0.973238,1
1,1,0.973227,1
1,1,0.972459,1
0,0,0.981469,1
0,0,0.981844,1
1,1,0.972253,1
1,1,0.97352,1
1,1,0.972369,1
1,1,0.972927,1
2,2,0.977686,1
1,1,0.972273,1
0,0,0.980333,1
2,2,0.991685,1
2,2,0.988812,1
1,1,0.97251,1
2,2,0.977238,1
0,0,0.980895,1
2,2,0.974622,1
2,2,0.911634,1
2,2,0.969947,1
0,0,0.980827,1
2,2,0.992689,1
0,0,0.981841,1
1,1,0.972959,1
2,2,0.990428,1
1,1,0.972833,1
2,2,0.994124,1
2,2,0.970745,1
1,1,0.973513,1
2,2,0.991718,1
0,0,0.981902,1
2,2,0.960349,1
1,1,0.97348,1
1,1,0.973564,1
0,0,0.981424,1
1,1,0.972592,1
0,0,0.98132,1
0,0,0.981225,1
0,0,0.980489,1
2,2,0.987199,1
1,1,0.972578,1
0,0,0.98111,1
1,1,0.971955,1
1,1,0.971675,1
2,2,0.979961,1
0,0,0.981936,1
0,0,0.981313,1
0,0,0.98111,1
2,2,0.977882,1
2,2,0.991284,1
1,1,0.972533,1
1,1,0.97363,1
2,2,0.994796,1
0,0,0.980915,1
0,0,0.981104,1
2,2,0.994314,1
1,1,0.972978,1
0,0,0.981247,1
0,0,0.98191,1
0,0,0.981604,1
2,2,0.980271,1
1,1,0.644429,1
0,0,0.981852,1
2,2,0.971412,1
0,0,0.981178,1
2,2,0.990712,1
0,0,0.981057,1
2,2,0.991615,1
2,2,0.993224,1
2,2,0.924255,1
1,1,0.601228,1
0,0,0.98136,1
1,1,0.726583,1
1,1,0.972291,1
2,2,0.97244,1
0,0,0.981338,1
2,2,0.990066,1
1,1,0.972886,1
1,1,0.973155,1
0,0,0.981035,1
2,2,0.969607,1
1,1,0.972728,1
0,0,0.98121,1
0,1,0.719645,0
1,1,0.553066,1
0,0,0.981258,1
2,2,0.515113,1
2,2,0.976949,1
0,0,0.980742,1
2,2,0.992751,1
2,2,0.988302,1
0,0,0.981567,1
0,0,0.981287,1
2,2,0.992289,1
2,2,0.500494,1
0,0,0.903082,1
1,1,0.973105,1
2,2,0.854131,1
1,1,0.973512,1
1,1,0.973182,1
2,2,0.977498,1
0,0,0.981013,1
0,1,0.494596,0
0,0,0.98098,1
1,1,0.619524,1
0,0,0.980636,1
1,1,0.665625,1
1,1,0.973458,1
2,2,0.990755,1
0,0,0.981279,1
0,0,0.981449,1
0,0,0.981513,1
0,0,0.9815,1
1,1,0.972908,1
2,2,0.974334,1
0,0,0.980986,1
1,1,0.691982,1
0,0,0.981444,1
2,2,0.993274,1
0,0,0.980859,1
1,1,0.97154,1
2,2,0.990483,1
2,2,0.967577,1
0,0,0.981662,1
1,1,0.971964,1
2,2,0.990066,1
2,2,0.968676,1
1,1,0.973102,1
2,2,0.992652,1
0,0,0.981227,1
2,2,0.99445,1
2,2,0.980014,1
1,1,0.97255,1
1,1,0.973446,1
2,2,0.977863,1
1,1,0.687489,1
1,1,0.972009,1
2,2,0.967465,1
2,2,0.992059,1
0,0,0.981021,1
0,0,0.981374,1
1,1,0.973189,1
2,2,0.931859,1
0,0,0.981164,1
1,1,0.796607,1
0,0,0.736071,1
1,1,0.681622,1
1,1,0.9732,1
2,2,0.958929,1
1,1,0.973444,1
1,1,0.97332,1
2,2,0.978717,1
1,1,0.971978,1
1,1,0.972934,1
0,0,0.980762,1
2,2,0.987059,1
0,0,0.981194,1
1,1,0.972635,1
1,1,0.972981,1
2,2,0.969941,1
1,1,0.972487,1
2,2,0.966542,1
0,0,0.981626,1
1,1,0.972921,1
2,2,0.979591,1
2,2,0.960035,1
2,2,0.9681,1
0,0,0.981233,1
0,0,0.980833,1
2,2,0.992377,1
1,0,0.508423,0
2,2,0.992264,1
0,0,0.980821,1
0,0,0.981308,1
0,0,0.981669,1
0,0,0.980685,1
0,0,0.98128,1
1,1,0.687655,1
0,0,0.981141,1
2,2,0.979477,1
1,1,0.972358,1
0,0,0.981852,1
2,2,0.79321,1
0,0,0.981322,1
2,2,0.990405,1
0,0,0.980439,1
0,0,0.980685,1
1,1,0.973256,1
1,1,0.973164,1
1,1,0.973259,1
2,2,0.992048,1
1,1,0.9732,1
2,2,0.975831,1
0,0,0.982024,1
0,0,0.981359,1
2,2,0.992356,1
1,1,0.97273,1
0,0,0.981343,1
2,2,0.992491,1
0,1,0.527107,0
1,1,0.973396,1
2,2,0.980173,1
2,2,0.991381,1
1,1,0.37123,1
0,1,0.612808,0
1,1,0.973402,1
2,2,0.973456,1
2,2,0.982065,1
1,1,0.973251,1
2,2,0.989653,1
2,2,0.969829,1
2,2,0.976678,1
1,1,0.973202,1
2,2,0.990541,1
1,1,0.973257,1
2,2,0.990787,1
2,2,0.992738,1
1,1,0.972892,1
2,2,0.977168,1
1,1,0.697598,1
1,1,0.973184,1
2,2,0.960678,1
2,2,0.973939,1
2,2,0.991208,1
0,0,0.981261,1
2,2,0.97127,1
1,1,0.644429,1
1,1,0.973131,1
0,0,0.981374,1
0,0,0.981812,1
1,1,0.973131,1
1,1,0.973409,1
2,2,0.990247,1
0,0,0.857094,1
1,1,0.718746,1
0,0,0.981921,1
0,0,0.981115,1
0,0,0.98146,1
2,2,0.991093,1
0,0,0.981872,1
0,0,0.980568,1
2,2,0.966146,1
2,2,0.985448,1
2,2,0.990151,1
2,2,0.971942,1
2,2,0.974764,1
1,1,0.37123,1
0,0,0.981472,1
1,1,0.972838,1
2,2,0.589787,1
2,2,0.973098,1
2,2,0.981441,1
1,1,0.972438,1
2,2,0.982927,1
1,1,0.973067,1
1,1,0.97285,1
1,1,0.970687,1
1,1,0.972022,1
0,1,0.628006,0
2,2,0.976001,1
1,1,0.973079,1
2,2,0.98831,1
1,1,0.97236,1
1,1,0.972559,1
0,0,0.98086,1
0,0,0.981191,1
0,0,0.981624,1
0,1,0.607821,0
2,2,0.969956,1
0,0,0.944005,1
2,2,0.975551,1
0,0,0.981458,1
0,0,0.981503,1
0,0,0.981001,1
1,1,0.973341,1
1,1,0.972689,1
2,2,0.986276,1
2,2,0.947298,1
1,1,0.973131,1
1,1,0.973293,1
0,0,0.980739,1
1,1,0.972671,1
2,2,0.969887,1
2,2,0.97451,1
2,2,0.995021,1
0,0,0.981108,1
0,0,0.980988,1
1,1,0.707013,1
0,0,0.708974,1
1,1,0.9732,1
1,1,0.973273,1
1,1,0.973122,1
0,0,0.980994,1
0,0,0.981178,1
2,2,0.991246,1
2,2,0.970464,1
1,1,0.516291,1
0,0,0.981639,1
1,1,0.972105,1
0,0,0.687396,1
0,0,0.980978,1
2,2,0.991359,1
0,0,0.980675,1
0,0,0.981413,1
0,0,0.981709,1
0,0,0.980986,1
1,1,0.972779,1
0,0,0.981457,1
0,0,0.981404,1
1,1,0.971256,1
0,0,0.981292,1
1,1,0.973349,1
1,1,0.973166,1
0,0,0.980802,1
2,2,0.98061,1
1,1,0.972587,1
0,0,0.981164,1
1,1,0.972227,1
2,2,0.972809,1
2,2,0.968435,1
0,0,0.981611,1
1,1,0.973142,1
2,2,0.989177,1
0,0,0.981027,1
2,2,0.99115,1
2,2,0.978655,1
2,2,0.916941,1
0,0,0.980994,1
1,1,0.972929,1
0,0,0.981384,1
0,0,0.980899,1
1,2,0.549852,0
2,2,0.994822,1
2,2,0.990214,1
2,2,0.994369,1
0,0,0.573247,1
0,0,0.981419,1
1,1,0.800279,1
2,2,0.91753,1
0,1,0.468838,0
1,1,0.972376,1
0,0,0.981244,1
0,0,0.981457,1
2,2,0.992568,1
0,0,0.980904,1
0,0,0.981812,1
2,2,0.978046,1
2,2,0.963463,1
2,2,0.994143,1
1,1,0.972004,1
2,2,0.994728,1
0,0,0.981114,1
2,2,0.973694,1
0,0,0.981126,1
0,0,0.981036,1
2,2,0.992808,1
2,2,0.977519,1
0,0,0.981244,1
0,0,0.980952,1
2,2,0.712741,1
2,2,0.974724,1
2,2,0.969305,1
1,1,0.973238,1
0,0,0.98086,1
1,1,0.599332,1
2,2,0.989597,1
2,2,0.993899,1
2,2,0.977891,1
2,2,0.991869,1
1,1,0.972911,1
1,1,0.973113,1
0,0,0.981195,1
0,0,0.98077,1
2,2,0.924666,1
1,1,0.972014,1
0,0,0.981113,1
2,2,0.990598,1
1,1,0.973166,1
0,0,0.981808,1
1,1,0.972714,1
2,2,0.974961,1
1,1,0.973446,1
0,0,0.981084,1
2,2,0.973669,1
2,2,0.990142,1
1,1,0.972647,1
2,2,0.991259,1
2,2,0.992891,1
1,1,0.972607,1
1,1,0.972294,1
2,2,0.972376,1
2,2,0.973915,1
0,0,0.981493,1
2,2,0.978217,1
0,0,0.981784,1
2,2,0.87212,1
2,2,0.990418,1
0,0,0.98174,1
0,0,0.981631,1
2,2,0.991436,1
2,2,0.989083,1
2,2,0.990679,1
1,1,0.973291,1
1,1,0.972273,1
2,2,0.969119,1
2,1,0.571653,0
0,0,0.980486,1
2,2,0.992547,1
0,0,0.981022,1
1,1,0.973067,1
1,1,0.71032,1
1,1,0.972897,1
1,1,0.972863,1
2,2,0.957449,1
1,1,0.972232,1
1,1,0.972616,1
0,0,0.981963,1
1,1,0.97317,1
1,1,0.972576,1
1,1,0.972692,1
2,2,0.664967,1
2,2,0.990681,1
1,1,0.972937,1
0,0,0.981485,1
1,1,0.973177,1
2,2,0.991192,1
0,0,0.980873,1
0,0,0.981052,1
1,1,0.972706,1
0,0,0.98109,1
0,0,0.98119,1
2,2,0.992024,1
2,2,0.990463,1
0,0,0.981654,1
1,1,0.973231,1
1,1,0.972795,1
2,2,0.990804,1
1,1,0.973402,1
0,0,0.981004,1
1,1,0.655395,1
2,2,0.960935,1
1,1,0.973486,1
0,0,0.981595,1
2,2,0.989817,1
1,1,0.973118,1
1,1,0.973643,1
2,2,0.990876,1
0,0,0.981122,1
1,1,0.973303,1
2,2,0.960323,1
0,0,0.981441,1
0,0,0.981565,1
0,0,0.981049,1
0,0,0.981549,1
0,1,0.586355,0
1,1,0.972448,1
1,2,0.525462,0
0,0,0.980372,1
1,1,0.972837,1
0,0,0.981276,1
1,1,0.972887,1
2,2,0.992573,1
1,1,0.396315,1
2,2,0.962986,1
1,1,0.972227,1
2,2,0.9912,1
1,1,0.973475,1
2,2,0.991774,1
2,2,0.99212,1
0,0,0.981553,1
0,0,0.980873,1
0,0,0.859075,1
0,1,0.586355,0
1,1,0.971965,1
2,2,0.992587,1
0,0,0.98111,1
2,2,0.990818,1
0,0,0.981624,1
0,0,0.980943,1
0,0,0.980406,1
1,1,0.971726,1
2,2,0.992938,1
0,0,0.981255,1
0,0,0.981456,1
1,1,0.973651,1
1,1,0.972753,1
1,1,0.691982,1
1,1,0.97295,1
2,2,0.968723,1
0,0,0.981048,1
0,0,0.981152,1
2,2,0.9911,1
2,2,0.992571,1
2,2,0.991346,1
1,1,0.972885,1
0,0,0.981465,1
1,1,0.972418,1
0,0,0.981697,1
2,2,0.988786,1
0,0,0.981669,1
0,0,0.981489,1
1,1,0.972971,1
1,1,0.973142,1
1,1,0.973198,1
0,0,0.981354,1
0,0,0.980742,1
1,1,0.972631,1
1,1,0.972756,1
2,2,0.519547,1
2,2,0.968516,1
0,0,0.98119,1
0,0,0.980857,1
1,1,0.973149,1
2,1,0.613322,0
1,1,0.973024,1
2,2,0.994499,1
2,2,0.971922,1
1,1,0.973452,1
1,1,0.971818,1
2,2,0.990256,1
1,1,0.973034,1
1,1,0.972578,1
2,2,0.99189,1
0,0,0.980847,1
2,2,0.984133,1
2,2,0.986342,1
0,1,0.701219,0
0,0,0.981921,1
2,2,0.976552,1
2,2,0.97522,1
1,1,0.973063,1
0,0,0.980636,1
0,0,0.981484,1
0,0,0.981963,1
0,0,0.980924,1
1,1,0.972879,1
2,2,0.980727,1
2,2,0.969209,1
2,2,0.988902,1
1,1,0.972743,1
0,0,0.981004,1
2,2,0.991368,1
0,0,0.981796,1
2,2,0.99044,1
1,1,0.972797,1
2,2,0.987821,1
1,1,0.973502,1
1,1,0.973357,1
2,2,0.972899,1
1,1,0.972837,1
0,0,0.980745,1
2,2,0.946029,1
1,1,0.971643,1
1,1,0.972885,1
2,2,0.993699,1
0,0,0.981091,1
0,0,0.963026,1
0,0,0.981364,1
2,2,0.992373,1
1,1,0.973446,1
0,0,0.981057,1
2,2,0.991503,1
0,0,0.981784,1
1,1,0.527045,1
2,2,0.992927,1
0,0,0.768543,1
0,0,0.981192,1
1,1,0.972302,1
0,0,0.981175,1
1,1,0.972727,1
0,0,0.981457,1
1,1,0.972974,1
2,2,0.973314,1
2,2,0.976809,1
1,1,0.973554,1
1,1,0.972172,1
1,1,0.972657,1
1,1,0.973229,1
0,0,0.981697,1
1,1,0.972227,1
2,2,0.973821,1
0,0,0.981721,1
1,1,0.972292,1
1,1,0.973122,1
2,2,0.990853,1
0,0,0.981631,1
2,2,0.598922,1
1,1,0.394359,1
0,0,0.736071,1
2,2,0.678628,1
1,1,0.973177,1
1,1,0.637219,1
2,2,0.974908,1
2,2,0.494127,1
1,1,0.972038,1
2,2,0.978822,1
1,1,0.972172,1
0,0,0.981105,1
2,2,0.990107,1
2,2,0.992463,1
1,1,0.972036,1
2,2,0.977882,1
1,1,0.973477,1
2,2,0.972427,1
1,1,0.97313,1
0,1,0.701219,0
0,0,0.981342,1
1,1,0.973555,1
1,1,0.972993,1
1,1,0.972121,1
1,1,0.973451,1
2,2,0.970658,1
2,2,0.982067,1
1,2,0.496383,0
2,2,0.941843,1
0,0,0.981017,1
1,1,0.97314,1
0,0,0.980901,1
2,2,0.991873,1
2,2,0.99127,1
2,2,0.990708,1
0,0,0.980364,1
1,1,0.972842,1
1,1,0.971825,1
1,1,0.972668,1
0,0,0.980652,1
2,2,0.975039,1
0,0,0.981265,1
0,0,0.980731,1
2,2,0.989516,1
0,1,0.701219,0
1,1,0.972999,1
0,0,0.981072,1
2,2,0.990613,1
0,0,0.981431,1
2,2,0.989773,1
1,1,0.973303,1
0,0,0.981324,1
0,0,0.980949,1
2,2,0.978431,1
2,2,0.973578,1
1,1,0.972897,1
2,2,0.974971,1
1,1,0.973131,1
0,0,0.981776,1
2,2,0.975198,1
0,0,0.636508,1
0,0,0.981504,1
0,0,0.981349,1
1,1,0.973191,1
1,2,0.519535,0
1,1,0.973139,1
1,1,0.670775,1
2,2,0.991609,1
0,0,0.944005,1
2,2,0.991986,1
1,1,0.512545,1
2,2,0.969659,1
1,1,0.972425,1
1,1,0.973419,1
2,2,0.994363,1
0,0,0.981665,1
1,1,0.972461,1
1,1,0.972833,1
0,0,0.981618,1
2,2,0.991634,1
1,1,0.973424,1
2,2,0.992042,1
0,0,0.981677,1
1,1,0.9714,1
0,0,0.840357,1
0,0,0.981489,1
1,1,0.973077,1
2,2,0.992602,1
0,0,0.981215,1
1,1,0.972891,1
0,0,0.981174,1
1,1,0.973203,1
2,2,0.991591,1
1,1,0.971558,1
1,1,0.973349,1
0,0,0.981196,1
1,1,0.972709,1
1,1,0.972296,1
0,0,0.981498,1
0,0,0.980785,1
1,1,0.972358,1
2,2,0.971582,1
0,0,0.980746,1
0,0,0.981255,1
2,2,0.995455,1
0,0,0.981493,1
1,1,0.972567,1
1,1,0.580176,1
1,1,0.971951,1
2,2,0.99016,1
0,0,0.980361,1
2,1,0.58727,0
0,0,0.981783,1
1,1,0.9728,1
1,1,0.601228,1
1,1,0.973141,1
2,2,0.992616,1
1,1,0.648918,1
0,0,0.981654,1
0,0,0.840357,1
0,0,0.98104,1
0,0,0.980671,1
2,2,0.991134,1
2,2,0.991172,1
2,2,0.978336,1
1,1,0.973451,1
2,2,0.990083,1
2,2,0.991368,1
0,0,0.980477,1
0,0,0.981109,1
2,2,0.97695,1
0,0,0.981783,1
0,1,0.537532,0
2,2,0.991163,1
1,1,0.973116,1
0,0,0.981457,1
0,0,0.980921,1
0,0,0.98119,1
0,0,0.981177,1
2,2,0.989636,1
1,2,0.59512,0
1,1,0.601228,1
2,2,0.974221,1
0,1,0.480003,0
1,1,0.972065,1
0,0,0.669172,1
0,0,0.981195,1
2,2,0.670239,1
2,2,0.989028,1
2,2,0.991178,1
1,1,0.972932,1
0,0,0.981921,1
0,0,0.981244,1
0,0,0.981121,1
0,0,0.980818,1
1,1,0.97189,1
1,1,0.633505,1
2,2,0.968376,1
0,0,0.981764,1
0,0,0.980861,1
2,2,0.904655,1
2,2,0.97847,1
1,1,0.973327,1
2,2,0.991051,1
2,2,0.990552,1
2,2,0.992098,1
1,1,0.691282,1
1,1,0.97293,1
0,0,0.980991,1
0,0,0.981037,1
2,2,0.976337,1
1,0,0.480325,0
1,1,0.394359,1
2,2,0.987449,1
0,0,0.981615,1
0,0,0.981176,1
0,0,0.981588,1
0,0,0.98103,1
1,1,0.97243,1
1,1,0.656568,1
0,0,0.982119,1
2,2,0.991667,1
0,0,0.981498,1
2,2,0.943776,1
2,2,0.946333,1
2,2,0.986146,1
2,2,0.964973,1
1,1,0.799057,1
1,1,0.437515,1
1,1,0.973227,1
1,1,0.799057,1
1,1,0.973067,1
2,2,0.970891,1
0,0,0.981423,1
0,0,0.981712,1
1,1,0.972671,1
2,2,0.973908,1
1,1,0.972974,1
0,0,0.979955,1
0,0,0.981424,1
1,1,0.972544,1
2,2,0.952762,1
0,0,0.982117,1
0,0,0.980854,1
0,0,0.981232,1
0,0,0.981248,1
2,1,0.489108,0
0,0,0.981403,1
0,0,0.981339,1
2,2,0.991928,1
2,2,0.98763,1
1,1,0.972992,1
1,1,0.375984,1
1,1,0.972207,1
1,1,0.973486,1
0,0,0.981061,1
2,2,0.990867,1
2,2,0.666967,1
1,1,0.972537,1
2,2,0.995162,1
0,0,0.980774,1
1,1,0.972349,1
2,2,0.991316,1
0,0,0.981215,1
0,0,0.981315,1
2,2,0.986905,1
1,1,0.973241,1
1,1,0.973227,1
2,2,0.988478,1
0,0,0.980872,1
2,2,0.896191,1
2,2,0.991524,1
0,0,0.981145,1
1,1,0.554834,1
2,2,0.991193,1
2,2,0.993119,1
0,0,0.980936,1
2,2,0.992343,1
0,0,0.981327,1
1,1,0.972694,1
1,1,0.972345,1
2,2,0.976462,1
0,0,0.981184,1
2,2,0.993242,1
2,2,0.962311,1
2,2,0.99419,1
1,1,0.972349,1
1,1,0.973206,1
0,0,0.981553,1
0,0,0.981633,1
2,2,0.991576,1
0,0,0.98113,1
1,1,0.973161,1
1,1,0.972163,1
1,1,0.972601,1
1,1,0.973241,1
1,1,0.973136,1
0,0,0.981123,1
1,1,0.97363,1
0,0,0.980372,1
1,1,0.768697,1
0,0,0.980746,1
2,2,0.99069,1
2,2,0.991085,1
0,0,0.981142,1
2,2,0.992584,1
2,2,0.991961,1
0,0,0.981686,1
2,2,0.96262,1
2,2,0.972996,1
1,1,0.973713,1
2,2,0.994173,1
1,1,0.972575,1
2,2,0.990961,1
2,2,0.99133,1
2,2,0.990009,1
1,1,0.405216,1
1,1,0.972297,1
2,2,0.9759,1
0,0,0.981291,1
1,1,0.973508,1
0,0,0.981126,1
1,1,0.707013,1
0,1,0.480003,0
2,2,0.977086,1
1,1,0.972588,1
1,1,0.972105,1
1,1,0.972457,1
2,2,0.968544,1
2,1,0.620788,0
2,2,0.973577,1
2,2,0.710678,1
0,0,0.981052,1
1,1,0.973051,1
1,1,0.973005,1
1,1,0.972633,1
1,1,0.972863,1
1,1,0.611735,1
1,1,0.516291,1
0,0,0.981135,1
1,1,0.972252,1
2,2,0.977221,1
2,2,0.485271,1
0,0,0.903082,1
2,2,0.97941,1
0,0,0.981665,1
2,2,0.991607,1
1,1,0.972888,1
1,1,0.972474,1
2,2,0.987356,1
2,2,0.990841,1
1,1,0.973262,1
1,1,0.971558,1
1,1,0.638445,1
1,1,0.973486,1
0,0,0.981235,1
2,2,0.992496,1
2,2,0.990636,1
0,0,0.981865,1
0,0,0.980976,1
2,2,0.992457,1
2,2,0.993008,1
0,0,0.981067,1
0,0,0.980605,1
1,1,0.973136,1
0,0,0.981117,1
0,0,0.980771,1
0,0,0.980814,1
2,2,0.975094,1
2,2,0.991154,1
2,2,0.979978,1
1,1,0.633505,1
0,0,0.981436,1
2,2,0.990493,1
0,0,0.980227,1
1,1,0.972689,1
1,1,0.973533,1
2,2,0.995341,1
0,0,0.981175,1
0,0,0.981872,1
2,2,0.994198,1
2,2,0.988706,1
2,2,0.977428,1
1,1,0.972575,1
0,0,0.981293,1
2,2,0.988696,1
1,1,0.973017,1
0,0,0.98133,1
0,0,0.981468,1
0,1,0.587179,0
0,0,0.980741,1
0,0,0.981104,1
0,0,0.980671,1
2,2,0.793149,1
0,0,0.895304,1
1,1,0.972928,1
0,0,0.98119,1
2,2,0.988767,1
2,2,0.993267,1
1,1,0.972703,1
0,0,0.981498,1
0,0,0.981615,1
0,0,0.981581,1
2,2,0.993183,1
2,2,0.990486,1
2,2,0.99259,1
1,1,0.972172,1
0,0,0.981429,1
1,1,0.972467,1
0,0,0.981749,1
1,1,0.973053,1
0,0,0.980414,1
2,2,0.992772,1
2,2,0.97242,1
2,2,0.991627,1
1,0,0.546939,0
1,1,0.973018,1
0,0,0.981265,1
0,0,0.981431,1
0,0,0.981113,1
2,2,0.978923,1
2,2,0.972114,1
0,0,0.981404,1
1,1,0.972666,1
0,1,0.763679,0
1,1,0.461414,1
2,2,0.993638,1
0,0,0.980821,1
1,1,0.97301,1
0,0,0.981691,1
1,1,0.97245,1
1,1,0.972769,1
1,1,0.972852,1
2,2,0.990763,1
0,0,0.980535,1
2,2,0.992785,1
0,0,0.981368,1
0,0,0.981424,1
0,0,0.942792,1
2,2,0.700186,1
2,2,0.989071,1
0,0,0.608585,1
1,1,0.973344,1
2,2,0.988495,1
1,1,0.972795,1
2,2,0.978909,1
2,2,0.990958,1
0,0,0.981865,1
1,1,0.698754,1
0,0,0.981082,1
0,0,0.98151,1
1,1,0.973318,1
2,2,0.974423,1
0,0,0.982167,1
1,1,0.973079,1
0,0,0.981512,1
1,1,0.973475,1
1,1,0.973256,1
0,0,0.980906,1
1,1,0.972767,1
1,1,0.973187,1
2,2,0.989128,1
0,0,0.980859,1
1,1,0.97154,1
0,0,0.981317,1
2,1,0.474852,0
1,1,0.604679,1
0,0,0.980642,1
1,1,0.972681,1
2,2,0.991151,1
2,2,0.989787,1
0,0,0.980624,1
2,2,0.994691,1
1,1,0.972332,1
1,1,0.97349,1
0,0,0.98123,1
2,2,0.9907,1
1,1,0.972987,1
2,2,0.990899,1
0,0,0.878732,1
1,1,0.972111,1
0,0,0.981591,1
1,1,0.972641,1
0,0,0.981138,1
1,1,0.972682,1
1,1,0.972351,1
1,1,0.97332,1
2,2,0.97427,1
0,0,0.981379,1
0,0,0.981063,1
0,0,0.981254,1
2,2,0.990495,1
2,2,0.976833,1
1,1,0.972988,1
2,2,0.970588,1
0,0,0.981796,1
0,0,0.981938,1
0,0,0.981278,1
2,2,0.956286,1
0,0,0.981618,1
1,1,0.973091,1
0,0,0.980489,1
0,0,0.981493,1
2,2,0.705221,1
2,2,0.980383,1
2,2,0.99231,1
2,1,0.676788,0
0,0,0.981478,1
2,2,0.968119,1
0,0,0.980504,1
0,0,0.713383,1
1,1,0.971955,1
2,2,0.978915,1
1,1,0.972648,1
0,0,0.982001,1
0,0,0.981464,1
1,1,0.972034,1
2,2,0.990479,1
1,1,0.973263,1
0,0,0.981184,1
1,1,0.972935,1
1,1,0.658569,1
0,0,0.981094,1
1,1,0.972121,1
1,1,0.972948,1
1,1,0.973068,1
1,1,0.973005,1
1,1,0.972369,1
1,1,0.973017,1
0,0,0.981036,1
1,1,0.973019,1
0,0,0.981986,1
2,2,0.993973,1
0,0,0.981115,1
2,2,0.991171,1
0,0,0.980585,1
0,0,0.981291,1
0,0,0.981795,1
1,1,0.971964,1
2,2,0.992247,1
0,0,0.980646,1
0,0,0.981262,1
2,2,0.991754,1
2,2,0.99264,1
2,2,0.972822,1
1,1,0.973032,1
1,1,0.973351,1
0,0,0.981421,1
2,2,0.931316,1
0,0,0.981232,1
1,1,0.973582,1
1,1,0.97323,1
1,1,0.973189,1
1,1,0.973479,1
1,1,0.973158,1
2,2,0.98937,1
1,1,0.97255,1
1,1,0.972575,1
1,1,0.973105,1
2,2,0.971598,1
2,2,0.798861,1
0,0,0.981062,1
1,1,0.973626,1
2,2,0.992445,1
1,1,0.972753,1
1,1,0.973017,1
1,1,0.645052,1
2,2,0.991357,1
2,1,0.551919,0
1,1,0.972382,1
2,2,0.990756,1
0,0,0.981521,1
0,0,0.981423,1
1,1,0.972253,1
1,1,0.543682,1
0,0,0.981796,1
2,1,0.576239,0
1,1,0.973425,1
0,0,0.981853,1
1,1,0.378852,1
1,1,0.973076,1
2,2,0.990201,1
1,1,0.973201,1
2,2,0.97947,1
2,2,0.990234,1
2,2,0.979951,1
2,2,0.964003,1
0,1,0.61795,0
1,1,0.971646,1
1,1,0.972423,1
2,2,0.979779,1
1,1,0.973381,1
2,2,0.950968,1
0,0,0.981471,1
1,1,0.973124,1
0,0,0.981205,1
0,0,0.981611,1
1,1,0.973005,1
1,1,0.405216,1
0,0,0.98127,1
2,2,0.989729,1
1,1,0.973203,1
1,1,0.972567,1
1,1,0.973412,1
0,0,0.98164,1
0,0,0.981548,1
1,1,0.973032,1
2,2,0.987621,1
0,0,0.981729,1
1,1,0.602244,1
2,2,0.989788,1
2,2,0.979608,1
2,1,0.616543,0
2,2,0.991388,1
1,1,0.971951,1
2,2,0.988489,1
1,1,0.97285,1
0,0,0.981589,1
1,1,0.972734,1
2,2,0.981115,1
1,1,0.972001,1
0,0,0.981421,1
2,2,0.976018,1
1,1,0.796427,1
0,0,0.981322,1
1,1,0.972207,1
2,2,0.991695,1
1,1,0.972493,1
0,0,0.981773,1
1,1,0.972829,1
0,0,0.519926,1
0,0,0.981721,1
1,1,0.973513,1
2,2,0.527272,1
0,0,0.980333,1
0,0,0.981446,1
2,1,0.718722,0
1,1,0.972596,1
2,2,0.965576,1
2,2,0.972861,1
1,1,0.973293,1
0,0,0.981408,1
0,0,0.981335,1
2,2,0.974929,1
2,2,0.990937,1
2,2,0.977158,1
1,1,0.56444,1
2,2,0.993397,1
0,0,0.981479,1
1,1,0.972379,1
1,1,0.972188,1
2,2,0.647894,1
1,1,0.972589,1
2,2,0.964001,1
0,1,0.612808,0
1,1,0.973446,1
2,2,0.974979,1
0,0,0.981749,1
2,2,0.744567,1
0,0,0.98046,1
1,0,0.670684,0
0,0,0.981208,1
0,0,0.981526,1
2,2,0.990294,1
0,0,0.878732,1
0,0,0.98098,1
2,1,0.383203,0
2,2,0.99073,1
1,1,0.97259,1
2,2,0.974645,1
2,2,0.978996,1
1,1,0.972516,1
0,0,0.980785,1
0,0,0.980901,1
1,1,0.973106,1
1,0,0.4749,0
1,1,0.972919,1
1,1,0.973185,1
0,0,0.981089,1
1,1,0.973109,1
1,1,0.97301,1
1,1,0.97251,1
1,1,0.973239,1
2,2,0.981048,1
0,0,0.765824,1
1,1,0.972253,1
2,2,0.973556,1
0,0,0.981399,1
2,2,0.984327,1
2,2,0.988476,1
1,1,0.972596,1
1,1,0.972774,1
0,0,0.980741,1
0,0,0.981457,1
1,1,0.972612,1
0,0,0.981707,1
1,2,0.496383,0
1,1,0.9732,1
1,1,0.973432,1
0,0,0.980943,1
0,0,0.980784,1
2,2,0.973037,1
1,1,0.972055,1
0,0,0.980597,1
0,0,0.981291,1
1,1,0.973531,1
1,1,0.972908,1
2,2,0.98995,1
1,1,0.972936,1
1,1,0.973719,1
0,0,0.981219,1
0,0,0.981098,1
1,1,0.972592,1
1,1,0.97296,1
2,2,0.992494,1
0,0,0.981104,1
2,2,0.992882,1
2,2,0.991764,1
2,2,0.738802,1
0,0,0.981323,1
1,1,0.972937,1
2,2,0.991298,1
0,0,0.981784,1
2,2,0.990228,1
1,1,0.97323,1
1,1,0.972363,1
2,2,0.988603,1
0,0,0.48752,1
1,1,0.972315,1
1,1,0.973247,1
2,2,0.995204,1
0,0,0.980737,1
1,1,0.972705,1
0,0,0.98194,1
2,2,0.965313,1
2,2,0.986585,1
2,2,0.990781,1
2,2,0.98979,1
0,0,0.981665,1
0,0,0.981336,1
1,1,0.972423,1
1,1,0.972974,1
2,2,0.985367,1
0,0,0.980753,1
1,1,0.97249,1
1,1,0.973446,1
2,1,0.496017,0
0,0,0.98136,1
2,2,0.990842,1
2,2,0.990698,1
1,1,0.972993,1
2,2,0.974073,1
1,1,0.972824,1
1,1,0.973451,1
1,1,0.973307,1
2,2,0.991092,1
2,2,0.993243,1
0,0,0.86972,1
2,2,0.991199,1
1,1,0.972457,1
2,2,0.991067,1
0,0,0.872664,1
2,2,0.878653,1
2,2,0.99036,1
2,2,0.990476,1
1,1,0.972328,1
2,2,0.916783,1
0,0,0.981109,1
2,2,0.991198,1
0,0,0.981573,1
0,0,0.981317,1
1,1,0.972292,1
2,2,0.961652,1
0,0,0.981697,1
1,1,0.97319,1
0,0,0.981624,1
1,1,0.972532,1
0,0,0.981001,1
2,2,0.989466,1
0,0,0.981356,1
1,1,0.973075,1
1,1,0.972829,1
2,2,0.989783,1
0,0,0.980777,1
0,0,0.981323,1
0,0,0.98125,1
0,0,0.981001,1
2,2,0.981517,1
2,2,0.991389,1
1,1,0.721763,1
2,2,0.970817,1
2,2,0.994185,1
1,1,0.973533,1
1,1,0.973328,1
0,0,0.981537,1
2,2,0.970262,1
1,1,0.973018,1
0,0,0.98069,1
2,2,0.969334,1
2,2,0.978596,1
0,0,0.981355,1
0,0,0.981105,1
1,1,0.973091,1
0,0,0.981012,1
1,1,0.971785,1
0,0,0.981117,1
2,2,0.978444,1
2,2,0.940787,1
2,2,0.991038,1
1,1,0.973231,1
2,2,0.977996,1
1,1,0.97293,1
1,1,0.973103,1
2,2,0.98009,1
1,1,0.97163,1
0,0,0.981324,1
0,0,0.98153,1
0,0,0.981456,1
2,2,0.993367,1
1,1,0.972553,1
2,2,0.989174,1
1,1,0.718529,1
2,2,0.992003,1
0,0,0.981494,1
2,2,0.991769,1
2,2,0.988963,1
1,1,0.973157,1
0,0,0.981493,1
2,2,0.963778,1
1,1,0.973194,1
