tipo_capa,origen,destino,peso,peso_absoluto,importancia_%
Capa 1 - Entrada a Oculta 1,precio_nuestro,Neurona H1_1,0.10199929465368547,0.10199929465368547,0.02067133530510801
Capa 1 - Entrada a Oculta 1,precio_nuestro,Neurona H1_2,-0.135528840373111,0.135528840373111,0.027466485061265186
Capa 1 - Entrada a Oculta 1,precio_nuestro,Neurona H1_3,-0.1652941428994668,0.1652941428994668,0.033498767451740005
Capa 1 - Entrada a Oculta 1,precio_nuestro,Neurona H1_4,-0.052347979393096426,0.052347979393096426,0.010608922721020816
Capa 1 - Entrada a Oculta 1,precio_nuestro,Neurona H1_5,0.12768157310312103,0.12768157310312103,0.025876145701394904
Capa 1 - Entrada a Oculta 1,precio_nuestro,Neurona H1_6,0.03164596193967496,0.03164596193967496,0.006413419744996943
Capa 1 - Entrada a Oculta 1,precio_nuestro,Neurona H1_7,0.3920576789266588,0.3920576789266588,0.07945501748371664
Capa 1 - Entrada a Oculta 1,precio_nuestro,Neurona H1_8,0.08184679197076523,0.08184679197076523,0.016587197845039005
Capa 1 - Entrada a Oculta 1,precio_nuestro,Neurona H1_9,-0.14995273803764705,0.14995273803764705,0.03038965454045154
Capa 1 - Entrada a Oculta 1,precio_nuestro,Neurona H1_10,-0.1626335566011383,0.1626335566011383,0.03295956890465537
Capa 1 - Entrada a Oculta 1,precio_nuestro,Neurona H1_11,-0.07411209369756272,0.07411209369756272,0.015019671892707023
Capa 1 - Entrada a Oculta 1,precio_nuestro,Neurona H1_12,0.2704422491266402,0.2704422491266402,0.05480824579567169
Capa 1 - Entrada a Oculta 1,precio_nuestro,Neurona H1_13,0.04043639864425655,0.04043639864425655,0.008194903285796792
Capa 1 - Entrada a Oculta 1,precio_nuestro,Neurona H1_14,-0.32502410168082224,0.32502410168082224,0.06586988871734356
Capa 1 - Entrada a Oculta 1,precio_nuestro,Neurona H1_15,-0.043604152162620015,0.043604152162620015,0.00883688512855712
Capa 1 - Entrada a Oculta 1,precio_nuestro,Neurona H1_16,0.20200013536628575,0.20200013536628575,0.04093766083394015
Capa 1 - Entrada a Oculta 1,precio_nuestro,Neurona H1_17,-0.1656607904611612,0.1656607904611612,0.03357307281544196
Capa 1 - Entrada a Oculta 1,precio_nuestro,Neurona H1_18,-0.2600669312443304,0.2600669312443304,0.0527055677764707
Capa 1 - Entrada a Oculta 1,precio_nuestro,Neurona H1_19,-0.0010628027490681541,0.0010628027490681541,0.0002153892540509306
Capa 1 - Entrada a Oculta 1,precio_nuestro,Neurona H1_20,0.028864343815626574,0.028864343815626574,0.005849692700332598
Capa 1 - Entrada a Oculta 1,precio_nuestro,Neurona H1_21,0.10013832963524387,0.10013832963524387,0.020294189247207377
Capa 1 - Entrada a Oculta 1,precio_nuestro,Neurona H1_22,0.1577412305056115,0.1577412305056115,0.03196808250775498
Capa 1 - Entrada a Oculta 1,precio_nuestro,Neurona H1_23,0.08983042920768633,0.08983042920768633,0.018205174153983796
Capa 1 - Entrada a Oculta 1,precio_nuestro,Neurona H1_24,0.043088978748226106,0.043088978748226106,0.008732479285111134
Capa 1 - Entrada a Oculta 1,precio_nuestro,Neurona H1_25,0.14648900716830848,0.14648900716830848,0.029687689468537545
Capa 1 - Entrada a Oculta 1,precio_nuestro,Neurona H1_26,-0.029612153348261113,0.029612153348261113,0.006001244940433173
Capa 1 - Entrada a Oculta 1,precio_nuestro,Neurona H1_27,-0.11627455169490408,0.11627455169490408,0.02356438104495884
Capa 1 - Entrada a Oculta 1,precio_nuestro,Neurona H1_28,-0.11350020117051454,0.11350020117051454,0.023002126863316947
Capa 1 - Entrada a Oculta 1,precio_nuestro,Neurona H1_29,-0.03639209852982064,0.03639209852982064,0.007375279149925666
Capa 1 - Entrada a Oculta 1,precio_nuestro,Neurona H1_30,0.05566605123076549,0.05566605123076549,0.011281368307588555
Capa 1 - Entrada a Oculta 1,precio_nuestro,Neurona H1_31,-0.18790801486362138,0.18790801486362138,0.038081729829126706
Capa 1 - Entrada a Oculta 1,precio_nuestro,Neurona H1_32,-0.07857832126525853,0.07857832126525853,0.01592480450087081
Capa 1 - Entrada a Oculta 1,precio_nuestro,Neurona H1_33,-0.004160564794475021,0.004160564794475021,0.0008431865163110069
Capa 1 - Entrada a Oculta 1,precio_nuestro,Neurona H1_34,0.052045568855655464,0.052045568855655464,0.010547635732316978
Capa 1 - Entrada a Oculta 1,precio_nuestro,Neurona H1_35,0.018482780214102018,0.018482780214102018,0.003745748913985397
Capa 1 - Entrada a Oculta 1,precio_nuestro,Neurona H1_36,-0.10938966499705055,0.10938966499705055,0.022169079224958796
Capa 1 - Entrada a Oculta 1,precio_nuestro,Neurona H1_37,-0.050252461191505386,0.050252461191505386,0.010184241751116872
Capa 1 - Entrada a Oculta 1,precio_nuestro,Neurona H1_38,0.126528551985065,0.126528551985065,0.025642472652712252
Capa 1 - Entrada a Oculta 1,precio_nuestro,Neurona H1_39,0.25535359841490196,0.25535359841490196,0.05175035643258355
Capa 1 - Entrada a Oculta 1,precio_nuestro,Neurona H1_40,0.025892943564143095,0.025892943564143095,0.005247504115277732
Capa 1 - Entrada a Oculta 1,precio_nuestro,Neurona H1_41,0.05330360959622417,0.05330360959622417,0.010802592220634639
Capa 1 - Entrada a Oculta 1,precio_nuestro,Neurona H1_42,-0.2102032365105499,0.2102032365105499,0.04260011403884251
Capa 1 - Entrada a Oculta 1,precio_nuestro,Neurona H1_43,-0.13731730228079841,0.13731730228079841,0.027828937526252734
Capa 1 - Entrada a Oculta 1,precio_nuestro,Neurona H1_44,0.023628159257221226,0.023628159257221226,0.00478851941385326
Capa 1 - Entrada a Oculta 1,precio_nuestro,Neurona H1_45,0.1959888737480262,0.1959888737480262,0.03971940922798868
Capa 1 - Entrada a Oculta 1,precio_nuestro,Neurona H1_46,-0.09238976563558715,0.09238976563558715,0.01872385324523969
Capa 1 - Entrada a Oculta 1,precio_nuestro,Neurona H1_47,-0.1393591624175427,0.1393591624175427,0.028242744069485036
Capa 1 - Entrada a Oculta 1,precio_nuestro,Neurona H1_48,0.31256234883826534,0.31256234883826534,0.06334437055202193
Capa 1 - Entrada a Oculta 1,precio_nuestro,Neurona H1_49,0.000868695856573423,0.000868695856573423,0.00017605125006360438
Capa 1 - Entrada a Oculta 1,precio_nuestro,Neurona H1_50,0.05139970273944767,0.05139970273944767,0.010416743503153343
Capa 1 - Entrada a Oculta 1,precio_nuestro,Neurona H1_51,-0.2170379569709123,0.2170379569709123,0.04398524909132033
Capa 1 - Entrada a Oculta 1,precio_nuestro,Neurona H1_52,0.2075933056442384,0.2075933056442384,0.04207118140020169
Capa 1 - Entrada a Oculta 1,precio_nuestro,Neurona H1_53,0.004037942387027367,0.004037942387027367,0.0008183356689705793
Capa 1 - Entrada a Oculta 1,precio_nuestro,Neurona H1_54,0.03786072708724854,0.03786072708724854,0.007672913691932297
Capa 1 - Entrada a Oculta 1,precio_nuestro,Neurona H1_55,-0.06424202100381135,0.06424202100381135,0.013019387647300693
Capa 1 - Entrada a Oculta 1,precio_nuestro,Neurona H1_56,-0.04054565669224814,0.04054565669224814,0.008217045691315221
Capa 1 - Entrada a Oculta 1,precio_nuestro,Neurona H1_57,-0.03932963324780061,0.03932963324780061,0.007970604493418772
Capa 1 - Entrada a Oculta 1,precio_nuestro,Neurona H1_58,0.1329113649346211,0.1329113649346211,0.02693602342792139
Capa 1 - Entrada a Oculta 1,precio_nuestro,Neurona H1_59,0.08807058213313305,0.08807058213313305,0.017848520815474757
Capa 1 - Entrada a Oculta 1,precio_nuestro,Neurona H1_60,0.05877860906643144,0.05877860906643144,0.011912164107658016
Capa 1 - Entrada a Oculta 1,precio_nuestro,Neurona H1_61,0.06511085065179935,0.06511085065179935,0.01319546601173995
Capa 1 - Entrada a Oculta 1,precio_nuestro,Neurona H1_62,0.08762140113723939,0.08762140113723939,0.017757489097948418
Capa 1 - Entrada a Oculta 1,precio_nuestro,Neurona H1_63,0.0817708146291554,0.0817708146291554,0.016571800159110493
Capa 1 - Entrada a Oculta 1,precio_nuestro,Neurona H1_64,0.11379430349389384,0.11379430349389384,0.023061730096468964
Capa 1 - Entrada a Oculta 1,precio_competidor,Neurona H1_1,0.19677605192014977,0.19677605192014977,0.03987893997764804
Capa 1 - Entrada a Oculta 1,precio_competidor,Neurona H1_2,-0.24914458495637198,0.24914458495637198,0.050492028131873444
Capa 1 - Entrada a Oculta 1,precio_competidor,Neurona H1_3,0.1436217270650038,0.1436217270650038,0.029106602034253665
Capa 1 - Entrada a Oculta 1,precio_competidor,Neurona H1_4,-0.19787432926755436,0.19787432926755436,0.04010151856883622
Capa 1 - Entrada a Oculta 1,precio_competidor,Neurona H1_5,-0.21193572395399218,0.21193572395399218,0.042951222632062476
Capa 1 - Entrada a Oculta 1,precio_competidor,Neurona H1_6,0.08295649121465502,0.08295649121465502,0.016812091215489797
Capa 1 - Entrada a Oculta 1,precio_competidor,Neurona H1_7,-0.13569637467470047,0.13569637467470047,0.027500437822752615
Capa 1 - Entrada a Oculta 1,precio_competidor,Neurona H1_8,0.238547514886851,0.238547514886851,0.04834440947036657
Capa 1 - Entrada a Oculta 1,precio_competidor,Neurona H1_9,-0.035143538570779835,0.035143538570779835,0.0071222440515017575
Capa 1 - Entrada a Oculta 1,precio_competidor,Neurona H1_10,0.09095352695599568,0.09095352695599568,0.018432782886127864
Capa 1 - Entrada a Oculta 1,precio_competidor,Neurona H1_11,-0.2714877936810045,0.2714877936810045,0.055020137477208075
Capa 1 - Entrada a Oculta 1,precio_competidor,Neurona H1_12,0.1524565349019176,0.1524565349019176,0.030897077897573195
Capa 1 - Entrada a Oculta 1,precio_competidor,Neurona H1_13,0.07218231257539019,0.07218231257539019,0.014628579456456977
Capa 1 - Entrada a Oculta 1,precio_competidor,Neurona H1_14,-0.21964780545746235,0.21964780545746235,0.04451416503475088
Capa 1 - Entrada a Oculta 1,precio_competidor,Neurona H1_15,-0.21831487994278567,0.21831487994278567,0.04424403228192973
Capa 1 - Entrada a Oculta 1,precio_competidor,Neurona H1_16,0.14178953279185735,0.14178953279185735,0.028735286700231982
Capa 1 - Entrada a Oculta 1,precio_competidor,Neurona H1_17,-0.11042725240565879,0.11042725240565879,0.02237935829899084
Capa 1 - Entrada a Oculta 1,precio_competidor,Neurona H1_18,0.016160286199243118,0.016160286199243118,0.0032750686736145378
Capa 1 - Entrada a Oculta 1,precio_competidor,Neurona H1_19,0.02664654193695517,0.02664654193695517,0.005400229530709998
Capa 1 - Entrada a Oculta 1,precio_competidor,Neurona H1_20,-0.04102895016269,0.04102895016269,0.008314990695858565
Capa 1 - Entrada a Oculta 1,precio_competidor,Neurona H1_21,0.21753716283831356,0.21753716283831356,0.04408641892691934
Capa 1 - Entrada a Oculta 1,precio_competidor,Neurona H1_22,0.12083079988626043,0.12083079988626043,0.024487757372379508
Capa 1 - Entrada a Oculta 1,precio_competidor,Neurona H1_23,-0.11747070280345631,0.11747070280345631,0.023806794884431076
Capa 1 - Entrada a Oculta 1,precio_competidor,Neurona H1_24,-0.29395753245159856,0.29395753245159856,0.059573889597967
Capa 1 - Entrada a Oculta 1,precio_competidor,Neurona H1_25,-0.019646095569589107,0.019646095569589107,0.003981508208797203
Capa 1 - Entrada a Oculta 1,precio_competidor,Neurona H1_26,-0.012748327617529264,0.012748327617529264,0.0025835958538346073
Capa 1 - Entrada a Oculta 1,precio_competidor,Neurona H1_27,0.08981201149334501,0.08981201149334501,0.01820144159142054
Capa 1 - Entrada a Oculta 1,precio_competidor,Neurona H1_28,0.31209847906025695,0.31209847906025695,0.06325036198312275
Capa 1 - Entrada a Oculta 1,precio_competidor,Neurona H1_29,-0.05272912349048704,0.05272912349048704,0.010686165975138159
Capa 1 - Entrada a Oculta 1,precio_competidor,Neurona H1_30,0.08259244931825771,0.08259244931825771,0.016738313919959606
Capa 1 - Entrada a Oculta 1,precio_competidor,Neurona H1_31,0.04189305598436276,0.04189305598436276,0.008490111722327822
Capa 1 - Entrada a Oculta 1,precio_competidor,Neurona H1_32,0.04867854286272321,0.04867854286272321,0.009865269020691859
Capa 1 - Entrada a Oculta 1,precio_competidor,Neurona H1_33,-0.21924815491570562,0.21924815491570562,0.044433171235905795
Capa 1 - Entrada a Oculta 1,precio_competidor,Neurona H1_34,-0.0074488971269329775,0.0074488971269329775,0.0015096050486122033
Capa 1 - Entrada a Oculta 1,precio_competidor,Neurona H1_35,-0.15910782879907984,0.15910782879907984,0.03224503943816892
Capa 1 - Entrada a Oculta 1,precio_competidor,Neurona H1_36,-0.04243795795737828,0.04243795795737828,0.00860054240158754
Capa 1 - Entrada a Oculta 1,precio_competidor,Neurona H1_37,0.03075773492601923,0.03075773492601923,0.006233410280336699
Capa 1 - Entrada a Oculta 1,precio_competidor,Neurona H1_38,0.04464636213895163,0.04464636213895163,0.009048101019335843
Capa 1 - Entrada a Oculta 1,precio_competidor,Neurona H1_39,-0.20881510663787264,0.20881510663787264,0.04231879348518011
Capa 1 - Entrada a Oculta 1,precio_competidor,Neurona H1_40,-0.18046900681777983,0.18046900681777983,0.036574128917031275
Capa 1 - Entrada a Oculta 1,precio_competidor,Neurona H1_41,-0.06204104675108336,0.06204104675108336,0.012573334790459627
Capa 1 - Entrada a Oculta 1,precio_competidor,Neurona H1_42,0.10625318822368462,0.10625318822368462,0.021533435975865132
Capa 1 - Entrada a Oculta 1,precio_competidor,Neurona H1_43,0.18814424679701133,0.18814424679701133,0.03812960495925831
Capa 1 - Entrada a Oculta 1,precio_competidor,Neurona H1_44,0.14948432028988531,0.14948432028988531,0.030294724272946043
Capa 1 - Entrada a Oculta 1,precio_competidor,Neurona H1_45,0.17973384256468208,0.17973384256468208,0.03642513938890061
Capa 1 - Entrada a Oculta 1,precio_competidor,Neurona H1_46,-0.09734569496768276,0.09734569496768276,0.01972822957274272
Capa 1 - Entrada a Oculta 1,precio_competidor,Neurona H1_47,-0.21591865525277537,0.21591865525277537,0.0437584096685405
Capa 1 - Entrada a Oculta 1,precio_competidor,Neurona H1_48,-0.04135811711437841,0.04135811711437841,0.008381700180986025
Capa 1 - Entrada a Oculta 1,precio_competidor,Neurona H1_49,-0.14778445899370243,0.14778445899370243,0.029950227745348706
Capa 1 - Entrada a Oculta 1,precio_competidor,Neurona H1_50,0.17711221960795187,0.17711221960795187,0.03589383721307541
Capa 1 - Entrada a Oculta 1,precio_competidor,Neurona H1_51,-0.0720672408642187,0.0720672408642187,0.014605258844938684
Capa 1 - Entrada a Oculta 1,precio_competidor,Neurona H1_52,0.0629218403724903,0.0629218403724903,0.012751837792313918
Capa 1 - Entrada a Oculta 1,precio_competidor,Neurona H1_53,0.04358278882243699,0.04358278882243699,0.008832555600890682
Capa 1 - Entrada a Oculta 1,precio_competidor,Neurona H1_54,-0.011879405082645301,0.011879405082645301,0.0024074986647929005
Capa 1 - Entrada a Oculta 1,precio_competidor,Neurona H1_55,-0.28053360376992625,0.28053360376992625,0.05685337538428681
Capa 1 - Entrada a Oculta 1,precio_competidor,Neurona H1_56,0.31865769598064175,0.31865769598064175,0.06457966306074853
Capa 1 - Entrada a Oculta 1,precio_competidor,Neurona H1_57,0.27331399803513207,0.27331399803513207,0.055390238884948095
Capa 1 - Entrada a Oculta 1,precio_competidor,Neurona H1_58,-0.20906909868418977,0.20906909868418977,0.04237026790735213
Capa 1 - Entrada a Oculta 1,precio_competidor,Neurona H1_59,-0.18262785517120597,0.18262785517120597,0.03701164447376203
Capa 1 - Entrada a Oculta 1,precio_competidor,Neurona H1_60,0.04740873820048853,0.04740873820048853,0.009607928437757797
Capa 1 - Entrada a Oculta 1,precio_competidor,Neurona H1_61,0.1721487042969898,0.1721487042969898,0.03488792349932575
Capa 1 - Entrada a Oculta 1,precio_competidor,Neurona H1_62,0.32170796574946015,0.32170796574946015,0.06519783546455152
Capa 1 - Entrada a Oculta 1,precio_competidor,Neurona H1_63,-0.0189341935720024,0.0189341935720024,0.0038372330454595
Capa 1 - Entrada a Oculta 1,precio_competidor,Neurona H1_64,0.02590962103570644,0.02590962103570644,0.005250883997539642
Capa 1 - Entrada a Oculta 1,diferencia_precio,Neurona H1_1,0.07623890960262676,0.07623890960262676,0.01545069570375479
Capa 1 - Entrada a Oculta 1,diferencia_precio,Neurona H1_2,-0.05346227396232331,0.05346227396232331,0.010834747387234011
Capa 1 - Entrada a Oculta 1,diferencia_precio,Neurona H1_3,0.059471345504939835,0.059471345504939835,0.01205255514905779
Capa 1 - Entrada a Oculta 1,diferencia_precio,Neurona H1_4,-0.38071363037749323,0.38071363037749323,0.0771560150045975
Capa 1 - Entrada a Oculta 1,diferencia_precio,Neurona H1_5,0.3365563088736151,0.3365563088736151,0.0682070237191059
Capa 1 - Entrada a Oculta 1,diferencia_precio,Neurona H1_6,0.42547219120141655,0.42547219120141655,0.08622685438350453
Capa 1 - Entrada a Oculta 1,diferencia_precio,Neurona H1_7,0.381574513384457,0.381574513384457,0.07733048289043769
Capa 1 - Entrada a Oculta 1,diferencia_precio,Neurona H1_8,-0.6194397690674913,0.6194397690674913,0.1255366246520424
Capa 1 - Entrada a Oculta 1,diferencia_precio,Neurona H1_9,-0.3141575057657614,0.3141575057657614,0.06366764752981371
Capa 1 - Entrada a Oculta 1,diferencia_precio,Neurona H1_10,-0.5559808895709311,0.5559808895709311,0.11267594967763518
Capa 1 - Entrada a Oculta 1,diferencia_precio,Neurona H1_11,0.0752953912224551,0.0752953912224551,0.015259480804972582
Capa 1 - Entrada a Oculta 1,diferencia_precio,Neurona H1_12,0.29187568658196666,0.29187568658196666,0.05915197948407035
Capa 1 - Entrada a Oculta 1,diferencia_precio,Neurona H1_13,0.05760792132801409,0.05760792132801409,0.011674910714283405
Capa 1 - Entrada a Oculta 1,diferencia_precio,Neurona H1_14,-0.4424061301554466,0.4424061301554466,0.08965871272471647
Capa 1 - Entrada a Oculta 1,diferencia_precio,Neurona H1_15,0.48804624135486185,0.48804624135486185,0.09890820847043473
Capa 1 - Entrada a Oculta 1,diferencia_precio,Neurona H1_16,0.22090518083002975,0.22090518083002975,0.04476898667855709
Capa 1 - Entrada a Oculta 1,diferencia_precio,Neurona H1_17,0.11118467180251705,0.11118467180251705,0.02253285808908458
Capa 1 - Entrada a Oculta 1,diferencia_precio,Neurona H1_18,0.26150743857614506,0.26150743857614506,0.05299750322726483
Capa 1 - Entrada a Oculta 1,diferencia_precio,Neurona H1_19,0.02835717443575281,0.02835717443575281,0.00574690896694062
Capa 1 - Entrada a Oculta 1,diferencia_precio,Neurona H1_20,-0.3480003815703734,0.3480003815703734,0.07052629724716235
Capa 1 - Entrada a Oculta 1,diferencia_precio,Neurona H1_21,0.357608129309006,0.357608129309006,0.07247341831017053
Capa 1 - Entrada a Oculta 1,diferencia_precio,Neurona H1_22,0.3660265519620954,0.3660265519620954,0.07417950890611996
Capa 1 - Entrada a Oculta 1,diferencia_precio,Neurona H1_23,-0.13489717359279588,0.13489717359279588,0.027338470491543646
Capa 1 - Entrada a Oculta 1,diferencia_precio,Neurona H1_24,0.33934302428975865,0.33934302428975865,0.06877178378889463
Capa 1 - Entrada a Oculta 1,diferencia_precio,Neurona H1_25,-0.5277020756191667,0.5277020756191667,0.10694492136795494
Capa 1 - Entrada a Oculta 1,diferencia_precio,Neurona H1_26,0.078235011951859,0.078235011951859,0.015855228902777282
Capa 1 - Entrada a Oculta 1,diferencia_precio,Neurona H1_27,-0.0034710669950523895,0.0034710669950523895,0.0007034518225330599
Capa 1 - Entrada a Oculta 1,diferencia_precio,Neurona H1_28,-0.23061940387329613,0.23061940387329613,0.046737686191997405
Capa 1 - Entrada a Oculta 1,diferencia_precio,Neurona H1_29,0.3498612054973955,0.3498612054973955,0.07090341471125701
Capa 1 - Entrada a Oculta 1,diferencia_precio,Neurona H1_30,0.45785108829585375,0.45785108829585375,0.09278881190410504
Capa 1 - Entrada a Oculta 1,diferencia_precio,Neurona H1_31,0.41869706230339077,0.41869706230339077,0.08485379624950538
Capa 1 - Entrada a Oculta 1,diferencia_precio,Neurona H1_32,0.13490600460284843,0.13490600460284843,0.027340260197742095
Capa 1 - Entrada a Oculta 1,diferencia_precio,Neurona H1_33,0.3469548018387399,0.3469548018387399,0.07031439843654602
Capa 1 - Entrada a Oculta 1,diferencia_precio,Neurona H1_34,0.18237918943805276,0.18237918943805276,0.03696124949047952
Capa 1 - Entrada a Oculta 1,diferencia_precio,Neurona H1_35,0.5129837810843995,0.5129837810843995,0.10396208896229459
Capa 1 - Entrada a Oculta 1,diferencia_precio,Neurona H1_36,-0.5281807271213889,0.5281807271213889,0.10704192562401693
Capa 1 - Entrada a Oculta 1,diferencia_precio,Neurona H1_37,-0.15956505057607712,0.15956505057607712,0.032337700712868886
Capa 1 - Entrada a Oculta 1,diferencia_precio,Neurona H1_38,-0.03967211618030086,0.03967211618030086,0.008040012615877131
Capa 1 - Entrada a Oculta 1,diferencia_precio,Neurona H1_39,-0.12089684064755873,0.12089684064755873,0.024501141295525615
Capa 1 - Entrada a Oculta 1,diferencia_precio,Neurona H1_40,0.22729788975116963,0.22729788975116963,0.04606454298672086
Capa 1 - Entrada a Oculta 1,diferencia_precio,Neurona H1_41,-0.18606699580182923,0.18606699580182923,0.03770862604974654
Capa 1 - Entrada a Oculta 1,diferencia_precio,Neurona H1_42,-0.05222443390527146,0.05222443390527146,0.010583884800778976
Capa 1 - Entrada a Oculta 1,diferencia_precio,Neurona H1_43,-0.0564257842829895,0.0564257842829895,0.01143533698666832
Capa 1 - Entrada a Oculta 1,diferencia_precio,Neurona H1_44,-0.5310160747434196,0.5310160747434196,0.10761654157210299
Capa 1 - Entrada a Oculta 1,diferencia_precio,Neurona H1_45,0.25022231537378825,0.25022231537378825,0.05071044265035189
Capa 1 - Entrada a Oculta 1,diferencia_precio,Neurona H1_46,0.6282165574340566,0.6282165574340566,0.12731534219948465
Capa 1 - Entrada a Oculta 1,diferencia_precio,Neurona H1_47,0.1961066236582679,0.1961066236582679,0.03974327260748573
Capa 1 - Entrada a Oculta 1,diferencia_precio,Neurona H1_48,-0.23843191158393673,0.23843191158393673,0.04832098112564093
Capa 1 - Entrada a Oculta 1,diferencia_precio,Neurona H1_49,-0.4571656772104997,0.4571656772104997,0.09264990543014072
Capa 1 - Entrada a Oculta 1,diferencia_precio,Neurona H1_50,-0.18139533783532608,0.18139533783532608,0.036761860598237835
Capa 1 - Entrada a Oculta 1,diferencia_precio,Neurona H1_51,-0.2141039219745719,0.2141039219745719,0.04339063300684447
Capa 1 - Entrada a Oculta 1,diferencia_precio,Neurona H1_52,-0.1033458669435466,0.1033458669435466,0.020944233734560835
Capa 1 - Entrada a Oculta 1,diferencia_precio,Neurona H1_53,-0.28073842893298434,0.28073842893298434,0.05689488556961577
Capa 1 - Entrada a Oculta 1,diferencia_precio,Neurona H1_54,0.0033918492842059294,0.0033918492842059294,0.0006873974383476582
Capa 1 - Entrada a Oculta 1,diferencia_precio,Neurona H1_55,-0.012285011980758844,0.012285011980758844,0.00248969958805847
Capa 1 - Entrada a Oculta 1,diferencia_precio,Neurona H1_56,0.30175804354454755,0.30175804354454755,0.06115475327845654
Capa 1 - Entrada a Oculta 1,diferencia_precio,Neurona H1_57,-0.2497918345642311,0.2497918345642311,0.05062320074160159
Capa 1 - Entrada a Oculta 1,diferencia_precio,Neurona H1_58,0.6574560253768025,0.6574560253768025,0.1332410581374195
Capa 1 - Entrada a Oculta 1,diferencia_precio,Neurona H1_59,-0.6278454250621426,0.6278454250621426,0.12724012793718545
Capa 1 - Entrada a Oculta 1,diferencia_precio,Neurona H1_60,0.09230950994975705,0.09230950994975705,0.018707588503433695
Capa 1 - Entrada a Oculta 1,diferencia_precio,Neurona H1_61,0.3792600532752347,0.3792600532752347,0.07686143081384764
Capa 1 - Entrada a Oculta 1,diferencia_precio,Neurona H1_62,-0.06573440479370628,0.06573440479370628,0.01332183646157503
Capa 1 - Entrada a Oculta 1,diferencia_precio,Neurona H1_63,-0.7626964387820561,0.7626964387820561,0.1545692435972743
Capa 1 - Entrada a Oculta 1,diferencia_precio,Neurona H1_64,0.2807784664405861,0.2807784664405861,0.05690299963302402
Capa 1 - Entrada a Oculta 1,pct_diferencia,Neurona H1_1,-0.19344863344467272,0.19344863344467272,0.039204600186960946
Capa 1 - Entrada a Oculta 1,pct_diferencia,Neurona H1_2,0.14592150495407263,0.14592150495407263,0.02957267858932813
Capa 1 - Entrada a Oculta 1,pct_diferencia,Neurona H1_3,-0.3529366283298184,0.3529366283298184,0.07152668467395476
Capa 1 - Entrada a Oculta 1,pct_diferencia,Neurona H1_4,-0.08683414998252197,0.08683414998252197,0.017597943557523355
Capa 1 - Entrada a Oculta 1,pct_diferencia,Neurona H1_5,0.032906341316019105,0.032906341316019105,0.0066688501848692185
Capa 1 - Entrada a Oculta 1,pct_diferencia,Neurona H1_6,0.3984482763288869,0.3984482763288869,0.08075014586818176
Capa 1 - Entrada a Oculta 1,pct_diferencia,Neurona H1_7,-0.04321279359067089,0.04321279359067089,0.008757571793178128
Capa 1 - Entrada a Oculta 1,pct_diferencia,Neurona H1_8,-0.8959097943892956,0.8959097943892956,0.1815664689234432
Capa 1 - Entrada a Oculta 1,pct_diferencia,Neurona H1_9,-0.19240356311453347,0.19240356311453347,0.03899280461244176
Capa 1 - Entrada a Oculta 1,pct_diferencia,Neurona H1_10,-0.7315903966143377,0.7315903966143377,0.14826524483094064
Capa 1 - Entrada a Oculta 1,pct_diferencia,Neurona H1_11,0.23475145385804636,0.23475145385804636,0.04757509385272922
Capa 1 - Entrada a Oculta 1,pct_diferencia,Neurona H1_12,0.48223356818373403,0.48223356818373403,0.09773020310728642
Capa 1 - Entrada a Oculta 1,pct_diferencia,Neurona H1_13,0.39299191340718953,0.39299191340718953,0.07964435089299375
Capa 1 - Entrada a Oculta 1,pct_diferencia,Neurona H1_14,-0.32412341397306005,0.32412341397306005,0.0656873539490831
Capa 1 - Entrada a Oculta 1,pct_diferencia,Neurona H1_15,0.10272302536259319,0.10272302536259319,0.020818007693434126
Capa 1 - Entrada a Oculta 1,pct_diferencia,Neurona H1_16,0.23941452171989414,0.23941452171989414,0.04852011842030103
Capa 1 - Entrada a Oculta 1,pct_diferencia,Neurona H1_17,0.25773718961433734,0.25773718961433734,0.05223341872317217
Capa 1 - Entrada a Oculta 1,pct_diferencia,Neurona H1_18,0.02188607528750353,0.02188607528750353,0.0044354659737294265
Capa 1 - Entrada a Oculta 1,pct_diferencia,Neurona H1_19,0.0495252457239339,0.0495252457239339,0.010036863136193404
Capa 1 - Entrada a Oculta 1,pct_diferencia,Neurona H1_20,-0.1652738281817272,0.1652738281817272,0.033494650439524876
Capa 1 - Entrada a Oculta 1,pct_diferencia,Neurona H1_21,0.27210071281262205,0.27210071281262205,0.055144352619357816
Capa 1 - Entrada a Oculta 1,pct_diferencia,Neurona H1_22,0.4635967995770678,0.4635967995770678,0.09395324666675293
Capa 1 - Entrada a Oculta 1,pct_diferencia,Neurona H1_23,0.06758209790275388,0.06758209790275388,0.01369629281372668
Capa 1 - Entrada a Oculta 1,pct_diferencia,Neurona H1_24,0.2329179487827184,0.2329179487827184,0.04720351286950375
Capa 1 - Entrada a Oculta 1,pct_diferencia,Neurona H1_25,-0.8253027868747043,0.8253027868747043,0.1672571432346732
Capa 1 - Entrada a Oculta 1,pct_diferencia,Neurona H1_26,0.06672408148189546,0.06672408148189546,0.013522405874674084
Capa 1 - Entrada a Oculta 1,pct_diferencia,Neurona H1_27,0.09535364703470894,0.09535364703470894,0.019324518048009533
Capa 1 - Entrada a Oculta 1,pct_diferencia,Neurona H1_28,-0.22224149455486036,0.22224149455486036,0.0450398060913048
Capa 1 - Entrada a Oculta 1,pct_diferencia,Neurona H1_29,0.2102011580062201,0.2102011580062201,0.042599692805930255
Capa 1 - Entrada a Oculta 1,pct_diferencia,Neurona H1_30,0.6465816295732566,0.6465816295732566,0.13103723621238783
Capa 1 - Entrada a Oculta 1,pct_diferencia,Neurona H1_31,0.2069096448777781,0.2069096448777781,0.04193262964857997
Capa 1 - Entrada a Oculta 1,pct_diferencia,Neurona H1_32,0.5355099789471168,0.5355099789471168,0.10852728317025878
Capa 1 - Entrada a Oculta 1,pct_diferencia,Neurona H1_33,0.7507248927480626,0.7507248927480626,0.15214307150432568
Capa 1 - Entrada a Oculta 1,pct_diferencia,Neurona H1_34,-0.2585741384618529,0.2585741384618529,0.05240303607512504
Capa 1 - Entrada a Oculta 1,pct_diferencia,Neurona H1_35,0.5938191001079053,0.5938191001079053,0.12034430013055475
Capa 1 - Entrada a Oculta 1,pct_diferencia,Neurona H1_36,-0.4323221508102573,0.4323221508102573,0.08761507782545631
Capa 1 - Entrada a Oculta 1,pct_diferencia,Neurona H1_37,-0.40497046811227794,0.40497046811227794,0.08207194337410034
Capa 1 - Entrada a Oculta 1,pct_diferencia,Neurona H1_38,-0.4465035095926492,0.4465035095926492,0.09048909399849138
Capa 1 - Entrada a Oculta 1,pct_diferencia,Neurona H1_39,-0.2020034009135417,0.2020034009135417,0.04093832263481349
Capa 1 - Entrada a Oculta 1,pct_diferencia,Neurona H1_40,-0.2760759229401368,0.2760759229401368,0.05594997487128727
Capa 1 - Entrada a Oculta 1,pct_diferencia,Neurona H1_41,-0.5373055653180506,0.5373055653180506,0.10889117949002135
Capa 1 - Entrada a Oculta 1,pct_diferencia,Neurona H1_42,0.012247129643090835,0.012247129643090835,0.002482022294732712
Capa 1 - Entrada a Oculta 1,pct_diferencia,Neurona H1_43,-0.00525709277180272,0.00525709277180272,0.0010654105774452742
Capa 1 - Entrada a Oculta 1,pct_diferencia,Neurona H1_44,-0.798139708801285,0.798139708801285,0.16175223168914823
Capa 1 - Entrada a Oculta 1,pct_diferencia,Neurona H1_45,-0.05452882364935372,0.05452882364935372,0.011050896001545699
Capa 1 - Entrada a Oculta 1,pct_diferencia,Neurona H1_46,0.897354494500395,0.897354494500395,0.18185925408939219
Capa 1 - Entrada a Oculta 1,pct_diferencia,Neurona H1_47,0.17233186337118134,0.17233186337118134,0.03492504280147035
Capa 1 - Entrada a Oculta 1,pct_diferencia,Neurona H1_48,-0.052946633564567115,0.052946633564567115,0.010730246904215304
Capa 1 - Entrada a Oculta 1,pct_diferencia,Neurona H1_49,-0.6139698459380306,0.6139698459380306,0.12442808154411061
Capa 1 - Entrada a Oculta 1,pct_diferencia,Neurona H1_50,0.058052837950840964,0.058052837950840964,0.01176507820734791
Capa 1 - Entrada a Oculta 1,pct_diferencia,Neurona H1_51,0.06896611500396982,0.06896611500396982,0.013976779866743812
Capa 1 - Entrada a Oculta 1,pct_diferencia,Neurona H1_52,-0.2097988853572985,0.2097988853572985,0.04251816760677897
Capa 1 - Entrada a Oculta 1,pct_diferencia,Neurona H1_53,-0.5665445209039589,0.5665445209039589,0.11481679159292457
Capa 1 - Entrada a Oculta 1,pct_diferencia,Neurona H1_54,0.24144557046348367,0.24144557046348367,0.048931733909822854
Capa 1 - Entrada a Oculta 1,pct_diferencia,Neurona H1_55,0.4455730870409578,0.4455730870409578,0.090300533120627
Capa 1 - Entrada a Oculta 1,pct_diferencia,Neurona H1_56,0.012308208945858589,0.012308208945858589,0.002494400720995377
Capa 1 - Entrada a Oculta 1,pct_diferencia,Neurona H1_57,-0.09589047869571467,0.09589047869571467,0.01943331318531636
Capa 1 - Entrada a Oculta 1,pct_diferencia,Neurona H1_58,0.8811132155095561,0.8811132155095561,0.1785677712909736
Capa 1 - Entrada a Oculta 1,pct_diferencia,Neurona H1_59,-0.5370345132761135,0.5370345132761135,0.10883624766266863
Capa 1 - Entrada a Oculta 1,pct_diferencia,Neurona H1_60,-0.01543202779278802,0.01543202779278802,0.0031274786950788083
Capa 1 - Entrada a Oculta 1,pct_diferencia,Neurona H1_61,0.36449930464107405,0.36449930464107405,0.07386999459453723
Capa 1 - Entrada a Oculta 1,pct_diferencia,Neurona H1_62,-0.20454504220611167,0.20454504220611167,0.04145341560248946
Capa 1 - Entrada a Oculta 1,pct_diferencia,Neurona H1_63,-1.0698728359638066,1.0698728359638066,0.2168220888303523
Capa 1 - Entrada a Oculta 1,pct_diferencia,Neurona H1_64,0.48851395204794823,0.48851395204794823,0.09900299544514275
Capa 1 - Entrada a Oculta 1,margen_ganancia,Neurona H1_1,0.1037680100134836,0.1037680100134836,0.021029785904063805
Capa 1 - Entrada a Oculta 1,margen_ganancia,Neurona H1_2,0.21024484636587457,0.21024484636587457,0.04260854675667976
Capa 1 - Entrada a Oculta 1,margen_ganancia,Neurona H1_3,-0.2402583750925986,0.2402583750925986,0.048691135054040956
Capa 1 - Entrada a Oculta 1,margen_ganancia,Neurona H1_4,-0.05322968316946502,0.05322968316946502,0.01078761017629173
Capa 1 - Entrada a Oculta 1,margen_ganancia,Neurona H1_5,-0.08007332113095847,0.08007332113095847,0.0162277834931266
Capa 1 - Entrada a Oculta 1,margen_ganancia,Neurona H1_6,-0.29387933795399507,0.29387933795399507,0.059558042579764915
Capa 1 - Entrada a Oculta 1,margen_ganancia,Neurona H1_7,0.1791897970224615,0.1791897970224615,0.036314882275234536
Capa 1 - Entrada a Oculta 1,margen_ganancia,Neurona H1_8,-0.141772786211284,0.141772786211284,0.02873189281223088
Capa 1 - Entrada a Oculta 1,margen_ganancia,Neurona H1_9,0.03661480001083379,0.03661480001083379,0.007420412177586269
Capa 1 - Entrada a Oculta 1,margen_ganancia,Neurona H1_10,-0.06341563979238227,0.06341563979238227,0.012851911948872667
Capa 1 - Entrada a Oculta 1,margen_ganancia,Neurona H1_11,-0.23899833445188662,0.23899833445188662,0.048435773262857446
Capa 1 - Entrada a Oculta 1,margen_ganancia,Neurona H1_12,-0.20305058255535668,0.20305058255535668,0.041150546091032546
Capa 1 - Entrada a Oculta 1,margen_ganancia,Neurona H1_13,-0.2222597580884568,0.2222597580884568,0.04504350740735909
Capa 1 - Entrada a Oculta 1,margen_ganancia,Neurona H1_14,0.13924089225362932,0.13924089225362932,0.028218775254571712
Capa 1 - Entrada a Oculta 1,margen_ganancia,Neurona H1_15,-0.14691229718787108,0.14691229718787108,0.02977347408063111
Capa 1 - Entrada a Oculta 1,margen_ganancia,Neurona H1_16,-0.1322016506961301,0.1322016506961301,0.0267921916392363
Capa 1 - Entrada a Oculta 1,margen_ganancia,Neurona H1_17,-0.28819361402826366,0.28819361402826366,0.058405764947648736
Capa 1 - Entrada a Oculta 1,margen_ganancia,Neurona H1_18,-0.023695818989420723,0.023695818989420723,0.004802231440154013
Capa 1 - Entrada a Oculta 1,margen_ganancia,Neurona H1_19,0.04395482677548058,0.04395482677548058,0.00890795338966659
Capa 1 - Entrada a Oculta 1,margen_ganancia,Neurona H1_20,-0.16464905212944347,0.16464905212944347,0.033368032355437054
Capa 1 - Entrada a Oculta 1,margen_ganancia,Neurona H1_21,0.013349882489135113,0.013349882489135113,0.002705507897418885
Capa 1 - Entrada a Oculta 1,margen_ganancia,Neurona H1_22,-0.11492405160188932,0.11492405160188932,0.023290686600824964
Capa 1 - Entrada a Oculta 1,margen_ganancia,Neurona H1_23,0.08301102853265693,0.08301102853265693,0.01682314383297001
Capa 1 - Entrada a Oculta 1,margen_ganancia,Neurona H1_24,-0.2817655024235313,0.2817655024235313,0.057103033876701306
Capa 1 - Entrada a Oculta 1,margen_ganancia,Neurona H1_25,0.23437878114926858,0.23437878114926858,0.04749956742337141
Capa 1 - Entrada a Oculta 1,margen_ganancia,Neurona H1_26,-0.36314929353709935,0.36314929353709935,0.07359639924968087
Capa 1 - Entrada a Oculta 1,margen_ganancia,Neurona H1_27,-0.15564852342697513,0.15564852342697513,0.03154397124439045
Capa 1 - Entrada a Oculta 1,margen_ganancia,Neurona H1_28,0.1157837429021004,0.1157837429021004,0.023464912973525726
Capa 1 - Entrada a Oculta 1,margen_ganancia,Neurona H1_29,-0.32310626492970934,0.32310626492970934,0.065481216945864
Capa 1 - Entrada a Oculta 1,margen_ganancia,Neurona H1_30,0.0845244129767462,0.0845244129767462,0.01712984867240562
Capa 1 - Entrada a Oculta 1,margen_ganancia,Neurona H1_31,0.2059255610118006,0.2059255610118006,0.04173319368550753
Capa 1 - Entrada a Oculta 1,margen_ganancia,Neurona H1_32,0.1951669374959783,0.1951669374959783,0.039552834351925144
Capa 1 - Entrada a Oculta 1,margen_ganancia,Neurona H1_33,0.07140165444961694,0.07140165444961694,0.01447037006950674
Capa 1 - Entrada a Oculta 1,margen_ganancia,Neurona H1_34,0.19086965563579994,0.19086965563579994,0.03868194054296393
Capa 1 - Entrada a Oculta 1,margen_ganancia,Neurona H1_35,-0.1053919835829354,0.1053919835829354,0.021358902907222987
Capa 1 - Entrada a Oculta 1,margen_ganancia,Neurona H1_36,0.23888210031755472,0.23888210031755472,0.04841221707285798
Capa 1 - Entrada a Oculta 1,margen_ganancia,Neurona H1_37,-0.06412101439671263,0.06412101439671263,0.012994864260565871
Capa 1 - Entrada a Oculta 1,margen_ganancia,Neurona H1_38,0.31352766365753754,0.31352766365753754,0.06354000275096915
Capa 1 - Entrada a Oculta 1,margen_ganancia,Neurona H1_39,-0.2004015808729417,0.2004015808729417,0.04061369530018233
Capa 1 - Entrada a Oculta 1,margen_ganancia,Neurona H1_40,0.2157332417351175,0.2157332417351175,0.043720833477385264
Capa 1 - Entrada a Oculta 1,margen_ganancia,Neurona H1_41,0.24584419791576084,0.24584419791576084,0.049823166573715195
Capa 1 - Entrada a Oculta 1,margen_ganancia,Neurona H1_42,0.2189443412915701,0.2189443412915701,0.04437159989547556
Capa 1 - Entrada a Oculta 1,margen_ganancia,Neurona H1_43,-0.16696477195560014,0.16696477195560014,0.033837339728215454
Capa 1 - Entrada a Oculta 1,margen_ganancia,Neurona H1_44,0.026690167121407364,0.026690167121407364,0.005409070678274991
Capa 1 - Entrada a Oculta 1,margen_ganancia,Neurona H1_45,-0.27620749644032344,0.27620749644032344,0.0559766397609697
Capa 1 - Entrada a Oculta 1,margen_ganancia,Neurona H1_46,0.04257829783887758,0.04257829783887758,0.008628983899707707
Capa 1 - Entrada a Oculta 1,margen_ganancia,Neurona H1_47,-0.18227053785194708,0.18227053785194708,0.03693922999146781
Capa 1 - Entrada a Oculta 1,margen_ganancia,Neurona H1_48,-0.24808230463995704,0.24808230463995704,0.05027674475483456
Capa 1 - Entrada a Oculta 1,margen_ganancia,Neurona H1_49,-0.1201277022039534,0.1201277022039534,0.02434526650523617
Capa 1 - Entrada a Oculta 1,margen_ganancia,Neurona H1_50,0.19091449517337364,0.19091449517337364,0.03869102779321658
Capa 1 - Entrada a Oculta 1,margen_ganancia,Neurona H1_51,-0.03811804494854875,0.03811804494854875,0.007725062128928746
Capa 1 - Entrada a Oculta 1,margen_ganancia,Neurona H1_52,0.003148851813219686,0.003148851813219686,0.000638151193870139
Capa 1 - Entrada a Oculta 1,margen_ganancia,Neurona H1_53,0.07977101240370088,0.07977101240370088,0.01616651713743248
Capa 1 - Entrada a Oculta 1,margen_ganancia,Neurona H1_54,-0.1936768322983564,0.1936768322983564,0.03925084732069606
Capa 1 - Entrada a Oculta 1,margen_ganancia,Neurona H1_55,0.015181905866811249,0.015181905866811249,0.0030767885974994085
Capa 1 - Entrada a Oculta 1,margen_ganancia,Neurona H1_56,0.033533055966696056,0.033533055966696056,0.006795861148315118
Capa 1 - Entrada a Oculta 1,margen_ganancia,Neurona H1_57,-0.04910298900445613,0.04910298900445613,0.009951287934298175
Capa 1 - Entrada a Oculta 1,margen_ganancia,Neurona H1_58,-0.08258070816269389,0.08258070816269389,0.016735934439156788
Capa 1 - Entrada a Oculta 1,margen_ganancia,Neurona H1_59,0.06574078287334321,0.06574078287334321,0.013323129053089758
Capa 1 - Entrada a Oculta 1,margen_ganancia,Neurona H1_60,0.19363729238744415,0.19363729238744415,0.039242834101004924
Capa 1 - Entrada a Oculta 1,margen_ganancia,Neurona H1_61,0.04170285952181226,0.04170285952181226,0.008451566212139975
Capa 1 - Entrada a Oculta 1,margen_ganancia,Neurona H1_62,0.24916472443018034,0.24916472443018034,0.050496109628881576
Capa 1 - Entrada a Oculta 1,margen_ganancia,Neurona H1_63,0.04957177591330952,0.04957177591330952,0.010046293016563256
Capa 1 - Entrada a Oculta 1,margen_ganancia,Neurona H1_64,-0.004889814249535976,0.004889814249535976,0.0009909773422947985
Capa 1 - Entrada a Oculta 1,precio_costo,Neurona H1_1,-0.28533260459583765,0.28533260459583765,0.05782594833725399
Capa 1 - Entrada a Oculta 1,precio_costo,Neurona H1_2,-0.0306179252892161,0.0306179252892161,0.006205076242429326
Capa 1 - Entrada a Oculta 1,precio_costo,Neurona H1_3,0.2239472856608384,0.2239472856608384,0.045385504363355235
Capa 1 - Entrada a Oculta 1,precio_costo,Neurona H1_4,-0.2607990449229609,0.2607990449229609,0.05285393907044691
Capa 1 - Entrada a Oculta 1,precio_costo,Neurona H1_5,-0.2307902134371657,0.2307902134371657,0.04677230272322005
Capa 1 - Entrada a Oculta 1,precio_costo,Neurona H1_6,0.03250246529881802,0.03250246529881802,0.0065870000446148075
Capa 1 - Entrada a Oculta 1,precio_costo,Neurona H1_7,0.07911080132390456,0.07911080132390456,0.016032717735691968
Capa 1 - Entrada a Oculta 1,precio_costo,Neurona H1_8,0.19517650453119761,0.19517650453119761,0.03955477322212582
Capa 1 - Entrada a Oculta 1,precio_costo,Neurona H1_9,-0.4179789812402275,0.4179789812402275,0.0847082688271512
Capa 1 - Entrada a Oculta 1,precio_costo,Neurona H1_10,0.11774351320756749,0.11774351320756749,0.023862083064190076
Capa 1 - Entrada a Oculta 1,precio_costo,Neurona H1_11,0.11527202515122871,0.11527202515122871,0.023361207460210566
Capa 1 - Entrada a Oculta 1,precio_costo,Neurona H1_12,0.37668390869209234,0.37668390869209234,0.07633934535577286
Capa 1 - Entrada a Oculta 1,precio_costo,Neurona H1_13,0.14296276178977838,0.14296276178977838,0.02897305510920034
Capa 1 - Entrada a Oculta 1,precio_costo,Neurona H1_14,0.08820398071579354,0.08820398071579354,0.017875555579202913
Capa 1 - Entrada a Oculta 1,precio_costo,Neurona H1_15,-0.07625095973143088,0.07625095973143088,0.015453137801553852
Capa 1 - Entrada a Oculta 1,precio_costo,Neurona H1_16,0.011822721731627404,0.011822721731627404,0.002396011128932124
Capa 1 - Entrada a Oculta 1,precio_costo,Neurona H1_17,-0.04761222336247767,0.04761222336247767,0.009649167056391125
Capa 1 - Entrada a Oculta 1,precio_costo,Neurona H1_18,0.046701883747629146,0.046701883747629146,0.009464676217665733
Capa 1 - Entrada a Oculta 1,precio_costo,Neurona H1_19,-0.09297981657669313,0.09297981657669313,0.01884343388442066
Capa 1 - Entrada a Oculta 1,precio_costo,Neurona H1_20,-0.12993385874568156,0.12993385874568156,0.026332597404108392
Capa 1 - Entrada a Oculta 1,precio_costo,Neurona H1_21,0.27792865488267576,0.27792865488267576,0.05632545240125198
Capa 1 - Entrada a Oculta 1,precio_costo,Neurona H1_22,0.18870455223586788,0.18870455223586788,0.03824315732880365
Capa 1 - Entrada a Oculta 1,precio_costo,Neurona H1_23,-0.12368679193206629,0.12368679193206629,0.025066557151417406
Capa 1 - Entrada a Oculta 1,precio_costo,Neurona H1_24,0.0600713986596273,0.0600713986596273,0.012174162852361494
Capa 1 - Entrada a Oculta 1,precio_costo,Neurona H1_25,-0.09638347063892025,0.09638347063892025,0.019533223697397056
Capa 1 - Entrada a Oculta 1,precio_costo,Neurona H1_26,-0.08111109521380756,0.08111109521380756,0.016438100398849922
Capa 1 - Entrada a Oculta 1,precio_costo,Neurona H1_27,-0.13620400262335244,0.13620400262335244,0.02760331449040465
Capa 1 - Entrada a Oculta 1,precio_costo,Neurona H1_28,-0.045574247626248114,0.045574247626248114,0.009236147731793733
Capa 1 - Entrada a Oculta 1,precio_costo,Neurona H1_29,0.3091653860916207,0.3091653860916207,0.06265593681144296
Capa 1 - Entrada a Oculta 1,precio_costo,Neurona H1_30,0.16785043135222266,0.16785043135222266,0.034016828835624124
Capa 1 - Entrada a Oculta 1,precio_costo,Neurona H1_31,0.16035730671075502,0.16035730671075502,0.0324982605702979
Capa 1 - Entrada a Oculta 1,precio_costo,Neurona H1_32,0.21832222208559138,0.21832222208559138,0.04424552025198198
Capa 1 - Entrada a Oculta 1,precio_costo,Neurona H1_33,-0.007106870983622222,0.007106870983622222,0.001440289499759689
Capa 1 - Entrada a Oculta 1,precio_costo,Neurona H1_34,-0.07115820980587247,0.07115820980587247,0.014421033200304257
Capa 1 - Entrada a Oculta 1,precio_costo,Neurona H1_35,-0.1476641483014433,0.1476641483014433,0.029925845393794982
Capa 1 - Entrada a Oculta 1,precio_costo,Neurona H1_36,-0.11577726822305197,0.11577726822305197,0.02346360080502439
Capa 1 - Entrada a Oculta 1,precio_costo,Neurona H1_37,-0.2051271321015699,0.2051271321015699,0.041571382843808
Capa 1 - Entrada a Oculta 1,precio_costo,Neurona H1_38,-0.336411978728924,0.336411978728924,0.06817777354805644
Capa 1 - Entrada a Oculta 1,precio_costo,Neurona H1_39,0.0673714468785943,0.0673714468785943,0.013653601950348147
Capa 1 - Entrada a Oculta 1,precio_costo,Neurona H1_40,-0.04207320905825533,0.04207320905825533,0.008526621823788064
Capa 1 - Entrada a Oculta 1,precio_costo,Neurona H1_41,0.01412448115554559,0.01412448115554559,0.002862489264933488
Capa 1 - Entrada a Oculta 1,precio_costo,Neurona H1_42,-0.17020286635433063,0.17020286635433063,0.03449357696292393
Capa 1 - Entrada a Oculta 1,precio_costo,Neurona H1_43,0.05977583708749567,0.05977583708749567,0.012114263885593324
Capa 1 - Entrada a Oculta 1,precio_costo,Neurona H1_44,-0.07014269354271739,0.07014269354271739,0.014215227098852845
Capa 1 - Entrada a Oculta 1,precio_costo,Neurona H1_45,-0.1276624851677626,0.1276624851677626,0.025872277310800478
Capa 1 - Entrada a Oculta 1,precio_costo,Neurona H1_46,0.18992662527323945,0.18992662527323945,0.038490824546587955
Capa 1 - Entrada a Oculta 1,precio_costo,Neurona H1_47,-0.12257507534007889,0.12257507534007889,0.024841254942071265
Capa 1 - Entrada a Oculta 1,precio_costo,Neurona H1_48,-0.03972270209767477,0.03972270209767477,0.008050264436375527
Capa 1 - Entrada a Oculta 1,precio_costo,Neurona H1_49,0.010615859422869254,0.010615859422869254,0.002151426541007867
Capa 1 - Entrada a Oculta 1,precio_costo,Neurona H1_50,0.09117622899708289,0.09117622899708289,0.018477916027293945
Capa 1 - Entrada a Oculta 1,precio_costo,Neurona H1_51,0.22219788934162973,0.22219788934162973,0.04503096899113855
Capa 1 - Entrada a Oculta 1,precio_costo,Neurona H1_52,0.08116142610018527,0.08116142610018527,0.016448300534370953
Capa 1 - Entrada a Oculta 1,precio_costo,Neurona H1_53,-0.21114976979986494,0.21114976979986494,0.0427919399437893
Capa 1 - Entrada a Oculta 1,precio_costo,Neurona H1_54,0.15272147096458744,0.15272147096458744,0.030950770251078754
Capa 1 - Entrada a Oculta 1,precio_costo,Neurona H1_55,0.1824309590621033,0.1824309590621033,0.03697174120280951
Capa 1 - Entrada a Oculta 1,precio_costo,Neurona H1_56,-0.08861453088126647,0.08861453088126647,0.017958758312700957
Capa 1 - Entrada a Oculta 1,precio_costo,Neurona H1_57,0.17862344280148215,0.17862344280148215,0.03620010405011958
Capa 1 - Entrada a Oculta 1,precio_costo,Neurona H1_58,0.006606370793230148,0.006606370793230148,0.0013388573546552311
Capa 1 - Entrada a Oculta 1,precio_costo,Neurona H1_59,0.02487197097781534,0.02487197097781534,0.0050405922269067295
Capa 1 - Entrada a Oculta 1,precio_costo,Neurona H1_60,-0.07880831333226321,0.07880831333226321,0.01597141504999971
Capa 1 - Entrada a Oculta 1,precio_costo,Neurona H1_61,-0.12847061348124145,0.12847061348124145,0.026036053848610772
Capa 1 - Entrada a Oculta 1,precio_costo,Neurona H1_62,0.293207348303179,0.293207348303179,0.05942185611454725
Capa 1 - Entrada a Oculta 1,precio_costo,Neurona H1_63,0.10720722728281003,0.10720722728281003,0.021726783011766802
Capa 1 - Entrada a Oculta 1,precio_costo,Neurona H1_64,0.17172524101174702,0.17172524101174702,0.034802103772940615
Capa 1 - Entrada a Oculta 1,region,Neurona H1_1,0.11585817822622871,0.11585817822622871,0.023479998151799016
Capa 1 - Entrada a Oculta 1,region,Neurona H1_2,-0.17217688880261078,0.17217688880261078,0.0348936354149628
Capa 1 - Entrada a Oculta 1,region,Neurona H1_3,0.03179790452935333,0.03179790452935333,0.006444212665958132
Capa 1 - Entrada a Oculta 1,region,Neurona H1_4,0.26271169698954405,0.26271169698954405,0.05324156010571569
Capa 1 - Entrada a Oculta 1,region,Neurona H1_5,0.09543398035062567,0.09543398035062567,0.01934079852244932
Capa 1 - Entrada a Oculta 1,region,Neurona H1_6,-0.2799516352286631,0.2799516352286631,0.05673543273679773
Capa 1 - Entrada a Oculta 1,region,Neurona H1_7,-0.28931717079355895,0.28931717079355895,0.05863346670488734
Capa 1 - Entrada a Oculta 1,region,Neurona H1_8,-0.09736812969725729,0.09736812969725729,0.019732776229845487
Capa 1 - Entrada a Oculta 1,region,Neurona H1_9,0.3379096930040834,0.3379096930040834,0.06848130264674467
Capa 1 - Entrada a Oculta 1,region,Neurona H1_10,0.007301272010122291,0.007301272010122291,0.001479687113400882
Capa 1 - Entrada a Oculta 1,region,Neurona H1_11,-0.15433648335875683,0.15433648335875683,0.03127807116855205
Capa 1 - Entrada a Oculta 1,region,Neurona H1_12,-0.0038187877253979974,0.0038187877253979974,0.000773921445229136
Capa 1 - Entrada a Oculta 1,region,Neurona H1_13,-0.30415849159585506,0.30415849159585506,0.06164123180479877
Capa 1 - Entrada a Oculta 1,region,Neurona H1_14,-0.04572258224651641,0.04572258224651641,0.00926620945607656
Capa 1 - Entrada a Oculta 1,region,Neurona H1_15,-0.07378677515252048,0.07378677515252048,0.01495374233164123
Capa 1 - Entrada a Oculta 1,region,Neurona H1_16,0.2390581414992896,0.2390581414992896,0.048447893851873994
Capa 1 - Entrada a Oculta 1,region,Neurona H1_17,0.016394833083329664,0.016394833083329664,0.0033226023090399868
Capa 1 - Entrada a Oculta 1,region,Neurona H1_18,0.05503899552316058,0.05503899552316058,0.011154288225016488
Capa 1 - Entrada a Oculta 1,region,Neurona H1_19,0.3009963081049361,0.3009963081049361,0.06100037879244217
Capa 1 - Entrada a Oculta 1,region,Neurona H1_20,-0.022583473151645547,0.022583473151645547,0.004576801706880252
Capa 1 - Entrada a Oculta 1,region,Neurona H1_21,0.256654346303337,0.256654346303337,0.05201396801774739
Capa 1 - Entrada a Oculta 1,region,Neurona H1_22,-0.13298370547387378,0.13298370547387378,0.02695068407384175
Capa 1 - Entrada a Oculta 1,region,Neurona H1_23,0.15696751336759654,0.15696751336759654,0.03181127979215269
Capa 1 - Entrada a Oculta 1,region,Neurona H1_24,0.02897134736364943,0.02897134736364943,0.005871378205389538
Capa 1 - Entrada a Oculta 1,region,Neurona H1_25,-0.0802968548915219,0.0802968548915219,0.016273085191852135
Capa 1 - Entrada a Oculta 1,region,Neurona H1_26,-0.445992715134703,0.445992715134703,0.09038557560115298
Capa 1 - Entrada a Oculta 1,region,Neurona H1_27,-0.15356474352385405,0.15356474352385405,0.031121669176266242
Capa 1 - Entrada a Oculta 1,region,Neurona H1_28,-0.18276558586228694,0.18276558586228694,0.0370395571893039
Capa 1 - Entrada a Oculta 1,region,Neurona H1_29,0.2188733007146542,0.2188733007146542,0.04435720270193924
Capa 1 - Entrada a Oculta 1,region,Neurona H1_30,0.05566789745161715,0.05566789745161715,0.011281742465570739
Capa 1 - Entrada a Oculta 1,region,Neurona H1_31,-0.053243007334420465,0.053243007334420465,0.010790310472233871
Capa 1 - Entrada a Oculta 1,region,Neurona H1_32,0.07774611536019616,0.07774611536019616,0.015756148360994125
Capa 1 - Entrada a Oculta 1,region,Neurona H1_33,-0.07909636046928084,0.07909636046928084,0.01602979112968913
Capa 1 - Entrada a Oculta 1,region,Neurona H1_34,-0.3652297837980431,0.3652297837980431,0.07401803463381758
Capa 1 - Entrada a Oculta 1,region,Neurona H1_35,0.025754429887227367,0.025754429887227367,0.005219432718611804
Capa 1 - Entrada a Oculta 1,region,Neurona H1_36,0.09743983767750673,0.09743983767750673,0.019747308680376847
Capa 1 - Entrada a Oculta 1,region,Neurona H1_37,-0.04994398674259647,0.04994398674259647,0.010121725840706858
Capa 1 - Entrada a Oculta 1,region,Neurona H1_38,-0.08731232063380606,0.08731232063380606,0.0176948503635882
Capa 1 - Entrada a Oculta 1,region,Neurona H1_39,0.22814113277168865,0.22814113277168865,0.046235435925539935
Capa 1 - Entrada a Oculta 1,region,Neurona H1_40,0.07786890821760836,0.07786890821760836,0.015781033751988822
Capa 1 - Entrada a Oculta 1,region,Neurona H1_41,-0.0928140640913274,0.0928140640913274,0.018809842228573598
Capa 1 - Entrada a Oculta 1,region,Neurona H1_42,0.3271272146794897,0.3271272146794897,0.06629610886060623
Capa 1 - Entrada a Oculta 1,region,Neurona H1_43,0.3820873720600855,0.3820873720600855,0.07743441962533418
Capa 1 - Entrada a Oculta 1,region,Neurona H1_44,-0.11105153332229292,0.11105153332229292,0.02250587603811972
Capa 1 - Entrada a Oculta 1,region,Neurona H1_45,0.12233756779315082,0.12233756779315082,0.024793121294120923
Capa 1 - Entrada a Oculta 1,region,Neurona H1_46,-0.006095627177345458,0.006095627177345458,0.001235349261047897
Capa 1 - Entrada a Oculta 1,region,Neurona H1_47,-0.012201797193995834,0.012201797193995834,0.0024728351502664083
Capa 1 - Entrada a Oculta 1,region,Neurona H1_48,-0.21315214861020895,0.21315214861020895,0.04319774514015856
Capa 1 - Entrada a Oculta 1,region,Neurona H1_49,-0.09004091582564093,0.09004091582564093,0.018247831698545755
Capa 1 - Entrada a Oculta 1,region,Neurona H1_50,-0.2527196890292845,0.2527196890292845,0.05121656427001782
Capa 1 - Entrada a Oculta 1,region,Neurona H1_51,-0.026601480945301206,0.026601480945301206,0.005391097400229857
Capa 1 - Entrada a Oculta 1,region,Neurona H1_52,-0.205115593617782,0.205115593617782,0.041569044436781735
Capa 1 - Entrada a Oculta 1,region,Neurona H1_53,0.135300926544116,0.135300926544116,0.027420295691075684
Capa 1 - Entrada a Oculta 1,region,Neurona H1_54,-0.17145660551441563,0.17145660551441563,0.034747661686266924
Capa 1 - Entrada a Oculta 1,region,Neurona H1_55,0.10061557099532568,0.10061557099532568,0.020390907721675382
Capa 1 - Entrada a Oculta 1,region,Neurona H1_56,-0.1019502455884756,0.1019502455884756,0.020661394945453587
Capa 1 - Entrada a Oculta 1,region,Neurona H1_57,-0.05403147628982521,0.05403147628982521,0.010950102814035627
Capa 1 - Entrada a Oculta 1,region,Neurona H1_58,0.08075011058548828,0.08075011058548828,0.016364942694011734
Capa 1 - Entrada a Oculta 1,region,Neurona H1_59,0.2093998940993349,0.2093998940993349,0.04243730741941027
Capa 1 - Entrada a Oculta 1,region,Neurona H1_60,-0.1732983209658751,0.1732983209658751,0.0351209065970575
Capa 1 - Entrada a Oculta 1,region,Neurona H1_61,-0.24680526884377343,0.24680526884377343,0.05001793869907539
Capa 1 - Entrada a Oculta 1,region,Neurona H1_62,0.19510947200394238,0.19510947200394238,0.03954118830615217
Capa 1 - Entrada a Oculta 1,region,Neurona H1_63,-0.055578880811234084,0.055578880811234084,0.011263702215122538
Capa 1 - Entrada a Oculta 1,region,Neurona H1_64,-0.033721797213687225,0.033721797213687225,0.006834111742259963
Capa 1 - Entrada a Oculta 1,categoria_producto,Neurona H1_1,0.02479669733653263,0.02479669733653263,0.005025337153978291
Capa 1 - Entrada a Oculta 1,categoria_producto,Neurona H1_2,-0.24852461676681684,0.24852461676681684,0.050366384416705524
Capa 1 - Entrada a Oculta 1,categoria_producto,Neurona H1_3,-0.18605842805673345,0.18605842805673345,0.03770688969723269
Capa 1 - Entrada a Oculta 1,categoria_producto,Neurona H1_4,0.19082579403078215,0.19082579403078215,0.0386730514820403
Capa 1 - Entrada a Oculta 1,categoria_producto,Neurona H1_5,-0.06975240284659666,0.06975240284659666,0.014136130180846028
Capa 1 - Entrada a Oculta 1,categoria_producto,Neurona H1_6,0.10634508997992645,0.10634508997992645,0.021552060928369494
Capa 1 - Entrada a Oculta 1,categoria_producto,Neurona H1_7,0.451548066317854,0.451548066317854,0.09151143169098618
Capa 1 - Entrada a Oculta 1,categoria_producto,Neurona H1_8,0.0379590030139281,0.0379590030139281,0.007692830443707011
Capa 1 - Entrada a Oculta 1,categoria_producto,Neurona H1_9,-0.24113459452755673,0.24113459452755673,0.04886871104417274
Capa 1 - Entrada a Oculta 1,categoria_producto,Neurona H1_10,-0.2512168279379226,0.2512168279379226,0.050911992109572785
Capa 1 - Entrada a Oculta 1,categoria_producto,Neurona H1_11,0.10811299781122813,0.10811299781122813,0.021910347872347326
Capa 1 - Entrada a Oculta 1,categoria_producto,Neurona H1_12,0.29000087785412865,0.29000087785412865,0.058772027838545085
Capa 1 - Entrada a Oculta 1,categoria_producto,Neurona H1_13,-0.11602374424116656,0.11602374424116656,0.02351355201725986
Capa 1 - Entrada a Oculta 1,categoria_producto,Neurona H1_14,-0.07883097593375663,0.07883097593375663,0.0159760078879791
Capa 1 - Entrada a Oculta 1,categoria_producto,Neurona H1_15,-0.03010288613342159,0.03010288613342159,0.006100697608039393
Capa 1 - Entrada a Oculta 1,categoria_producto,Neurona H1_16,0.35363987652756,0.35363987652756,0.07166920604478959
Capa 1 - Entrada a Oculta 1,categoria_producto,Neurona H1_17,0.07481780243911718,0.07481780243911718,0.015162691921168472
Capa 1 - Entrada a Oculta 1,categoria_producto,Neurona H1_18,-0.3269732098021637,0.3269732098021637,0.06626489799323076
Capa 1 - Entrada a Oculta 1,categoria_producto,Neurona H1_19,0.17303093194195396,0.17303093194195396,0.035066717122619016
Capa 1 - Entrada a Oculta 1,categoria_producto,Neurona H1_20,-0.03824932898418527,0.03824932898418527,0.007751668355276333
Capa 1 - Entrada a Oculta 1,categoria_producto,Neurona H1_21,-0.23441247866885703,0.23441247866885703,0.047506396614972475
Capa 1 - Entrada a Oculta 1,categoria_producto,Neurona H1_22,-0.005870218799712911,0.005870218799712911,0.00118966764951869
Capa 1 - Entrada a Oculta 1,categoria_producto,Neurona H1_23,-0.22085228498056836,0.22085228498056836,0.04475826672363801
Capa 1 - Entrada a Oculta 1,categoria_producto,Neurona H1_24,-0.010674471200261755,0.010674471200261755,0.0021633048947496494
Capa 1 - Entrada a Oculta 1,categoria_producto,Neurona H1_25,0.05291926989664898,0.05291926989664898,0.010724701340820637
Capa 1 - Entrada a Oculta 1,categoria_producto,Neurona H1_26,-0.16753152385376535,0.16753152385376535,0.03395219854720589
Capa 1 - Entrada a Oculta 1,categoria_producto,Neurona H1_27,0.295912727578633,0.295912727578633,0.059970132475871865
Capa 1 - Entrada a Oculta 1,categoria_producto,Neurona H1_28,-0.19705271273212596,0.19705271273212596,0.03993500848703882
Capa 1 - Entrada a Oculta 1,categoria_producto,Neurona H1_29,0.1773856687710084,0.1773856687710084,0.0359492548447133
Capa 1 - Entrada a Oculta 1,categoria_producto,Neurona H1_30,-0.21659907602051628,0.21659907602051628,0.04389630479699493
Capa 1 - Entrada a Oculta 1,categoria_producto,Neurona H1_31,0.12363536081466249,0.12363536081466249,0.025056134041369638
Capa 1 - Entrada a Oculta 1,categoria_producto,Neurona H1_32,-0.2941352529441055,0.2941352529441055,0.05960990670870951
Capa 1 - Entrada a Oculta 1,categoria_producto,Neurona H1_33,-0.23387715237243867,0.23387715237243867,0.04739790655718847
Capa 1 - Entrada a Oculta 1,categoria_producto,Neurona H1_34,0.09262324756602983,0.09262324756602983,0.018771171055507407
Capa 1 - Entrada a Oculta 1,categoria_producto,Neurona H1_35,0.060607413248877466,0.060607413248877466,0.012282792400638665
Capa 1 - Entrada a Oculta 1,categoria_producto,Neurona H1_36,0.2160849841306975,0.2160849841306975,0.04379211813699731
Capa 1 - Entrada a Oculta 1,categoria_producto,Neurona H1_37,-0.1697422335871044,0.1697422335871044,0.03440022441165206
Capa 1 - Entrada a Oculta 1,categoria_producto,Neurona H1_38,-0.17221890194526607,0.17221890194526607,0.03490214986363617
Capa 1 - Entrada a Oculta 1,categoria_producto,Neurona H1_39,0.007935085013093958,0.007935085013093958,0.001608136639935832
Capa 1 - Entrada a Oculta 1,categoria_producto,Neurona H1_40,-0.09487745867283746,0.09487745867283746,0.019228012975792547
Capa 1 - Entrada a Oculta 1,categoria_producto,Neurona H1_41,0.15949716806225878,0.15949716806225878,0.032323943537299615
Capa 1 - Entrada a Oculta 1,categoria_producto,Neurona H1_42,-0.0803096137555646,0.0803096137555646,0.016275670923034242
Capa 1 - Entrada a Oculta 1,categoria_producto,Neurona H1_43,0.07310612110195276,0.07310612110195276,0.014815799925727182
Capa 1 - Entrada a Oculta 1,categoria_producto,Neurona H1_44,0.2873675022785732,0.2873675022785732,0.05823834385875474
Capa 1 - Entrada a Oculta 1,categoria_producto,Neurona H1_45,0.22940898329975348,0.22940898329975348,0.04649238048061132
Capa 1 - Entrada a Oculta 1,categoria_producto,Neurona H1_46,-0.10278454512547389,0.10278454512547389,0.02083047538402665
Capa 1 - Entrada a Oculta 1,categoria_producto,Neurona H1_47,-0.5093270193127635,0.5093270193127635,0.10322100394823602
Capa 1 - Entrada a Oculta 1,categoria_producto,Neurona H1_48,0.3517222855331545,0.3517222855331545,0.07128058407874564
Capa 1 - Entrada a Oculta 1,categoria_producto,Neurona H1_49,0.16166659007891995,0.16166659007891995,0.032763601969026494
Capa 1 - Entrada a Oculta 1,categoria_producto,Neurona H1_50,0.0970865008418527,0.0970865008418527,0.019675700889065652
Capa 1 - Entrada a Oculta 1,categoria_producto,Neurona H1_51,0.08017664404429496,0.08017664404429496,0.016248723075047544
Capa 1 - Entrada a Oculta 1,categoria_producto,Neurona H1_52,0.1580430450565788,0.1580430450565788,0.0320292487129154
Capa 1 - Entrada a Oculta 1,categoria_producto,Neurona H1_53,-0.17262280087362078,0.17262280087362078,0.03498400464710052
Capa 1 - Entrada a Oculta 1,categoria_producto,Neurona H1_54,-0.18626776514211413,0.18626776514211413,0.03774931427573972
Capa 1 - Entrada a Oculta 1,categoria_producto,Neurona H1_55,0.2148751038592001,0.2148751038592001,0.04354692192406199
Capa 1 - Entrada a Oculta 1,categoria_producto,Neurona H1_56,-0.1993231505915108,0.1993231505915108,0.04039513894617685
Capa 1 - Entrada a Oculta 1,categoria_producto,Neurona H1_57,0.24703876621748805,0.24703876621748805,0.050065259639100565
Capa 1 - Entrada a Oculta 1,categoria_producto,Neurona H1_58,-0.07677334998909749,0.07677334998909749,0.015559006221654324
Capa 1 - Entrada a Oculta 1,categoria_producto,Neurona H1_59,-0.04216989926220992,0.04216989926220992,0.008546217210535107
Capa 1 - Entrada a Oculta 1,categoria_producto,Neurona H1_60,0.0038709743101646315,0.0038709743101646315,0.0007844976594647562
Capa 1 - Entrada a Oculta 1,categoria_producto,Neurona H1_61,0.10694614959990731,0.10694614959990731,0.021673872603491073
Capa 1 - Entrada a Oculta 1,categoria_producto,Neurona H1_62,0.083768926895001,0.083768926895001,0.01697674069095221
Capa 1 - Entrada a Oculta 1,categoria_producto,Neurona H1_63,0.13367347468892624,0.13367347468892624,0.027090473773132333
Capa 1 - Entrada a Oculta 1,categoria_producto,Neurona H1_64,0.19272668406026328,0.19272668406026328,0.03905828880462135
Capa 1 - Entrada a Oculta 1,nombre_competidor,Neurona H1_1,0.2608691364114293,0.2608691364114293,0.05286814392024595
Capa 1 - Entrada a Oculta 1,nombre_competidor,Neurona H1_2,-0.129277222684879,0.129277222684879,0.026199522521263754
Capa 1 - Entrada a Oculta 1,nombre_competidor,Neurona H1_3,-0.03470138195909564,0.03470138195909564,0.007032635906577551
Capa 1 - Entrada a Oculta 1,nombre_competidor,Neurona H1_4,0.17531257060933658,0.17531257060933658,0.03552911755488379
Capa 1 - Entrada a Oculta 1,nombre_competidor,Neurona H1_5,-0.05582913960690661,0.05582913960690661,0.01131442005092683
Capa 1 - Entrada a Oculta 1,nombre_competidor,Neurona H1_6,0.21934498457612137,0.21934498457612137,0.04445279488511562
Capa 1 - Entrada a Oculta 1,nombre_competidor,Neurona H1_7,-0.063011255281766,0.063011255281766,0.012769958756553814
Capa 1 - Entrada a Oculta 1,nombre_competidor,Neurona H1_8,-0.008694110355866386,0.008694110355866386,0.0017619618935201368
Capa 1 - Entrada a Oculta 1,nombre_competidor,Neurona H1_9,0.1841514570520845,0.1841514570520845,0.03732041999478957
Capa 1 - Entrada a Oculta 1,nombre_competidor,Neurona H1_10,-0.010317087806755786,0.010317087806755786,0.002090877021745997
Capa 1 - Entrada a Oculta 1,nombre_competidor,Neurona H1_11,0.22792484475454533,0.22792484475454533,0.046191602660417594
Capa 1 - Entrada a Oculta 1,nombre_competidor,Neurona H1_12,-0.11956464664921852,0.11956464664921852,0.024231156792940158
Capa 1 - Entrada a Oculta 1,nombre_competidor,Neurona H1_13,-0.3153137020281476,0.3153137020281476,0.0639019640581725
Capa 1 - Entrada a Oculta 1,nombre_competidor,Neurona H1_14,-0.09149409137004702,0.09149409137004702,0.018542334508958237
Capa 1 - Entrada a Oculta 1,nombre_competidor,Neurona H1_15,-0.19118967765462982,0.19118967765462982,0.038746796701810034
Capa 1 - Entrada a Oculta 1,nombre_competidor,Neurona H1_16,-0.05041837833775693,0.05041837833775693,0.010217866777394526
Capa 1 - Entrada a Oculta 1,nombre_competidor,Neurona H1_17,0.15155246992979626,0.15155246992979626,0.030713858687677925
Capa 1 - Entrada a Oculta 1,nombre_competidor,Neurona H1_18,0.076230755777838,0.076230755777838,0.015449043236972543
Capa 1 - Entrada a Oculta 1,nombre_competidor,Neurona H1_19,-0.2220510458034176,0.2220510458034176,0.04500120945185862
Capa 1 - Entrada a Oculta 1,nombre_competidor,Neurona H1_20,0.46444402503043725,0.46444402503043725,0.09412494669159217
Capa 1 - Entrada a Oculta 1,nombre_competidor,Neurona H1_21,0.09954639357742112,0.09954639357742112,0.02017422656734785
Capa 1 - Entrada a Oculta 1,nombre_competidor,Neurona H1_22,-0.22099903517438446,0.22099903517438446,0.04478800734559782
Capa 1 - Entrada a Oculta 1,nombre_competidor,Neurona H1_23,0.0787473484859348,0.0787473484859348,0.01595905981965662
Capa 1 - Entrada a Oculta 1,nombre_competidor,Neurona H1_24,-0.09978405175138816,0.09978405175138816,0.020222390741607605
Capa 1 - Entrada a Oculta 1,nombre_competidor,Neurona H1_25,-0.08941671722261738,0.08941671722261738,0.018121330641220904
Capa 1 - Entrada a Oculta 1,nombre_competidor,Neurona H1_26,-0.12562758333847807,0.12562758333847807,0.02545988094895369
Capa 1 - Entrada a Oculta 1,nombre_competidor,Neurona H1_27,0.25783616429875456,0.25783616429875456,0.05225347708627411
Capa 1 - Entrada a Oculta 1,nombre_competidor,Neurona H1_28,0.04915804879957134,0.04915804879957134,0.009962446437800787
Capa 1 - Entrada a Oculta 1,nombre_competidor,Neurona H1_29,-0.11924885592084823,0.11924885592084823,0.024167158153983386
Capa 1 - Entrada a Oculta 1,nombre_competidor,Neurona H1_30,0.01684357906082838,0.01684357906082838,0.0034135458650634823
Capa 1 - Entrada a Oculta 1,nombre_competidor,Neurona H1_31,0.048856687494816926,0.048856687494816926,0.009901372088221073
Capa 1 - Entrada a Oculta 1,nombre_competidor,Neurona H1_32,0.04230920199376867,0.04230920199376867,0.008574448518239196
Capa 1 - Entrada a Oculta 1,nombre_competidor,Neurona H1_33,-0.04377606089955911,0.04377606089955911,0.00887172441989939
Capa 1 - Entrada a Oculta 1,nombre_competidor,Neurona H1_34,0.009123678886400342,0.009123678886400342,0.0018490189183881912
Capa 1 - Entrada a Oculta 1,nombre_competidor,Neurona H1_35,0.051952747821341766,0.051952747821341766,0.010528824477492323
Capa 1 - Entrada a Oculta 1,nombre_competidor,Neurona H1_36,-0.20202116660420388,0.20202116660420388,0.04094192305724633
Capa 1 - Entrada a Oculta 1,nombre_competidor,Neurona H1_37,0.0238009397273781,0.0238009397273781,0.004823535372001926
Capa 1 - Entrada a Oculta 1,nombre_competidor,Neurona H1_38,0.24511743551547088,0.24511743551547088,0.04967587977810992
Capa 1 - Entrada a Oculta 1,nombre_competidor,Neurona H1_39,0.015930317007803653,0.015930317007803653,0.0032284627604831765
Capa 1 - Entrada a Oculta 1,nombre_competidor,Neurona H1_40,-0.2594448062288835,0.2594448062288835,0.052579486955621285
Capa 1 - Entrada a Oculta 1,nombre_competidor,Neurona H1_41,-0.004298714136896045,0.004298714136896045,0.0008711840763829774
Capa 1 - Entrada a Oculta 1,nombre_competidor,Neurona H1_42,0.3337564307607478,0.3337564307607478,0.06763959607677739
Capa 1 - Entrada a Oculta 1,nombre_competidor,Neurona H1_43,-0.1915533410321478,0.1915533410321478,0.038820497286116876
Capa 1 - Entrada a Oculta 1,nombre_competidor,Neurona H1_44,0.016069822031735796,0.016069822031735796,0.0032567350650735127
Capa 1 - Entrada a Oculta 1,nombre_competidor,Neurona H1_45,-0.1756901212702716,0.1756901212702716,0.035605632557593865
Capa 1 - Entrada a Oculta 1,nombre_competidor,Neurona H1_46,0.02226842475418176,0.02226842475418176,0.004512953509856711
Capa 1 - Entrada a Oculta 1,nombre_competidor,Neurona H1_47,0.011047782391576421,0.011047782391576421,0.002238960719968986
Capa 1 - Entrada a Oculta 1,nombre_competidor,Neurona H1_48,-0.08500356285886772,0.08500356285886772,0.017226953930911237
Capa 1 - Entrada a Oculta 1,nombre_competidor,Neurona H1_49,0.07414922133837618,0.07414922133837618,0.015027196237997335
Capa 1 - Entrada a Oculta 1,nombre_competidor,Neurona H1_50,-0.4365231518319048,0.4365231518319048,0.08846645921030238
Capa 1 - Entrada a Oculta 1,nombre_competidor,Neurona H1_51,0.2731446374917415,0.2731446374917415,0.055355916014463866
Capa 1 - Entrada a Oculta 1,nombre_competidor,Neurona H1_52,0.010864367998412502,0.010864367998412502,0.0022017896744853166
Capa 1 - Entrada a Oculta 1,nombre_competidor,Neurona H1_53,0.13031430806971134,0.13031430806971134,0.026409699854378493
Capa 1 - Entrada a Oculta 1,nombre_competidor,Neurona H1_54,-0.002267636343803045,0.002267636343803045,0.0004595626996437101
Capa 1 - Entrada a Oculta 1,nombre_competidor,Neurona H1_55,-0.27084955730713156,0.27084955730713156,0.05489079150346346
Capa 1 - Entrada a Oculta 1,nombre_competidor,Neurona H1_56,-0.2754583506083291,0.2754583506083291,0.05582481670436761
Capa 1 - Entrada a Oculta 1,nombre_competidor,Neurona H1_57,0.18551345785238293,0.18551345785238293,0.03759644519010476
Capa 1 - Entrada a Oculta 1,nombre_competidor,Neurona H1_58,0.054538700685424435,0.054538700685424435,0.011052897696999884
Capa 1 - Entrada a Oculta 1,nombre_competidor,Neurona H1_59,0.007184216208826841,0.007184216208826841,0.0014559644030997776
Capa 1 - Entrada a Oculta 1,nombre_competidor,Neurona H1_60,-0.11682657163436518,0.11682657163436518,0.023676254262341854
Capa 1 - Entrada a Oculta 1,nombre_competidor,Neurona H1_61,-0.17016906106809668,0.17016906106809668,0.03448672593116729
Capa 1 - Entrada a Oculta 1,nombre_competidor,Neurona H1_62,0.35184471876711804,0.35184471876711804,0.07130539658789428
Capa 1 - Entrada a Oculta 1,nombre_competidor,Neurona H1_63,-0.058567792331114456,0.058567792331114456,0.011869439660999225
Capa 1 - Entrada a Oculta 1,nombre_competidor,Neurona H1_64,0.2539051119981534,0.2539051119981534,0.051456803928057265
Capa 1 - Entrada a Oculta 1,anio_ingreso,Neurona H1_1,0.06044654464123931,0.06044654464123931,0.012250190519029144
Capa 1 - Entrada a Oculta 1,anio_ingreso,Neurona H1_2,0.20598979060983147,0.20598979060983147,0.041746210555495857
Capa 1 - Entrada a Oculta 1,anio_ingreso,Neurona H1_3,0.23167510232455607,0.23167510232455607,0.046951635678032295
Capa 1 - Entrada a Oculta 1,anio_ingreso,Neurona H1_4,0.2563488342998166,0.2563488342998166,0.051952052481116
Capa 1 - Entrada a Oculta 1,anio_ingreso,Neurona H1_5,0.13620160889926386,0.13620160889926386,0.027602829374567026
Capa 1 - Entrada a Oculta 1,anio_ingreso,Neurona H1_6,0.17532096589077917,0.17532096589077917,0.035530818955646117
Capa 1 - Entrada a Oculta 1,anio_ingreso,Neurona H1_7,0.24621331799094903,0.24621331799094903,0.04989797302083788
Capa 1 - Entrada a Oculta 1,anio_ingreso,Neurona H1_8,-0.034587882599294,0.034587882599294,0.007009633950227355
Capa 1 - Entrada a Oculta 1,anio_ingreso,Neurona H1_9,0.20515688011369113,0.20515688011369113,0.041577411622098145
Capa 1 - Entrada a Oculta 1,anio_ingreso,Neurona H1_10,0.06745842208965902,0.06745842208965902,0.013671228481563444
Capa 1 - Entrada a Oculta 1,anio_ingreso,Neurona H1_11,-0.2656539379883708,0.2656539379883708,0.053837839231386936
Capa 1 - Entrada a Oculta 1,anio_ingreso,Neurona H1_12,-0.06864122643377799,0.06864122643377799,0.013910937445048302
Capa 1 - Entrada a Oculta 1,anio_ingreso,Neurona H1_13,0.12870324948370374,0.12870324948370374,0.026083200221801543
Capa 1 - Entrada a Oculta 1,anio_ingreso,Neurona H1_14,-0.18270878388189618,0.18270878388189618,0.03702804561183036
Capa 1 - Entrada a Oculta 1,anio_ingreso,Neurona H1_15,-0.01488744699317107,0.01488744699317107,0.003017113105318339
Capa 1 - Entrada a Oculta 1,anio_ingreso,Neurona H1_16,0.02044879582796055,0.02044879582796055,0.004144184688537874
Capa 1 - Entrada a Oculta 1,anio_ingreso,Neurona H1_17,-0.03308049126847217,0.03308049126847217,0.006704143684424765
Capa 1 - Entrada a Oculta 1,anio_ingreso,Neurona H1_18,-0.22412961841977058,0.22412961841977058,0.045422456203167365
Capa 1 - Entrada a Oculta 1,anio_ingreso,Neurona H1_19,0.008292123814549726,0.008292123814549726,0.0016804946773799605
Capa 1 - Entrada a Oculta 1,anio_ingreso,Neurona H1_20,0.040880937998590355,0.040880937998590355,0.008284994321043165
Capa 1 - Entrada a Oculta 1,anio_ingreso,Neurona H1_21,0.08472451584174516,0.08472451584174516,0.017170401829483328
Capa 1 - Entrada a Oculta 1,anio_ingreso,Neurona H1_22,0.024597866171561452,0.024597866171561452,0.00498504172160124
Capa 1 - Entrada a Oculta 1,anio_ingreso,Neurona H1_23,-0.2848552827746804,0.2848552827746804,0.05772921355641961
Capa 1 - Entrada a Oculta 1,anio_ingreso,Neurona H1_24,-0.31139851293056636,0.31139851293056636,0.06310850576129122
Capa 1 - Entrada a Oculta 1,anio_ingreso,Neurona H1_25,0.030206844677869736,0.030206844677869736,0.006121766007947597
Capa 1 - Entrada a Oculta 1,anio_ingreso,Neurona H1_26,0.07883890649604271,0.07883890649604271,0.01597761510803616
Capa 1 - Entrada a Oculta 1,anio_ingreso,Neurona H1_27,0.26533601771149795,0.26533601771149795,0.053773409014826676
Capa 1 - Entrada a Oculta 1,anio_ingreso,Neurona H1_28,0.20233440471062358,0.20233440471062358,0.04100540437787824
Capa 1 - Entrada a Oculta 1,anio_ingreso,Neurona H1_29,-0.027977263945482615,0.027977263945482615,0.005669915717556229
Capa 1 - Entrada a Oculta 1,anio_ingreso,Neurona H1_30,0.05031896115867747,0.05031896115867747,0.01019771873763781
Capa 1 - Entrada a Oculta 1,anio_ingreso,Neurona H1_31,-0.035231680349457804,0.035231680349457804,0.00714010700111947
Capa 1 - Entrada a Oculta 1,anio_ingreso,Neurona H1_32,-0.15619916755588872,0.15619916755588872,0.03165556563787335
Capa 1 - Entrada a Oculta 1,anio_ingreso,Neurona H1_33,-0.04583470295779231,0.04583470295779231,0.009288932013377573
Capa 1 - Entrada a Oculta 1,anio_ingreso,Neurona H1_34,-0.2767993908801811,0.2767993908801811,0.05609659400646784
Capa 1 - Entrada a Oculta 1,anio_ingreso,Neurona H1_35,0.06672550529927729,0.06672550529927729,0.01352269442771372
Capa 1 - Entrada a Oculta 1,anio_ingreso,Neurona H1_36,-0.09965964632114716,0.09965964632114716,0.02019717854410154
Capa 1 - Entrada a Oculta 1,anio_ingreso,Neurona H1_37,-0.005024076381822938,0.005024076381822938,0.0010181871143300435
Capa 1 - Entrada a Oculta 1,anio_ingreso,Neurona H1_38,0.28145516685052946,0.28145516685052946,0.0570401407879951
Capa 1 - Entrada a Oculta 1,anio_ingreso,Neurona H1_39,-0.23675165901035541,0.23675165901035541,0.04798045853218871
Capa 1 - Entrada a Oculta 1,anio_ingreso,Neurona H1_40,-0.2215430574614152,0.2215430574614152,0.04489825974633104
Capa 1 - Entrada a Oculta 1,anio_ingreso,Neurona H1_41,-0.1918899372435362,0.1918899372435362,0.038888712396541535
Capa 1 - Entrada a Oculta 1,anio_ingreso,Neurona H1_42,0.3344703888845837,0.3344703888845837,0.0677842879378508
Capa 1 - Entrada a Oculta 1,anio_ingreso,Neurona H1_43,0.2572711176026964,0.2572711176026964,0.05213896384618829
Capa 1 - Entrada a Oculta 1,anio_ingreso,Neurona H1_44,-0.15817835200632246,0.15817835200632246,0.03205667022927744
Capa 1 - Entrada a Oculta 1,anio_ingreso,Neurona H1_45,0.2934634000501528,0.2934634000501528,0.059473747958849944
Capa 1 - Entrada a Oculta 1,anio_ingreso,Neurona H1_46,0.01802512461121175,0.01802512461121175,0.0036529997194568817
Capa 1 - Entrada a Oculta 1,anio_ingreso,Neurona H1_47,-0.007290408001410175,0.007290408001410175,0.0014774853965399148
Capa 1 - Entrada a Oculta 1,anio_ingreso,Neurona H1_48,0.24610999739981337,0.24610999739981337,0.04987703390953776
Capa 1 - Entrada a Oculta 1,anio_ingreso,Neurona H1_49,0.14755107723329786,0.14755107723329786,0.029902930235696318
Capa 1 - Entrada a Oculta 1,anio_ingreso,Neurona H1_50,-0.14137799168611628,0.14137799168611628,0.028651883141241775
Capa 1 - Entrada a Oculta 1,anio_ingreso,Neurona H1_51,0.15798880944924024,0.15798880944924024,0.032018257240586316
Capa 1 - Entrada a Oculta 1,anio_ingreso,Neurona H1_52,0.02982928968647492,0.02982928968647492,0.006045250127619817
Capa 1 - Entrada a Oculta 1,anio_ingreso,Neurona H1_53,-0.08516236189613652,0.08516236189613652,0.017259136390178793
Capa 1 - Entrada a Oculta 1,anio_ingreso,Neurona H1_54,-0.24591038066431858,0.24591038066431858,0.04983657927221959
Capa 1 - Entrada a Oculta 1,anio_ingreso,Neurona H1_55,0.014099574205353842,0.014099574205353842,0.0028574415837648156
Capa 1 - Entrada a Oculta 1,anio_ingreso,Neurona H1_56,-0.15435465300416734,0.15435465300416734,0.031281753457080924
Capa 1 - Entrada a Oculta 1,anio_ingreso,Neurona H1_57,-0.1410321307367049,0.1410321307367049,0.02858179042463525
Capa 1 - Entrada a Oculta 1,anio_ingreso,Neurona H1_58,0.09982919274601995,0.09982919274601995,0.020231539085615355
Capa 1 - Entrada a Oculta 1,anio_ingreso,Neurona H1_59,-0.03280522053100146,0.03280522053100146,0.006648356889689947
Capa 1 - Entrada a Oculta 1,anio_ingreso,Neurona H1_60,0.14901265714311282,0.14901265714311282,0.030199136287841828
Capa 1 - Entrada a Oculta 1,anio_ingreso,Neurona H1_61,-0.12406157651801329,0.12406157651801329,0.025142511577078884
Capa 1 - Entrada a Oculta 1,anio_ingreso,Neurona H1_62,0.2574964153199543,0.2574964153199543,0.0521846230311143
Capa 1 - Entrada a Oculta 1,anio_ingreso,Neurona H1_63,-0.04734098672672367,0.04734098672672367,0.009594197818969072
Capa 1 - Entrada a Oculta 1,anio_ingreso,Neurona H1_64,-0.14159516315936638,0.14159516315936638,0.02869589544894938
Capa 1 - Entrada a Oculta 1,clase,Neurona H1_1,-0.19698707798126197,0.19698707798126197,0.03992170684659725
Capa 1 - Entrada a Oculta 1,clase,Neurona H1_2,0.21422660085989173,0.21422660085989173,0.04341549530007809
Capa 1 - Entrada a Oculta 1,clase,Neurona H1_3,0.2971693422296373,0.2971693422296373,0.06022479995066584
Capa 1 - Entrada a Oculta 1,clase,Neurona H1_4,0.12313413904312528,0.12313413904312528,0.024954555659510783
Capa 1 - Entrada a Oculta 1,clase,Neurona H1_5,-0.35290683028836517,0.35290683028836517,0.07152064575664258
Capa 1 - Entrada a Oculta 1,clase,Neurona H1_6,-0.1709739533823274,0.1709739533823274,0.034649846656349355
Capa 1 - Entrada a Oculta 1,clase,Neurona H1_7,0.17440625713932026,0.17440625713932026,0.035345442660916604
Capa 1 - Entrada a Oculta 1,clase,Neurona H1_8,0.04952755373184422,0.04952755373184422,0.010037330880657351
Capa 1 - Entrada a Oculta 1,clase,Neurona H1_9,0.052181374879313125,0.052181374879313125,0.010575158391772735
Capa 1 - Entrada a Oculta 1,clase,Neurona H1_10,-0.05191611329367735,0.05191611329367735,0.010521400067277855
Capa 1 - Entrada a Oculta 1,clase,Neurona H1_11,-0.1654273280566116,0.1654273280566116,0.03352575896232202
Capa 1 - Entrada a Oculta 1,clase,Neurona H1_12,-0.06727646089719397,0.06727646089719397,0.01363435194398803
Capa 1 - Entrada a Oculta 1,clase,Neurona H1_13,-0.29265059337490235,0.29265059337490235,0.0593090232969846
Capa 1 - Entrada a Oculta 1,clase,Neurona H1_14,0.20230300184534133,0.20230300184534133,0.04099904022447899
Capa 1 - Entrada a Oculta 1,clase,Neurona H1_15,0.21875288840628296,0.21875288840628296,0.044332799756706585
Capa 1 - Entrada a Oculta 1,clase,Neurona H1_16,-0.1376918392105361,0.1376918392105361,0.027904841761522595
Capa 1 - Entrada a Oculta 1,clase,Neurona H1_17,-0.10690784840097499,0.10690784840097499,0.021666110423091633
Capa 1 - Entrada a Oculta 1,clase,Neurona H1_18,0.19558593240207126,0.19558593240207126,0.03963774850965914
Capa 1 - Entrada a Oculta 1,clase,Neurona H1_19,0.23315081800904394,0.23315081800904394,0.04725070650820449
Capa 1 - Entrada a Oculta 1,clase,Neurona H1_20,0.30916725681247387,0.30916725681247387,0.06265631593463346
Capa 1 - Entrada a Oculta 1,clase,Neurona H1_21,-0.14431394848939594,0.14431394848939594,0.029246888702093597
Capa 1 - Entrada a Oculta 1,clase,Neurona H1_22,0.335298532731863,0.335298532731863,0.06795212085479493
Capa 1 - Entrada a Oculta 1,clase,Neurona H1_23,-0.18480189255309884,0.18480189255309884,0.037452238262567446
Capa 1 - Entrada a Oculta 1,clase,Neurona H1_24,0.04274509844631162,0.04274509844631162,0.008662787969599284
Capa 1 - Entrada a Oculta 1,clase,Neurona H1_25,-0.018116075282103,0.018116075282103,0.0036714319235284965
Capa 1 - Entrada a Oculta 1,clase,Neurona H1_26,0.07999201385049659,0.07999201385049659,0.016211305633520995
Capa 1 - Entrada a Oculta 1,clase,Neurona H1_27,0.23121407424719057,0.23121407424719057,0.046858203012594274
Capa 1 - Entrada a Oculta 1,clase,Neurona H1_28,0.005304661812185228,0.005304661812185228,0.001075050992971947
Capa 1 - Entrada a Oculta 1,clase,Neurona H1_29,-0.013597330710765501,0.013597330710765501,0.002755656137927229
Capa 1 - Entrada a Oculta 1,clase,Neurona H1_30,0.03989871771304127,0.03989871771304127,0.008085936034071664
Capa 1 - Entrada a Oculta 1,clase,Neurona H1_31,-0.1997773199210491,0.1997773199210491,0.04048718160713895
Capa 1 - Entrada a Oculta 1,clase,Neurona H1_32,-0.32991636724802104,0.32991636724802104,0.06686136284747908
Capa 1 - Entrada a Oculta 1,clase,Neurona H1_33,0.1701111277317011,0.1701111277317011,0.03447498507133054
Capa 1 - Entrada a Oculta 1,clase,Neurona H1_34,-0.16526596066657193,0.16526596066657193,0.03349305599669716
Capa 1 - Entrada a Oculta 1,clase,Neurona H1_35,-0.042462252753318455,0.042462252753318455,0.00860546602262584
Capa 1 - Entrada a Oculta 1,clase,Neurona H1_36,-0.06053115016213976,0.06053115016213976,0.012267336805159203
Capa 1 - Entrada a Oculta 1,clase,Neurona H1_37,0.12502369458534288,0.12502369458534288,0.025337495917317692
Capa 1 - Entrada a Oculta 1,clase,Neurona H1_38,-0.08491862055077053,0.08491862055077053,0.017209739390965362
Capa 1 - Entrada a Oculta 1,clase,Neurona H1_39,0.11799446953278125,0.11799446953278125,0.023912942262413403
Capa 1 - Entrada a Oculta 1,clase,Neurona H1_40,-0.10601073739278066,0.10601073739278066,0.021484300514314797
Capa 1 - Entrada a Oculta 1,clase,Neurona H1_41,0.1933229405196449,0.1933229405196449,0.039179127063763856
Capa 1 - Entrada a Oculta 1,clase,Neurona H1_42,-0.08523337598572805,0.08523337598572805,0.01727352821575286
Capa 1 - Entrada a Oculta 1,clase,Neurona H1_43,0.1324962582612488,0.1324962582612488,0.026851897265463096
Capa 1 - Entrada a Oculta 1,clase,Neurona H1_44,0.02602815295877701,0.02602815295877701,0.005274905860969876
Capa 1 - Entrada a Oculta 1,clase,Neurona H1_45,-0.11632311010308383,0.11632311010308383,0.023574221967298293
Capa 1 - Entrada a Oculta 1,clase,Neurona H1_46,0.059322860022303026,0.059322860022303026,0.0120224628507733
Capa 1 - Entrada a Oculta 1,clase,Neurona H1_47,0.3102952120561794,0.3102952120561794,0.06288490909433085
Capa 1 - Entrada a Oculta 1,clase,Neurona H1_48,0.04255697791540552,0.04255697791540552,0.008624663170939273
Capa 1 - Entrada a Oculta 1,clase,Neurona H1_49,-0.1520277821173953,0.1520277821173953,0.03081018619305748
Capa 1 - Entrada a Oculta 1,clase,Neurona H1_50,-0.32851808801962135,0.32851808801962135,0.06657798540963938
Capa 1 - Entrada a Oculta 1,clase,Neurona H1_51,-0.027971977996645834,0.027971977996645834,0.005668844458963885
Capa 1 - Entrada a Oculta 1,clase,Neurona H1_52,-0.012452023655193113,0.012452023655193113,0.0025235464331157813
Capa 1 - Entrada a Oculta 1,clase,Neurona H1_53,-0.1596648586071598,0.1596648586071598,0.03235792796329898
Capa 1 - Entrada a Oculta 1,clase,Neurona H1_54,0.10629069170363996,0.10629069170363996,0.02154103648929905
Capa 1 - Entrada a Oculta 1,clase,Neurona H1_55,0.015217579331305582,0.015217579331305582,0.003084018237160751
Capa 1 - Entrada a Oculta 1,clase,Neurona H1_56,0.1590241936722223,0.1590241936722223,0.03222808981360115
Capa 1 - Entrada a Oculta 1,clase,Neurona H1_57,0.3395746215620722,0.3395746215620722,0.06881871965142189
Capa 1 - Entrada a Oculta 1,clase,Neurona H1_58,-0.03111262576559861,0.03111262576559861,0.006305333008494424
Capa 1 - Entrada a Oculta 1,clase,Neurona H1_59,0.11986835040947624,0.11986835040947624,0.02429270586818646
Capa 1 - Entrada a Oculta 1,clase,Neurona H1_60,0.16747388877768415,0.16747388877768415,0.03394051813326719
Capa 1 - Entrada a Oculta 1,clase,Neurona H1_61,0.2444226167258815,0.2444226167258815,0.049535066724209334
Capa 1 - Entrada a Oculta 1,clase,Neurona H1_62,-0.12031867149161504,0.12031867149161504,0.024383968637360066
Capa 1 - Entrada a Oculta 1,clase,Neurona H1_63,-0.002010851164258681,0.002010851164258681,0.00040752221675835004
Capa 1 - Entrada a Oculta 1,clase,Neurona H1_64,-0.10099873765340747,0.10099873765340747,0.020468560871080375
Capa 1 - Entrada a Oculta 1,origen_REAL,Neurona H1_1,0.17249795128272802,0.17249795128272802,0.03495870243530766
Capa 1 - Entrada a Oculta 1,origen_REAL,Neurona H1_2,-0.19593321807477343,0.19593321807477343,0.039708129962898214
Capa 1 - Entrada a Oculta 1,origen_REAL,Neurona H1_3,0.190458517562512,0.190458517562512,0.03859861866315597
Capa 1 - Entrada a Oculta 1,origen_REAL,Neurona H1_4,0.30813253890480674,0.30813253890480674,0.062446618398114134
Capa 1 - Entrada a Oculta 1,origen_REAL,Neurona H1_5,-0.15022870168570235,0.15022870168570235,0.030445581761520468
Capa 1 - Entrada a Oculta 1,origen_REAL,Neurona H1_6,-0.06433243615400253,0.06433243615400253,0.013037711321916378
Capa 1 - Entrada a Oculta 1,origen_REAL,Neurona H1_7,0.13872577906861824,0.13872577906861824,0.028114381617305895
Capa 1 - Entrada a Oculta 1,origen_REAL,Neurona H1_8,0.009239361588577433,0.009239361588577433,0.0018724633542916234
Capa 1 - Entrada a Oculta 1,origen_REAL,Neurona H1_9,0.2306158650127527,0.2306158650127527,0.04673696900102917
Capa 1 - Entrada a Oculta 1,origen_REAL,Neurona H1_10,-0.1872526295226261,0.1872526295226261,0.03794890841909869
Capa 1 - Entrada a Oculta 1,origen_REAL,Neurona H1_11,0.25013308165380627,0.25013308165380627,0.050692358406215374
Capa 1 - Entrada a Oculta 1,origen_REAL,Neurona H1_12,0.029586680518030074,0.029586680518030074,0.0059960825771377835
Capa 1 - Entrada a Oculta 1,origen_REAL,Neurona H1_13,-0.43438872699854186,0.43438872699854186,0.0880338933620404
Capa 1 - Entrada a Oculta 1,origen_REAL,Neurona H1_14,0.09100355143023367,0.09100355143023367,0.018442920923689262
Capa 1 - Entrada a Oculta 1,origen_REAL,Neurona H1_15,-0.1316072545412613,0.1316072545412613,0.02667173039229261
Capa 1 - Entrada a Oculta 1,origen_REAL,Neurona H1_16,-0.24166558538146574,0.24166558538146574,0.04897632247445142
Capa 1 - Entrada a Oculta 1,origen_REAL,Neurona H1_17,-0.020785748716156193,0.020785748716156193,0.00421247208363767
Capa 1 - Entrada a Oculta 1,origen_REAL,Neurona H1_18,0.25285020112303824,0.25285020112303824,0.05124301405342579
Capa 1 - Entrada a Oculta 1,origen_REAL,Neurona H1_19,0.23388877833382304,0.23388877833382304,0.04740026269256016
Capa 1 - Entrada a Oculta 1,origen_REAL,Neurona H1_20,-0.20703954447542955,0.20703954447542955,0.041958955302577566
Capa 1 - Entrada a Oculta 1,origen_REAL,Neurona H1_21,0.007472941607412963,0.007472941607412963,0.001514477940330979
Capa 1 - Entrada a Oculta 1,origen_REAL,Neurona H1_22,0.07145866470667007,0.07145866470667007,0.01448192385665181
Capa 1 - Entrada a Oculta 1,origen_REAL,Neurona H1_23,-0.09245823738223422,0.09245823738223422,0.018737729835648215
Capa 1 - Entrada a Oculta 1,origen_REAL,Neurona H1_24,0.17057133229526777,0.17057133229526777,0.034568250842184414
Capa 1 - Entrada a Oculta 1,origen_REAL,Neurona H1_25,-0.027204121937208666,0.027204121937208666,0.005513229558639561
Capa 1 - Entrada a Oculta 1,origen_REAL,Neurona H1_26,-0.32578254047639527,0.32578254047639527,0.0660235951003624
Capa 1 - Entrada a Oculta 1,origen_REAL,Neurona H1_27,0.017890797145683434,0.017890797145683434,0.0036257767068855794
Capa 1 - Entrada a Oculta 1,origen_REAL,Neurona H1_28,0.1702694696324334,0.1702694696324334,0.03450707488659836
Capa 1 - Entrada a Oculta 1,origen_REAL,Neurona H1_29,-0.029044889857104312,0.029044889857104312,0.0058862824412133355
Capa 1 - Entrada a Oculta 1,origen_REAL,Neurona H1_30,-0.04973478535229206,0.04973478535229206,0.010079328762374502
Capa 1 - Entrada a Oculta 1,origen_REAL,Neurona H1_31,-0.06393003092694563,0.06393003092694563,0.012956159254274497
Capa 1 - Entrada a Oculta 1,origen_REAL,Neurona H1_32,0.21282446570032443,0.21282446570032443,0.04313133641324554
Capa 1 - Entrada a Oculta 1,origen_REAL,Neurona H1_33,0.060000999896898444,0.060000999896898444,0.012159895729884091
Capa 1 - Entrada a Oculta 1,origen_REAL,Neurona H1_34,-0.13993420786629457,0.13993420786629457,0.0283592836723047
Capa 1 - Entrada a Oculta 1,origen_REAL,Neurona H1_35,-0.2175754270306776,0.2175754270306776,0.04409417360751024
Capa 1 - Entrada a Oculta 1,origen_REAL,Neurona H1_36,0.050950894097423906,0.050950894097423906,0.01032578724743998
Capa 1 - Entrada a Oculta 1,origen_REAL,Neurona H1_37,0.18923985326481113,0.18923985326481113,0.038351642265841944
Capa 1 - Entrada a Oculta 1,origen_REAL,Neurona H1_38,0.10547632083632101,0.10547632083632101,0.021375994825842275
Capa 1 - Entrada a Oculta 1,origen_REAL,Neurona H1_39,-0.007301338033391209,0.007301338033391209,0.0014797004937789951
Capa 1 - Entrada a Oculta 1,origen_REAL,Neurona H1_40,0.06520243334812502,0.06520243334812502,0.013214026303066685
Capa 1 - Entrada a Oculta 1,origen_REAL,Neurona H1_41,0.08347367167755829,0.08347367167755829,0.0169169038105006
Capa 1 - Entrada a Oculta 1,origen_REAL,Neurona H1_42,-0.23730801574433205,0.23730801574433205,0.048093210651076725
Capa 1 - Entrada a Oculta 1,origen_REAL,Neurona H1_43,0.1736609804161527,0.1736609804161527,0.03519440372391222
Capa 1 - Entrada a Oculta 1,origen_REAL,Neurona H1_44,0.09295765654034495,0.09295765654034495,0.018838942897073326
Capa 1 - Entrada a Oculta 1,origen_REAL,Neurona H1_45,0.20767610936686395,0.20767610936686395,0.042087962531097894
Capa 1 - Entrada a Oculta 1,origen_REAL,Neurona H1_46,0.22184335403172117,0.22184335403172117,0.04495911831517551
Capa 1 - Entrada a Oculta 1,origen_REAL,Neurona H1_47,-0.18119146267365563,0.18119146267365563,0.03672054294166402
Capa 1 - Entrada a Oculta 1,origen_REAL,Neurona H1_48,-0.0035069506513921746,0.0035069506513921746,0.0007107240599999115
Capa 1 - Entrada a Oculta 1,origen_REAL,Neurona H1_49,-0.17999498184134383,0.17999498184134383,0.036478062279863104
Capa 1 - Entrada a Oculta 1,origen_REAL,Neurona H1_50,0.11764654772893399,0.11764654772893399,0.02384243188984952
Capa 1 - Entrada a Oculta 1,origen_REAL,Neurona H1_51,-0.15047022162511373,0.15047022162511373,0.03049452856715665
Capa 1 - Entrada a Oculta 1,origen_REAL,Neurona H1_52,0.1115770751644685,0.1115770751644685,0.022612383163226425
Capa 1 - Entrada a Oculta 1,origen_REAL,Neurona H1_53,-0.20183927947520958,0.20183927947520958,0.040905061529488806
Capa 1 - Entrada a Oculta 1,origen_REAL,Neurona H1_54,0.22483281156704601,0.22483281156704601,0.04556496641738931
Capa 1 - Entrada a Oculta 1,origen_REAL,Neurona H1_55,0.08194080863824249,0.08194080863824249,0.0166062514087356
Capa 1 - Entrada a Oculta 1,origen_REAL,Neurona H1_56,0.15526059468526873,0.15526059468526873,0.03146535300372978
Capa 1 - Entrada a Oculta 1,origen_REAL,Neurona H1_57,0.05084896259686342,0.05084896259686342,0.01030512965139098
Capa 1 - Entrada a Oculta 1,origen_REAL,Neurona H1_58,0.09199980569866997,0.09199980569866997,0.018644823359406232
Capa 1 - Entrada a Oculta 1,origen_REAL,Neurona H1_59,0.02726203267066267,0.02726203267066267,0.005524965837729106
Capa 1 - Entrada a Oculta 1,origen_REAL,Neurona H1_60,0.34249880408374744,0.34249880408374744,0.06941133901809612
Capa 1 - Entrada a Oculta 1,origen_REAL,Neurona H1_61,0.10011980827536349,0.10011980827536349,0.020290435679678368
Capa 1 - Entrada a Oculta 1,origen_REAL,Neurona H1_62,-0.06732942290890016,0.06732942290890016,0.013645085307450287
Capa 1 - Entrada a Oculta 1,origen_REAL,Neurona H1_63,-0.15487033856800214,0.15487033856800214,0.0313862630935272
Capa 1 - Entrada a Oculta 1,origen_REAL,Neurona H1_64,0.25807371400324847,0.25807371400324847,0.05230161927794216
Capa 1 - Entrada a Oculta 1,origen_SINTETICO,Neurona H1_1,-0.12505572450563074,0.12505572450563074,0.025343987150657235
Capa 1 - Entrada a Oculta 1,origen_SINTETICO,Neurona H1_2,0.03625676802182055,0.03625676802182055,0.007347852859210827
Capa 1 - Entrada a Oculta 1,origen_SINTETICO,Neurona H1_3,0.18351078563983217,0.18351078563983217,0.03719058053238907
Capa 1 - Entrada a Oculta 1,origen_SINTETICO,Neurona H1_4,-0.18632277964691704,0.18632277964691704,0.03776046360063738
Capa 1 - Entrada a Oculta 1,origen_SINTETICO,Neurona H1_5,-0.0021167678815451345,0.0021167678815451345,0.00042898746301204556
Capa 1 - Entrada a Oculta 1,origen_SINTETICO,Neurona H1_6,0.09847249566237459,0.09847249566237459,0.01995658874974573
Capa 1 - Entrada a Oculta 1,origen_SINTETICO,Neurona H1_7,0.09703244931682252,0.09703244931682252,0.019664746723142792
Capa 1 - Entrada a Oculta 1,origen_SINTETICO,Neurona H1_8,-0.02271981210240876,0.02271981210240876,0.004604432370170052
Capa 1 - Entrada a Oculta 1,origen_SINTETICO,Neurona H1_9,-0.26792584353550036,0.26792584353550036,0.05429826713440042
Capa 1 - Entrada a Oculta 1,origen_SINTETICO,Neurona H1_10,-0.20353887642232812,0.20353887642232812,0.04124950448369463
Capa 1 - Entrada a Oculta 1,origen_SINTETICO,Neurona H1_11,0.24485966718946015,0.24485966718946015,0.04962364004923635
Capa 1 - Entrada a Oculta 1,origen_SINTETICO,Neurona H1_12,0.22517287482777804,0.22517287482777804,0.04563388416541303
Capa 1 - Entrada a Oculta 1,origen_SINTETICO,Neurona H1_13,0.4025449650103308,0.4025449650103308,0.08158038715232292
Capa 1 - Entrada a Oculta 1,origen_SINTETICO,Neurona H1_14,0.019378552730655203,0.019378552730655203,0.00392728756196959
Capa 1 - Entrada a Oculta 1,origen_SINTETICO,Neurona H1_15,-0.25333987081172604,0.25333987081172604,0.05134225127225148
Capa 1 - Entrada a Oculta 1,origen_SINTETICO,Neurona H1_16,-0.2719903022382449,0.2719903022382449,0.055121976641053956
Capa 1 - Entrada a Oculta 1,origen_SINTETICO,Neurona H1_17,-0.04534994013322789,0.04534994013322789,0.009190689227248068
Capa 1 - Entrada a Oculta 1,origen_SINTETICO,Neurona H1_18,0.15672402655840403,0.15672402655840403,0.03176193437763509
Capa 1 - Entrada a Oculta 1,origen_SINTETICO,Neurona H1_19,0.21693010658537454,0.21693010658537454,0.04396339196485876
Capa 1 - Entrada a Oculta 1,origen_SINTETICO,Neurona H1_20,0.17615851521885312,0.17615851521885312,0.035700558001920575
Capa 1 - Entrada a Oculta 1,origen_SINTETICO,Neurona H1_21,-0.10700090892683028,0.10700090892683028,0.021684970213643674
Capa 1 - Entrada a Oculta 1,origen_SINTETICO,Neurona H1_22,0.0011160272039940882,0.0011160272039940882,0.0002261758046632768
Capa 1 - Entrada a Oculta 1,origen_SINTETICO,Neurona H1_23,-0.1639234486959024,0.1639234486959024,0.033220980437831234
Capa 1 - Entrada a Oculta 1,origen_SINTETICO,Neurona H1_24,-0.07191667116681272,0.07191667116681272,0.014574744156455443
Capa 1 - Entrada a Oculta 1,origen_SINTETICO,Neurona H1_25,0.00683456633422516,0.00683456633422516,0.0013851038170357233
Capa 1 - Entrada a Oculta 1,origen_SINTETICO,Neurona H1_26,0.07796139301526955,0.07796139301526955,0.015799776864571808
Capa 1 - Entrada a Oculta 1,origen_SINTETICO,Neurona H1_27,-0.10487542686226331,0.10487542686226331,0.02125421672078048
Capa 1 - Entrada a Oculta 1,origen_SINTETICO,Neurona H1_28,-0.28497834094582775,0.28497834094582775,0.0577541527163075
Capa 1 - Entrada a Oculta 1,origen_SINTETICO,Neurona H1_29,-0.08851463355367006,0.08851463355367006,0.01793851296530085
Capa 1 - Entrada a Oculta 1,origen_SINTETICO,Neurona H1_30,-0.12578237567185863,0.12578237567185863,0.025491251403394907
Capa 1 - Entrada a Oculta 1,origen_SINTETICO,Neurona H1_31,0.03865351088765373,0.03865351088765373,0.007833580486916271
Capa 1 - Entrada a Oculta 1,origen_SINTETICO,Neurona H1_32,-0.1027401911651391,0.1027401911651391,0.020821486541610604
Capa 1 - Entrada a Oculta 1,origen_SINTETICO,Neurona H1_33,0.015098605241734963,0.015098605241734963,0.003059906763581601
Capa 1 - Entrada a Oculta 1,origen_SINTETICO,Neurona H1_34,0.00899196138872179,0.00899196138872179,0.0018223248459506547
Capa 1 - Entrada a Oculta 1,origen_SINTETICO,Neurona H1_35,-0.19224167882729612,0.19224167882729612,0.03895999689162886
Capa 1 - Entrada a Oculta 1,origen_SINTETICO,Neurona H1_36,0.15646325984176304,0.15646325984176304,0.031709086990264417
Capa 1 - Entrada a Oculta 1,origen_SINTETICO,Neurona H1_37,0.1964595099624755,0.1964595099624755,0.039814789093394996
Capa 1 - Entrada a Oculta 1,origen_SINTETICO,Neurona H1_38,-0.010965337633361032,0.010965337633361032,0.002222252337357074
Capa 1 - Entrada a Oculta 1,origen_SINTETICO,Neurona H1_39,-0.12146708012178598,0.12146708012178598,0.02461670691209171
Capa 1 - Entrada a Oculta 1,origen_SINTETICO,Neurona H1_40,0.2627076599398227,0.2627076599398227,0.05324074195095573
Capa 1 - Entrada a Oculta 1,origen_SINTETICO,Neurona H1_41,-0.005731785747374196,0.005731785747374196,0.001161612592354628
Capa 1 - Entrada a Oculta 1,origen_SINTETICO,Neurona H1_42,0.36612141467087367,0.36612141467087367,0.07419873392985923
Capa 1 - Entrada a Oculta 1,origen_SINTETICO,Neurona H1_43,0.15443945708631385,0.15443945708631385,0.031298939983941176
Capa 1 - Entrada a Oculta 1,origen_SINTETICO,Neurona H1_44,0.11995486342223165,0.11995486342223165,0.024310238729575294
Capa 1 - Entrada a Oculta 1,origen_SINTETICO,Neurona H1_45,-0.14374669492818756,0.14374669492818756,0.02913192821529251
Capa 1 - Entrada a Oculta 1,origen_SINTETICO,Neurona H1_46,0.1807265726434693,0.1807265726434693,0.036626327606875564
Capa 1 - Entrada a Oculta 1,origen_SINTETICO,Neurona H1_47,-0.2040108024983556,0.2040108024983556,0.041345145754449586
Capa 1 - Entrada a Oculta 1,origen_SINTETICO,Neurona H1_48,-0.06883369648617294,0.06883369648617294,0.013949943724481469
Capa 1 - Entrada a Oculta 1,origen_SINTETICO,Neurona H1_49,-0.0987339848496714,0.0987339848496714,0.020009582554140412
Capa 1 - Entrada a Oculta 1,origen_SINTETICO,Neurona H1_50,-0.1446478075758253,0.1446478075758253,0.029314549102527444
Capa 1 - Entrada a Oculta 1,origen_SINTETICO,Neurona H1_51,0.23574594901070434,0.23574594901070434,0.04777663978331331
Capa 1 - Entrada a Oculta 1,origen_SINTETICO,Neurona H1_52,-0.043659071719955866,0.043659071719955866,0.008848015211253791
Capa 1 - Entrada a Oculta 1,origen_SINTETICO,Neurona H1_53,-0.24653418132996904,0.24653418132996904,0.04996299968293901
Capa 1 - Entrada a Oculta 1,origen_SINTETICO,Neurona H1_54,-0.24064660336496757,0.24064660336496757,0.04876981399805042
Capa 1 - Entrada a Oculta 1,origen_SINTETICO,Neurona H1_55,0.1672030244500467,0.1672030244500467,0.03388562434838567
Capa 1 - Entrada a Oculta 1,origen_SINTETICO,Neurona H1_56,0.29829079113580736,0.29829079113580736,0.060452074525903794
Capa 1 - Entrada a Oculta 1,origen_SINTETICO,Neurona H1_57,-0.21896874103647196,0.21896874103647196,0.044376544785633264
Capa 1 - Entrada a Oculta 1,origen_SINTETICO,Neurona H1_58,0.07569080184233722,0.07569080184233722,0.015339615334672378
Capa 1 - Entrada a Oculta 1,origen_SINTETICO,Neurona H1_59,-0.23069077444307376,0.23069077444307376,0.04675215026239906
Capa 1 - Entrada a Oculta 1,origen_SINTETICO,Neurona H1_60,0.047810952153416665,0.047810952153416665,0.00968944174148798
Capa 1 - Entrada a Oculta 1,origen_SINTETICO,Neurona H1_61,-0.0041464073464550725,0.0041464073464550725,0.0008403173459301859
Capa 1 - Entrada a Oculta 1,origen_SINTETICO,Neurona H1_62,0.3257951898206555,0.3257951898206555,0.06602615863609548
Capa 1 - Entrada a Oculta 1,origen_SINTETICO,Neurona H1_63,-0.13232339824575093,0.13232339824575093,0.02681686518653221
Capa 1 - Entrada a Oculta 1,origen_SINTETICO,Neurona H1_64,0.21399208219975094,0.21399208219975094,0.043367967384561286
Capa 1 - Entrada a Oculta 1,bias_w0,Neurona H1_1,0.036226040513879156,0.036226040513879156,0.007341625574778091
Capa 1 - Entrada a Oculta 1,bias_w0,Neurona H1_2,0.0001683755184517362,0.0001683755184517362,3.4123243801877414e-05
Capa 1 - Entrada a Oculta 1,bias_w0,Neurona H1_3,-0.012400123198748107,0.012400123198748107,0.0025130282060897464
Capa 1 - Entrada a Oculta 1,bias_w0,Neurona H1_4,0.06752521901244349,0.06752521901244349,0.01368476564956951
Capa 1 - Entrada a Oculta 1,bias_w0,Neurona H1_5,0.02735226078357953,0.02735226078357953,0.005543251607080593
Capa 1 - Entrada a Oculta 1,bias_w0,Neurona H1_6,-0.0016089483908576913,0.0016089483908576913,0.0003260719771539282
Capa 1 - Entrada a Oculta 1,bias_w0,Neurona H1_7,0.05562491785505798,0.05562491785505798,0.011273032153849769
Capa 1 - Entrada a Oculta 1,bias_w0,Neurona H1_8,0.036722054914063725,0.036722054914063725,0.0074421486226794505
Capa 1 - Entrada a Oculta 1,bias_w0,Neurona H1_9,0.05069734456917502,0.05069734456917502,0.010274402506666232
Capa 1 - Entrada a Oculta 1,bias_w0,Neurona H1_10,-0.043617313244786286,0.043617313244786286,0.008839552373888188
Capa 1 - Entrada a Oculta 1,bias_w0,Neurona H1_11,0.0003083409137061613,0.0003083409137061613,6.248884795864747e-05
Capa 1 - Entrada a Oculta 1,bias_w0,Neurona H1_12,0.023826644567305686,0.023826644567305686,0.004828744754742379
Capa 1 - Entrada a Oculta 1,bias_w0,Neurona H1_13,-0.1641247784101165,0.1641247784101165,0.033261782230074324
Capa 1 - Entrada a Oculta 1,bias_w0,Neurona H1_14,-0.011186379371340989,0.011186379371340989,0.002267048998919502
Capa 1 - Entrada a Oculta 1,bias_w0,Neurona H1_15,0.008566245216293459,0.008566245216293459,0.00173604854595317
Capa 1 - Entrada a Oculta 1,bias_w0,Neurona H1_16,0.017877815344337595,0.017877815344337595,0.0036231457948837347
Capa 1 - Entrada a Oculta 1,bias_w0,Neurona H1_17,0.006593060775632925,0.006593060775632925,0.0013361599258386568
Capa 1 - Entrada a Oculta 1,bias_w0,Neurona H1_18,-0.034365910502799406,0.034365910502799406,0.006964648740764912
Capa 1 - Entrada a Oculta 1,bias_w0,Neurona H1_19,-0.0031022748777448984,0.0031022748777448984,0.000628711839863303
Capa 1 - Entrada a Oculta 1,bias_w0,Neurona H1_20,0.012031718833662424,0.012031718833662424,0.0024383668058868537
Capa 1 - Entrada a Oculta 1,bias_w0,Neurona H1_21,0.011043612378066395,0.011043612378066395,0.0022381156185613212
Capa 1 - Entrada a Oculta 1,bias_w0,Neurona H1_22,0.009251312537254459,0.009251312537254459,0.0018748853520922527
Capa 1 - Entrada a Oculta 1,bias_w0,Neurona H1_23,-0.01843135259086384,0.01843135259086384,0.003735326512070653
Capa 1 - Entrada a Oculta 1,bias_w0,Neurona H1_24,0.034543116696804155,0.034543116696804155,0.007000561622975042
Capa 1 - Entrada a Oculta 1,bias_w0,Neurona H1_25,-9.882290052479044e-05,9.882290052479044e-05,2.0027602342811557e-05
Capa 1 - Entrada a Oculta 1,bias_w0,Neurona H1_26,-0.04303075477091179,0.04303075477091179,0.008720679523534863
Capa 1 - Entrada a Oculta 1,bias_w0,Neurona H1_27,0.006058965989002617,0.006058965989002617,0.0012279194477389753
Capa 1 - Entrada a Oculta 1,bias_w0,Neurona H1_28,0.0016363016849001457,0.0016363016849001457,0.00033161543816285545
Capa 1 - Entrada a Oculta 1,bias_w0,Neurona H1_29,0.02194194153234507,0.02194194153234507,0.004446787913584773
Capa 1 - Entrada a Oculta 1,bias_w0,Neurona H1_30,0.00402332944728174,0.00402332944728174,0.0008153741879299428
Capa 1 - Entrada a Oculta 1,bias_w0,Neurona H1_31,0.021908959060009597,0.021908959060009597,0.004440103634569385
Capa 1 - Entrada a Oculta 1,bias_w0,Neurona H1_32,0.030986471050860758,0.030986471050860758,0.006279766298278235
Capa 1 - Entrada a Oculta 1,bias_w0,Neurona H1_33,0.007160251981429146,0.007160251981429146,0.0014511077755951706
Capa 1 - Entrada a Oculta 1,bias_w0,Neurona H1_34,0.010577862937350788,0.010577862937350788,0.002143726114301637
Capa 1 - Entrada a Oculta 1,bias_w0,Neurona H1_35,0.024280136890656133,0.024280136890656133,0.00492065021258008
Capa 1 - Entrada a Oculta 1,bias_w0,Neurona H1_36,-0.016896602900868984,0.016896602900868984,0.0034242917587519158
Capa 1 - Entrada a Oculta 1,bias_w0,Neurona H1_37,-0.023654960968815673,0.023654960968815673,0.0047939510903075005
Capa 1 - Entrada a Oculta 1,bias_w0,Neurona H1_38,-0.022855822258027327,0.022855822258027327,0.004631996399325716
Capa 1 - Entrada a Oculta 1,bias_w0,Neurona H1_39,-0.0005024817878048825,0.0005024817878048825,0.00010183373871056034
Capa 1 - Entrada a Oculta 1,bias_w0,Neurona H1_40,0.008576651850722894,0.008576651850722894,0.0017381575706323987
Capa 1 - Entrada a Oculta 1,bias_w0,Neurona H1_41,0.03550947950498755,0.03550947950498755,0.00719640620898094
Capa 1 - Entrada a Oculta 1,bias_w0,Neurona H1_42,-0.014689463596402162,0.014689463596402162,0.002976989482960462
Capa 1 - Entrada a Oculta 1,bias_w0,Neurona H1_43,0.013334207084910628,0.013334207084910628,0.0027023310956785633
Capa 1 - Entrada a Oculta 1,bias_w0,Neurona H1_44,0.00955983022223741,0.00955983022223741,0.0019374100247921127
Capa 1 - Entrada a Oculta 1,bias_w0,Neurona H1_45,0.008865770204553439,0.008865770204553439,0.0017967507447830995
Capa 1 - Entrada a Oculta 1,bias_w0,Neurona H1_46,0.03222687784798103,0.03222687784798103,0.006531149064257801
Capa 1 - Entrada a Oculta 1,bias_w0,Neurona H1_47,-0.026620063891124448,0.026620063891124448,0.005394863448861596
Capa 1 - Entrada a Oculta 1,bias_w0,Neurona H1_48,0.02049453028144282,0.02049453028144282,0.004153453303837006
Capa 1 - Entrada a Oculta 1,bias_w0,Neurona H1_49,-0.010358583544452665,0.010358583544452665,0.002099286612327749
Capa 1 - Entrada a Oculta 1,bias_w0,Neurona H1_50,-0.05616134491912644,0.05616134491912644,0.011381745294913563
Capa 1 - Entrada a Oculta 1,bias_w0,Neurona H1_51,-0.04349509396739517,0.04349509396739517,0.008814783225510468
Capa 1 - Entrada a Oculta 1,bias_w0,Neurona H1_52,0.0006721803405396381,0.0006721803405396381,0.00013622511069290514
Capa 1 - Entrada a Oculta 1,bias_w0,Neurona H1_53,-0.03942854457389406,0.03942854457389406,0.007990650016224518
Capa 1 - Entrada a Oculta 1,bias_w0,Neurona H1_54,0.10496373387400665,0.10496373387400665,0.021272113156787578
Capa 1 - Entrada a Oculta 1,bias_w0,Neurona H1_55,0.002363364413788482,0.002363364413788482,0.00047896309882782646
Capa 1 - Entrada a Oculta 1,bias_w0,Neurona H1_56,-5.402982593644086e-05,5.402982593644086e-05,1.0949768350858252e-05
Capa 1 - Entrada a Oculta 1,bias_w0,Neurona H1_57,0.026583777574500096,0.026583777574500096,0.005387509607636753
Capa 1 - Entrada a Oculta 1,bias_w0,Neurona H1_58,0.020775878904679336,0.020775878904679336,0.004210471852330885
Capa 1 - Entrada a Oculta 1,bias_w0,Neurona H1_59,0.030399363149415007,0.030399363149415007,0.006160782100080891
Capa 1 - Entrada a Oculta 1,bias_w0,Neurona H1_60,0.022486203402404693,0.022486203402404693,0.004557088868586338
Capa 1 - Entrada a Oculta 1,bias_w0,Neurona H1_61,0.002603675189367828,0.002603675189367828,0.0005276648534458104
Capa 1 - Entrada a Oculta 1,bias_w0,Neurona H1_62,0.0051224722579602975,0.0051224722579602975,0.0010381281752479753
Capa 1 - Entrada a Oculta 1,bias_w0,Neurona H1_63,0.00963289058515019,0.00963289058515019,0.0019522165512922288
Capa 1 - Entrada a Oculta 1,bias_w0,Neurona H1_64,0.010308300153592265,0.010308300153592265,0.0020890961023219473
Capa 2 - Oculta 1 a Oculta 2,Neurona H1_1,Neurona H2_1,-0.015359036800964508,0.015359036800964508,0.0031126862274312717
Capa 2 - Oculta 1 a Oculta 2,Neurona H1_1,Neurona H2_2,-0.07950787162149134,0.07950787162149134,0.016113188618250358
Capa 2 - Oculta 1 a Oculta 2,Neurona H1_1,Neurona H2_3,0.029590913147921134,0.029590913147921134,0.005996940368478376
Capa 2 - Oculta 1 a Oculta 2,Neurona H1_1,Neurona H2_4,-0.1338142750583931,0.1338142750583931,0.027119008594458448
Capa 2 - Oculta 1 a Oculta 2,Neurona H1_1,Neurona H2_5,-0.08567542209398335,0.08567542209398335,0.017363113965880722
Capa 2 - Oculta 1 a Oculta 2,Neurona H1_1,Neurona H2_6,-0.14545434401121618,0.14545434401121618,0.029478003027854655
Capa 2 - Oculta 1 a Oculta 2,Neurona H1_1,Neurona H2_7,0.229000616070751,0.229000616070751,0.04640962014440518
Capa 2 - Oculta 1 a Oculta 2,Neurona H1_1,Neurona H2_8,-0.0028766238863044656,0.0028766238863044656,0.0005829810598433776
Capa 2 - Oculta 1 a Oculta 2,Neurona H1_1,Neurona H2_9,0.12009856680147511,0.12009856680147511,0.02433936187936672
Capa 2 - Oculta 1 a Oculta 2,Neurona H1_1,Neurona H2_10,0.00020935301385266496,0.00020935301385266496,4.242780659588604e-05
Capa 2 - Oculta 1 a Oculta 2,Neurona H1_1,Neurona H2_11,0.06162568014486477,0.06162568014486477,0.012489155949607427
Capa 2 - Oculta 1 a Oculta 2,Neurona H1_1,Neurona H2_12,0.03297798323120803,0.03297798323120803,0.006683369246552913
Capa 2 - Oculta 1 a Oculta 2,Neurona H1_1,Neurona H2_13,0.24492554730820598,0.24492554730820598,0.04963699141631354
Capa 2 - Oculta 1 a Oculta 2,Neurona H1_1,Neurona H2_14,0.06571440496775438,0.06571440496775438,0.013317783265818145
Capa 2 - Oculta 1 a Oculta 2,Neurona H1_1,Neurona H2_15,-0.1154078775266126,0.1154078775266126,0.023388739513379078
Capa 2 - Oculta 1 a Oculta 2,Neurona H1_1,Neurona H2_16,-0.2521908202008492,0.2521908202008492,0.05110938289271395
Capa 2 - Oculta 1 a Oculta 2,Neurona H1_1,Neurona H2_17,-0.1365314360799927,0.1365314360799927,0.027669672662736157
Capa 2 - Oculta 1 a Oculta 2,Neurona H1_1,Neurona H2_18,-0.004828425795704572,0.004828425795704572,0.0009785362629979304
Capa 2 - Oculta 1 a Oculta 2,Neurona H1_1,Neurona H2_19,-0.01290739540952116,0.01290739540952116,0.002615832779351316
Capa 2 - Oculta 1 a Oculta 2,Neurona H1_1,Neurona H2_20,0.1385192236543754,0.1385192236543754,0.028072520776587378
Capa 2 - Oculta 1 a Oculta 2,Neurona H1_1,Neurona H2_21,0.17550650487495292,0.17550650487495292,0.03556842057404011
Capa 2 - Oculta 1 a Oculta 2,Neurona H1_1,Neurona H2_22,-0.19171328239516958,0.19171328239516958,0.03885291125089384
Capa 2 - Oculta 1 a Oculta 2,Neurona H1_1,Neurona H2_23,0.20531952658113006,0.20531952658113006,0.04161037380753322
Capa 2 - Oculta 1 a Oculta 2,Neurona H1_1,Neurona H2_24,0.0008144958706083617,0.0008144958706083617,0.0001650669968173448
Capa 2 - Oculta 1 a Oculta 2,Neurona H1_1,Neurona H2_25,0.03302147273876421,0.03302147273876421,0.006692182897627661
Capa 2 - Oculta 1 a Oculta 2,Neurona H1_1,Neurona H2_26,-0.06758154234604834,0.06758154234604834,0.013696180223742797
Capa 2 - Oculta 1 a Oculta 2,Neurona H1_1,Neurona H2_27,0.0783342047945448,0.0783342047945448,0.015875331478172404
Capa 2 - Oculta 1 a Oculta 2,Neurona H1_1,Neurona H2_28,0.2390287012998557,0.2390287012998557,0.04844192745538063
Capa 2 - Oculta 1 a Oculta 2,Neurona H1_1,Neurona H2_29,0.10034801623858103,0.10034801623858103,0.02033668465956575
Capa 2 - Oculta 1 a Oculta 2,Neurona H1_1,Neurona H2_30,0.24459483301010435,0.24459483301010435,0.04956996834356128
Capa 2 - Oculta 1 a Oculta 2,Neurona H1_1,Neurona H2_31,0.10629564069977455,0.10629564069977455,0.021542039460533992
Capa 2 - Oculta 1 a Oculta 2,Neurona H1_1,Neurona H2_32,0.18190701830576295,0.18190701830576295,0.03686555855624223
Capa 2 - Oculta 1 a Oculta 2,Neurona H1_2,Neurona H2_1,-0.17675902606058408,0.17675902606058408,0.03582225846079062
Capa 2 - Oculta 1 a Oculta 2,Neurona H1_2,Neurona H2_2,0.08360203679676366,0.08360203679676366,0.016942918484715592
Capa 2 - Oculta 1 a Oculta 2,Neurona H1_2,Neurona H2_3,0.14865336843975152,0.14865336843975152,0.030126322281786827
Capa 2 - Oculta 1 a Oculta 2,Neurona H1_2,Neurona H2_4,-0.21017316853117574,0.21017316853117574,0.042594020415492456
Capa 2 - Oculta 1 a Oculta 2,Neurona H1_2,Neurona H2_5,0.0896666139181165,0.0896666139181165,0.018171975093242265
Capa 2 - Oculta 1 a Oculta 2,Neurona H1_2,Neurona H2_6,0.0543946247303478,0.0543946247303478,0.011023699040412064
Capa 2 - Oculta 1 a Oculta 2,Neurona H1_2,Neurona H2_7,-0.2022566672691475,0.2022566672691475,0.040989649987380056
Capa 2 - Oculta 1 a Oculta 2,Neurona H1_2,Neurona H2_8,0.07356706619048146,0.07356706619048146,0.014909215772518776
Capa 2 - Oculta 1 a Oculta 2,Neurona H1_2,Neurona H2_9,0.008221200641325692,0.008221200641325692,0.0016661212770579877
Capa 2 - Oculta 1 a Oculta 2,Neurona H1_2,Neurona H2_10,-0.14304131145583637,0.14304131145583637,0.028988974106392448
Capa 2 - Oculta 1 a Oculta 2,Neurona H1_2,Neurona H2_11,-0.2466908606170226,0.2466908606170226,0.04999475255033918
Capa 2 - Oculta 1 a Oculta 2,Neurona H1_2,Neurona H2_12,-0.02140287919456807,0.02140287919456807,0.0043375407038626105
Capa 2 - Oculta 1 a Oculta 2,Neurona H1_2,Neurona H2_13,0.011713036027374928,0.011713036027374928,0.0023737820539323595
Capa 2 - Oculta 1 a Oculta 2,Neurona H1_2,Neurona H2_14,-0.004466235481329977,0.004466235481329977,0.0009051342119531664
Capa 2 - Oculta 1 a Oculta 2,Neurona H1_2,Neurona H2_15,-0.1117562058236136,0.1117562058236136,0.022648686060527678
Capa 2 - Oculta 1 a Oculta 2,Neurona H1_2,Neurona H2_16,0.15988762595127562,0.15988762595127562,0.03240307433887816
Capa 2 - Oculta 1 a Oculta 2,Neurona H1_2,Neurona H2_17,0.04227311452578083,0.04227311452578083,0.00856713497598754
Capa 2 - Oculta 1 a Oculta 2,Neurona H1_2,Neurona H2_18,0.045385415411512316,0.045385415411512316,0.009197878702184628
Capa 2 - Oculta 1 a Oculta 2,Neurona H1_2,Neurona H2_19,-0.17368207712720518,0.17368207712720518,0.035198679216105394
Capa 2 - Oculta 1 a Oculta 2,Neurona H1_2,Neurona H2_20,-0.03957142182872495,0.03957142182872495,0.00801960574236077
Capa 2 - Oculta 1 a Oculta 2,Neurona H1_2,Neurona H2_21,0.014436600779609194,0.014436600779609194,0.002925743912195795
Capa 2 - Oculta 1 a Oculta 2,Neurona H1_2,Neurona H2_22,0.23291546836881502,0.23291546836881502,0.04720301018497376
Capa 2 - Oculta 1 a Oculta 2,Neurona H1_2,Neurona H2_23,0.1756221510574823,0.1756221510574823,0.03559185760881508
Capa 2 - Oculta 1 a Oculta 2,Neurona H1_2,Neurona H2_24,-0.07767166690836867,0.07767166690836867,0.015741060522240953
Capa 2 - Oculta 1 a Oculta 2,Neurona H1_2,Neurona H2_25,-0.03835830829673614,0.03835830829673614,0.007773754271837893
Capa 2 - Oculta 1 a Oculta 2,Neurona H1_2,Neurona H2_26,0.17787393232722598,0.17787393232722598,0.03604820709455098
Capa 2 - Oculta 1 a Oculta 2,Neurona H1_2,Neurona H2_27,0.07259748470383026,0.07259748470383026,0.014712718884140854
Capa 2 - Oculta 1 a Oculta 2,Neurona H1_2,Neurona H2_28,0.08724000836142672,0.08724000836142672,0.01768019544627624
Capa 2 - Oculta 1 a Oculta 2,Neurona H1_2,Neurona H2_29,-0.112825778424946,0.112825778424946,0.022865447303341817
Capa 2 - Oculta 1 a Oculta 2,Neurona H1_2,Neurona H2_30,-0.13019637631857717,0.13019637631857717,0.026385799622724044
Capa 2 - Oculta 1 a Oculta 2,Neurona H1_2,Neurona H2_31,-0.18603553129574052,0.18603553129574052,0.03770224940412583
Capa 2 - Oculta 1 a Oculta 2,Neurona H1_2,Neurona H2_32,-0.2235593581355373,0.2235593581355373,0.04530688636921315
Capa 2 - Oculta 1 a Oculta 2,Neurona H1_3,Neurona H2_1,-0.21731889642618665,0.21731889642618665,0.04404218471720017
Capa 2 - Oculta 1 a Oculta 2,Neurona H1_3,Neurona H2_2,0.16587780001926164,0.16587780001926164,0.03361705230917413
Capa 2 - Oculta 1 a Oculta 2,Neurona H1_3,Neurona H2_3,-0.12282851539343367,0.12282851539343367,0.024892617496493123
Capa 2 - Oculta 1 a Oculta 2,Neurona H1_3,Neurona H2_4,-0.23013719747499337,0.23013719747499337,0.04663996149518035
Capa 2 - Oculta 1 a Oculta 2,Neurona H1_3,Neurona H2_5,0.2630502412066457,0.2630502412066457,0.05331017000200051
Capa 2 - Oculta 1 a Oculta 2,Neurona H1_3,Neurona H2_6,-0.12195689884213173,0.12195689884213173,0.024715974333904416
Capa 2 - Oculta 1 a Oculta 2,Neurona H1_3,Neurona H2_7,-0.13432368836442465,0.13432368836442465,0.02722224708540699
Capa 2 - Oculta 1 a Oculta 2,Neurona H1_3,Neurona H2_8,-0.15844127478171244,0.15844127478171244,0.03210995456685927
Capa 2 - Oculta 1 a Oculta 2,Neurona H1_3,Neurona H2_9,0.2267694340728198,0.2267694340728198,0.045957445339054305
Capa 2 - Oculta 1 a Oculta 2,Neurona H1_3,Neurona H2_10,-0.16234699840148667,0.16234699840148667,0.03290149457532261
Capa 2 - Oculta 1 a Oculta 2,Neurona H1_3,Neurona H2_11,0.15446233856939107,0.15446233856939107,0.03130357718080193
Capa 2 - Oculta 1 a Oculta 2,Neurona H1_3,Neurona H2_12,0.1706110019513959,0.1706110019513959,0.0345762903562423
Capa 2 - Oculta 1 a Oculta 2,Neurona H1_3,Neurona H2_13,0.09030580838680151,0.09030580838680151,0.018301515235967954
Capa 2 - Oculta 1 a Oculta 2,Neurona H1_3,Neurona H2_14,0.11956146632380969,0.11956146632380969,0.02423051226325857
Capa 2 - Oculta 1 a Oculta 2,Neurona H1_3,Neurona H2_15,-0.12070324690724804,0.12070324690724804,0.024461907287756057
Capa 2 - Oculta 1 a Oculta 2,Neurona H1_3,Neurona H2_16,0.041404925016669,0.041404925016669,0.008391186343086094
Capa 2 - Oculta 1 a Oculta 2,Neurona H1_3,Neurona H2_17,0.09472870927665751,0.09472870927665751,0.019197867192379942
Capa 2 - Oculta 1 a Oculta 2,Neurona H1_3,Neurona H2_18,0.00874424317778698,0.00874424317778698,0.001772121888990992
Capa 2 - Oculta 1 a Oculta 2,Neurona H1_3,Neurona H2_19,0.24401717590386243,0.24401717590386243,0.04945289945818274
Capa 2 - Oculta 1 a Oculta 2,Neurona H1_3,Neurona H2_20,0.04556809333009336,0.04556809333009336,0.0092349004925867
Capa 2 - Oculta 1 a Oculta 2,Neurona H1_3,Neurona H2_21,0.27956465337291275,0.27956465337291275,0.056657006393513995
Capa 2 - Oculta 1 a Oculta 2,Neurona H1_3,Neurona H2_22,0.11509451928193831,0.11509451928193831,0.023325233845342106
Capa 2 - Oculta 1 a Oculta 2,Neurona H1_3,Neurona H2_23,-0.011478593723408141,0.011478593723408141,0.002326269612876235
Capa 2 - Oculta 1 a Oculta 2,Neurona H1_3,Neurona H2_24,-0.043216961299361915,0.043216961299361915,0.008758416427487595
Capa 2 - Oculta 1 a Oculta 2,Neurona H1_3,Neurona H2_25,-0.04467883743417772,0.04467883743417772,0.009054682513051365
Capa 2 - Oculta 1 a Oculta 2,Neurona H1_3,Neurona H2_26,-0.31180706792812035,0.31180706792812035,0.06319130415096333
Capa 2 - Oculta 1 a Oculta 2,Neurona H1_3,Neurona H2_27,0.030208086881946997,0.030208086881946997,0.006122017754953159
Capa 2 - Oculta 1 a Oculta 2,Neurona H1_3,Neurona H2_28,0.001540040033350103,0.001540040033350103,0.00031210690251101106
Capa 2 - Oculta 1 a Oculta 2,Neurona H1_3,Neurona H2_29,-0.12816694353688984,0.12816694353688984,0.025974511626548468
Capa 2 - Oculta 1 a Oculta 2,Neurona H1_3,Neurona H2_30,-0.13833921243736874,0.13833921243736874,0.02803603942406372
Capa 2 - Oculta 1 a Oculta 2,Neurona H1_3,Neurona H2_31,-0.03438295892156517,0.03438295892156517,0.006968103799762383
Capa 2 - Oculta 1 a Oculta 2,Neurona H1_3,Neurona H2_32,-0.15073439032405156,0.15073439032405156,0.03054806540553773
Capa 2 - Oculta 1 a Oculta 2,Neurona H1_4,Neurona H2_1,0.37429208154763405,0.37429208154763405,0.07585461395578792
Capa 2 - Oculta 1 a Oculta 2,Neurona H1_4,Neurona H2_2,-0.11279173320898032,0.11279173320898032,0.0228585476470535
Capa 2 - Oculta 1 a Oculta 2,Neurona H1_4,Neurona H2_3,-0.1113546925720073,0.1113546925720073,0.022567314762014505
Capa 2 - Oculta 1 a Oculta 2,Neurona H1_4,Neurona H2_4,-0.27640014577528205,0.27640014577528205,0.056015682374085364
Capa 2 - Oculta 1 a Oculta 2,Neurona H1_4,Neurona H2_5,-0.03815694977654851,0.03815694977654851,0.007732946641731516
Capa 2 - Oculta 1 a Oculta 2,Neurona H1_4,Neurona H2_6,-0.21244741447699264,0.21244741447699264,0.043054922627335006
Capa 2 - Oculta 1 a Oculta 2,Neurona H1_4,Neurona H2_7,-0.32077276233746754,0.32077276233746754,0.06500830569012105
Capa 2 - Oculta 1 a Oculta 2,Neurona H1_4,Neurona H2_8,-0.024923722446796633,0.024923722446796633,0.0050510802599022155
Capa 2 - Oculta 1 a Oculta 2,Neurona H1_4,Neurona H2_9,0.2913109156459409,0.2913109156459409,0.05903752212994053
Capa 2 - Oculta 1 a Oculta 2,Neurona H1_4,Neurona H2_10,-0.010259090831798922,0.010259090831798922,0.002079123264819679
Capa 2 - Oculta 1 a Oculta 2,Neurona H1_4,Neurona H2_11,-0.2138783042728281,0.2138783042728281,0.04334490897336612
Capa 2 - Oculta 1 a Oculta 2,Neurona H1_4,Neurona H2_12,-0.1779276919018674,0.1779276919018674,0.0360591020933551
Capa 2 - Oculta 1 a Oculta 2,Neurona H1_4,Neurona H2_13,0.06171296935762342,0.06171296935762342,0.012506846116893186
Capa 2 - Oculta 1 a Oculta 2,Neurona H1_4,Neurona H2_14,0.14865096662328173,0.14865096662328173,0.030125835525934674
Capa 2 - Oculta 1 a Oculta 2,Neurona H1_4,Neurona H2_15,0.04213819447249196,0.04213819447249196,0.008539791868661292
Capa 2 - Oculta 1 a Oculta 2,Neurona H1_4,Neurona H2_16,-0.098316086226574,0.098316086226574,0.019924890570819163
Capa 2 - Oculta 1 a Oculta 2,Neurona H1_4,Neurona H2_17,-0.18790808695213643,0.18790808695213643,0.03808174443869701
Capa 2 - Oculta 1 a Oculta 2,Neurona H1_4,Neurona H2_18,0.10458304764015361,0.10458304764015361,0.021194962694005132
Capa 2 - Oculta 1 a Oculta 2,Neurona H1_4,Neurona H2_19,0.12091127132779227,0.12091127132779227,0.024504065839570762
Capa 2 - Oculta 1 a Oculta 2,Neurona H1_4,Neurona H2_20,0.026385832100796397,0.026385832100796397,0.005347393670826107
Capa 2 - Oculta 1 a Oculta 2,Neurona H1_4,Neurona H2_21,0.08800957839579483,0.08800957839579483,0.017836157703419283
Capa 2 - Oculta 1 a Oculta 2,Neurona H1_4,Neurona H2_22,0.10868367271755176,0.10868367271755176,0.02202600173425764
Capa 2 - Oculta 1 a Oculta 2,Neurona H1_4,Neurona H2_23,-0.14958901022231252,0.14958901022231252,0.030315940897076822
Capa 2 - Oculta 1 a Oculta 2,Neurona H1_4,Neurona H2_24,-0.25279349317826955,0.25279349317826955,0.05123152153335732
Capa 2 - Oculta 1 a Oculta 2,Neurona H1_4,Neurona H2_25,0.11791765961946789,0.11791765961946789,0.023897375846211728
Capa 2 - Oculta 1 a Oculta 2,Neurona H1_4,Neurona H2_26,0.022046697639676854,0.022046697639676854,0.004468017948824383
Capa 2 - Oculta 1 a Oculta 2,Neurona H1_4,Neurona H2_27,0.2278262567620904,0.2278262567620904,0.04617162266490867
Capa 2 - Oculta 1 a Oculta 2,Neurona H1_4,Neurona H2_28,0.12503935406967295,0.12503935406967295,0.02534066949270751
Capa 2 - Oculta 1 a Oculta 2,Neurona H1_4,Neurona H2_29,-0.20289435594096397,0.20289435594096397,0.04111888496297614
Capa 2 - Oculta 1 a Oculta 2,Neurona H1_4,Neurona H2_30,-0.014333298370529024,0.014333298370529024,0.002904808485699251
Capa 2 - Oculta 1 a Oculta 2,Neurona H1_4,Neurona H2_31,-0.25487386967989606,0.25487386967989606,0.05165313386285429
Capa 2 - Oculta 1 a Oculta 2,Neurona H1_4,Neurona H2_32,0.08158555979365717,0.08158555979365717,0.016534256126727927
Capa 2 - Oculta 1 a Oculta 2,Neurona H1_5,Neurona H2_1,-0.2922410037658633,0.2922410037658633,0.05922601523134374
Capa 2 - Oculta 1 a Oculta 2,Neurona H1_5,Neurona H2_2,0.15791648727402507,0.15791648727402507,0.032003600316350286
Capa 2 - Oculta 1 a Oculta 2,Neurona H1_5,Neurona H2_3,0.032784159863158344,0.032784159863158344,0.006644088702069506
Capa 2 - Oculta 1 a Oculta 2,Neurona H1_5,Neurona H2_4,-0.01735536340691378,0.01735536340691378,0.003517264874667971
Capa 2 - Oculta 1 a Oculta 2,Neurona H1_5,Neurona H2_5,-0.0770593853996376,0.0770593853996376,0.015616974601734637
Capa 2 - Oculta 1 a Oculta 2,Neurona H1_5,Neurona H2_6,-0.048183322477816516,0.048183322477816516,0.009764906889158619
Capa 2 - Oculta 1 a Oculta 2,Neurona H1_5,Neurona H2_7,0.056525588790589484,0.056525588790589484,0.011455563523023942
Capa 2 - Oculta 1 a Oculta 2,Neurona H1_5,Neurona H2_8,-0.08188220055180595,0.08188220055180595,0.016594373803008676
Capa 2 - Oculta 1 a Oculta 2,Neurona H1_5,Neurona H2_9,-0.08224185521109073,0.08224185521109073,0.016667261974258905
Capa 2 - Oculta 1 a Oculta 2,Neurona H1_5,Neurona H2_10,-0.07090877840068281,0.07090877840068281,0.014370483044738909
Capa 2 - Oculta 1 a Oculta 2,Neurona H1_5,Neurona H2_11,-0.020266463394054374,0.020266463394054374,0.004107232914596025
Capa 2 - Oculta 1 a Oculta 2,Neurona H1_5,Neurona H2_12,0.10743925528825471,0.10743925528825471,0.021773806167338684
Capa 2 - Oculta 1 a Oculta 2,Neurona H1_5,Neurona H2_13,-0.13701989882132842,0.13701989882132842,0.027768665279738907
Capa 2 - Oculta 1 a Oculta 2,Neurona H1_5,Neurona H2_14,0.07930062183165267,0.07930062183165267,0.016071187054296273
Capa 2 - Oculta 1 a Oculta 2,Neurona H1_5,Neurona H2_15,0.0927778480023855,0.0927778480023855,0.018802502619799835
Capa 2 - Oculta 1 a Oculta 2,Neurona H1_5,Neurona H2_16,-0.18994714075902058,0.18994714075902058,0.038494982246765876
Capa 2 - Oculta 1 a Oculta 2,Neurona H1_5,Neurona H2_17,0.0016553463849113788,0.0016553463849113788,0.0003354750666147388
Capa 2 - Oculta 1 a Oculta 2,Neurona H1_5,Neurona H2_18,-0.16377648789591803,0.16377648789591803,0.03319119713409861
Capa 2 - Oculta 1 a Oculta 2,Neurona H1_5,Neurona H2_19,-0.12431972082979491,0.12431972082979491,0.025194827503812123
Capa 2 - Oculta 1 a Oculta 2,Neurona H1_5,Neurona H2_20,0.18820909614688502,0.18820909614688502,0.03814274742911665
Capa 2 - Oculta 1 a Oculta 2,Neurona H1_5,Neurona H2_21,-0.12236399354879554,0.12236399354879554,0.024798476778759102
Capa 2 - Oculta 1 a Oculta 2,Neurona H1_5,Neurona H2_22,0.009065573338656305,0.009065573338656305,0.0018372431579323759
Capa 2 - Oculta 1 a Oculta 2,Neurona H1_5,Neurona H2_23,-0.3035150318374656,0.3035150318374656,0.06151082725184403
Capa 2 - Oculta 1 a Oculta 2,Neurona H1_5,Neurona H2_24,-0.05094334708352302,0.05094334708352302,0.010324257757893732
Capa 2 - Oculta 1 a Oculta 2,Neurona H1_5,Neurona H2_25,0.11012614568259468,0.11012614568259468,0.02231833554333147
Capa 2 - Oculta 1 a Oculta 2,Neurona H1_5,Neurona H2_26,-0.025891832194184058,0.025891832194184058,0.005247278883317557
Capa 2 - Oculta 1 a Oculta 2,Neurona H1_5,Neurona H2_27,-0.14136036600498192,0.14136036600498192,0.02864831109335706
Capa 2 - Oculta 1 a Oculta 2,Neurona H1_5,Neurona H2_28,-0.14112339574036104,0.14112339574036104,0.02860028633187268
Capa 2 - Oculta 1 a Oculta 2,Neurona H1_5,Neurona H2_29,0.23712647204240941,0.23712647204240941,0.048056418722782365
Capa 2 - Oculta 1 a Oculta 2,Neurona H1_5,Neurona H2_30,-0.23074225787059005,0.23074225787059005,0.046762583973695385
Capa 2 - Oculta 1 a Oculta 2,Neurona H1_5,Neurona H2_31,0.06762149747494332,0.06762149747494332,0.013704277592154522
Capa 2 - Oculta 1 a Oculta 2,Neurona H1_5,Neurona H2_32,-0.24602031693978255,0.24602031693978255,0.049858859128369834
Capa 2 - Oculta 1 a Oculta 2,Neurona H1_6,Neurona H2_1,-0.1381514916263412,0.1381514916263412,0.02799799563325446
Capa 2 - Oculta 1 a Oculta 2,Neurona H1_6,Neurona H2_2,-0.10438693654791509,0.10438693654791509,0.02115521851578824
Capa 2 - Oculta 1 a Oculta 2,Neurona H1_6,Neurona H2_3,0.21082646813789946,0.21082646813789946,0.04272641912737701
Capa 2 - Oculta 1 a Oculta 2,Neurona H1_6,Neurona H2_4,-0.06482158577441831,0.06482158577441831,0.013136843142899177
Capa 2 - Oculta 1 a Oculta 2,Neurona H1_6,Neurona H2_5,0.038123952545380514,0.038123952545380514,0.007726259371668231
Capa 2 - Oculta 1 a Oculta 2,Neurona H1_6,Neurona H2_6,-0.12214580118734442,0.12214580118734442,0.024754257576264774
Capa 2 - Oculta 1 a Oculta 2,Neurona H1_6,Neurona H2_7,-0.09782588994876035,0.09782588994876035,0.01982554663262423
Capa 2 - Oculta 1 a Oculta 2,Neurona H1_6,Neurona H2_8,-0.14353909950409996,0.14353909950409996,0.029089856604565294
Capa 2 - Oculta 1 a Oculta 2,Neurona H1_6,Neurona H2_9,-0.4094099615282443,0.4094099615282443,0.08297165799759695
Capa 2 - Oculta 1 a Oculta 2,Neurona H1_6,Neurona H2_10,-0.02744411782431282,0.02744411782431282,0.0055618674974706175
Capa 2 - Oculta 1 a Oculta 2,Neurona H1_6,Neurona H2_11,-0.15324897137004878,0.15324897137004878,0.03105767430165964
Capa 2 - Oculta 1 a Oculta 2,Neurona H1_6,Neurona H2_12,0.18526407314864446,0.18526407314864446,0.03754590449912796
Capa 2 - Oculta 1 a Oculta 2,Neurona H1_6,Neurona H2_13,0.03055573204739669,0.03055573204739669,0.00619247206355019
Capa 2 - Oculta 1 a Oculta 2,Neurona H1_6,Neurona H2_14,-0.16239425020966444,0.16239425020966444,0.032911070700078496
Capa 2 - Oculta 1 a Oculta 2,Neurona H1_6,Neurona H2_15,0.04361141840372697,0.04361141840372697,0.008838357716253336
Capa 2 - Oculta 1 a Oculta 2,Neurona H1_6,Neurona H2_16,0.09660945870112804,0.09660945870112804,0.019579022788701654
Capa 2 - Oculta 1 a Oculta 2,Neurona H1_6,Neurona H2_17,0.10392624576537765,0.10392624576537765,0.021061854207043384
Capa 2 - Oculta 1 a Oculta 2,Neurona H1_6,Neurona H2_18,-0.19845770169943105,0.19845770169943105,0.040219745730975164
Capa 2 - Oculta 1 a Oculta 2,Neurona H1_6,Neurona H2_19,-0.09828705139473859,0.09828705139473859,0.01991900632675223
Capa 2 - Oculta 1 a Oculta 2,Neurona H1_6,Neurona H2_20,-0.009081028495858729,0.009081028495858729,0.0018403753240694965
Capa 2 - Oculta 1 a Oculta 2,Neurona H1_6,Neurona H2_21,-0.2501829144811469,0.2501829144811469,0.05070245760431921
Capa 2 - Oculta 1 a Oculta 2,Neurona H1_6,Neurona H2_22,0.07561706494883678,0.07561706494883678,0.015324671701433739
Capa 2 - Oculta 1 a Oculta 2,Neurona H1_6,Neurona H2_23,-0.3775789248150261,0.3775789248150261,0.0765207307118526
Capa 2 - Oculta 1 a Oculta 2,Neurona H1_6,Neurona H2_24,0.2875476049972571,0.2875476049972571,0.05827484375515026
Capa 2 - Oculta 1 a Oculta 2,Neurona H1_6,Neurona H2_25,0.21031537174581255,0.21031537174581255,0.04262283953959721
Capa 2 - Oculta 1 a Oculta 2,Neurona H1_6,Neurona H2_26,0.014016985937876852,0.014016985937876852,0.0028407041173432956
Capa 2 - Oculta 1 a Oculta 2,Neurona H1_6,Neurona H2_27,-0.2324236405085451,0.2324236405085451,0.04710333558774687
Capa 2 - Oculta 1 a Oculta 2,Neurona H1_6,Neurona H2_28,-0.18228714245782626,0.18228714245782626,0.036942595106657115
Capa 2 - Oculta 1 a Oculta 2,Neurona H1_6,Neurona H2_29,0.13255781502520478,0.13255781502520478,0.026864372454750943
Capa 2 - Oculta 1 a Oculta 2,Neurona H1_6,Neurona H2_30,0.09413760138000905,0.09413760138000905,0.019078072348948878
Capa 2 - Oculta 1 a Oculta 2,Neurona H1_6,Neurona H2_31,0.3214052589989235,0.3214052589989235,0.06513648844484216
Capa 2 - Oculta 1 a Oculta 2,Neurona H1_6,Neurona H2_32,-0.11109347721940466,0.11109347721940466,0.022514376453383802
Capa 2 - Oculta 1 a Oculta 2,Neurona H1_7,Neurona H2_1,-0.1716475048187149,0.1716475048187149,0.03478634963545403
Capa 2 - Oculta 1 a Oculta 2,Neurona H1_7,Neurona H2_2,0.22711778713367528,0.22711778713367528,0.04602804311083257
Capa 2 - Oculta 1 a Oculta 2,Neurona H1_7,Neurona H2_3,-0.08787769362210571,0.08787769362210571,0.017809429730565915
Capa 2 - Oculta 1 a Oculta 2,Neurona H1_7,Neurona H2_4,-0.18465836178474135,0.18465836178474135,0.037423150094365976
Capa 2 - Oculta 1 a Oculta 2,Neurona H1_7,Neurona H2_5,0.044420210021804775,0.044420210021804775,0.009002268680402764
Capa 2 - Oculta 1 a Oculta 2,Neurona H1_7,Neurona H2_6,0.23555960779925794,0.23555960779925794,0.0477388755842956
Capa 2 - Oculta 1 a Oculta 2,Neurona H1_7,Neurona H2_7,0.011813777257640105,0.011813777257640105,0.0023941984279566217
Capa 2 - Oculta 1 a Oculta 2,Neurona H1_7,Neurona H2_8,-0.2022858737772861,0.2022858737772861,0.040995569023632945
Capa 2 - Oculta 1 a Oculta 2,Neurona H1_7,Neurona H2_9,-0.36757385666210646,0.36757385666210646,0.07449308807724751
Capa 2 - Oculta 1 a Oculta 2,Neurona H1_7,Neurona H2_10,-0.140370655758832,0.140370655758832,0.02844773487934962
Capa 2 - Oculta 1 a Oculta 2,Neurona H1_7,Neurona H2_11,-0.0726384097398229,0.0726384097398229,0.014721012815429788
Capa 2 - Oculta 1 a Oculta 2,Neurona H1_7,Neurona H2_12,0.044141179308119304,0.044141179308119304,0.008945719883054707
Capa 2 - Oculta 1 a Oculta 2,Neurona H1_7,Neurona H2_13,0.13915506381248485,0.13915506381248485,0.028201381129527657
Capa 2 - Oculta 1 a Oculta 2,Neurona H1_7,Neurona H2_14,-0.28411624665148816,0.28411624665148816,0.05757943934908844
Capa 2 - Oculta 1 a Oculta 2,Neurona H1_7,Neurona H2_15,0.3235784989096458,0.3235784989096458,0.06557692061690285
Capa 2 - Oculta 1 a Oculta 2,Neurona H1_7,Neurona H2_16,-0.1303483219313114,0.1303483219313114,0.026416593156342427
Capa 2 - Oculta 1 a Oculta 2,Neurona H1_7,Neurona H2_17,-0.0741500971917483,0.0741500971917483,0.015027373739800603
Capa 2 - Oculta 1 a Oculta 2,Neurona H1_7,Neurona H2_18,0.08693389366420515,0.08693389366420515,0.017618157766804306
Capa 2 - Oculta 1 a Oculta 2,Neurona H1_7,Neurona H2_19,0.022231661187310313,0.022231661187310313,0.004505502948356343
Capa 2 - Oculta 1 a Oculta 2,Neurona H1_7,Neurona H2_20,-0.07271096470873338,0.07271096470873338,0.014735716917997285
Capa 2 - Oculta 1 a Oculta 2,Neurona H1_7,Neurona H2_21,0.10233462827012794,0.10233462827012794,0.02073929453608203
Capa 2 - Oculta 1 a Oculta 2,Neurona H1_7,Neurona H2_22,-0.23436943073787972,0.23436943073787972,0.0474976724544923
Capa 2 - Oculta 1 a Oculta 2,Neurona H1_7,Neurona H2_23,0.08973088345981663,0.08973088345981663,0.018185000058276578
Capa 2 - Oculta 1 a Oculta 2,Neurona H1_7,Neurona H2_24,0.20084026198611696,0.20084026198611696,0.040702599095186524
Capa 2 - Oculta 1 a Oculta 2,Neurona H1_7,Neurona H2_25,-0.16161357687774686,0.16161357687774686,0.032752858231427456
Capa 2 - Oculta 1 a Oculta 2,Neurona H1_7,Neurona H2_26,-0.2611227027454871,0.2611227027454871,0.05291953206691101
Capa 2 - Oculta 1 a Oculta 2,Neurona H1_7,Neurona H2_27,0.1209355605231222,0.1209355605231222,0.024508988325580697
Capa 2 - Oculta 1 a Oculta 2,Neurona H1_7,Neurona H2_28,-0.3263464890637086,0.3263464890637086,0.06613788579602631
Capa 2 - Oculta 1 a Oculta 2,Neurona H1_7,Neurona H2_29,0.25990150922382943,0.25990150922382943,0.05267204309314584
Capa 2 - Oculta 1 a Oculta 2,Neurona H1_7,Neurona H2_30,-0.08953336207982064,0.08953336207982064,0.018144970068954713
Capa 2 - Oculta 1 a Oculta 2,Neurona H1_7,Neurona H2_31,0.28892142575106505,0.28892142575106505,0.05855326440058219
Capa 2 - Oculta 1 a Oculta 2,Neurona H1_7,Neurona H2_32,-0.19525304422302572,0.19525304422302572,0.03957028487482205
Capa 2 - Oculta 1 a Oculta 2,Neurona H1_8,Neurona H2_1,-0.11829373279389171,0.11829373279389171,0.023973591419213146
Capa 2 - Oculta 1 a Oculta 2,Neurona H1_8,Neurona H2_2,-0.2763932716885454,0.2763932716885454,0.056014289261002256
Capa 2 - Oculta 1 a Oculta 2,Neurona H1_8,Neurona H2_3,-0.47056657392635054,0.47056657392635054,0.09536575194989373
Capa 2 - Oculta 1 a Oculta 2,Neurona H1_8,Neurona H2_4,-0.10290522590152236,0.10290522590152236,0.020854932737335304
Capa 2 - Oculta 1 a Oculta 2,Neurona H1_8,Neurona H2_5,0.20922668059670177,0.20922668059670177,0.04240220370222812
Capa 2 - Oculta 1 a Oculta 2,Neurona H1_8,Neurona H2_6,0.2665150131001345,0.2665150131001345,0.05401234604948392
Capa 2 - Oculta 1 a Oculta 2,Neurona H1_8,Neurona H2_7,-0.09838301559823198,0.09838301559823198,0.019938454581119425
Capa 2 - Oculta 1 a Oculta 2,Neurona H1_8,Neurona H2_8,0.0915392551438617,0.0915392551438617,0.01855148746943053
Capa 2 - Oculta 1 a Oculta 2,Neurona H1_8,Neurona H2_9,-0.07014743586601298,0.07014743586601298,0.014216188185449584
Capa 2 - Oculta 1 a Oculta 2,Neurona H1_8,Neurona H2_10,-0.028730813771782264,0.028730813771782264,0.005822631294476967
Capa 2 - Oculta 1 a Oculta 2,Neurona H1_8,Neurona H2_11,0.3679143262372111,0.3679143262372111,0.07456208816957238
Capa 2 - Oculta 1 a Oculta 2,Neurona H1_8,Neurona H2_12,-0.24649921435051822,0.24649921435051822,0.04995591322063268
Capa 2 - Oculta 1 a Oculta 2,Neurona H1_8,Neurona H2_13,0.1628029842947656,0.1628029842947656,0.03299390538391077
Capa 2 - Oculta 1 a Oculta 2,Neurona H1_8,Neurona H2_14,-0.4319441667465447,0.4319441667465447,0.0875384749886669
Capa 2 - Oculta 1 a Oculta 2,Neurona H1_8,Neurona H2_15,-0.2750481759945759,0.2750481759945759,0.05574169008076376
Capa 2 - Oculta 1 a Oculta 2,Neurona H1_8,Neurona H2_16,-0.4026104640576755,0.4026104640576755,0.08159366129087871
Capa 2 - Oculta 1 a Oculta 2,Neurona H1_8,Neurona H2_17,-0.24061754787815368,0.24061754787815368,0.0487639255680135
Capa 2 - Oculta 1 a Oculta 2,Neurona H1_8,Neurona H2_18,0.30320137715996026,0.30320137715996026,0.0614472615082696
Capa 2 - Oculta 1 a Oculta 2,Neurona H1_8,Neurona H2_19,0.0707117787186345,0.0707117787186345,0.014330558783532529
Capa 2 - Oculta 1 a Oculta 2,Neurona H1_8,Neurona H2_20,0.1335631339995394,0.1335631339995394,0.02706811195782904
Capa 2 - Oculta 1 a Oculta 2,Neurona H1_8,Neurona H2_21,0.41860120066950574,0.41860120066950574,0.08483436878205415
Capa 2 - Oculta 1 a Oculta 2,Neurona H1_8,Neurona H2_22,-0.1802956876156551,0.1802956876156551,0.036539003778626164
Capa 2 - Oculta 1 a Oculta 2,Neurona H1_8,Neurona H2_23,0.3438261178219705,0.3438261178219705,0.06968033447959457
Capa 2 - Oculta 1 a Oculta 2,Neurona H1_8,Neurona H2_24,0.0859375051556584,0.0859375051556584,0.017416228125778282
Capa 2 - Oculta 1 a Oculta 2,Neurona H1_8,Neurona H2_25,-0.2896115822758445,0.2896115822758445,0.05869313259266295
Capa 2 - Oculta 1 a Oculta 2,Neurona H1_8,Neurona H2_26,-0.3343814654713878,0.3343814654713878,0.06776626658096899
Capa 2 - Oculta 1 a Oculta 2,Neurona H1_8,Neurona H2_27,0.1368593754302531,0.1368593754302531,0.027736133360253608
Capa 2 - Oculta 1 a Oculta 2,Neurona H1_8,Neurona H2_28,-0.13008929716550624,0.13008929716550624,0.026364098795430765
Capa 2 - Oculta 1 a Oculta 2,Neurona H1_8,Neurona H2_29,0.14056027239674007,0.14056027239674007,0.028486162881375843
Capa 2 - Oculta 1 a Oculta 2,Neurona H1_8,Neurona H2_30,-0.0034284032569689695,0.0034284032569689695,0.0006948055231808338
Capa 2 - Oculta 1 a Oculta 2,Neurona H1_8,Neurona H2_31,-0.3426377599466357,0.3426377599466357,0.06943950002885729
Capa 2 - Oculta 1 a Oculta 2,Neurona H1_8,Neurona H2_32,0.4945625416266414,0.4945625416266414,0.10022881199346954
Capa 2 - Oculta 1 a Oculta 2,Neurona H1_9,Neurona H2_1,0.13565145518607918,0.13565145518607918,0.02749133436949662
Capa 2 - Oculta 1 a Oculta 2,Neurona H1_9,Neurona H2_2,-0.015710459803469176,0.015710459803469176,0.00318390615834713
Capa 2 - Oculta 1 a Oculta 2,Neurona H1_9,Neurona H2_3,-0.16515920188295055,0.16515920188295055,0.03347142009597357
Capa 2 - Oculta 1 a Oculta 2,Neurona H1_9,Neurona H2_4,-0.08272772781383314,0.08272772781383314,0.016765729669755765
Capa 2 - Oculta 1 a Oculta 2,Neurona H1_9,Neurona H2_5,-0.18640944842421864,0.18640944842421864,0.03777802802951081
Capa 2 - Oculta 1 a Oculta 2,Neurona H1_9,Neurona H2_6,0.03814374997389046,0.03814374997389046,0.007730271549245512
Capa 2 - Oculta 1 a Oculta 2,Neurona H1_9,Neurona H2_7,-0.3092439757906435,0.3092439757906435,0.06267186392177783
Capa 2 - Oculta 1 a Oculta 2,Neurona H1_9,Neurona H2_8,-0.1696058078418187,0.1696058078418187,0.03437257615844967
Capa 2 - Oculta 1 a Oculta 2,Neurona H1_9,Neurona H2_9,0.2206660038976594,0.2206660038976594,0.04472051471036298
Capa 2 - Oculta 1 a Oculta 2,Neurona H1_9,Neurona H2_10,-0.21255782505941853,0.21255782505941853,0.04307729860727003
Capa 2 - Oculta 1 a Oculta 2,Neurona H1_9,Neurona H2_11,0.03900651149714467,0.03900651149714467,0.007905120138111605
Capa 2 - Oculta 1 a Oculta 2,Neurona H1_9,Neurona H2_12,-0.12357355733312306,0.12357355733312306,0.02504360885191355
Capa 2 - Oculta 1 a Oculta 2,Neurona H1_9,Neurona H2_13,-0.2175136695120731,0.2175136695120731,0.04408165773297386
Capa 2 - Oculta 1 a Oculta 2,Neurona H1_9,Neurona H2_14,0.06760755067963868,0.06760755067963868,0.01370145111297981
Capa 2 - Oculta 1 a Oculta 2,Neurona H1_9,Neurona H2_15,-0.18653332729268834,0.18653332729268834,0.03780313351319135
Capa 2 - Oculta 1 a Oculta 2,Neurona H1_9,Neurona H2_16,-0.04423012254357997,0.04423012254357997,0.00896374525714745
Capa 2 - Oculta 1 a Oculta 2,Neurona H1_9,Neurona H2_17,-0.30128860286430975,0.30128860286430975,0.06105961570186839
Capa 2 - Oculta 1 a Oculta 2,Neurona H1_9,Neurona H2_18,-0.2367654519638471,0.2367654519638471,0.047983253833542926
Capa 2 - Oculta 1 a Oculta 2,Neurona H1_9,Neurona H2_19,-0.019642581140911268,0.019642581140911268,0.003980795969228762
Capa 2 - Oculta 1 a Oculta 2,Neurona H1_9,Neurona H2_20,-0.30482162557085984,0.30482162557085984,0.06177562356501706
Capa 2 - Oculta 1 a Oculta 2,Neurona H1_9,Neurona H2_21,0.07488439007085435,0.07488439007085435,0.015176186673926182
Capa 2 - Oculta 1 a Oculta 2,Neurona H1_9,Neurona H2_22,0.30881244529795576,0.30881244529795576,0.06258440928261573
Capa 2 - Oculta 1 a Oculta 2,Neurona H1_9,Neurona H2_23,0.20418311668403655,0.20418311668403655,0.041380067214662926
Capa 2 - Oculta 1 a Oculta 2,Neurona H1_9,Neurona H2_24,0.16457751972168017,0.16457751972168017,0.03335353548669813
Capa 2 - Oculta 1 a Oculta 2,Neurona H1_9,Neurona H2_25,-0.24400508605744964,0.24400508605744964,0.04945044931115148
Capa 2 - Oculta 1 a Oculta 2,Neurona H1_9,Neurona H2_26,-0.13641850419522097,0.13641850419522097,0.027646785711755956
Capa 2 - Oculta 1 a Oculta 2,Neurona H1_9,Neurona H2_27,-0.03529211090935124,0.03529211090935124,0.007152353952144709
Capa 2 - Oculta 1 a Oculta 2,Neurona H1_9,Neurona H2_28,0.3752327223991166,0.3752327223991166,0.07604524569014155
Capa 2 - Oculta 1 a Oculta 2,Neurona H1_9,Neurona H2_29,0.052996032913330285,0.052996032913330285,0.010740258252878101
Capa 2 - Oculta 1 a Oculta 2,Neurona H1_9,Neurona H2_30,0.09326908091246587,0.09326908091246587,0.01890205664349826
Capa 2 - Oculta 1 a Oculta 2,Neurona H1_9,Neurona H2_31,-0.3514944297567983,0.3514944297567983,0.07123440647359398
Capa 2 - Oculta 1 a Oculta 2,Neurona H1_9,Neurona H2_32,-0.04201166994023933,0.04201166994023933,0.008514150210653793
Capa 2 - Oculta 1 a Oculta 2,Neurona H1_10,Neurona H2_1,0.19405019250360503,0.19405019250360503,0.0393265130791553
Capa 2 - Oculta 1 a Oculta 2,Neurona H1_10,Neurona H2_2,-0.12654450321663852,0.12654450321663852,0.02564570535405107
Capa 2 - Oculta 1 a Oculta 2,Neurona H1_10,Neurona H2_3,-0.4611109568928872,0.4611109568928872,0.09344946193162398
Capa 2 - Oculta 1 a Oculta 2,Neurona H1_10,Neurona H2_4,-0.010557280046955136,0.010557280046955136,0.002139554753799965
Capa 2 - Oculta 1 a Oculta 2,Neurona H1_10,Neurona H2_5,0.2546281551619191,0.2546281551619191,0.05160333697741818
Capa 2 - Oculta 1 a Oculta 2,Neurona H1_10,Neurona H2_6,0.15861456543458624,0.15861456543458624,0.03214507391942889
Capa 2 - Oculta 1 a Oculta 2,Neurona H1_10,Neurona H2_7,-0.32611862648108225,0.32611862648108225,0.06609170681150539
Capa 2 - Oculta 1 a Oculta 2,Neurona H1_10,Neurona H2_8,-0.07162470472215908,0.07162470472215908,0.014515573783799756
Capa 2 - Oculta 1 a Oculta 2,Neurona H1_10,Neurona H2_9,0.12689097954496492,0.12689097954496492,0.02571592278430326
Capa 2 - Oculta 1 a Oculta 2,Neurona H1_10,Neurona H2_10,0.01195898692660876,0.01195898692660876,0.002423626844760741
Capa 2 - Oculta 1 a Oculta 2,Neurona H1_10,Neurona H2_11,-0.09481426483053941,0.09481426483053941,0.019215206013667992
Capa 2 - Oculta 1 a Oculta 2,Neurona H1_10,Neurona H2_12,-0.2661122656473232,0.2661122656473232,0.0539307246258397
Capa 2 - Oculta 1 a Oculta 2,Neurona H1_10,Neurona H2_13,-0.015795138954895177,0.015795138954895177,0.0032010673665537363
Capa 2 - Oculta 1 a Oculta 2,Neurona H1_10,Neurona H2_14,-0.019825471855343172,0.019825471855343172,0.00401786088516812
Capa 2 - Oculta 1 a Oculta 2,Neurona H1_10,Neurona H2_15,-0.060963078534007266,0.060963078534007266,0.01235487207913318
Capa 2 - Oculta 1 a Oculta 2,Neurona H1_10,Neurona H2_16,-0.20866495788541467,0.20866495788541467,0.042288364106053127
Capa 2 - Oculta 1 a Oculta 2,Neurona H1_10,Neurona H2_17,0.15278503903160023,0.15278503903160023,0.030963653054164604
Capa 2 - Oculta 1 a Oculta 2,Neurona H1_10,Neurona H2_18,0.08368883818505517,0.08368883818505517,0.016960509788737983
Capa 2 - Oculta 1 a Oculta 2,Neurona H1_10,Neurona H2_19,0.4275971497730486,0.4275971497730486,0.08665750178447734
Capa 2 - Oculta 1 a Oculta 2,Neurona H1_10,Neurona H2_20,0.06732791659297209,0.06732791659297209,0.013644780035127275
Capa 2 - Oculta 1 a Oculta 2,Neurona H1_10,Neurona H2_21,0.31851963440518355,0.31851963440518355,0.0645516832876654
Capa 2 - Oculta 1 a Oculta 2,Neurona H1_10,Neurona H2_22,0.23017420666429234,0.23017420666429234,0.046647461834902954
Capa 2 - Oculta 1 a Oculta 2,Neurona H1_10,Neurona H2_23,0.3533496730094801,0.3533496730094801,0.0716103929495685
Capa 2 - Oculta 1 a Oculta 2,Neurona H1_10,Neurona H2_24,-0.22652410684466762,0.22652410684466762,0.04590772694237495
Capa 2 - Oculta 1 a Oculta 2,Neurona H1_10,Neurona H2_25,-0.025852272950615172,0.025852272950615172,0.00523926174564023
Capa 2 - Oculta 1 a Oculta 2,Neurona H1_10,Neurona H2_26,0.09874808897516497,0.09874808897516497,0.020012440918095308
Capa 2 - Oculta 1 a Oculta 2,Neurona H1_10,Neurona H2_27,-0.20993290809216059,0.20993290809216059,0.04254532886216067
Capa 2 - Oculta 1 a Oculta 2,Neurona H1_10,Neurona H2_28,0.26449571343668066,0.26449571343668066,0.053603111646770944
Capa 2 - Oculta 1 a Oculta 2,Neurona H1_10,Neurona H2_29,-0.165263222477225,0.165263222477225,0.03349250107099584
Capa 2 - Oculta 1 a Oculta 2,Neurona H1_10,Neurona H2_30,0.39249782059297816,0.39249782059297816,0.07954421727668705
Capa 2 - Oculta 1 a Oculta 2,Neurona H1_10,Neurona H2_31,-0.16742731430547259,0.16742731430547259,0.033931079278469105
Capa 2 - Oculta 1 a Oculta 2,Neurona H1_10,Neurona H2_32,0.03580832679409592,0.03580832679409592,0.007256971064249364
Capa 2 - Oculta 1 a Oculta 2,Neurona H1_11,Neurona H2_1,-0.2894547648323223,0.2894547648323223,0.058661351726258505
Capa 2 - Oculta 1 a Oculta 2,Neurona H1_11,Neurona H2_2,0.1911120868444261,0.1911120868444261,0.038731072027833005
Capa 2 - Oculta 1 a Oculta 2,Neurona H1_11,Neurona H2_3,-0.11144533875298979,0.11144533875298979,0.0225856852576888
Capa 2 - Oculta 1 a Oculta 2,Neurona H1_11,Neurona H2_4,0.23486551225155972,0.23486551225155972,0.047598209103718765
Capa 2 - Oculta 1 a Oculta 2,Neurona H1_11,Neurona H2_5,-0.24956173681120156,0.24956173681120156,0.05057656877397893
Capa 2 - Oculta 1 a Oculta 2,Neurona H1_11,Neurona H2_6,0.1483361005511997,0.1483361005511997,0.03006202427925587
Capa 2 - Oculta 1 a Oculta 2,Neurona H1_11,Neurona H2_7,0.03232837191563766,0.03232837191563766,0.006551718009475832
Capa 2 - Oculta 1 a Oculta 2,Neurona H1_11,Neurona H2_8,0.18371359155592018,0.18371359155592018,0.03723168149399423
Capa 2 - Oculta 1 a Oculta 2,Neurona H1_11,Neurona H2_9,0.0523101244282103,0.0523101244282103,0.010601250975105503
Capa 2 - Oculta 1 a Oculta 2,Neurona H1_11,Neurona H2_10,0.15731506760372213,0.15731506760372213,0.03188171567287182
Capa 2 - Oculta 1 a Oculta 2,Neurona H1_11,Neurona H2_11,-0.045565755027000256,0.045565755027000256,0.009234426608454005
Capa 2 - Oculta 1 a Oculta 2,Neurona H1_11,Neurona H2_12,0.16534026000257585,0.16534026000257585,0.033508113615406176
Capa 2 - Oculta 1 a Oculta 2,Neurona H1_11,Neurona H2_13,-0.09120511518516408,0.09120511518516408,0.01848377014698703
Capa 2 - Oculta 1 a Oculta 2,Neurona H1_11,Neurona H2_14,-0.16135334982683974,0.16135334982683974,0.0327001202135517
Capa 2 - Oculta 1 a Oculta 2,Neurona H1_11,Neurona H2_15,-0.07473934914759404,0.07473934914759404,0.015146792455389123
Capa 2 - Oculta 1 a Oculta 2,Neurona H1_11,Neurona H2_16,-0.18939569685268623,0.18939569685268623,0.038383225769150035
Capa 2 - Oculta 1 a Oculta 2,Neurona H1_11,Neurona H2_17,-0.0640100882530289,0.0640100882530289,0.012972383796186444
Capa 2 - Oculta 1 a Oculta 2,Neurona H1_11,Neurona H2_18,-0.02671006183573846,0.02671006183573846,0.005413102571947724
Capa 2 - Oculta 1 a Oculta 2,Neurona H1_11,Neurona H2_19,-0.2963318791569204,0.2963318791569204,0.060055078385035855
Capa 2 - Oculta 1 a Oculta 2,Neurona H1_11,Neurona H2_20,-0.2257740262745221,0.2257740262745221,0.045755714450288906
Capa 2 - Oculta 1 a Oculta 2,Neurona H1_11,Neurona H2_21,0.057772693095935614,0.057772693095935614,0.011708303616411658
Capa 2 - Oculta 1 a Oculta 2,Neurona H1_11,Neurona H2_22,-0.17526531980181004,0.17526531980181004,0.03551954163292144
Capa 2 - Oculta 1 a Oculta 2,Neurona H1_11,Neurona H2_23,-0.29559168108773926,0.29559168108773926,0.059905068695927835
Capa 2 - Oculta 1 a Oculta 2,Neurona H1_11,Neurona H2_24,0.03583010231135545,0.03583010231135545,0.007261384124361614
Capa 2 - Oculta 1 a Oculta 2,Neurona H1_11,Neurona H2_25,0.14511916822784832,0.14511916822784832,0.029410075783576413
Capa 2 - Oculta 1 a Oculta 2,Neurona H1_11,Neurona H2_26,0.2905887038629388,0.2905887038629388,0.05889115756949504
Capa 2 - Oculta 1 a Oculta 2,Neurona H1_11,Neurona H2_27,-0.09986439306463692,0.09986439306463692,0.020238672836799112
Capa 2 - Oculta 1 a Oculta 2,Neurona H1_11,Neurona H2_28,-0.2013685403351969,0.2013685403351969,0.040809660805028125
Capa 2 - Oculta 1 a Oculta 2,Neurona H1_11,Neurona H2_29,-0.20727240247296552,0.20727240247296552,0.04200614666563439
Capa 2 - Oculta 1 a Oculta 2,Neurona H1_11,Neurona H2_30,-0.17437149924718626,0.17437149924718626,0.03533839857257031
Capa 2 - Oculta 1 a Oculta 2,Neurona H1_11,Neurona H2_31,-0.09017038009525236,0.09017038009525236,0.018274069128287353
Capa 2 - Oculta 1 a Oculta 2,Neurona H1_11,Neurona H2_32,-0.27200303394996367,0.27200303394996367,0.055124556869503974
Capa 2 - Oculta 1 a Oculta 2,Neurona H1_12,Neurona H2_1,-0.3022618924881626,0.3022618924881626,0.06125686408708472
Capa 2 - Oculta 1 a Oculta 2,Neurona H1_12,Neurona H2_2,-0.08067474478658358,0.08067474478658358,0.01634966894427664
Capa 2 - Oculta 1 a Oculta 2,Neurona H1_12,Neurona H2_3,-0.09818313072929721,0.09818313072929721,0.019897945603462305
Capa 2 - Oculta 1 a Oculta 2,Neurona H1_12,Neurona H2_4,-0.008311180121713958,0.008311180121713958,0.001684356658155479
Capa 2 - Oculta 1 a Oculta 2,Neurona H1_12,Neurona H2_5,0.12499576321437832,0.12499576321437832,0.025331835302342853
Capa 2 - Oculta 1 a Oculta 2,Neurona H1_12,Neurona H2_6,-0.14814151417681556,0.14814151417681556,0.03002258910272493
Capa 2 - Oculta 1 a Oculta 2,Neurona H1_12,Neurona H2_7,0.27930089252058676,0.27930089252058676,0.056603552209960044
Capa 2 - Oculta 1 a Oculta 2,Neurona H1_12,Neurona H2_8,0.05673822216042203,0.05673822216042203,0.01149865613165214
Capa 2 - Oculta 1 a Oculta 2,Neurona H1_12,Neurona H2_9,-0.48382217428542706,0.48382217428542706,0.09805215248455741
Capa 2 - Oculta 1 a Oculta 2,Neurona H1_12,Neurona H2_10,0.20181799656134766,0.20181799656134766,0.04090074830114538
Capa 2 - Oculta 1 a Oculta 2,Neurona H1_12,Neurona H2_11,-0.2283416141266934,0.2283416141266934,0.046276065787989436
Capa 2 - Oculta 1 a Oculta 2,Neurona H1_12,Neurona H2_12,0.218558079392104,0.218558079392104,0.0442933194596494
Capa 2 - Oculta 1 a Oculta 2,Neurona H1_12,Neurona H2_13,-0.009864850253634582,0.009864850253634582,0.0019992258575897144
Capa 2 - Oculta 1 a Oculta 2,Neurona H1_12,Neurona H2_14,0.22245634772475,0.22245634772475,0.045083348568056555
Capa 2 - Oculta 1 a Oculta 2,Neurona H1_12,Neurona H2_15,0.40509774611992655,0.40509774611992655,0.0820977377326006
Capa 2 - Oculta 1 a Oculta 2,Neurona H1_12,Neurona H2_16,-0.0567373100983607,0.0567373100983607,0.011498471291739738
Capa 2 - Oculta 1 a Oculta 2,Neurona H1_12,Neurona H2_17,0.2556769473488767,0.2556769473488767,0.05181588682921458
Capa 2 - Oculta 1 a Oculta 2,Neurona H1_12,Neurona H2_18,0.020474934749800174,0.020474934749800174,0.004149482042992093
Capa 2 - Oculta 1 a Oculta 2,Neurona H1_12,Neurona H2_19,0.008969300276830947,0.008969300276830947,0.0018177323098564331
Capa 2 - Oculta 1 a Oculta 2,Neurona H1_12,Neurona H2_20,0.1713884996751862,0.1713884996751862,0.034733859251223353
Capa 2 - Oculta 1 a Oculta 2,Neurona H1_12,Neurona H2_21,-0.04531333345686843,0.04531333345686843,0.009183270461422272
Capa 2 - Oculta 1 a Oculta 2,Neurona H1_12,Neurona H2_22,-0.26352814698300125,0.26352814698300125,0.05340702312810139
Capa 2 - Oculta 1 a Oculta 2,Neurona H1_12,Neurona H2_23,-0.07169704487912884,0.07169704487912884,0.01453023435224607
Capa 2 - Oculta 1 a Oculta 2,Neurona H1_12,Neurona H2_24,-0.015245655391088684,0.015245655391088684,0.00308970817499604
Capa 2 - Oculta 1 a Oculta 2,Neurona H1_12,Neurona H2_25,0.2988976648078516,0.2988976648078516,0.06057506448583698
Capa 2 - Oculta 1 a Oculta 2,Neurona H1_12,Neurona H2_26,0.23659880386779072,0.23659880386779072,0.047949480671843764
Capa 2 - Oculta 1 a Oculta 2,Neurona H1_12,Neurona H2_27,-0.22156987006252074,0.22156987006252074,0.04490369362967049
Capa 2 - Oculta 1 a Oculta 2,Neurona H1_12,Neurona H2_28,0.059962840126635435,0.059962840126635435,0.012152162211638196
Capa 2 - Oculta 1 a Oculta 2,Neurona H1_12,Neurona H2_29,0.023503413145171854,0.023503413145171854,0.004763238173243348
Capa 2 - Oculta 1 a Oculta 2,Neurona H1_12,Neurona H2_30,-0.11054280401422371,0.11054280401422371,0.022402776167259445
Capa 2 - Oculta 1 a Oculta 2,Neurona H1_12,Neurona H2_31,0.5322252576902792,0.5322252576902792,0.10786159646414534
Capa 2 - Oculta 1 a Oculta 2,Neurona H1_12,Neurona H2_32,0.09150941843318615,0.09150941843318615,0.018545440715353752
Capa 2 - Oculta 1 a Oculta 2,Neurona H1_13,Neurona H2_1,-0.3212751449215983,0.3212751449215983,0.06511011932406109
Capa 2 - Oculta 1 a Oculta 2,Neurona H1_13,Neurona H2_2,-0.12382856548863619,0.12382856548863619,0.025095289200351707
Capa 2 - Oculta 1 a Oculta 2,Neurona H1_13,Neurona H2_3,0.2693380194944597,0.2693380194944597,0.054584460905215924
Capa 2 - Oculta 1 a Oculta 2,Neurona H1_13,Neurona H2_4,0.18486906184839155,0.18486906184839155,0.037465850896163756
Capa 2 - Oculta 1 a Oculta 2,Neurona H1_13,Neurona H2_5,0.16365143276377603,0.16365143276377603,0.033165853266997294
Capa 2 - Oculta 1 a Oculta 2,Neurona H1_13,Neurona H2_6,-0.10079713721083564,0.10079713721083564,0.020427704212608276
Capa 2 - Oculta 1 a Oculta 2,Neurona H1_13,Neurona H2_7,0.13325453285771843,0.13325453285771843,0.027005570371636905
Capa 2 - Oculta 1 a Oculta 2,Neurona H1_13,Neurona H2_8,-0.08184442167336034,0.08184442167336034,0.016586717476889445
Capa 2 - Oculta 1 a Oculta 2,Neurona H1_13,Neurona H2_9,-0.3040865229255756,0.3040865229255756,0.06162664652242146
Capa 2 - Oculta 1 a Oculta 2,Neurona H1_13,Neurona H2_10,-0.09447662534540949,0.09447662534540949,0.019146779471768245
Capa 2 - Oculta 1 a Oculta 2,Neurona H1_13,Neurona H2_11,0.08170069287825237,0.08170069287825237,0.01655758917627949
Capa 2 - Oculta 1 a Oculta 2,Neurona H1_13,Neurona H2_12,0.18202158604391797,0.18202158604391797,0.0368887770318071
Capa 2 - Oculta 1 a Oculta 2,Neurona H1_13,Neurona H2_13,0.23345877245925653,0.23345877245925653,0.047313117034871933
Capa 2 - Oculta 1 a Oculta 2,Neurona H1_13,Neurona H2_14,0.1803966507392774,0.1803966507392774,0.036559465121902446
Capa 2 - Oculta 1 a Oculta 2,Neurona H1_13,Neurona H2_15,0.2704802468052745,0.2704802468052745,0.054815946464176625
Capa 2 - Oculta 1 a Oculta 2,Neurona H1_13,Neurona H2_16,-0.023975537794027994,0.023975537794027994,0.004858919687075846
Capa 2 - Oculta 1 a Oculta 2,Neurona H1_13,Neurona H2_17,0.2062887443832351,0.2062887443832351,0.04180679699103677
Capa 2 - Oculta 1 a Oculta 2,Neurona H1_13,Neurona H2_18,0.269307989305856,0.269307989305856,0.054578374940602054
Capa 2 - Oculta 1 a Oculta 2,Neurona H1_13,Neurona H2_19,0.004029745671577529,0.004029745671577529,0.0008166745099004168
Capa 2 - Oculta 1 a Oculta 2,Neurona H1_13,Neurona H2_20,0.30673713516814893,0.30673713516814893,0.062163823711892136
Capa 2 - Oculta 1 a Oculta 2,Neurona H1_13,Neurona H2_21,-0.2761313673000517,0.2761313673000517,0.055961211311288846
Capa 2 - Oculta 1 a Oculta 2,Neurona H1_13,Neurona H2_22,-0.09514422559333845,0.09514422559333845,0.01928207637378672
Capa 2 - Oculta 1 a Oculta 2,Neurona H1_13,Neurona H2_23,-0.3006140323105229,0.3006140323105229,0.06092290618685042
Capa 2 - Oculta 1 a Oculta 2,Neurona H1_13,Neurona H2_24,-0.05473117399171789,0.05473117399171789,0.011091904635873171
Capa 2 - Oculta 1 a Oculta 2,Neurona H1_13,Neurona H2_25,0.2793351236963101,0.2793351236963101,0.05661048955314136
Capa 2 - Oculta 1 a Oculta 2,Neurona H1_13,Neurona H2_26,0.08889824244845611,0.08889824244845611,0.01801625573908245
Capa 2 - Oculta 1 a Oculta 2,Neurona H1_13,Neurona H2_27,-0.05390847260928963,0.05390847260928963,0.01092517469729966
Capa 2 - Oculta 1 a Oculta 2,Neurona H1_13,Neurona H2_28,-0.16664711838772028,0.16664711838772028,0.0337729635633135
Capa 2 - Oculta 1 a Oculta 2,Neurona H1_13,Neurona H2_29,-0.04509890955105972,0.04509890955105972,0.00913981497999515
Capa 2 - Oculta 1 a Oculta 2,Neurona H1_13,Neurona H2_30,-0.3115669043321251,0.3115669043321251,0.06314263222398821
Capa 2 - Oculta 1 a Oculta 2,Neurona H1_13,Neurona H2_31,0.48054206455907494,0.48054206455907494,0.0973874003583669
Capa 2 - Oculta 1 a Oculta 2,Neurona H1_13,Neurona H2_32,0.10008997901221292,0.10008997901221292,0.020284390434928554
Capa 2 - Oculta 1 a Oculta 2,Neurona H1_14,Neurona H2_1,0.102283099383371,0.102283099383371,0.020728851611945466
Capa 2 - Oculta 1 a Oculta 2,Neurona H1_14,Neurona H2_2,-0.2727206577724347,0.2727206577724347,0.05526999162675007
Capa 2 - Oculta 1 a Oculta 2,Neurona H1_14,Neurona H2_3,-0.16255288108691646,0.16255288108691646,0.03294321907977615
Capa 2 - Oculta 1 a Oculta 2,Neurona H1_14,Neurona H2_4,-0.10476605521210582,0.10476605521210582,0.021232051292470855
Capa 2 - Oculta 1 a Oculta 2,Neurona H1_14,Neurona H2_5,-0.10174839462661545,0.10174839462661545,0.02062048751635384
Capa 2 - Oculta 1 a Oculta 2,Neurona H1_14,Neurona H2_6,-0.13556390189858133,0.13556390189858133,0.02747359068441451
Capa 2 - Oculta 1 a Oculta 2,Neurona H1_14,Neurona H2_7,-0.26750836606014455,0.26750836606014455,0.05421366050153389
Capa 2 - Oculta 1 a Oculta 2,Neurona H1_14,Neurona H2_8,0.07787392958642296,0.07787392958642296,0.015782051390383377
Capa 2 - Oculta 1 a Oculta 2,Neurona H1_14,Neurona H2_9,-0.06263682093888491,0.06263682093888491,0.01269407531169547
Capa 2 - Oculta 1 a Oculta 2,Neurona H1_14,Neurona H2_10,-0.09697395272435569,0.09697395272435569,0.019652891712956755
Capa 2 - Oculta 1 a Oculta 2,Neurona H1_14,Neurona H2_11,0.2793700232010561,0.2793700232010561,0.05661756234091931
Capa 2 - Oculta 1 a Oculta 2,Neurona H1_14,Neurona H2_12,-0.23447843423189574,0.23447843423189574,0.04751976327170711
Capa 2 - Oculta 1 a Oculta 2,Neurona H1_14,Neurona H2_13,0.10213932898317207,0.10213932898317207,0.020699714879583227
Capa 2 - Oculta 1 a Oculta 2,Neurona H1_14,Neurona H2_14,0.0008247317802439894,0.0008247317802439894,0.0001671414221449831
Capa 2 - Oculta 1 a Oculta 2,Neurona H1_14,Neurona H2_15,-0.1121950044940003,0.1121950044940003,0.022737613679858736
Capa 2 - Oculta 1 a Oculta 2,Neurona H1_14,Neurona H2_16,-0.032812204330105406,0.032812204330105406,0.006649772237251626
Capa 2 - Oculta 1 a Oculta 2,Neurona H1_14,Neurona H2_17,-0.25298508959107524,0.25298508959107524,0.05127035075963588
Capa 2 - Oculta 1 a Oculta 2,Neurona H1_14,Neurona H2_18,-0.007364632967746532,0.007364632967746532,0.0014925279433767203
Capa 2 - Oculta 1 a Oculta 2,Neurona H1_14,Neurona H2_19,0.3990738472907391,0.3990738472907391,0.08087692504987601
Capa 2 - Oculta 1 a Oculta 2,Neurona H1_14,Neurona H2_20,-0.13300789217667833,0.13300789217667833,0.026955585788557473
Capa 2 - Oculta 1 a Oculta 2,Neurona H1_14,Neurona H2_21,-0.004397828856298852,0.004397828856298852,0.0008912708191923609
Capa 2 - Oculta 1 a Oculta 2,Neurona H1_14,Neurona H2_22,0.3025184884462035,0.3025184884462035,0.06130886622204661
Capa 2 - Oculta 1 a Oculta 2,Neurona H1_14,Neurona H2_23,0.11443684479714343,0.11443684479714343,0.02319194851388008
Capa 2 - Oculta 1 a Oculta 2,Neurona H1_14,Neurona H2_24,0.04298239904703444,0.04298239904703444,0.008710879677510597
Capa 2 - Oculta 1 a Oculta 2,Neurona H1_14,Neurona H2_25,-0.06589676802933626,0.06589676802933626,0.01335474124681227
Capa 2 - Oculta 1 a Oculta 2,Neurona H1_14,Neurona H2_26,-0.28066202573692123,0.28066202573692123,0.05687940157936305
Capa 2 - Oculta 1 a Oculta 2,Neurona H1_14,Neurona H2_27,0.13117864763772294,0.13117864763772294,0.02658486825224343
Capa 2 - Oculta 1 a Oculta 2,Neurona H1_14,Neurona H2_28,0.38073337390306977,0.38073337390306977,0.07716001625812267
Capa 2 - Oculta 1 a Oculta 2,Neurona H1_14,Neurona H2_29,0.0953010166710899,0.0953010166710899,0.019313851896863164
Capa 2 - Oculta 1 a Oculta 2,Neurona H1_14,Neurona H2_30,0.26442472835910097,0.26442472835910097,0.053588725700816214
Capa 2 - Oculta 1 a Oculta 2,Neurona H1_14,Neurona H2_31,0.004990834998787498,0.004990834998787498,0.0010114503640705032
Capa 2 - Oculta 1 a Oculta 2,Neurona H1_14,Neurona H2_32,0.34748355650319607,0.34748355650319607,0.07042155667720076
Capa 2 - Oculta 1 a Oculta 2,Neurona H1_15,Neurona H2_1,-0.1692802435898314,0.1692802435898314,0.034306596802033185
Capa 2 - Oculta 1 a Oculta 2,Neurona H1_15,Neurona H2_2,0.012290885483787603,0.012290885483787603,0.0024908899212949427
Capa 2 - Oculta 1 a Oculta 2,Neurona H1_15,Neurona H2_3,0.14640767915446057,0.14640767915446057,0.029671207407071756
Capa 2 - Oculta 1 a Oculta 2,Neurona H1_15,Neurona H2_4,-0.1507887996923211,0.1507887996923211,0.030559092092526666
Capa 2 - Oculta 1 a Oculta 2,Neurona H1_15,Neurona H2_5,-0.0988341908691055,0.0988341908691055,0.020029890461507275
Capa 2 - Oculta 1 a Oculta 2,Neurona H1_15,Neurona H2_6,-0.14126637886949692,0.14126637886949692,0.028629263514659845
Capa 2 - Oculta 1 a Oculta 2,Neurona H1_15,Neurona H2_7,0.2683356351825858,0.2683356351825858,0.054381316145385224
Capa 2 - Oculta 1 a Oculta 2,Neurona H1_15,Neurona H2_8,-0.08054251963694976,0.08054251963694976,0.016322871990306236
Capa 2 - Oculta 1 a Oculta 2,Neurona H1_15,Neurona H2_9,-0.3213464483951556,0.3213464483951556,0.06512456979663864
Capa 2 - Oculta 1 a Oculta 2,Neurona H1_15,Neurona H2_10,-0.2802558854532939,0.2802558854532939,0.0567970925593617
Capa 2 - Oculta 1 a Oculta 2,Neurona H1_15,Neurona H2_11,0.13508453789309682,0.13508453789309682,0.027376442031335935
Capa 2 - Oculta 1 a Oculta 2,Neurona H1_15,Neurona H2_12,0.29437917258184326,0.29437917258184326,0.05965933984093162
Capa 2 - Oculta 1 a Oculta 2,Neurona H1_15,Neurona H2_13,0.21380713568768822,0.21380713568768822,0.04333048583748452
Capa 2 - Oculta 1 a Oculta 2,Neurona H1_15,Neurona H2_14,-0.12625035036127286,0.12625035036127286,0.0255860918800083
Capa 2 - Oculta 1 a Oculta 2,Neurona H1_15,Neurona H2_15,0.015813839074412257,0.015813839074412257,0.0032048571617880627
Capa 2 - Oculta 1 a Oculta 2,Neurona H1_15,Neurona H2_16,0.05008442549984314,0.05008442549984314,0.01015018737713939
Capa 2 - Oculta 1 a Oculta 2,Neurona H1_15,Neurona H2_17,0.18279609397724722,0.18279609397724722,0.037045740011214696
Capa 2 - Oculta 1 a Oculta 2,Neurona H1_15,Neurona H2_18,-0.15843370438145185,0.15843370438145185,0.03210842033779708
Capa 2 - Oculta 1 a Oculta 2,Neurona H1_15,Neurona H2_19,-0.20346908076523879,0.20346908076523879,0.04123535958754184
Capa 2 - Oculta 1 a Oculta 2,Neurona H1_15,Neurona H2_20,0.16275393396627066,0.16275393396627066,0.03298396476823703
Capa 2 - Oculta 1 a Oculta 2,Neurona H1_15,Neurona H2_21,-0.2624422446815484,0.2624422446815484,0.053186952482925515
Capa 2 - Oculta 1 a Oculta 2,Neurona H1_15,Neurona H2_22,0.10054372776111042,0.10054372776111042,0.020376347860365466
Capa 2 - Oculta 1 a Oculta 2,Neurona H1_15,Neurona H2_23,0.019132254649762908,0.019132254649762908,0.003877372410767656
Capa 2 - Oculta 1 a Oculta 2,Neurona H1_15,Neurona H2_24,-0.09979499736188073,0.09979499736188073,0.020224608996012004
Capa 2 - Oculta 1 a Oculta 2,Neurona H1_15,Neurona H2_25,-0.07502060892087688,0.07502060892087688,0.01520379299741354
Capa 2 - Oculta 1 a Oculta 2,Neurona H1_15,Neurona H2_26,0.17883374272444744,0.17883374272444744,0.03624272375878535
Capa 2 - Oculta 1 a Oculta 2,Neurona H1_15,Neurona H2_27,0.14393466739641067,0.14393466739641067,0.029170023007339473
Capa 2 - Oculta 1 a Oculta 2,Neurona H1_15,Neurona H2_28,0.20208056989543102,0.20208056989543102,0.04095396182040986
Capa 2 - Oculta 1 a Oculta 2,Neurona H1_15,Neurona H2_29,-0.0990555143739974,0.0990555143739974,0.020074744226389236
Capa 2 - Oculta 1 a Oculta 2,Neurona H1_15,Neurona H2_30,-0.04793509069074251,0.04793509069074251,0.009714599850061779
Capa 2 - Oculta 1 a Oculta 2,Neurona H1_15,Neurona H2_31,-0.03014795098939108,0.03014795098939108,0.0061098305216677135
Capa 2 - Oculta 1 a Oculta 2,Neurona H1_15,Neurona H2_32,-0.10068770964797304,0.10068770964797304,0.020405527452943086
Capa 2 - Oculta 1 a Oculta 2,Neurona H1_16,Neurona H2_1,-0.25210792699086826,0.25210792699086826,0.05109258362617146
Capa 2 - Oculta 1 a Oculta 2,Neurona H1_16,Neurona H2_2,-0.02180077839742857,0.02180077839742857,0.004418179573649809
Capa 2 - Oculta 1 a Oculta 2,Neurona H1_16,Neurona H2_3,0.23108667249098686,0.23108667249098686,0.04683238357501985
Capa 2 - Oculta 1 a Oculta 2,Neurona H1_16,Neurona H2_4,0.18836342247573515,0.18836342247573515,0.03817402344235672
Capa 2 - Oculta 1 a Oculta 2,Neurona H1_16,Neurona H2_5,0.10450064540339056,0.10450064540339056,0.021178262928856724
Capa 2 - Oculta 1 a Oculta 2,Neurona H1_16,Neurona H2_6,-0.21764415225863473,0.21764415225863473,0.04410810156883434
Capa 2 - Oculta 1 a Oculta 2,Neurona H1_16,Neurona H2_7,0.012759881540891381,0.012759881540891381,0.002585937389868937
Capa 2 - Oculta 1 a Oculta 2,Neurona H1_16,Neurona H2_8,0.18405552282909654,0.18405552282909654,0.037300977816318116
Capa 2 - Oculta 1 a Oculta 2,Neurona H1_16,Neurona H2_9,-0.19459616847892144,0.19459616847892144,0.03943716141738762
Capa 2 - Oculta 1 a Oculta 2,Neurona H1_16,Neurona H2_10,0.04766536957650036,0.04766536957650036,0.00965993775058063
Capa 2 - Oculta 1 a Oculta 2,Neurona H1_16,Neurona H2_11,-0.26625321536365876,0.26625321536365876,0.05395928971403393
Capa 2 - Oculta 1 a Oculta 2,Neurona H1_16,Neurona H2_12,0.10310348142079004,0.10310348142079004,0.020895111508460976
Capa 2 - Oculta 1 a Oculta 2,Neurona H1_16,Neurona H2_13,0.13223313059563646,0.13223313059563646,0.026798571404510918
Capa 2 - Oculta 1 a Oculta 2,Neurona H1_16,Neurona H2_14,-0.20213544750342674,0.20213544750342674,0.04096508340158818
Capa 2 - Oculta 1 a Oculta 2,Neurona H1_16,Neurona H2_15,-0.07939850524173617,0.07939850524173617,0.016091024258048647
Capa 2 - Oculta 1 a Oculta 2,Neurona H1_16,Neurona H2_16,0.003619000997294171,0.003619000997294171,0.0007334323569450788
Capa 2 - Oculta 1 a Oculta 2,Neurona H1_16,Neurona H2_17,0.29037566768164874,0.29037566768164874,0.05884798332647191
Capa 2 - Oculta 1 a Oculta 2,Neurona H1_16,Neurona H2_18,-0.10245365733754551,0.10245365733754551,0.02076341715155694
Capa 2 - Oculta 1 a Oculta 2,Neurona H1_16,Neurona H2_19,-0.3609129334202686,0.3609129334202686,0.07314317503872002
Capa 2 - Oculta 1 a Oculta 2,Neurona H1_16,Neurona H2_20,0.21095679045251584,0.21095679045251584,0.04275283044985056
Capa 2 - Oculta 1 a Oculta 2,Neurona H1_16,Neurona H2_21,0.1092296933770154,0.1092296933770154,0.02213665912824856
Capa 2 - Oculta 1 a Oculta 2,Neurona H1_16,Neurona H2_22,-0.05473783642506936,0.05473783642506936,0.011093254854952859
Capa 2 - Oculta 1 a Oculta 2,Neurona H1_16,Neurona H2_23,0.06243241960330914,0.06243241960330914,0.012652651019901645
Capa 2 - Oculta 1 a Oculta 2,Neurona H1_16,Neurona H2_24,-0.10973178876554812,0.10973178876554812,0.022238414558683132
Capa 2 - Oculta 1 a Oculta 2,Neurona H1_16,Neurona H2_25,-0.03396936894497342,0.03396936894497342,0.006884285013426777
Capa 2 - Oculta 1 a Oculta 2,Neurona H1_16,Neurona H2_26,-0.24768783747402714,0.24768783747402714,0.050196801426976474
Capa 2 - Oculta 1 a Oculta 2,Neurona H1_16,Neurona H2_27,0.051744486456080784,0.051744486456080784,0.010486617906093707
Capa 2 - Oculta 1 a Oculta 2,Neurona H1_16,Neurona H2_28,0.12349055250571848,0.12349055250571848,0.025026786964810817
Capa 2 - Oculta 1 a Oculta 2,Neurona H1_16,Neurona H2_29,0.11196755399483971,0.11196755399483971,0.02269151820881233
Capa 2 - Oculta 1 a Oculta 2,Neurona H1_16,Neurona H2_30,-0.29253489211263883,0.29253489211263883,0.059285575099665255
Capa 2 - Oculta 1 a Oculta 2,Neurona H1_16,Neurona H2_31,0.3173535376720689,0.3173535376720689,0.06431536031454832
Capa 2 - Oculta 1 a Oculta 2,Neurona H1_16,Neurona H2_32,0.04488334629484203,0.04488334629484203,0.009096128596046457
Capa 2 - Oculta 1 a Oculta 2,Neurona H1_17,Neurona H2_1,-0.22518498996686742,0.22518498996686742,0.04563633943829737
Capa 2 - Oculta 1 a Oculta 2,Neurona H1_17,Neurona H2_2,0.19532629849685856,0.19532629849685856,0.039585130699610074
Capa 2 - Oculta 1 a Oculta 2,Neurona H1_17,Neurona H2_3,0.289541166530788,0.289541166530788,0.05867886202852068
Capa 2 - Oculta 1 a Oculta 2,Neurona H1_17,Neurona H2_4,-0.03687368755352563,0.03687368755352563,0.007472878728648887
Capa 2 - Oculta 1 a Oculta 2,Neurona H1_17,Neurona H2_5,-0.14052204987677805,0.14052204987677805,0.028478416646178593
Capa 2 - Oculta 1 a Oculta 2,Neurona H1_17,Neurona H2_6,0.015096178466788733,0.015096178466788733,0.003059414949605888
Capa 2 - Oculta 1 a Oculta 2,Neurona H1_17,Neurona H2_7,0.31355250704603094,0.31355250704603094,0.0635450375506254
Capa 2 - Oculta 1 a Oculta 2,Neurona H1_17,Neurona H2_8,0.10720276431298952,0.10720276431298952,0.021725878539378737
Capa 2 - Oculta 1 a Oculta 2,Neurona H1_17,Neurona H2_9,0.057727835871741996,0.057727835871741996,0.011699212781761172
Capa 2 - Oculta 1 a Oculta 2,Neurona H1_17,Neurona H2_10,0.11413086262762727,0.11413086262762727,0.02312993769267854
Capa 2 - Oculta 1 a Oculta 2,Neurona H1_17,Neurona H2_11,0.19778399131367175,0.19778399131367175,0.04008321053894419
Capa 2 - Oculta 1 a Oculta 2,Neurona H1_17,Neurona H2_12,0.23972179488501466,0.23972179488501466,0.048582390876674715
Capa 2 - Oculta 1 a Oculta 2,Neurona H1_17,Neurona H2_13,-0.11512579889469628,0.11512579889469628,0.02333157302019355
Capa 2 - Oculta 1 a Oculta 2,Neurona H1_17,Neurona H2_14,-0.07064419101809004,0.07064419101809004,0.01431686135527874
Capa 2 - Oculta 1 a Oculta 2,Neurona H1_17,Neurona H2_15,-0.06929607726289844,0.06929607726289844,0.014043650530070482
Capa 2 - Oculta 1 a Oculta 2,Neurona H1_17,Neurona H2_16,-0.07462725223558216,0.07462725223558216,0.01512407472128388
Capa 2 - Oculta 1 a Oculta 2,Neurona H1_17,Neurona H2_17,-0.13688934418344367,0.13688934418344367,0.027742206874271345
Capa 2 - Oculta 1 a Oculta 2,Neurona H1_17,Neurona H2_18,0.19665069536685503,0.19665069536685503,0.03985353502406825
Capa 2 - Oculta 1 a Oculta 2,Neurona H1_17,Neurona H2_19,0.1573551778285128,0.1573551778285128,0.0318898444732584
Capa 2 - Oculta 1 a Oculta 2,Neurona H1_17,Neurona H2_20,-0.17712836042860164,0.17712836042860164,0.03589710833683057
Capa 2 - Oculta 1 a Oculta 2,Neurona H1_17,Neurona H2_21,-0.2789026599275439,0.2789026599275439,0.05652284577480123
Capa 2 - Oculta 1 a Oculta 2,Neurona H1_17,Neurona H2_22,0.1948016493328415,0.1948016493328415,0.039478804486043954
Capa 2 - Oculta 1 a Oculta 2,Neurona H1_17,Neurona H2_23,-0.05133408914749652,0.05133408914749652,0.010403446150809882
Capa 2 - Oculta 1 a Oculta 2,Neurona H1_17,Neurona H2_24,-0.10487463292453007,0.10487463292453007,0.02125405582012768
Capa 2 - Oculta 1 a Oculta 2,Neurona H1_17,Neurona H2_25,0.026570289303736973,0.026570289303736973,0.00538477605375702
Capa 2 - Oculta 1 a Oculta 2,Neurona H1_17,Neurona H2_26,-0.165965999309026,0.165965999309026,0.033634926914077844
Capa 2 - Oculta 1 a Oculta 2,Neurona H1_17,Neurona H2_27,0.2403358481188687,0.2403358481188687,0.04870683585774326
Capa 2 - Oculta 1 a Oculta 2,Neurona H1_17,Neurona H2_28,-0.19552575772072653,0.19552575772072653,0.039625553415377573
Capa 2 - Oculta 1 a Oculta 2,Neurona H1_17,Neurona H2_29,0.15766232883604533,0.15766232883604533,0.03195209217298577
Capa 2 - Oculta 1 a Oculta 2,Neurona H1_17,Neurona H2_30,0.17588473301011925,0.17588473301011925,0.035645072874729004
Capa 2 - Oculta 1 a Oculta 2,Neurona H1_17,Neurona H2_31,0.22534410581376949,0.22534410581376949,0.04566858610269673
Capa 2 - Oculta 1 a Oculta 2,Neurona H1_17,Neurona H2_32,-0.2566118908256651,0.2566118908256651,0.05200536392477328
Capa 2 - Oculta 1 a Oculta 2,Neurona H1_18,Neurona H2_1,0.04001596330638862,0.04001596330638862,0.008109697207924463
Capa 2 - Oculta 1 a Oculta 2,Neurona H1_18,Neurona H2_2,-0.17263860796011238,0.17263860796011238,0.0349872081357734
Capa 2 - Oculta 1 a Oculta 2,Neurona H1_18,Neurona H2_3,0.2525224137388905,0.2525224137388905,0.0511765841535965
Capa 2 - Oculta 1 a Oculta 2,Neurona H1_18,Neurona H2_4,0.08633864354225784,0.08633864354225784,0.017497523453567566
Capa 2 - Oculta 1 a Oculta 2,Neurona H1_18,Neurona H2_5,0.15943608243111299,0.15943608243111299,0.03231156382851804
Capa 2 - Oculta 1 a Oculta 2,Neurona H1_18,Neurona H2_6,-0.18750553722320737,0.18750553722320737,0.03800016308608152
Capa 2 - Oculta 1 a Oculta 2,Neurona H1_18,Neurona H2_7,0.029208466972687253,0.029208466972687253,0.005919433233245162
Capa 2 - Oculta 1 a Oculta 2,Neurona H1_18,Neurona H2_8,0.03556044945368601,0.03556044945368601,0.007206735857863389
Capa 2 - Oculta 1 a Oculta 2,Neurona H1_18,Neurona H2_9,-0.25228224824707673,0.25228224824707673,0.05112791184241185
Capa 2 - Oculta 1 a Oculta 2,Neurona H1_18,Neurona H2_10,0.06557768893843033,0.06557768893843033,0.013290076183202174
Capa 2 - Oculta 1 a Oculta 2,Neurona H1_18,Neurona H2_11,0.01030817254136746,0.01030817254136746,0.0020890702402304793
Capa 2 - Oculta 1 a Oculta 2,Neurona H1_18,Neurona H2_12,-0.012634652968504027,0.012634652968504027,0.0025605583730983986
Capa 2 - Oculta 1 a Oculta 2,Neurona H1_18,Neurona H2_13,-0.06533047212542863,0.06533047212542863,0.013239974840325547
Capa 2 - Oculta 1 a Oculta 2,Neurona H1_18,Neurona H2_14,0.21035825609741168,0.21035825609741168,0.042631530548826804
Capa 2 - Oculta 1 a Oculta 2,Neurona H1_18,Neurona H2_15,-0.0484587804040507,0.0484587804040507,0.009820731619858664
Capa 2 - Oculta 1 a Oculta 2,Neurona H1_18,Neurona H2_16,0.28635654738379895,0.28635654738379895,0.058033462171296284
Capa 2 - Oculta 1 a Oculta 2,Neurona H1_18,Neurona H2_17,0.16907765542345882,0.16907765542345882,0.03426553996992319
Capa 2 - Oculta 1 a Oculta 2,Neurona H1_18,Neurona H2_18,-0.2566952744298016,0.2566952744298016,0.052022262575356165
Capa 2 - Oculta 1 a Oculta 2,Neurona H1_18,Neurona H2_19,0.15023636752972025,0.15023636752972025,0.03044713533336259
Capa 2 - Oculta 1 a Oculta 2,Neurona H1_18,Neurona H2_20,0.08538997066001526,0.08538997066001526,0.017305263935398527
Capa 2 - Oculta 1 a Oculta 2,Neurona H1_18,Neurona H2_21,-0.2575077672257126,0.2575077672257126,0.05218692362594761
Capa 2 - Oculta 1 a Oculta 2,Neurona H1_18,Neurona H2_22,0.3047377022484052,0.3047377022484052,0.06175861553428245
Capa 2 - Oculta 1 a Oculta 2,Neurona H1_18,Neurona H2_23,0.11051088021322097,0.11051088021322097,0.022396306440218863
Capa 2 - Oculta 1 a Oculta 2,Neurona H1_18,Neurona H2_24,0.18754304240086558,0.18754304240086558,0.03800776394357454
Capa 2 - Oculta 1 a Oculta 2,Neurona H1_18,Neurona H2_25,0.22509615152265383,0.22509615152265383,0.04561833530136134
Capa 2 - Oculta 1 a Oculta 2,Neurona H1_18,Neurona H2_26,0.2693379640116596,0.2693379640116596,0.054584449660985586
Capa 2 - Oculta 1 a Oculta 2,Neurona H1_18,Neurona H2_27,-0.14256415123135066,0.14256415123135066,0.02889227207499023
Capa 2 - Oculta 1 a Oculta 2,Neurona H1_18,Neurona H2_28,0.258357555140569,0.258357555140569,0.05235914296320741
Capa 2 - Oculta 1 a Oculta 2,Neurona H1_18,Neurona H2_29,-0.24365740772745248,0.24365740772745248,0.049379988281375804
Capa 2 - Oculta 1 a Oculta 2,Neurona H1_18,Neurona H2_30,0.16814083590831747,0.16814083590831747,0.03407568267352123
Capa 2 - Oculta 1 a Oculta 2,Neurona H1_18,Neurona H2_31,0.0463123330581738,0.0463123330581738,0.009385729270557835
Capa 2 - Oculta 1 a Oculta 2,Neurona H1_18,Neurona H2_32,0.14693339142087863,0.14693339142087863,0.029777749070619853
Capa 2 - Oculta 1 a Oculta 2,Neurona H1_19,Neurona H2_1,-0.11326751938664506,0.11326751938664506,0.022954971211995166
Capa 2 - Oculta 1 a Oculta 2,Neurona H1_19,Neurona H2_2,0.13118133065579482,0.13118133065579482,0.02658541199684855
Capa 2 - Oculta 1 a Oculta 2,Neurona H1_19,Neurona H2_3,0.1637746651647048,0.1637746651647048,0.033190827736563
Capa 2 - Oculta 1 a Oculta 2,Neurona H1_19,Neurona H2_4,-0.2142772945061584,0.2142772945061584,0.04342576895308104
Capa 2 - Oculta 1 a Oculta 2,Neurona H1_19,Neurona H2_5,0.2192156440269575,0.2192156440269575,0.044426582528751875
Capa 2 - Oculta 1 a Oculta 2,Neurona H1_19,Neurona H2_6,0.16295505496983903,0.16295505496983903,0.033024724262856846
Capa 2 - Oculta 1 a Oculta 2,Neurona H1_19,Neurona H2_7,0.05761231835536179,0.05761231835536179,0.011675801822667621
Capa 2 - Oculta 1 a Oculta 2,Neurona H1_19,Neurona H2_8,0.10934856088856633,0.10934856088856633,0.022160749002560886
Capa 2 - Oculta 1 a Oculta 2,Neurona H1_19,Neurona H2_9,-0.0995547166141031,0.0995547166141031,0.020175913326874906
Capa 2 - Oculta 1 a Oculta 2,Neurona H1_19,Neurona H2_10,0.0019180394248412586,0.0019180394248412586,0.0003887128456517968
Capa 2 - Oculta 1 a Oculta 2,Neurona H1_19,Neurona H2_11,-0.1610995924339787,0.1610995924339787,0.032648693346613154
Capa 2 - Oculta 1 a Oculta 2,Neurona H1_19,Neurona H2_12,0.032680279516540574,0.032680279516540574,0.0066230361498549285
Capa 2 - Oculta 1 a Oculta 2,Neurona H1_19,Neurona H2_13,0.13588724762663087,0.13588724762663087,0.027539120431327762
Capa 2 - Oculta 1 a Oculta 2,Neurona H1_19,Neurona H2_14,0.02482919894772938,0.02482919894772938,0.005031923980929255
Capa 2 - Oculta 1 a Oculta 2,Neurona H1_19,Neurona H2_15,-0.16327579568210518,0.16327579568210518,0.03308972607322978
Capa 2 - Oculta 1 a Oculta 2,Neurona H1_19,Neurona H2_16,0.17521026805031223,0.17521026805031223,0.035508384759550815
Capa 2 - Oculta 1 a Oculta 2,Neurona H1_19,Neurona H2_17,0.10121481261369818,0.10121481261369818,0.020512350957770407
Capa 2 - Oculta 1 a Oculta 2,Neurona H1_19,Neurona H2_18,-0.22778647150747194,0.22778647150747194,0.04616355972348139
Capa 2 - Oculta 1 a Oculta 2,Neurona H1_19,Neurona H2_19,0.18724495221367246,0.18724495221367246,0.0379473525237549
Capa 2 - Oculta 1 a Oculta 2,Neurona H1_19,Neurona H2_20,0.1459217523629762,0.1459217523629762,0.029572728729600373
Capa 2 - Oculta 1 a Oculta 2,Neurona H1_19,Neurona H2_21,0.011927611318413509,0.011927611318413509,0.0024172682153250392
Capa 2 - Oculta 1 a Oculta 2,Neurona H1_19,Neurona H2_22,-0.03640884870520388,0.03640884870520388,0.007378673766456515
Capa 2 - Oculta 1 a Oculta 2,Neurona H1_19,Neurona H2_23,-0.2538798671856205,0.2538798671856205,0.05145168777518234
Capa 2 - Oculta 1 a Oculta 2,Neurona H1_19,Neurona H2_24,0.13317829547844762,0.13317829547844762,0.02699011998607257
Capa 2 - Oculta 1 a Oculta 2,Neurona H1_19,Neurona H2_25,-0.24747942430425282,0.24747942430425282,0.05015456409063966
Capa 2 - Oculta 1 a Oculta 2,Neurona H1_19,Neurona H2_26,-0.10110889042036475,0.10110889042036475,0.020490884601732536
Capa 2 - Oculta 1 a Oculta 2,Neurona H1_19,Neurona H2_27,-0.09186275949808267,0.09186275949808267,0.018617049363769796
Capa 2 - Oculta 1 a Oculta 2,Neurona H1_19,Neurona H2_28,0.2596738755060797,0.2596738755060797,0.05262591049073589
Capa 2 - Oculta 1 a Oculta 2,Neurona H1_19,Neurona H2_29,-0.022164726535521352,0.022164726535521352,0.004491937867976542
Capa 2 - Oculta 1 a Oculta 2,Neurona H1_19,Neurona H2_30,0.18945813513099366,0.18945813513099366,0.038395879607504006
Capa 2 - Oculta 1 a Oculta 2,Neurona H1_19,Neurona H2_31,-0.18685590636520585,0.18685590636520585,0.03786850788850503
Capa 2 - Oculta 1 a Oculta 2,Neurona H1_19,Neurona H2_32,0.16589026344110605,0.16589026344110605,0.033619578165581955
Capa 2 - Oculta 1 a Oculta 2,Neurona H1_20,Neurona H2_1,0.011025627161537497,0.011025627161537497,0.002234470706675743
Capa 2 - Oculta 1 a Oculta 2,Neurona H1_20,Neurona H2_2,0.0227536977420209,0.0227536977420209,0.004611299686466982
Capa 2 - Oculta 1 a Oculta 2,Neurona H1_20,Neurona H2_3,-0.1809190543254671,0.1809190543254671,0.036665336243182085
Capa 2 - Oculta 1 a Oculta 2,Neurona H1_20,Neurona H2_4,-0.0049621454472555514,0.0049621454472555514,0.0010056360950455694
Capa 2 - Oculta 1 a Oculta 2,Neurona H1_20,Neurona H2_5,-0.008288124366416983,0.008288124366416983,0.0016796841430162864
Capa 2 - Oculta 1 a Oculta 2,Neurona H1_20,Neurona H2_6,-0.006023839917597979,0.006023839917597979,0.001220800743610464
Capa 2 - Oculta 1 a Oculta 2,Neurona H1_20,Neurona H2_7,0.12073802153062896,0.12073802153062896,0.024468954766882812
Capa 2 - Oculta 1 a Oculta 2,Neurona H1_20,Neurona H2_8,0.03950394572138616,0.03950394572138616,0.008005930929759177
Capa 2 - Oculta 1 a Oculta 2,Neurona H1_20,Neurona H2_9,0.061288770359942416,0.061288770359942416,0.01242087728988387
Capa 2 - Oculta 1 a Oculta 2,Neurona H1_20,Neurona H2_10,0.24750430077257413,0.24750430077257413,0.050159605594305184
Capa 2 - Oculta 1 a Oculta 2,Neurona H1_20,Neurona H2_11,-0.1690335786239004,0.1690335786239004,0.034256607297340085
Capa 2 - Oculta 1 a Oculta 2,Neurona H1_20,Neurona H2_12,-0.22256543628677797,0.22256543628677797,0.045105456625286644
Capa 2 - Oculta 1 a Oculta 2,Neurona H1_20,Neurona H2_13,0.14099985650083546,0.14099985650083546,0.028575249677920894
Capa 2 - Oculta 1 a Oculta 2,Neurona H1_20,Neurona H2_14,-0.14017240137582643,0.14017240137582643,0.028407556338500586
Capa 2 - Oculta 1 a Oculta 2,Neurona H1_20,Neurona H2_15,0.11028970820417716,0.11028970820417716,0.02235148337772052
Capa 2 - Oculta 1 a Oculta 2,Neurona H1_20,Neurona H2_16,0.14206816342220488,0.14206816342220488,0.02879175441607005
Capa 2 - Oculta 1 a Oculta 2,Neurona H1_20,Neurona H2_17,0.15202072087440827,0.15202072087440827,0.030808755150598305
Capa 2 - Oculta 1 a Oculta 2,Neurona H1_20,Neurona H2_18,0.2818494332981747,0.2818494332981747,0.0571200434379742
Capa 2 - Oculta 1 a Oculta 2,Neurona H1_20,Neurona H2_19,-0.12366265961566415,0.12366265961566415,0.02506166645873437
Capa 2 - Oculta 1 a Oculta 2,Neurona H1_20,Neurona H2_20,0.06773079993092655,0.06773079993092655,0.013726428997465435
Capa 2 - Oculta 1 a Oculta 2,Neurona H1_20,Neurona H2_21,0.2180556921295167,0.2180556921295167,0.04419150487756609
Capa 2 - Oculta 1 a Oculta 2,Neurona H1_20,Neurona H2_22,-0.3279996170633663,0.3279996170633663,0.06647291128124373
Capa 2 - Oculta 1 a Oculta 2,Neurona H1_20,Neurona H2_23,-0.27135090102927584,0.27135090102927584,0.054992394600021546
Capa 2 - Oculta 1 a Oculta 2,Neurona H1_20,Neurona H2_24,-0.28845701305885074,0.28845701305885074,0.05845914580384772
Capa 2 - Oculta 1 a Oculta 2,Neurona H1_20,Neurona H2_25,-0.0005166096960008271,0.0005166096960008271,0.00010469692250481812
Capa 2 - Oculta 1 a Oculta 2,Neurona H1_20,Neurona H2_26,0.009997089880367956,0.009997089880367956,0.0020260257455115777
Capa 2 - Oculta 1 a Oculta 2,Neurona H1_20,Neurona H2_27,-0.025444128063263852,0.025444128063263852,0.005156546469538075
Capa 2 - Oculta 1 a Oculta 2,Neurona H1_20,Neurona H2_28,-0.2557336181761311,0.2557336181761311,0.051827371826990015
Capa 2 - Oculta 1 a Oculta 2,Neurona H1_20,Neurona H2_29,-0.0782570951182396,0.0782570951182396,0.015859704311537725
Capa 2 - Oculta 1 a Oculta 2,Neurona H1_20,Neurona H2_30,0.2880595471150232,0.2880595471150232,0.05837859473900833
Capa 2 - Oculta 1 a Oculta 2,Neurona H1_20,Neurona H2_31,-0.10628903836923742,0.10628903836923742,0.021540701421983905
Capa 2 - Oculta 1 a Oculta 2,Neurona H1_20,Neurona H2_32,0.27903668218590394,0.27903668218590394,0.05655000693361429
Capa 2 - Oculta 1 a Oculta 2,Neurona H1_21,Neurona H2_1,-0.14962688587621428,0.14962688587621428,0.03032361683586014
Capa 2 - Oculta 1 a Oculta 2,Neurona H1_21,Neurona H2_2,0.05578588583686203,0.05578588583686203,0.011305654174781929
Capa 2 - Oculta 1 a Oculta 2,Neurona H1_21,Neurona H2_3,0.12281151065205996,0.12281151065205996,0.02488917128922369
Capa 2 - Oculta 1 a Oculta 2,Neurona H1_21,Neurona H2_4,-0.15510107779963625,0.15510107779963625,0.03143302506419911
Capa 2 - Oculta 1 a Oculta 2,Neurona H1_21,Neurona H2_5,-0.13854350230193538,0.13854350230193538,0.02807744112496989
Capa 2 - Oculta 1 a Oculta 2,Neurona H1_21,Neurona H2_6,0.21815047437660762,0.21815047437660762,0.04421071359481497
Capa 2 - Oculta 1 a Oculta 2,Neurona H1_21,Neurona H2_7,0.15314676288824022,0.15314676288824022,0.03103696057216117
Capa 2 - Oculta 1 a Oculta 2,Neurona H1_21,Neurona H2_8,-0.023530536603932006,0.023530536603932006,0.004768735055477377
Capa 2 - Oculta 1 a Oculta 2,Neurona H1_21,Neurona H2_9,-0.11817058807718968,0.11817058807718968,0.02394863471986887
Capa 2 - Oculta 1 a Oculta 2,Neurona H1_21,Neurona H2_10,-0.15180683764399713,0.15180683764399713,0.030765409243286104
Capa 2 - Oculta 1 a Oculta 2,Neurona H1_21,Neurona H2_11,-0.016982393844384408,0.016982393844384408,0.0034416782844682954
Capa 2 - Oculta 1 a Oculta 2,Neurona H1_21,Neurona H2_12,0.24073518781503117,0.24073518781503117,0.04878776666013794
Capa 2 - Oculta 1 a Oculta 2,Neurona H1_21,Neurona H2_13,-0.18694637282857807,0.18694637282857807,0.037886841962329595
Capa 2 - Oculta 1 a Oculta 2,Neurona H1_21,Neurona H2_14,-0.029793876604877395,0.029793876604877395,0.006038073257560322
Capa 2 - Oculta 1 a Oculta 2,Neurona H1_21,Neurona H2_15,-0.056250128412478985,0.056250128412478985,0.011399738295422839
Capa 2 - Oculta 1 a Oculta 2,Neurona H1_21,Neurona H2_16,0.22211142408949094,0.22211142408949094,0.04501344580899038
Capa 2 - Oculta 1 a Oculta 2,Neurona H1_21,Neurona H2_17,0.2400468795189776,0.2400468795189776,0.04864827303295827
Capa 2 - Oculta 1 a Oculta 2,Neurona H1_21,Neurona H2_18,-0.06306165827490927,0.06306165827490927,0.012780173505343823
Capa 2 - Oculta 1 a Oculta 2,Neurona H1_21,Neurona H2_19,-0.0454899007417531,0.0454899007417531,0.009219053861318868
Capa 2 - Oculta 1 a Oculta 2,Neurona H1_21,Neurona H2_20,-0.17573313377977207,0.17573313377977207,0.03561434953950259
Capa 2 - Oculta 1 a Oculta 2,Neurona H1_21,Neurona H2_21,-0.29119049687691984,0.29119049687691984,0.05901311787538255
Capa 2 - Oculta 1 a Oculta 2,Neurona H1_21,Neurona H2_22,-0.04399545905166823,0.04399545905166823,0.008916187989799233
Capa 2 - Oculta 1 a Oculta 2,Neurona H1_21,Neurona H2_23,-0.03316612137381475,0.03316612137381475,0.0067214976144274975
Capa 2 - Oculta 1 a Oculta 2,Neurona H1_21,Neurona H2_24,0.13269058745662296,0.13269058745662296,0.026891280321696867
Capa 2 - Oculta 1 a Oculta 2,Neurona H1_21,Neurona H2_25,-0.0831232002206015,0.0831232002206015,0.016845876721281787
Capa 2 - Oculta 1 a Oculta 2,Neurona H1_21,Neurona H2_26,-0.11328839470475371,0.11328839470475371,0.02295920183635085
Capa 2 - Oculta 1 a Oculta 2,Neurona H1_21,Neurona H2_27,0.2110918695513448,0.2110918695513448,0.04278020578959272
Capa 2 - Oculta 1 a Oculta 2,Neurona H1_21,Neurona H2_28,-0.09943232638861406,0.09943232638861406,0.020151109533890436
Capa 2 - Oculta 1 a Oculta 2,Neurona H1_21,Neurona H2_29,-0.020398583093437554,0.020398583093437554,0.004134008497855033
Capa 2 - Oculta 1 a Oculta 2,Neurona H1_21,Neurona H2_30,-0.3061066350743369,0.3061066350743369,0.06203604558466741
Capa 2 - Oculta 1 a Oculta 2,Neurona H1_21,Neurona H2_31,0.39426837048458163,0.39426837048458163,0.07990303966470476
Capa 2 - Oculta 1 a Oculta 2,Neurona H1_21,Neurona H2_32,-0.0010209289088807352,0.0010209289088807352,0.00020690303663182445
Capa 2 - Oculta 1 a Oculta 2,Neurona H1_22,Neurona H2_1,-0.0738125798654136,0.0738125798654136,0.014958971954791829
Capa 2 - Oculta 1 a Oculta 2,Neurona H1_22,Neurona H2_2,0.01592072047472338,0.01592072047472338,0.003226517912200231
Capa 2 - Oculta 1 a Oculta 2,Neurona H1_22,Neurona H2_3,-0.044473354443912566,0.044473354443912566,0.009013039011440016
Capa 2 - Oculta 1 a Oculta 2,Neurona H1_22,Neurona H2_4,-0.11161035805773668,0.11161035805773668,0.02261912832601413
Capa 2 - Oculta 1 a Oculta 2,Neurona H1_22,Neurona H2_5,0.05732883847230083,0.05732883847230083,0.0116183513497511
Capa 2 - Oculta 1 a Oculta 2,Neurona H1_22,Neurona H2_6,0.02252393346487531,0.02252393346487531,0.004564735301584339
Capa 2 - Oculta 1 a Oculta 2,Neurona H1_22,Neurona H2_7,-0.018412035234602855,0.018412035234602855,0.003731411626680172
Capa 2 - Oculta 1 a Oculta 2,Neurona H1_22,Neurona H2_8,-0.1579061647011561,0.1579061647011561,0.03200150832771732
Capa 2 - Oculta 1 a Oculta 2,Neurona H1_22,Neurona H2_9,-0.22686682397119218,0.22686682397119218,0.04597718252695762
Capa 2 - Oculta 1 a Oculta 2,Neurona H1_22,Neurona H2_10,0.0066773460929359305,0.0066773460929359305,0.0013532413190108685
Capa 2 - Oculta 1 a Oculta 2,Neurona H1_22,Neurona H2_11,-0.0435998813927621,0.0435998813927621,0.008836019607711671
Capa 2 - Oculta 1 a Oculta 2,Neurona H1_22,Neurona H2_12,0.17933239781071306,0.17933239781071306,0.03634378197222488
Capa 2 - Oculta 1 a Oculta 2,Neurona H1_22,Neurona H2_13,0.18607395116168263,0.18607395116168263,0.037710035633765585
Capa 2 - Oculta 1 a Oculta 2,Neurona H1_22,Neurona H2_14,0.291244656663363,0.291244656663363,0.05902409398173134
Capa 2 - Oculta 1 a Oculta 2,Neurona H1_22,Neurona H2_15,0.25771544223430537,0.25771544223430537,0.05222901136539411
Capa 2 - Oculta 1 a Oculta 2,Neurona H1_22,Neurona H2_16,0.219809235463663,0.219809235463663,0.04454688069026408
Capa 2 - Oculta 1 a Oculta 2,Neurona H1_22,Neurona H2_17,-0.04322718665567583,0.04322718665567583,0.008760488714062683
Capa 2 - Oculta 1 a Oculta 2,Neurona H1_22,Neurona H2_18,-0.16384176634223876,0.16384176634223876,0.03320442656530865
Capa 2 - Oculta 1 a Oculta 2,Neurona H1_22,Neurona H2_19,0.08253427440563402,0.08253427440563402,0.01672652410190966
Capa 2 - Oculta 1 a Oculta 2,Neurona H1_22,Neurona H2_20,-0.15570795995224448,0.15570795995224448,0.03155601674281654
Capa 2 - Oculta 1 a Oculta 2,Neurona H1_22,Neurona H2_21,-0.09673682626187662,0.09673682626187662,0.01960483529617209
Capa 2 - Oculta 1 a Oculta 2,Neurona H1_22,Neurona H2_22,0.21153215261119862,0.21153215261119862,0.04286943423759619
Capa 2 - Oculta 1 a Oculta 2,Neurona H1_22,Neurona H2_23,-0.2368840104400311,0.2368840104400311,0.04800728107826832
Capa 2 - Oculta 1 a Oculta 2,Neurona H1_22,Neurona H2_24,0.323756449716234,0.323756449716234,0.06561298440345441
Capa 2 - Oculta 1 a Oculta 2,Neurona H1_22,Neurona H2_25,0.27846098642167777,0.27846098642167777,0.05643333553685165
Capa 2 - Oculta 1 a Oculta 2,Neurona H1_22,Neurona H2_26,-0.046897288031497404,0.046897288031497404,0.009504277153001705
Capa 2 - Oculta 1 a Oculta 2,Neurona H1_22,Neurona H2_27,-0.12408595907247172,0.12408595907247172,0.025147452983394648
Capa 2 - Oculta 1 a Oculta 2,Neurona H1_22,Neurona H2_28,0.16335840082233027,0.16335840082233027,0.03310646695910861
Capa 2 - Oculta 1 a Oculta 2,Neurona H1_22,Neurona H2_29,-0.20993902274741819,0.20993902274741819,0.042546568067681985
Capa 2 - Oculta 1 a Oculta 2,Neurona H1_22,Neurona H2_30,-0.2739287905229579,0.2739287905229579,0.05551483368437351
Capa 2 - Oculta 1 a Oculta 2,Neurona H1_22,Neurona H2_31,0.2521638489523739,0.2521638489523739,0.0511039168576524
Capa 2 - Oculta 1 a Oculta 2,Neurona H1_22,Neurona H2_32,-0.28670540699470853,0.28670540699470853,0.05810416260129441
Capa 2 - Oculta 1 a Oculta 2,Neurona H1_23,Neurona H2_1,0.05780881834013536,0.05780881834013536,0.01171562481444903
Capa 2 - Oculta 1 a Oculta 2,Neurona H1_23,Neurona H2_2,0.03542795447716363,0.03542795447716363,0.007179884220357115
Capa 2 - Oculta 1 a Oculta 2,Neurona H1_23,Neurona H2_3,0.09184602101277674,0.09184602101277674,0.018613657116368146
Capa 2 - Oculta 1 a Oculta 2,Neurona H1_23,Neurona H2_4,-0.13454563968222893,0.13454563968222893,0.027267228083827814
Capa 2 - Oculta 1 a Oculta 2,Neurona H1_23,Neurona H2_5,0.09531454276494901,0.09531454276494901,0.019316593116030213
Capa 2 - Oculta 1 a Oculta 2,Neurona H1_23,Neurona H2_6,0.2282037157023891,0.2282037157023891,0.04624811907937229
Capa 2 - Oculta 1 a Oculta 2,Neurona H1_23,Neurona H2_7,-0.09037118320148281,0.09037118320148281,0.018314764197339448
Capa 2 - Oculta 1 a Oculta 2,Neurona H1_23,Neurona H2_8,0.20568601158567537,0.20568601158567537,0.04168464622715114
Capa 2 - Oculta 1 a Oculta 2,Neurona H1_23,Neurona H2_9,-0.10331149142269494,0.10331149142269494,0.02093726713817186
Capa 2 - Oculta 1 a Oculta 2,Neurona H1_23,Neurona H2_10,-0.1017428437532361,0.1017428437532361,0.020619362567742675
Capa 2 - Oculta 1 a Oculta 2,Neurona H1_23,Neurona H2_11,0.12032552726855891,0.12032552726855891,0.024385358039752163
Capa 2 - Oculta 1 a Oculta 2,Neurona H1_23,Neurona H2_12,-0.14533518485495617,0.14533518485495617,0.029453854048373102
Capa 2 - Oculta 1 a Oculta 2,Neurona H1_23,Neurona H2_13,-0.25183582603723476,0.25183582603723476,0.05103743922474697
Capa 2 - Oculta 1 a Oculta 2,Neurona H1_23,Neurona H2_14,0.022102960350113228,0.022102960350113228,0.00447942023701229
Capa 2 - Oculta 1 a Oculta 2,Neurona H1_23,Neurona H2_15,-0.1857259602705683,0.1857259602705683,0.03763951125986897
Capa 2 - Oculta 1 a Oculta 2,Neurona H1_23,Neurona H2_16,-0.17291033949343285,0.17291033949343285,0.0350422776699041
Capa 2 - Oculta 1 a Oculta 2,Neurona H1_23,Neurona H2_17,-0.016267808807516538,0.016267808807516538,0.0032968593722271706
Capa 2 - Oculta 1 a Oculta 2,Neurona H1_23,Neurona H2_18,-0.21497733186513426,0.21497733186513426,0.04356763961035004
Capa 2 - Oculta 1 a Oculta 2,Neurona H1_23,Neurona H2_19,-0.09921806880206463,0.09921806880206463,0.020107687758982442
Capa 2 - Oculta 1 a Oculta 2,Neurona H1_23,Neurona H2_20,0.1054941327197097,0.1054941327197097,0.021379604609764735
Capa 2 - Oculta 1 a Oculta 2,Neurona H1_23,Neurona H2_21,-0.21480845204669097,0.21480845204669097,0.04353341416432945
Capa 2 - Oculta 1 a Oculta 2,Neurona H1_23,Neurona H2_22,0.34970312036701307,0.34970312036701307,0.07087137693346666
Capa 2 - Oculta 1 a Oculta 2,Neurona H1_23,Neurona H2_23,-0.12194268781588825,0.12194268781588825,0.02471309430527769
Capa 2 - Oculta 1 a Oculta 2,Neurona H1_23,Neurona H2_24,0.045866475779626,0.045866475779626,0.009295371142745512
Capa 2 - Oculta 1 a Oculta 2,Neurona H1_23,Neurona H2_25,0.14206885018418441,0.14206885018418441,0.028791893596318324
Capa 2 - Oculta 1 a Oculta 2,Neurona H1_23,Neurona H2_26,-0.045530821967386545,0.045530821967386545,0.009227347020394497
Capa 2 - Oculta 1 a Oculta 2,Neurona H1_23,Neurona H2_27,-0.08241610917785912,0.08241610917785912,0.01670257655351697
Capa 2 - Oculta 1 a Oculta 2,Neurona H1_23,Neurona H2_28,-0.09194813385531744,0.09194813385531744,0.01863435146346421
Capa 2 - Oculta 1 a Oculta 2,Neurona H1_23,Neurona H2_29,-0.09264971202381059,0.09264971202381059,0.018776534383580522
Capa 2 - Oculta 1 a Oculta 2,Neurona H1_23,Neurona H2_30,0.12246596437837094,0.12246596437837094,0.02481914234528728
Capa 2 - Oculta 1 a Oculta 2,Neurona H1_23,Neurona H2_31,0.11287243758837957,0.11287243758837957,0.02287490332179436
Capa 2 - Oculta 1 a Oculta 2,Neurona H1_23,Neurona H2_32,-0.1669335759053787,0.1669335759053787,0.033831017488277305
Capa 2 - Oculta 1 a Oculta 2,Neurona H1_24,Neurona H2_1,-0.053039311475234024,0.053039311475234024,0.010749029153379646
Capa 2 - Oculta 1 a Oculta 2,Neurona H1_24,Neurona H2_2,0.12077378356939955,0.12077378356939955,0.024476202357144403
Capa 2 - Oculta 1 a Oculta 2,Neurona H1_24,Neurona H2_3,0.23665508475307617,0.23665508475307617,0.047960886643374785
Capa 2 - Oculta 1 a Oculta 2,Neurona H1_24,Neurona H2_4,0.08032533913525733,0.08032533913525733,0.016278857852880493
Capa 2 - Oculta 1 a Oculta 2,Neurona H1_24,Neurona H2_5,-0.25168452923060874,0.25168452923060874,0.05100677717918109
Capa 2 - Oculta 1 a Oculta 2,Neurona H1_24,Neurona H2_6,0.157266188070267,0.157266188070267,0.03187180967078584
Capa 2 - Oculta 1 a Oculta 2,Neurona H1_24,Neurona H2_7,-0.01565067167701603,0.01565067167701603,0.0031717894038796276
Capa 2 - Oculta 1 a Oculta 2,Neurona H1_24,Neurona H2_8,-0.0524589880209907,0.0524589880209907,0.010631419901778327
Capa 2 - Oculta 1 a Oculta 2,Neurona H1_24,Neurona H2_9,-0.05585746922171092,0.05585746922171092,0.011320161374616104
Capa 2 - Oculta 1 a Oculta 2,Neurona H1_24,Neurona H2_10,0.13516078175501495,0.13516078175501495,0.027391893730683632
Capa 2 - Oculta 1 a Oculta 2,Neurona H1_24,Neurona H2_11,0.020746483693094127,0.020746483693094127,0.004204514573144733
Capa 2 - Oculta 1 a Oculta 2,Neurona H1_24,Neurona H2_12,0.21655831945569715,0.21655831945569715,0.0438880450083354
Capa 2 - Oculta 1 a Oculta 2,Neurona H1_24,Neurona H2_13,-0.15482601925687617,0.15482601925687617,0.03137728127317356
Capa 2 - Oculta 1 a Oculta 2,Neurona H1_24,Neurona H2_14,0.03344149176439919,0.03344149176439919,0.006777304605016954
Capa 2 - Oculta 1 a Oculta 2,Neurona H1_24,Neurona H2_15,-0.12896770839312321,0.12896770839312321,0.02613679587468909
Capa 2 - Oculta 1 a Oculta 2,Neurona H1_24,Neurona H2_16,0.21025001146053024,0.21025001146053024,0.042609593522776254
Capa 2 - Oculta 1 a Oculta 2,Neurona H1_24,Neurona H2_17,0.20840187566757354,0.20840187566757354,0.04223504745561677
Capa 2 - Oculta 1 a Oculta 2,Neurona H1_24,Neurona H2_18,0.062098863708839644,0.062098863708839644,0.012585052064820782
Capa 2 - Oculta 1 a Oculta 2,Neurona H1_24,Neurona H2_19,-0.26619058802379997,0.26619058802379997,0.05394659756017264
Capa 2 - Oculta 1 a Oculta 2,Neurona H1_24,Neurona H2_20,0.14525809042013305,0.14525809042013305,0.029438229970600825
Capa 2 - Oculta 1 a Oculta 2,Neurona H1_24,Neurona H2_21,-0.13692414754733642,0.13692414754733642,0.027749260177994818
Capa 2 - Oculta 1 a Oculta 2,Neurona H1_24,Neurona H2_22,-0.1227298246959022,0.1227298246959022,0.024872616686614047
Capa 2 - Oculta 1 a Oculta 2,Neurona H1_24,Neurona H2_23,0.1676352109553858,0.1676352109553858,0.03397321193608949
Capa 2 - Oculta 1 a Oculta 2,Neurona H1_24,Neurona H2_24,0.17809758663301398,0.17809758663301398,0.036093533223158746
Capa 2 - Oculta 1 a Oculta 2,Neurona H1_24,Neurona H2_25,0.10671755296170381,0.10671755296170381,0.021627544854128013
Capa 2 - Oculta 1 a Oculta 2,Neurona H1_24,Neurona H2_26,0.3029509133432425,0.3029509133432425,0.06139650212258219
Capa 2 - Oculta 1 a Oculta 2,Neurona H1_24,Neurona H2_27,-0.09804551431421792,0.09804551431421792,0.01987005604727224
Capa 2 - Oculta 1 a Oculta 2,Neurona H1_24,Neurona H2_28,0.10414353109035665,0.10414353109035665,0.021105889588119014
Capa 2 - Oculta 1 a Oculta 2,Neurona H1_24,Neurona H2_29,-0.049329206927848084,0.049329206927848084,0.009997133609626983
Capa 2 - Oculta 1 a Oculta 2,Neurona H1_24,Neurona H2_30,-0.26355052688697383,0.26355052688697383,0.053411558674162606
Capa 2 - Oculta 1 a Oculta 2,Neurona H1_24,Neurona H2_31,0.13924995740599683,0.13924995740599683,0.028220612412414983
Capa 2 - Oculta 1 a Oculta 2,Neurona H1_24,Neurona H2_32,-0.013933065249781903,0.013933065249781903,0.0028236966204921066
Capa 2 - Oculta 1 a Oculta 2,Neurona H1_25,Neurona H2_1,0.04994819434954105,0.04994819434954105,0.010122578560858292
Capa 2 - Oculta 1 a Oculta 2,Neurona H1_25,Neurona H2_2,-0.24819917301072295,0.24819917301072295,0.05030042948017374
Capa 2 - Oculta 1 a Oculta 2,Neurona H1_25,Neurona H2_3,-0.46778991664759967,0.46778991664759967,0.09480303027783406
Capa 2 - Oculta 1 a Oculta 2,Neurona H1_25,Neurona H2_4,0.03538734280772068,0.03538734280772068,0.007171653796419323
Capa 2 - Oculta 1 a Oculta 2,Neurona H1_25,Neurona H2_5,0.33794193397247335,0.33794193397247335,0.06848783665142001
Capa 2 - Oculta 1 a Oculta 2,Neurona H1_25,Neurona H2_6,0.26407026628913927,0.26407026628913927,0.053516889867774434
Capa 2 - Oculta 1 a Oculta 2,Neurona H1_25,Neurona H2_7,-0.2194896353392812,0.2194896353392812,0.04448211003320139
Capa 2 - Oculta 1 a Oculta 2,Neurona H1_25,Neurona H2_8,0.21573652974306548,0.21573652974306548,0.043721499830177306
Capa 2 - Oculta 1 a Oculta 2,Neurona H1_25,Neurona H2_9,0.3220025335869552,0.3220025335869552,0.06525753303951648
Capa 2 - Oculta 1 a Oculta 2,Neurona H1_25,Neurona H2_10,0.028147376808653937,0.028147376808653937,0.005704391054334445
Capa 2 - Oculta 1 a Oculta 2,Neurona H1_25,Neurona H2_11,0.06453719251826547,0.06453719251826547,0.013079207564374766
Capa 2 - Oculta 1 a Oculta 2,Neurona H1_25,Neurona H2_12,-0.31402917008134806,0.31402917008134806,0.06364163882089933
Capa 2 - Oculta 1 a Oculta 2,Neurona H1_25,Neurona H2_13,-0.22461620117034925,0.22461620117034925,0.0455210678183265
Capa 2 - Oculta 1 a Oculta 2,Neurona H1_25,Neurona H2_14,-0.3918788499629442,0.3918788499629442,0.0794187757284794
Capa 2 - Oculta 1 a Oculta 2,Neurona H1_25,Neurona H2_15,-0.2099574883468326,0.2099574883468326,0.04255031033470844
Capa 2 - Oculta 1 a Oculta 2,Neurona H1_25,Neurona H2_16,-0.3004797781778302,0.3004797781778302,0.06089569803602536
Capa 2 - Oculta 1 a Oculta 2,Neurona H1_25,Neurona H2_17,0.07134488638506582,0.07134488638506582,0.014458865365469892
Capa 2 - Oculta 1 a Oculta 2,Neurona H1_25,Neurona H2_18,-0.1158236758749699,0.1158236758749699,0.02347300585176295
Capa 2 - Oculta 1 a Oculta 2,Neurona H1_25,Neurona H2_19,0.2869306906567823,0.2869306906567823,0.058149818937774975
Capa 2 - Oculta 1 a Oculta 2,Neurona H1_25,Neurona H2_20,-0.010393023086057804,0.010393023086057804,0.002106266183261952
Capa 2 - Oculta 1 a Oculta 2,Neurona H1_25,Neurona H2_21,0.2426329544594685,0.2426329544594685,0.04917237099266012
Capa 2 - Oculta 1 a Oculta 2,Neurona H1_25,Neurona H2_22,-0.2033327823302333,0.2033327823302333,0.04120773713523836
Capa 2 - Oculta 1 a Oculta 2,Neurona H1_25,Neurona H2_23,0.20471744184880342,0.20471744184880342,0.0414883543815532
Capa 2 - Oculta 1 a Oculta 2,Neurona H1_25,Neurona H2_24,0.10701719039487413,0.10701719039487413,0.02168826984121793
Capa 2 - Oculta 1 a Oculta 2,Neurona H1_25,Neurona H2_25,-0.1819441052541904,0.1819441052541904,0.03687307465475047
Capa 2 - Oculta 1 a Oculta 2,Neurona H1_25,Neurona H2_26,-0.012971945813263315,0.012971945813263315,0.0026289146643228207
Capa 2 - Oculta 1 a Oculta 2,Neurona H1_25,Neurona H2_27,0.16005833024225447,0.16005833024225447,0.03243766953533344
Capa 2 - Oculta 1 a Oculta 2,Neurona H1_25,Neurona H2_28,-0.13505899111725383,0.13505899111725383,0.027371264682108102
Capa 2 - Oculta 1 a Oculta 2,Neurona H1_25,Neurona H2_29,-0.15198294027560352,0.15198294027560352,0.030801098475828424
Capa 2 - Oculta 1 a Oculta 2,Neurona H1_25,Neurona H2_30,0.29755655712217,0.29755655712217,0.060303273521545436
Capa 2 - Oculta 1 a Oculta 2,Neurona H1_25,Neurona H2_31,-0.05562169856625414,0.05562169856625414,0.011272379727786098
Capa 2 - Oculta 1 a Oculta 2,Neurona H1_25,Neurona H2_32,0.4396950883944028,0.4396950883944028,0.08910928879527696
Capa 2 - Oculta 1 a Oculta 2,Neurona H1_26,Neurona H2_1,-0.2392629439628322,0.2392629439628322,0.04848939943688393
Capa 2 - Oculta 1 a Oculta 2,Neurona H1_26,Neurona H2_2,0.05904744510821123,0.05904744510821123,0.011966646836980765
Capa 2 - Oculta 1 a Oculta 2,Neurona H1_26,Neurona H2_3,-0.08798703405895753,0.08798703405895753,0.017831588833138585
Capa 2 - Oculta 1 a Oculta 2,Neurona H1_26,Neurona H2_4,-0.12407849346596038,0.12407849346596038,0.02514593999199627
Capa 2 - Oculta 1 a Oculta 2,Neurona H1_26,Neurona H2_5,0.08854905157442929,0.08854905157442929,0.017945488174787028
Capa 2 - Oculta 1 a Oculta 2,Neurona H1_26,Neurona H2_6,-0.05395968471918163,0.05395968471918163,0.010935553422945303
Capa 2 - Oculta 1 a Oculta 2,Neurona H1_26,Neurona H2_7,-0.0026211632157417592,0.0026211632157417592,0.000531209004003199
Capa 2 - Oculta 1 a Oculta 2,Neurona H1_26,Neurona H2_8,0.1606349119738247,0.1606349119738247,0.0325545204836126
Capa 2 - Oculta 1 a Oculta 2,Neurona H1_26,Neurona H2_9,-0.17518185059371938,0.17518185059371938,0.03550262563370839
Capa 2 - Oculta 1 a Oculta 2,Neurona H1_26,Neurona H2_10,0.01835838317739253,0.01835838317739253,0.0037205384175254524
Capa 2 - Oculta 1 a Oculta 2,Neurona H1_26,Neurona H2_11,0.16069181832468613,0.16069181832468613,0.03256605321296764
Capa 2 - Oculta 1 a Oculta 2,Neurona H1_26,Neurona H2_12,-0.19630195287098395,0.19630195287098395,0.039782858328785524
Capa 2 - Oculta 1 a Oculta 2,Neurona H1_26,Neurona H2_13,0.05700361757698918,0.05700361757698918,0.01155244157853121
Capa 2 - Oculta 1 a Oculta 2,Neurona H1_26,Neurona H2_14,0.1902433949657854,0.1902433949657854,0.038555021583943416
Capa 2 - Oculta 1 a Oculta 2,Neurona H1_26,Neurona H2_15,0.18010282710678457,0.18010282710678457,0.036499918368677865
Capa 2 - Oculta 1 a Oculta 2,Neurona H1_26,Neurona H2_16,0.1977823140146078,0.1977823140146078,0.040082870614913585
Capa 2 - Oculta 1 a Oculta 2,Neurona H1_26,Neurona H2_17,-0.21894976216607082,0.21894976216607082,0.04437269849831229
Capa 2 - Oculta 1 a Oculta 2,Neurona H1_26,Neurona H2_18,0.09636795387857883,0.09636795387857883,0.01953007904667221
Capa 2 - Oculta 1 a Oculta 2,Neurona H1_26,Neurona H2_19,-0.18967388137998592,0.18967388137998592,0.038439603077052305
Capa 2 - Oculta 1 a Oculta 2,Neurona H1_26,Neurona H2_20,0.02327100440385977,0.02327100440385977,0.0047161378571498715
Capa 2 - Oculta 1 a Oculta 2,Neurona H1_26,Neurona H2_21,0.16475728109906893,0.16475728109906893,0.033389966206337204
Capa 2 - Oculta 1 a Oculta 2,Neurona H1_26,Neurona H2_22,-0.058953078503891004,0.058953078503891004,0.011947522354540658
Capa 2 - Oculta 1 a Oculta 2,Neurona H1_26,Neurona H2_23,0.039517808585023725,0.039517808585023725,0.00800874039921202
Capa 2 - Oculta 1 a Oculta 2,Neurona H1_26,Neurona H2_24,0.18742909704862587,0.18742909704862587,0.03798467160170489
Capa 2 - Oculta 1 a Oculta 2,Neurona H1_26,Neurona H2_25,0.24356966514657144,0.24356966514657144,0.04936220623380297
Capa 2 - Oculta 1 a Oculta 2,Neurona H1_26,Neurona H2_26,0.03157325044747913,0.03157325044747913,0.006398683921177591
Capa 2 - Oculta 1 a Oculta 2,Neurona H1_26,Neurona H2_27,-0.08019077101694243,0.08019077101694243,0.016251586069242093
Capa 2 - Oculta 1 a Oculta 2,Neurona H1_26,Neurona H2_28,-0.09449920662580583,0.09449920662580583,0.019151355829087936
Capa 2 - Oculta 1 a Oculta 2,Neurona H1_26,Neurona H2_29,0.22383754364335562,0.22383754364335562,0.04536326387582885
Capa 2 - Oculta 1 a Oculta 2,Neurona H1_26,Neurona H2_30,-0.10252617955585126,0.10252617955585126,0.020778114616836072
Capa 2 - Oculta 1 a Oculta 2,Neurona H1_26,Neurona H2_31,0.2507061410995164,0.2507061410995164,0.050808495522577324
Capa 2 - Oculta 1 a Oculta 2,Neurona H1_26,Neurona H2_32,-0.18075376859445713,0.18075376859445713,0.03663183918049692
Capa 2 - Oculta 1 a Oculta 2,Neurona H1_27,Neurona H2_1,0.2087784099299022,0.2087784099299022,0.042311356473408356
Capa 2 - Oculta 1 a Oculta 2,Neurona H1_27,Neurona H2_2,-0.17803194974208503,0.17803194974208503,0.036080231149008296
Capa 2 - Oculta 1 a Oculta 2,Neurona H1_27,Neurona H2_3,0.2117641309643708,0.2117641309643708,0.0429164473305615
Capa 2 - Oculta 1 a Oculta 2,Neurona H1_27,Neurona H2_4,0.02169248911633938,0.02169248911633938,0.004396233499934849
Capa 2 - Oculta 1 a Oculta 2,Neurona H1_27,Neurona H2_5,0.05362328849675061,0.05362328849675061,0.010867378842593025
Capa 2 - Oculta 1 a Oculta 2,Neurona H1_27,Neurona H2_6,0.2388081419457128,0.2388081419457128,0.04839722855447503
Capa 2 - Oculta 1 a Oculta 2,Neurona H1_27,Neurona H2_7,0.2512444174352081,0.2512444174352081,0.05091758343989741
Capa 2 - Oculta 1 a Oculta 2,Neurona H1_27,Neurona H2_8,0.14638564820232844,0.14638564820232844,0.029666742580131925
Capa 2 - Oculta 1 a Oculta 2,Neurona H1_27,Neurona H2_9,0.027593546583586204,0.027593546583586204,0.005592150961661757
Capa 2 - Oculta 1 a Oculta 2,Neurona H1_27,Neurona H2_10,0.09912353550710298,0.09912353550710298,0.020088529494758325
Capa 2 - Oculta 1 a Oculta 2,Neurona H1_27,Neurona H2_11,-0.17296731433165274,0.17296731433165274,0.03505382427901347
Capa 2 - Oculta 1 a Oculta 2,Neurona H1_27,Neurona H2_12,0.03293634976369168,0.03293634976369168,0.006674931743432262
Capa 2 - Oculta 1 a Oculta 2,Neurona H1_27,Neurona H2_13,-0.03474021527638005,0.03474021527638005,0.0070405059269077995
Capa 2 - Oculta 1 a Oculta 2,Neurona H1_27,Neurona H2_14,-0.19827484324380765,0.19827484324380765,0.04018268735265598
Capa 2 - Oculta 1 a Oculta 2,Neurona H1_27,Neurona H2_15,-0.2166084090424512,0.2166084090424512,0.04389819624170033
Capa 2 - Oculta 1 a Oculta 2,Neurona H1_27,Neurona H2_16,-0.21816842323106708,0.21816842323106708,0.04421435113750714
Capa 2 - Oculta 1 a Oculta 2,Neurona H1_27,Neurona H2_17,0.12360624436313017,0.12360624436313017,0.025050233256128297
Capa 2 - Oculta 1 a Oculta 2,Neurona H1_27,Neurona H2_18,-0.017200260973132528,0.017200260973132528,0.003485831574798434
Capa 2 - Oculta 1 a Oculta 2,Neurona H1_27,Neurona H2_19,0.00922254145031937,0.00922254145031937,0.0018690545589760163
Capa 2 - Oculta 1 a Oculta 2,Neurona H1_27,Neurona H2_20,-0.1391916691650883,0.1391916691650883,0.028208799627079003
Capa 2 - Oculta 1 a Oculta 2,Neurona H1_27,Neurona H2_21,0.0042425566148154336,0.0042425566148154336,0.0008598031058304483
Capa 2 - Oculta 1 a Oculta 2,Neurona H1_27,Neurona H2_22,-0.1727788441396539,0.1727788441396539,0.0350156286174939
Capa 2 - Oculta 1 a Oculta 2,Neurona H1_27,Neurona H2_23,-0.2161775567521943,0.2161775567521943,0.04381087904809508
Capa 2 - Oculta 1 a Oculta 2,Neurona H1_27,Neurona H2_24,0.1439809490650798,0.1439809490650798,0.029179402522117367
Capa 2 - Oculta 1 a Oculta 2,Neurona H1_27,Neurona H2_25,-0.2228796370676272,0.2228796370676272,0.04516913304301201
Capa 2 - Oculta 1 a Oculta 2,Neurona H1_27,Neurona H2_26,0.18496556942351997,0.18496556942351997,0.037485409271069546
Capa 2 - Oculta 1 a Oculta 2,Neurona H1_27,Neurona H2_27,-0.08206111567075136,0.08206111567075136,0.016630633018598656
Capa 2 - Oculta 1 a Oculta 2,Neurona H1_27,Neurona H2_28,0.2570583675527469,0.2570583675527469,0.05209584759098657
Capa 2 - Oculta 1 a Oculta 2,Neurona H1_27,Neurona H2_29,-0.21183598217204158,0.21183598217204158,0.04293100880778428
Capa 2 - Oculta 1 a Oculta 2,Neurona H1_27,Neurona H2_30,-0.11626023624226524,0.11626023624226524,0.023561479853116813
Capa 2 - Oculta 1 a Oculta 2,Neurona H1_27,Neurona H2_31,0.10423096395419723,0.10423096395419723,0.021123608867955907
Capa 2 - Oculta 1 a Oculta 2,Neurona H1_27,Neurona H2_32,0.19665759518906845,0.19665759518906845,0.039854933352743004
Capa 2 - Oculta 1 a Oculta 2,Neurona H1_28,Neurona H2_1,-0.24271165988250137,0.24271165988250137,0.04918832155580242
Capa 2 - Oculta 1 a Oculta 2,Neurona H1_28,Neurona H2_2,0.14241030818313483,0.14241030818313483,0.028861094004153303
Capa 2 - Oculta 1 a Oculta 2,Neurona H1_28,Neurona H2_3,-0.04928869177634652,0.04928869177634652,0.00998892274616494
Capa 2 - Oculta 1 a Oculta 2,Neurona H1_28,Neurona H2_4,0.06161374792287233,0.06161374792287233,0.01248673774698575
Capa 2 - Oculta 1 a Oculta 2,Neurona H1_28,Neurona H2_5,0.3277385894538592,0.3277385894538592,0.06642001102092004
Capa 2 - Oculta 1 a Oculta 2,Neurona H1_28,Neurona H2_6,-0.07700384283666824,0.07700384283666824,0.015605718259749697
Capa 2 - Oculta 1 a Oculta 2,Neurona H1_28,Neurona H2_7,-0.09793543423114763,0.09793543423114763,0.01984774704684938
Capa 2 - Oculta 1 a Oculta 2,Neurona H1_28,Neurona H2_8,0.007947909031923628,0.007947909031923628,0.001610735575488153
Capa 2 - Oculta 1 a Oculta 2,Neurona H1_28,Neurona H2_9,0.07095693630123058,0.07095693630123058,0.014380242799580284
Capa 2 - Oculta 1 a Oculta 2,Neurona H1_28,Neurona H2_10,-0.06785744795175058,0.06785744795175058,0.013752095681858407
Capa 2 - Oculta 1 a Oculta 2,Neurona H1_28,Neurona H2_11,0.1378334940359328,0.1378334940359328,0.02793354974821313
Capa 2 - Oculta 1 a Oculta 2,Neurona H1_28,Neurona H2_12,-0.2773456646374769,0.2773456646374769,0.05620730269365812
Capa 2 - Oculta 1 a Oculta 2,Neurona H1_28,Neurona H2_13,-0.13041947477500254,0.13041947477500254,0.026431013102037593
Capa 2 - Oculta 1 a Oculta 2,Neurona H1_28,Neurona H2_14,-0.30322861972427845,0.30322861972427845,0.06145278252862082
Capa 2 - Oculta 1 a Oculta 2,Neurona H1_28,Neurona H2_15,0.14353202875929533,0.14353202875929533,0.029088423636453014
Capa 2 - Oculta 1 a Oculta 2,Neurona H1_28,Neurona H2_16,0.17031075517252045,0.17031075517252045,0.0345154418782064
Capa 2 - Oculta 1 a Oculta 2,Neurona H1_28,Neurona H2_17,0.16908076503129008,0.16908076503129008,0.034266170167870785
Capa 2 - Oculta 1 a Oculta 2,Neurona H1_28,Neurona H2_18,-0.11752456788468836,0.11752456788468836,0.02381771126536454
Capa 2 - Oculta 1 a Oculta 2,Neurona H1_28,Neurona H2_19,-0.05418482131662644,0.05418482131662644,0.01098117995508
Capa 2 - Oculta 1 a Oculta 2,Neurona H1_28,Neurona H2_20,0.06421337776421665,0.06421337776421665,0.013013582763924812
Capa 2 - Oculta 1 a Oculta 2,Neurona H1_28,Neurona H2_21,-0.012704131421710303,0.012704131421710303,0.002574638984220108
Capa 2 - Oculta 1 a Oculta 2,Neurona H1_28,Neurona H2_22,-0.07190657778167495,0.07190657778167495,0.014572698615363667
Capa 2 - Oculta 1 a Oculta 2,Neurona H1_28,Neurona H2_23,-0.13475142049848407,0.13475142049848407,0.027308931943316364
Capa 2 - Oculta 1 a Oculta 2,Neurona H1_28,Neurona H2_24,0.0003313608278437887,0.0003313608278437887,6.715409947287937e-05
Capa 2 - Oculta 1 a Oculta 2,Neurona H1_28,Neurona H2_25,0.15923225518712755,0.15923225518712755,0.032270255883016616
Capa 2 - Oculta 1 a Oculta 2,Neurona H1_28,Neurona H2_26,-0.1799142596965923,0.1799142596965923,0.03646170300476839
Capa 2 - Oculta 1 a Oculta 2,Neurona H1_28,Neurona H2_27,0.029733963062457135,0.029733963062457135,0.006025931086098343
Capa 2 - Oculta 1 a Oculta 2,Neurona H1_28,Neurona H2_28,0.11465614712312862,0.11465614712312862,0.02323639266350897
Capa 2 - Oculta 1 a Oculta 2,Neurona H1_28,Neurona H2_29,-0.2027957627125396,0.2027957627125396,0.04109890390633754
Capa 2 - Oculta 1 a Oculta 2,Neurona H1_28,Neurona H2_30,-0.07121012018719618,0.07121012018719618,0.014431553438721609
Capa 2 - Oculta 1 a Oculta 2,Neurona H1_28,Neurona H2_31,0.008796630677904628,0.008796630677904628,0.0017827388210433662
Capa 2 - Oculta 1 a Oculta 2,Neurona H1_28,Neurona H2_32,0.23880874464715218,0.23880874464715218,0.04839735069888382
Capa 2 - Oculta 1 a Oculta 2,Neurona H1_29,Neurona H2_1,-0.23660110729084835,0.23660110729084835,0.04794994748713435
Capa 2 - Oculta 1 a Oculta 2,Neurona H1_29,Neurona H2_2,0.2426532627295495,0.2426532627295495,0.04917648669818276
Capa 2 - Oculta 1 a Oculta 2,Neurona H1_29,Neurona H2_3,0.24454171947351586,0.24454171947351586,0.049559204271831296
Capa 2 - Oculta 1 a Oculta 2,Neurona H1_29,Neurona H2_4,-0.024417604275170094,0.024417604275170094,0.004948509566004556
Capa 2 - Oculta 1 a Oculta 2,Neurona H1_29,Neurona H2_5,0.12380386212159843,0.12380386212159843,0.025090282777660882
Capa 2 - Oculta 1 a Oculta 2,Neurona H1_29,Neurona H2_6,0.14980417500231777,0.14980417500231777,0.030359546525218068
Capa 2 - Oculta 1 a Oculta 2,Neurona H1_29,Neurona H2_7,-0.006029747930927431,0.006029747930927431,0.0012219980707580175
Capa 2 - Oculta 1 a Oculta 2,Neurona H1_29,Neurona H2_8,-0.20883322080324118,0.20883322080324118,0.042322464530037594
Capa 2 - Oculta 1 a Oculta 2,Neurona H1_29,Neurona H2_9,-0.34631526747849495,0.34631526747849495,0.07018478941086946
Capa 2 - Oculta 1 a Oculta 2,Neurona H1_29,Neurona H2_10,0.18112873086327091,0.18112873086327091,0.03670782961564386
Capa 2 - Oculta 1 a Oculta 2,Neurona H1_29,Neurona H2_11,-0.031145385867075607,0.031145385867075607,0.006311972221486627
Capa 2 - Oculta 1 a Oculta 2,Neurona H1_29,Neurona H2_12,0.1733792805409981,0.1733792805409981,0.035137313990159666
Capa 2 - Oculta 1 a Oculta 2,Neurona H1_29,Neurona H2_13,-0.03392424499250686,0.03392424499250686,0.006875140123210673
Capa 2 - Oculta 1 a Oculta 2,Neurona H1_29,Neurona H2_14,0.1817788253384884,0.1817788253384884,0.03683957877060464
Capa 2 - Oculta 1 a Oculta 2,Neurona H1_29,Neurona H2_15,0.2634600039528884,0.2634600039528884,0.05339321315589567
Capa 2 - Oculta 1 a Oculta 2,Neurona H1_29,Neurona H2_16,0.26582442558037556,0.26582442558037556,0.05387239051129194
Capa 2 - Oculta 1 a Oculta 2,Neurona H1_29,Neurona H2_17,0.10701341424568976,0.10701341424568976,0.02168750456096558
Capa 2 - Oculta 1 a Oculta 2,Neurona H1_29,Neurona H2_18,0.1975842135681944,0.1975842135681944,0.04004272327109315
Capa 2 - Oculta 1 a Oculta 2,Neurona H1_29,Neurona H2_19,0.10181288905703285,0.10181288905703285,0.020633558057684513
Capa 2 - Oculta 1 a Oculta 2,Neurona H1_29,Neurona H2_20,-0.08356978118170931,0.08356978118170931,0.016936381511724507
Capa 2 - Oculta 1 a Oculta 2,Neurona H1_29,Neurona H2_21,-0.0080187915444102,0.0080187915444102,0.001625100735441987
Capa 2 - Oculta 1 a Oculta 2,Neurona H1_29,Neurona H2_22,-0.13971256540943888,0.13971256540943888,0.028314365268122907
Capa 2 - Oculta 1 a Oculta 2,Neurona H1_29,Neurona H2_23,-0.06238544182082002,0.06238544182082002,0.012643130429616976
Capa 2 - Oculta 1 a Oculta 2,Neurona H1_29,Neurona H2_24,0.23128498909396003,0.23128498909396003,0.04687257472546404
Capa 2 - Oculta 1 a Oculta 2,Neurona H1_29,Neurona H2_25,0.057403345286128706,0.057403345286128706,0.01163345101623782
Capa 2 - Oculta 1 a Oculta 2,Neurona H1_29,Neurona H2_26,0.18409128799194688,0.18409128799194688,0.037308226039710554
Capa 2 - Oculta 1 a Oculta 2,Neurona H1_29,Neurona H2_27,-0.2420283974122557,0.2420283974122557,0.0490498505235095
Capa 2 - Oculta 1 a Oculta 2,Neurona H1_29,Neurona H2_28,0.15132146882815717,0.15132146882815717,0.03066704364602451
Capa 2 - Oculta 1 a Oculta 2,Neurona H1_29,Neurona H2_29,0.2552896826972301,0.2552896826972301,0.05173740317407576
Capa 2 - Oculta 1 a Oculta 2,Neurona H1_29,Neurona H2_30,-0.15123272481446604,0.15123272481446604,0.030649058646524674
Capa 2 - Oculta 1 a Oculta 2,Neurona H1_29,Neurona H2_31,0.2802673659466365,0.2802673659466365,0.05679941921395436
Capa 2 - Oculta 1 a Oculta 2,Neurona H1_29,Neurona H2_32,0.12225881803791946,0.12225881803791946,0.024777161746546504
Capa 2 - Oculta 1 a Oculta 2,Neurona H1_30,Neurona H2_1,-0.2631504704480729,0.2631504704480729,0.053330482615572515
Capa 2 - Oculta 1 a Oculta 2,Neurona H1_30,Neurona H2_2,0.01883068913565983,0.01883068913565983,0.0038162566758045144
Capa 2 - Oculta 1 a Oculta 2,Neurona H1_30,Neurona H2_3,0.09719812665707875,0.09719812665707875,0.019698323149965377
Capa 2 - Oculta 1 a Oculta 2,Neurona H1_30,Neurona H2_4,0.15963299948301848,0.15963299948301848,0.03235147134377148
Capa 2 - Oculta 1 a Oculta 2,Neurona H1_30,Neurona H2_5,-0.19894411284045257,0.19894411284045257,0.0403183225674752
Capa 2 - Oculta 1 a Oculta 2,Neurona H1_30,Neurona H2_6,-0.29614082590418384,0.29614082590418384,0.060016359236419604
Capa 2 - Oculta 1 a Oculta 2,Neurona H1_30,Neurona H2_7,0.047933826110679575,0.047933826110679575,0.009714343568304244
Capa 2 - Oculta 1 a Oculta 2,Neurona H1_30,Neurona H2_8,-0.13893093175574184,0.13893093175574184,0.028155958179170115
Capa 2 - Oculta 1 a Oculta 2,Neurona H1_30,Neurona H2_9,-0.3940103873279661,0.3940103873279661,0.07985075639792752
Capa 2 - Oculta 1 a Oculta 2,Neurona H1_30,Neurona H2_10,-0.03361330101654616,0.03361330101654616,0.006812123734616903
Capa 2 - Oculta 1 a Oculta 2,Neurona H1_30,Neurona H2_11,-0.16625114231198104,0.16625114231198104,0.033692714437452406
Capa 2 - Oculta 1 a Oculta 2,Neurona H1_30,Neurona H2_12,0.09201519139218581,0.09201519139218581,0.018647941447924855
Capa 2 - Oculta 1 a Oculta 2,Neurona H1_30,Neurona H2_13,0.21300078179554083,0.21300078179554083,0.043167068906654255
Capa 2 - Oculta 1 a Oculta 2,Neurona H1_30,Neurona H2_14,0.0667200227793229,0.0667200227793229,0.013521583331713705
Capa 2 - Oculta 1 a Oculta 2,Neurona H1_30,Neurona H2_15,-0.07347632631452636,0.07347632631452636,0.014890826288475965
Capa 2 - Oculta 1 a Oculta 2,Neurona H1_30,Neurona H2_16,0.18425394735941653,0.18425394735941653,0.03734119083948587
Capa 2 - Oculta 1 a Oculta 2,Neurona H1_30,Neurona H2_17,0.19428839537918757,0.19428839537918757,0.039374787643489555
Capa 2 - Oculta 1 a Oculta 2,Neurona H1_30,Neurona H2_18,0.07502341660180645,0.07502341660180645,0.015204362006386807
Capa 2 - Oculta 1 a Oculta 2,Neurona H1_30,Neurona H2_19,-0.31074635910653,0.31074635910653,0.06297633925550375
Capa 2 - Oculta 1 a Oculta 2,Neurona H1_30,Neurona H2_20,-0.035750964924833394,0.035750964924833394,0.007245346018828419
Capa 2 - Oculta 1 a Oculta 2,Neurona H1_30,Neurona H2_21,-0.33188702930897224,0.33188702930897224,0.06726074027820828
Capa 2 - Oculta 1 a Oculta 2,Neurona H1_30,Neurona H2_22,0.28116709184996297,0.28116709184996297,0.05698175906143565
Capa 2 - Oculta 1 a Oculta 2,Neurona H1_30,Neurona H2_23,-0.2754029809059119,0.2754029809059119,0.05581359539457036
Capa 2 - Oculta 1 a Oculta 2,Neurona H1_30,Neurona H2_24,-0.09360682217229577,0.09360682217229577,0.018970503811216597
Capa 2 - Oculta 1 a Oculta 2,Neurona H1_30,Neurona H2_25,0.08004541476289702,0.08004541476289702,0.016222127945278893
Capa 2 - Oculta 1 a Oculta 2,Neurona H1_30,Neurona H2_26,0.1839153293878549,0.1839153293878549,0.03727256599600777
Capa 2 - Oculta 1 a Oculta 2,Neurona H1_30,Neurona H2_27,-0.20184243293234283,0.20184243293234283,0.04090570061400398
Capa 2 - Oculta 1 a Oculta 2,Neurona H1_30,Neurona H2_28,-0.2528629256721267,0.2528629256721267,0.05124559283028603
Capa 2 - Oculta 1 a Oculta 2,Neurona H1_30,Neurona H2_29,-0.2463331291537523,0.2463331291537523,0.04992225413697706
Capa 2 - Oculta 1 a Oculta 2,Neurona H1_30,Neurona H2_30,-0.0803148402026605,0.0803148402026605,0.016276730122911462
Capa 2 - Oculta 1 a Oculta 2,Neurona H1_30,Neurona H2_31,0.06405200632071092,0.06405200632071092,0.012980878976818225
Capa 2 - Oculta 1 a Oculta 2,Neurona H1_30,Neurona H2_32,-0.29311257036304894,0.29311257036304894,0.059402648270153735
Capa 2 - Oculta 1 a Oculta 2,Neurona H1_31,Neurona H2_1,0.009573345039770753,0.009573345039770753,0.0019401489586814852
Capa 2 - Oculta 1 a Oculta 2,Neurona H1_31,Neurona H2_2,0.22414090015594532,0.22414090015594532,0.045424742577324
Capa 2 - Oculta 1 a Oculta 2,Neurona H1_31,Neurona H2_3,0.31647406182302407,0.31647406182302407,0.06413712437448545
Capa 2 - Oculta 1 a Oculta 2,Neurona H1_31,Neurona H2_4,-0.03267986747513377,0.03267986747513377,0.006622952644904149
Capa 2 - Oculta 1 a Oculta 2,Neurona H1_31,Neurona H2_5,-0.1993675656211416,0.1993675656211416,0.04040414016499118
Capa 2 - Oculta 1 a Oculta 2,Neurona H1_31,Neurona H2_6,0.09091942759453951,0.09091942759453951,0.018425872256630435
Capa 2 - Oculta 1 a Oculta 2,Neurona H1_31,Neurona H2_7,0.19222542602863507,0.19222542602863507,0.0389567030742362
Capa 2 - Oculta 1 a Oculta 2,Neurona H1_31,Neurona H2_8,0.22411322517071855,0.22411322517071855,0.04541913392188056
Capa 2 - Oculta 1 a Oculta 2,Neurona H1_31,Neurona H2_9,-0.30294852144904966,0.30294852144904966,0.06139601737759408
Capa 2 - Oculta 1 a Oculta 2,Neurona H1_31,Neurona H2_10,0.16298524680424792,0.16298524680424792,0.03303084298686039
Capa 2 - Oculta 1 a Oculta 2,Neurona H1_31,Neurona H2_11,-0.19870665884479524,0.19870665884479524,0.04027019977230847
Capa 2 - Oculta 1 a Oculta 2,Neurona H1_31,Neurona H2_12,0.18801915376206058,0.18801915376206058,0.03810425341071496
Capa 2 - Oculta 1 a Oculta 2,Neurona H1_31,Neurona H2_13,0.25177886089900414,0.25177886089900414,0.05102589458145248
Capa 2 - Oculta 1 a Oculta 2,Neurona H1_31,Neurona H2_14,-0.061555567574077936,0.061555567574077936,0.012474946827233019
Capa 2 - Oculta 1 a Oculta 2,Neurona H1_31,Neurona H2_15,0.18878901251892904,0.18878901251892904,0.03826027418080787
Capa 2 - Oculta 1 a Oculta 2,Neurona H1_31,Neurona H2_16,0.20317195854625306,0.20317195854625306,0.041175144337660896
Capa 2 - Oculta 1 a Oculta 2,Neurona H1_31,Neurona H2_17,-0.09500929618361414,0.09500929618361414,0.01925473137027075
Capa 2 - Oculta 1 a Oculta 2,Neurona H1_31,Neurona H2_18,0.18622262985069413,0.18622262985069413,0.03774016708755372
Capa 2 - Oculta 1 a Oculta 2,Neurona H1_31,Neurona H2_19,-0.32114650845464926,0.32114650845464926,0.06508404965809138
Capa 2 - Oculta 1 a Oculta 2,Neurona H1_31,Neurona H2_20,-0.09558026791910254,0.09558026791910254,0.019370445388040124
Capa 2 - Oculta 1 a Oculta 2,Neurona H1_31,Neurona H2_21,-0.1546529548495642,0.1546529548495642,0.03134220777188052
Capa 2 - Oculta 1 a Oculta 2,Neurona H1_31,Neurona H2_22,-0.2107677482983382,0.2107677482983382,0.04271451887358845
Capa 2 - Oculta 1 a Oculta 2,Neurona H1_31,Neurona H2_23,-0.21720419230267896,0.21720419230267896,0.044018938601568136
Capa 2 - Oculta 1 a Oculta 2,Neurona H1_31,Neurona H2_24,0.1988520906710365,0.1988520906710365,0.04029967321185013
Capa 2 - Oculta 1 a Oculta 2,Neurona H1_31,Neurona H2_25,-0.05962071664307095,0.05962071664307095,0.012082826935658838
Capa 2 - Oculta 1 a Oculta 2,Neurona H1_31,Neurona H2_26,0.061293528966305244,0.061293528966305244,0.012421841676432278
Capa 2 - Oculta 1 a Oculta 2,Neurona H1_31,Neurona H2_27,-0.17398017567784296,0.17398017567784296,0.035259092330873716
Capa 2 - Oculta 1 a Oculta 2,Neurona H1_31,Neurona H2_28,-0.008687068582268552,0.008687068582268552,0.0017605347967575785
Capa 2 - Oculta 1 a Oculta 2,Neurona H1_31,Neurona H2_29,0.07819263178645523,0.07819263178645523,0.015846640072704275
Capa 2 - Oculta 1 a Oculta 2,Neurona H1_31,Neurona H2_30,-0.18638510257511487,0.18638510257511487,0.037773094061959174
Capa 2 - Oculta 1 a Oculta 2,Neurona H1_31,Neurona H2_31,-0.07276679424711138,0.07276679424711138,0.014747031418863783
Capa 2 - Oculta 1 a Oculta 2,Neurona H1_31,Neurona H2_32,0.06722755744407459,0.06722755744407459,0.01362444109430578
Capa 2 - Oculta 1 a Oculta 2,Neurona H1_32,Neurona H2_1,0.0632303320274487,0.0632303320274487,0.012814357189728617
Capa 2 - Oculta 1 a Oculta 2,Neurona H1_32,Neurona H2_2,0.014925184529798647,0.014925184529798647,0.0030247610530405866
Capa 2 - Oculta 1 a Oculta 2,Neurona H1_32,Neurona H2_3,0.3673932693031923,0.3673932693031923,0.07445648996291102
Capa 2 - Oculta 1 a Oculta 2,Neurona H1_32,Neurona H2_4,0.24442782820744116,0.24442782820744116,0.04953612289114777
Capa 2 - Oculta 1 a Oculta 2,Neurona H1_32,Neurona H2_5,-0.03174814392315093,0.03174814392315093,0.006434128104302214
Capa 2 - Oculta 1 a Oculta 2,Neurona H1_32,Neurona H2_6,0.19916763443047833,0.19916763443047833,0.04036362179970069
Capa 2 - Oculta 1 a Oculta 2,Neurona H1_32,Neurona H2_7,-0.07608489544593038,0.07608489544593038,0.015419482955807718
Capa 2 - Oculta 1 a Oculta 2,Neurona H1_32,Neurona H2_8,-0.14198193014407567,0.14198193014407567,0.02877427824613456
Capa 2 - Oculta 1 a Oculta 2,Neurona H1_32,Neurona H2_9,0.1804721009576444,0.1804721009576444,0.03657475598021674
Capa 2 - Oculta 1 a Oculta 2,Neurona H1_32,Neurona H2_10,-0.13129168848665057,0.13129168848665057,0.026607777286068526
Capa 2 - Oculta 1 a Oculta 2,Neurona H1_32,Neurona H2_11,-0.043867206786074996,0.043867206786074996,0.008890196186672368
Capa 2 - Oculta 1 a Oculta 2,Neurona H1_32,Neurona H2_12,0.3821724323923473,0.3821724323923473,0.07745165808424037
Capa 2 - Oculta 1 a Oculta 2,Neurona H1_32,Neurona H2_13,0.013659729257747494,0.013659729257747494,0.0027683019242691416
Capa 2 - Oculta 1 a Oculta 2,Neurona H1_32,Neurona H2_14,0.3477093460087242,0.3477093460087242,0.07046731552870061
Capa 2 - Oculta 1 a Oculta 2,Neurona H1_32,Neurona H2_15,0.13498238615761443,0.13498238615761443,0.02735573980213597
Capa 2 - Oculta 1 a Oculta 2,Neurona H1_32,Neurona H2_16,0.30189331176466044,0.30189331176466044,0.06118216694581153
Capa 2 - Oculta 1 a Oculta 2,Neurona H1_32,Neurona H2_17,-0.07805805847888142,0.07805805847888142,0.015819367237402612
Capa 2 - Oculta 1 a Oculta 2,Neurona H1_32,Neurona H2_18,0.12604282752375193,0.12604282752375193,0.025544034979787297
Capa 2 - Oculta 1 a Oculta 2,Neurona H1_32,Neurona H2_19,-0.2757078746723998,0.2757078746723998,0.05587538563832556
Capa 2 - Oculta 1 a Oculta 2,Neurona H1_32,Neurona H2_20,0.20757819607938624,0.20757819607938624,0.04206811927234646
Capa 2 - Oculta 1 a Oculta 2,Neurona H1_32,Neurona H2_21,-0.27811710226436315,0.27811710226436315,0.056363643439998425
Capa 2 - Oculta 1 a Oculta 2,Neurona H1_32,Neurona H2_22,0.20528868509991227,0.20528868509991227,0.04160412342509946
Capa 2 - Oculta 1 a Oculta 2,Neurona H1_32,Neurona H2_23,0.06658257245977499,0.06658257245977499,0.013493727436701724
Capa 2 - Oculta 1 a Oculta 2,Neurona H1_32,Neurona H2_24,0.184636281950239,0.184636281950239,0.037418675360849155
Capa 2 - Oculta 1 a Oculta 2,Neurona H1_32,Neurona H2_25,0.01611230128241385,0.01611230128241385,0.0032653439759219374
Capa 2 - Oculta 1 a Oculta 2,Neurona H1_32,Neurona H2_26,0.3877209296797366,0.3877209296797366,0.07857612515292478
Capa 2 - Oculta 1 a Oculta 2,Neurona H1_32,Neurona H2_27,-0.18695080225429134,0.18695080225429134,0.03788773963661684
Capa 2 - Oculta 1 a Oculta 2,Neurona H1_32,Neurona H2_28,0.15132270816553134,0.15132270816553134,0.030667294812059577
Capa 2 - Oculta 1 a Oculta 2,Neurona H1_32,Neurona H2_29,-0.1945842949415882,0.1945842949415882,0.03943475510789002
Capa 2 - Oculta 1 a Oculta 2,Neurona H1_32,Neurona H2_30,0.001081793240148574,0.001081793240148574,0.00021923789643679082
Capa 2 - Oculta 1 a Oculta 2,Neurona H1_32,Neurona H2_31,-0.04569621627618774,0.04569621627618774,0.009260866087623287
Capa 2 - Oculta 1 a Oculta 2,Neurona H1_32,Neurona H2_32,-0.3406751957744134,0.3406751957744134,0.06904176372882168
Capa 2 - Oculta 1 a Oculta 2,Neurona H1_33,Neurona H2_1,0.11421256466221598,0.11421256466221598,0.023146495553767944
Capa 2 - Oculta 1 a Oculta 2,Neurona H1_33,Neurona H2_2,0.20882014982942326,0.20882014982942326,0.042319815546204204
Capa 2 - Oculta 1 a Oculta 2,Neurona H1_33,Neurona H2_3,0.10667713500474955,0.10667713500474955,0.021619353688263725
Capa 2 - Oculta 1 a Oculta 2,Neurona H1_33,Neurona H2_4,0.1806309177716992,0.1806309177716992,0.03660694204215533
Capa 2 - Oculta 1 a Oculta 2,Neurona H1_33,Neurona H2_5,-0.2980416422387717,0.2980416422387717,0.06040158162387926
Capa 2 - Oculta 1 a Oculta 2,Neurona H1_33,Neurona H2_6,-0.012493191477947807,0.012493191477947807,0.002531889567946594
Capa 2 - Oculta 1 a Oculta 2,Neurona H1_33,Neurona H2_7,0.20226048302978875,0.20226048302978875,0.040990423295351706
Capa 2 - Oculta 1 a Oculta 2,Neurona H1_33,Neurona H2_8,0.2333461603371141,0.2333461603371141,0.04729029488748229
Capa 2 - Oculta 1 a Oculta 2,Neurona H1_33,Neurona H2_9,-0.09928812556662635,0.09928812556662635,0.020121885571580685
Capa 2 - Oculta 1 a Oculta 2,Neurona H1_33,Neurona H2_10,0.11262504603705362,0.11262504603705362,0.022824766566177837
Capa 2 - Oculta 1 a Oculta 2,Neurona H1_33,Neurona H2_11,-0.13901448481723475,0.13901448481723475,0.02817289117224377
Capa 2 - Oculta 1 a Oculta 2,Neurona H1_33,Neurona H2_12,0.3246801692417807,0.3246801692417807,0.06580018683564065
Capa 2 - Oculta 1 a Oculta 2,Neurona H1_33,Neurona H2_13,-0.18661178202833273,0.18661178202833273,0.037819033271638554
Capa 2 - Oculta 1 a Oculta 2,Neurona H1_33,Neurona H2_14,0.3089368410388531,0.3089368410388531,0.06260961951646438
Capa 2 - Oculta 1 a Oculta 2,Neurona H1_33,Neurona H2_15,0.2887908751530038,0.2887908751530038,0.05852680681383152
Capa 2 - Oculta 1 a Oculta 2,Neurona H1_33,Neurona H2_16,0.1477027404025832,0.1477027404025832,0.02993366652888714
Capa 2 - Oculta 1 a Oculta 2,Neurona H1_33,Neurona H2_17,0.031412741322922565,0.031412741322922565,0.006366154892967118
Capa 2 - Oculta 1 a Oculta 2,Neurona H1_33,Neurona H2_18,-0.08375656121901957,0.08375656121901957,0.016974234643872627
Capa 2 - Oculta 1 a Oculta 2,Neurona H1_33,Neurona H2_19,-0.3866587271130122,0.3866587271130122,0.0783608575327588
Capa 2 - Oculta 1 a Oculta 2,Neurona H1_33,Neurona H2_20,0.27243683968288906,0.27243683968288906,0.05521247261238264
Capa 2 - Oculta 1 a Oculta 2,Neurona H1_33,Neurona H2_21,-0.08043188301672347,0.08043188301672347,0.016300450201199884
Capa 2 - Oculta 1 a Oculta 2,Neurona H1_33,Neurona H2_22,0.08717885057601626,0.08717885057601626,0.01766780111459944
Capa 2 - Oculta 1 a Oculta 2,Neurona H1_33,Neurona H2_23,-0.3369737480964055,0.3369737480964055,0.06829162259964819
Capa 2 - Oculta 1 a Oculta 2,Neurona H1_33,Neurona H2_24,0.018313964921253284,0.018313964921253284,0.00371153654482192
Capa 2 - Oculta 1 a Oculta 2,Neurona H1_33,Neurona H2_25,0.10801387865910742,0.10801387865910742,0.021890260231196453
Capa 2 - Oculta 1 a Oculta 2,Neurona H1_33,Neurona H2_26,0.0624944087740165,0.0624944087740165,0.0126652138414126
Capa 2 - Oculta 1 a Oculta 2,Neurona H1_33,Neurona H2_27,0.1316922580378391,0.1316922580378391,0.026688957332790895
Capa 2 - Oculta 1 a Oculta 2,Neurona H1_33,Neurona H2_28,-0.10152546530640918,0.10152546530640918,0.02057530831444887
Capa 2 - Oculta 1 a Oculta 2,Neurona H1_33,Neurona H2_29,-0.2292132764520288,0.2292132764520288,0.04645271822721478
Capa 2 - Oculta 1 a Oculta 2,Neurona H1_33,Neurona H2_30,-0.31934050504708117,0.31934050504708117,0.0647180422055226
Capa 2 - Oculta 1 a Oculta 2,Neurona H1_33,Neurona H2_31,0.29386788550199855,0.29386788550199855,0.05955572160807498
Capa 2 - Oculta 1 a Oculta 2,Neurona H1_33,Neurona H2_32,-0.17105911489465842,0.17105911489465842,0.034667105620565346
Capa 2 - Oculta 1 a Oculta 2,Neurona H1_34,Neurona H2_1,0.04889368133887377,0.04889368133887377,0.009908869318053107
Capa 2 - Oculta 1 a Oculta 2,Neurona H1_34,Neurona H2_2,-0.10237703108509637,0.10237703108509637,0.020747887956350953
Capa 2 - Oculta 1 a Oculta 2,Neurona H1_34,Neurona H2_3,-0.10413168050034062,0.10413168050034062,0.021103487929160326
Capa 2 - Oculta 1 a Oculta 2,Neurona H1_34,Neurona H2_4,0.1991771956604864,0.1991771956604864,0.040365559493408254
Capa 2 - Oculta 1 a Oculta 2,Neurona H1_34,Neurona H2_5,-0.05869605011072252,0.05869605011072252,0.011895432581604888
Capa 2 - Oculta 1 a Oculta 2,Neurona H1_34,Neurona H2_6,0.20313989519860717,0.20313989519860717,0.041168646329881105
Capa 2 - Oculta 1 a Oculta 2,Neurona H1_34,Neurona H2_7,0.23298594620047544,0.23298594620047544,0.04721729333168351
Capa 2 - Oculta 1 a Oculta 2,Neurona H1_34,Neurona H2_8,-0.24886928135854744,0.24886928135854744,0.05043623467760833
Capa 2 - Oculta 1 a Oculta 2,Neurona H1_34,Neurona H2_9,-0.02114829312182335,0.02114829312182335,0.0042859458953731526
Capa 2 - Oculta 1 a Oculta 2,Neurona H1_34,Neurona H2_10,0.07825184826962056,0.07825184826962056,0.015858640977056172
Capa 2 - Oculta 1 a Oculta 2,Neurona H1_34,Neurona H2_11,-0.22785613707207145,0.22785613707207145,0.04617767825488835
Capa 2 - Oculta 1 a Oculta 2,Neurona H1_34,Neurona H2_12,-0.1447578072282178,0.1447578072282178,0.029336841802744353
Capa 2 - Oculta 1 a Oculta 2,Neurona H1_34,Neurona H2_13,-0.2258016862598494,0.2258016862598494,0.04576132006582945
Capa 2 - Oculta 1 a Oculta 2,Neurona H1_34,Neurona H2_14,0.046620972934864065,0.046620972934864065,0.009448278706818677
Capa 2 - Oculta 1 a Oculta 2,Neurona H1_34,Neurona H2_15,0.012756051585580117,0.012756051585580117,0.00258516120518343
Capa 2 - Oculta 1 a Oculta 2,Neurona H1_34,Neurona H2_16,-0.14838833012019853,0.14838833012019853,0.03007260920474268
Capa 2 - Oculta 1 a Oculta 2,Neurona H1_34,Neurona H2_17,0.14866507257958783,0.14866507257958783,0.03012869426092488
Capa 2 - Oculta 1 a Oculta 2,Neurona H1_34,Neurona H2_18,0.03664675848804503,0.03664675848804503,0.007426888932161066
Capa 2 - Oculta 1 a Oculta 2,Neurona H1_34,Neurona H2_19,-0.07063243043727,0.07063243043727,0.014314477937723362
Capa 2 - Oculta 1 a Oculta 2,Neurona H1_34,Neurona H2_20,0.19160123983210295,0.19160123983210295,0.03883020453123016
Capa 2 - Oculta 1 a Oculta 2,Neurona H1_34,Neurona H2_21,0.32834446014831736,0.32834446014831736,0.06654279771585953
Capa 2 - Oculta 1 a Oculta 2,Neurona H1_34,Neurona H2_22,-0.1746278334533048,0.1746278334533048,0.035390347660481505
Capa 2 - Oculta 1 a Oculta 2,Neurona H1_34,Neurona H2_23,0.20004204886152538,0.20004204886152538,0.040540831984939414
Capa 2 - Oculta 1 a Oculta 2,Neurona H1_34,Neurona H2_24,0.039662574948155,0.039662574948155,0.008038078974967352
Capa 2 - Oculta 1 a Oculta 2,Neurona H1_34,Neurona H2_25,0.17553989933183042,0.17553989933183042,0.035575188346481976
Capa 2 - Oculta 1 a Oculta 2,Neurona H1_34,Neurona H2_26,-0.12095849477795322,0.12095849477795322,0.024513636217246948
Capa 2 - Oculta 1 a Oculta 2,Neurona H1_34,Neurona H2_27,-0.20746919490029853,0.20746919490029853,0.04204602892427861
Capa 2 - Oculta 1 a Oculta 2,Neurona H1_34,Neurona H2_28,-0.2448440005999378,0.2448440005999378,0.04962046503389724
Capa 2 - Oculta 1 a Oculta 2,Neurona H1_34,Neurona H2_29,0.018112857755538864,0.018112857755538864,0.0036707798546030575
Capa 2 - Oculta 1 a Oculta 2,Neurona H1_34,Neurona H2_30,-0.18017231447366103,0.18017231447366103,0.03651400078625781
Capa 2 - Oculta 1 a Oculta 2,Neurona H1_34,Neurona H2_31,-0.007185507587354859,0.007185507587354859,0.0014562261158758232
Capa 2 - Oculta 1 a Oculta 2,Neurona H1_34,Neurona H2_32,0.2137774153199923,0.2137774153199923,0.0433244626616565
Capa 2 - Oculta 1 a Oculta 2,Neurona H1_35,Neurona H2_1,-0.0032576585716147712,0.0032576585716147712,0.0006602021403387716
Capa 2 - Oculta 1 a Oculta 2,Neurona H1_35,Neurona H2_2,0.1725722921967922,0.1725722921967922,0.03497376848029088
Capa 2 - Oculta 1 a Oculta 2,Neurona H1_35,Neurona H2_3,0.2350766696103428,0.2350766696103428,0.04764100258165767
Capa 2 - Oculta 1 a Oculta 2,Neurona H1_35,Neurona H2_4,0.26451889895385,0.26451889895385,0.053607810459652516
Capa 2 - Oculta 1 a Oculta 2,Neurona H1_35,Neurona H2_5,-0.2580952932051825,0.2580952932051825,0.052305992552485955
Capa 2 - Oculta 1 a Oculta 2,Neurona H1_35,Neurona H2_6,0.15741059336577037,0.15741059336577037,0.031901075072015506
Capa 2 - Oculta 1 a Oculta 2,Neurona H1_35,Neurona H2_7,0.3784293107793083,0.3784293107793083,0.0766930712507369
Capa 2 - Oculta 1 a Oculta 2,Neurona H1_35,Neurona H2_8,-0.2530920418895545,0.2530920418895545,0.051292025878380804
Capa 2 - Oculta 1 a Oculta 2,Neurona H1_35,Neurona H2_9,-0.19064651295574037,0.19064651295574037,0.03863671810122006
Capa 2 - Oculta 1 a Oculta 2,Neurona H1_35,Neurona H2_10,0.04705266754625119,0.04705266754625119,0.009535766606531024
Capa 2 - Oculta 1 a Oculta 2,Neurona H1_35,Neurona H2_11,-0.012504795867819957,0.012504795867819957,0.0025342413316021455
Capa 2 - Oculta 1 a Oculta 2,Neurona H1_35,Neurona H2_12,0.4137548054226924,0.4137548054226924,0.08385219080221515
Capa 2 - Oculta 1 a Oculta 2,Neurona H1_35,Neurona H2_13,0.07781311836531601,0.07781311836531601,0.015769727293966015
Capa 2 - Oculta 1 a Oculta 2,Neurona H1_35,Neurona H2_14,0.1934228043832695,0.1934228043832695,0.03919936562930351
Capa 2 - Oculta 1 a Oculta 2,Neurona H1_35,Neurona H2_15,0.31147314305381596,0.31147314305381596,0.06312363041785667
Capa 2 - Oculta 1 a Oculta 2,Neurona H1_35,Neurona H2_16,0.33819526850203724,0.33819526850203724,0.0685391778202267
Capa 2 - Oculta 1 a Oculta 2,Neurona H1_35,Neurona H2_17,0.1829753274675749,0.1829753274675749,0.03708206374844295
Capa 2 - Oculta 1 a Oculta 2,Neurona H1_35,Neurona H2_18,-0.09465274533171145,0.09465274533171145,0.019182472221440094
Capa 2 - Oculta 1 a Oculta 2,Neurona H1_35,Neurona H2_19,-0.0435069475348148,0.0435069475348148,0.008817185487874388
Capa 2 - Oculta 1 a Oculta 2,Neurona H1_35,Neurona H2_20,0.2897162322300569,0.2897162322300569,0.058714341114746695
Capa 2 - Oculta 1 a Oculta 2,Neurona H1_35,Neurona H2_21,-0.28054658776668523,0.28054658776668523,0.05685600674121449
Capa 2 - Oculta 1 a Oculta 2,Neurona H1_35,Neurona H2_22,0.020143894678294652,0.020143894678294652,0.004082392948496376
Capa 2 - Oculta 1 a Oculta 2,Neurona H1_35,Neurona H2_23,-0.009718229991784198,0.009718229991784198,0.0019695115678436672
Capa 2 - Oculta 1 a Oculta 2,Neurona H1_35,Neurona H2_24,0.11953253503359108,0.11953253503359108,0.024224649003096344
Capa 2 - Oculta 1 a Oculta 2,Neurona H1_35,Neurona H2_25,0.23927457889302897,0.23927457889302897,0.04849175738988905
Capa 2 - Oculta 1 a Oculta 2,Neurona H1_35,Neurona H2_26,-0.008336670699465266,0.008336670699465266,0.0016895226181908622
Capa 2 - Oculta 1 a Oculta 2,Neurona H1_35,Neurona H2_27,-0.19760080655486398,0.19760080655486398,0.04004608603151541
Capa 2 - Oculta 1 a Oculta 2,Neurona H1_35,Neurona H2_28,-0.06616178279078148,0.06616178279078148,0.01340844954953375
Capa 2 - Oculta 1 a Oculta 2,Neurona H1_35,Neurona H2_29,0.0675805115675329,0.0675805115675329,0.013695971324569617
Capa 2 - Oculta 1 a Oculta 2,Neurona H1_35,Neurona H2_30,-0.06681706959430113,0.06681706959430113,0.013541250989804077
Capa 2 - Oculta 1 a Oculta 2,Neurona H1_35,Neurona H2_31,0.25610566293514136,0.25610566293514136,0.05190277099507368
Capa 2 - Oculta 1 a Oculta 2,Neurona H1_35,Neurona H2_32,-0.3344397981477738,0.3344397981477738,0.06777808837166778
Capa 2 - Oculta 1 a Oculta 2,Neurona H1_36,Neurona H2_1,0.06497195442722865,0.06497195442722865,0.013167317087372747
Capa 2 - Oculta 1 a Oculta 2,Neurona H1_36,Neurona H2_2,-0.1960134726485222,0.1960134726485222,0.03972439447932807
Capa 2 - Oculta 1 a Oculta 2,Neurona H1_36,Neurona H2_3,-0.0566114744380843,0.0566114744380843,0.011472969241595717
Capa 2 - Oculta 1 a Oculta 2,Neurona H1_36,Neurona H2_4,-0.010955427294526096,0.010955427294526096,0.002220243892713023
Capa 2 - Oculta 1 a Oculta 2,Neurona H1_36,Neurona H2_5,0.14813252105300673,0.14813252105300673,0.030020766542301115
Capa 2 - Oculta 1 a Oculta 2,Neurona H1_36,Neurona H2_6,0.08473915757234363,0.08473915757234363,0.01717336914532287
Capa 2 - Oculta 1 a Oculta 2,Neurona H1_36,Neurona H2_7,-0.21567663019166627,0.21567663019166627,0.043709360494157364
Capa 2 - Oculta 1 a Oculta 2,Neurona H1_36,Neurona H2_8,-0.19863855331625271,0.19863855331625271,0.040256397400229196
Capa 2 - Oculta 1 a Oculta 2,Neurona H1_36,Neurona H2_9,0.08848892633664544,0.08848892633664544,0.017933303100814223
Capa 2 - Oculta 1 a Oculta 2,Neurona H1_36,Neurona H2_10,-0.06029529612539082,0.06029529612539082,0.012219538260147163
Capa 2 - Oculta 1 a Oculta 2,Neurona H1_36,Neurona H2_11,0.10834150374614214,0.10834150374614214,0.021956657239641013
Capa 2 - Oculta 1 a Oculta 2,Neurona H1_36,Neurona H2_12,-0.2840810592509715,0.2840810592509715,0.057572308215906934
Capa 2 - Oculta 1 a Oculta 2,Neurona H1_36,Neurona H2_13,-0.1603844299851453,0.1603844299851453,0.03250375741516725
Capa 2 - Oculta 1 a Oculta 2,Neurona H1_36,Neurona H2_14,-0.16555968810256233,0.16555968810256233,0.033552583254589305
Capa 2 - Oculta 1 a Oculta 2,Neurona H1_36,Neurona H2_15,-0.23199593765983315,0.23199593765983315,0.04701665666485144
Capa 2 - Oculta 1 a Oculta 2,Neurona H1_36,Neurona H2_16,-0.16176454471388754,0.16176454471388754,0.032783453607324375
Capa 2 - Oculta 1 a Oculta 2,Neurona H1_36,Neurona H2_17,0.10114034307998307,0.10114034307998307,0.020497258846529177
Capa 2 - Oculta 1 a Oculta 2,Neurona H1_36,Neurona H2_18,0.19434690513316363,0.19434690513316363,0.03938664532100747
Capa 2 - Oculta 1 a Oculta 2,Neurona H1_36,Neurona H2_19,-0.050616958294628846,0.050616958294628846,0.010258111299548435
Capa 2 - Oculta 1 a Oculta 2,Neurona H1_36,Neurona H2_20,-0.18710440376439524,0.18710440376439524,0.03791886875696527
Capa 2 - Oculta 1 a Oculta 2,Neurona H1_36,Neurona H2_21,0.23327262059196938,0.23327262059196938,0.047275391208635296
Capa 2 - Oculta 1 a Oculta 2,Neurona H1_36,Neurona H2_22,-0.10265396429181044,0.10265396429181044,0.020804011669681932
Capa 2 - Oculta 1 a Oculta 2,Neurona H1_36,Neurona H2_23,0.2747317088152741,0.2747317088152741,0.055677554351211696
Capa 2 - Oculta 1 a Oculta 2,Neurona H1_36,Neurona H2_24,0.030220398167621513,0.030220398167621513,0.006124512779208757
Capa 2 - Oculta 1 a Oculta 2,Neurona H1_36,Neurona H2_25,-0.22853233859187477,0.22853233859187477,0.04631471830400964
Capa 2 - Oculta 1 a Oculta 2,Neurona H1_36,Neurona H2_26,-0.2725897376760542,0.2725897376760542,0.05524345915689676
Capa 2 - Oculta 1 a Oculta 2,Neurona H1_36,Neurona H2_27,-0.19024070430798196,0.19024070430798196,0.03855447629105845
Capa 2 - Oculta 1 a Oculta 2,Neurona H1_36,Neurona H2_28,-0.061907178725515044,0.061907178725515044,0.012546204888703436
Capa 2 - Oculta 1 a Oculta 2,Neurona H1_36,Neurona H2_29,-0.02157676714301737,0.02157676714301737,0.0043727811052802585
Capa 2 - Oculta 1 a Oculta 2,Neurona H1_36,Neurona H2_30,0.27191517305353363,0.27191517305353363,0.05510675084391841
Capa 2 - Oculta 1 a Oculta 2,Neurona H1_36,Neurona H2_31,-0.35101924634614834,0.35101924634614834,0.07113810506635074
Capa 2 - Oculta 1 a Oculta 2,Neurona H1_36,Neurona H2_32,-0.08208078643043216,0.08208078643043216,0.016634619525274497
Capa 2 - Oculta 1 a Oculta 2,Neurona H1_37,Neurona H2_1,0.24651714557289722,0.24651714557289722,0.04995954718998007
Capa 2 - Oculta 1 a Oculta 2,Neurona H1_37,Neurona H2_2,-0.11100554589475548,0.11100554589475548,0.02249655615470608
Capa 2 - Oculta 1 a Oculta 2,Neurona H1_37,Neurona H2_3,-0.1673593541754196,0.1673593541754196,0.0339173063730733
Capa 2 - Oculta 1 a Oculta 2,Neurona H1_37,Neurona H2_4,-0.016214613776402764,0.016214613776402764,0.0032860787846902477
Capa 2 - Oculta 1 a Oculta 2,Neurona H1_37,Neurona H2_5,0.01388687963216692,0.01388687963216692,0.0028143365715698632
Capa 2 - Oculta 1 a Oculta 2,Neurona H1_37,Neurona H2_6,-0.0764863131788181,0.0764863131788181,0.015500834896349187
Capa 2 - Oculta 1 a Oculta 2,Neurona H1_37,Neurona H2_7,0.04674797158007113,0.04674797158007113,0.009474016449293104
Capa 2 - Oculta 1 a Oculta 2,Neurona H1_37,Neurona H2_8,0.16090978804860318,0.16090978804860318,0.03261022729539389
Capa 2 - Oculta 1 a Oculta 2,Neurona H1_37,Neurona H2_9,0.23206625634063033,0.23206625634063033,0.047030907557800324
Capa 2 - Oculta 1 a Oculta 2,Neurona H1_37,Neurona H2_10,0.16636826258872392,0.16636826258872392,0.03371645021444772
Capa 2 - Oculta 1 a Oculta 2,Neurona H1_37,Neurona H2_11,0.14294934925607894,0.14294934925607894,0.028970336904311438
Capa 2 - Oculta 1 a Oculta 2,Neurona H1_37,Neurona H2_12,-0.2222703401483989,0.2222703401483989,0.04504565198404488
Capa 2 - Oculta 1 a Oculta 2,Neurona H1_37,Neurona H2_13,0.09778920622958324,0.09778920622958324,0.019818112253181485
Capa 2 - Oculta 1 a Oculta 2,Neurona H1_37,Neurona H2_14,-0.15484847664500206,0.15484847664500206,0.031381832522293505
Capa 2 - Oculta 1 a Oculta 2,Neurona H1_37,Neurona H2_15,0.07659929192816507,0.07659929192816507,0.01552373134497692
Capa 2 - Oculta 1 a Oculta 2,Neurona H1_37,Neurona H2_16,-0.2595075491888298,0.2595075491888298,0.052592202541228886
Capa 2 - Oculta 1 a Oculta 2,Neurona H1_37,Neurona H2_17,-0.08964685881768576,0.08964685881768576,0.018167971493939186
Capa 2 - Oculta 1 a Oculta 2,Neurona H1_37,Neurona H2_18,-0.04749236787096136,0.04749236787096136,0.009624876956526179
Capa 2 - Oculta 1 a Oculta 2,Neurona H1_37,Neurona H2_19,-0.11743980493829678,0.11743980493829678,0.023800533075140205
Capa 2 - Oculta 1 a Oculta 2,Neurona H1_37,Neurona H2_20,0.11271564449129505,0.11271564449129505,0.02284312738947674
Capa 2 - Oculta 1 a Oculta 2,Neurona H1_37,Neurona H2_21,0.1923385400593311,0.1923385400593311,0.03897962693919202
Capa 2 - Oculta 1 a Oculta 2,Neurona H1_37,Neurona H2_22,0.18500654855319404,0.18500654855319404,0.03749371416506788
Capa 2 - Oculta 1 a Oculta 2,Neurona H1_37,Neurona H2_23,0.10374654239773007,0.10374654239773007,0.021025435243748464
Capa 2 - Oculta 1 a Oculta 2,Neurona H1_37,Neurona H2_24,-0.13660355197565532,0.13660355197565532,0.027684287782038026
Capa 2 - Oculta 1 a Oculta 2,Neurona H1_37,Neurona H2_25,-0.0526436044280882,0.0526436044280882,0.010668834549270685
Capa 2 - Oculta 1 a Oculta 2,Neurona H1_37,Neurona H2_26,-0.23382350940050867,0.23382350940050867,0.04738703518927076
Capa 2 - Oculta 1 a Oculta 2,Neurona H1_37,Neurona H2_27,-0.1624722845737004,0.1624722845737004,0.03292688526536333
Capa 2 - Oculta 1 a Oculta 2,Neurona H1_37,Neurona H2_28,-0.0024689666610152048,0.0024689666610152048,0.0005003646140913209
Capa 2 - Oculta 1 a Oculta 2,Neurona H1_37,Neurona H2_29,0.08284820479876928,0.08284820479876928,0.016790145722441415
Capa 2 - Oculta 1 a Oculta 2,Neurona H1_37,Neurona H2_30,0.13529432200999028,0.13529432200999028,0.027418957205942916
Capa 2 - Oculta 1 a Oculta 2,Neurona H1_37,Neurona H2_31,0.039682157667493195,0.039682157667493195,0.008042047639250769
Capa 2 - Oculta 1 a Oculta 2,Neurona H1_37,Neurona H2_32,0.10424612667242807,0.10424612667242807,0.02112668176795733
Capa 2 - Oculta 1 a Oculta 2,Neurona H1_38,Neurona H2_1,0.14374456949089653,0.14374456949089653,0.029131497470873527
Capa 2 - Oculta 1 a Oculta 2,Neurona H1_38,Neurona H2_2,-0.26226915829165154,0.26226915829165154,0.053151874526607704
Capa 2 - Oculta 1 a Oculta 2,Neurona H1_38,Neurona H2_3,0.11874224876758142,0.11874224876758142,0.02406448836230786
Capa 2 - Oculta 1 a Oculta 2,Neurona H1_38,Neurona H2_4,0.1403341657297905,0.1403341657297905,0.028440339753450256
Capa 2 - Oculta 1 a Oculta 2,Neurona H1_38,Neurona H2_5,0.2835748738995348,0.2835748738995348,0.05746972390724472
Capa 2 - Oculta 1 a Oculta 2,Neurona H1_38,Neurona H2_6,-0.13687819471925444,0.13687819471925444,0.027739947306560504
Capa 2 - Oculta 1 a Oculta 2,Neurona H1_38,Neurona H2_7,-0.25176880246625694,0.25176880246625694,0.051023856123866396
Capa 2 - Oculta 1 a Oculta 2,Neurona H1_38,Neurona H2_8,0.03681871772956736,0.03681871772956736,0.007461738458840529
Capa 2 - Oculta 1 a Oculta 2,Neurona H1_38,Neurona H2_9,0.2546928016745158,0.2546928016745158,0.05161643833995925
Capa 2 - Oculta 1 a Oculta 2,Neurona H1_38,Neurona H2_10,0.14977926107331693,0.14977926107331693,0.03035449742971312
Capa 2 - Oculta 1 a Oculta 2,Neurona H1_38,Neurona H2_11,-0.07047291976024966,0.07047291976024966,0.01428215125643966
Capa 2 - Oculta 1 a Oculta 2,Neurona H1_38,Neurona H2_12,-0.07889803582209685,0.07889803582209685,0.015989598348992683
Capa 2 - Oculta 1 a Oculta 2,Neurona H1_38,Neurona H2_13,-0.1554594954123029,0.1554594954123029,0.031505662533662444
Capa 2 - Oculta 1 a Oculta 2,Neurona H1_38,Neurona H2_14,-0.0017924596832156582,0.0017924596832156582,0.00036326266037860065
Capa 2 - Oculta 1 a Oculta 2,Neurona H1_38,Neurona H2_15,-0.01415945413177065,0.01415945413177065,0.002869576942555381
Capa 2 - Oculta 1 a Oculta 2,Neurona H1_38,Neurona H2_16,-0.26644819718741025,0.26644819718741025,0.0539988050329472
Capa 2 - Oculta 1 a Oculta 2,Neurona H1_38,Neurona H2_17,0.017157370027328547,0.017157370027328547,0.0034771392291770495
Capa 2 - Oculta 1 a Oculta 2,Neurona H1_38,Neurona H2_18,-0.19564485757494118,0.19564485757494118,0.03964969037661461
Capa 2 - Oculta 1 a Oculta 2,Neurona H1_38,Neurona H2_19,-0.10630595818666373,0.10630595818666373,0.021544130418434396
Capa 2 - Oculta 1 a Oculta 2,Neurona H1_38,Neurona H2_20,0.10152522541067119,0.10152522541067119,0.020575259696806413
Capa 2 - Oculta 1 a Oculta 2,Neurona H1_38,Neurona H2_21,-0.02665297080282788,0.02665297080282788,0.005401532414642063
Capa 2 - Oculta 1 a Oculta 2,Neurona H1_38,Neurona H2_22,0.04184025783019652,0.04184025783019652,0.008479411566488836
Capa 2 - Oculta 1 a Oculta 2,Neurona H1_38,Neurona H2_23,0.25908035247184424,0.25908035247184424,0.0525056261917744
Capa 2 - Oculta 1 a Oculta 2,Neurona H1_38,Neurona H2_24,0.0028034427353658044,0.0028034427353658044,0.0005681500542545353
Capa 2 - Oculta 1 a Oculta 2,Neurona H1_38,Neurona H2_25,-0.12706687014131499,0.12706687014131499,0.02575156904545156
Capa 2 - Oculta 1 a Oculta 2,Neurona H1_38,Neurona H2_26,0.13752674909605295,0.13752674909605295,0.027871384342786253
Capa 2 - Oculta 1 a Oculta 2,Neurona H1_38,Neurona H2_27,-0.1386238051502019,0.1386238051502019,0.028093715424788418
Capa 2 - Oculta 1 a Oculta 2,Neurona H1_38,Neurona H2_28,0.10318283344732636,0.10318283344732636,0.020911193113272473
Capa 2 - Oculta 1 a Oculta 2,Neurona H1_38,Neurona H2_29,0.028254099413989948,0.028254099413989948,0.005726019623110589
Capa 2 - Oculta 1 a Oculta 2,Neurona H1_38,Neurona H2_30,0.12413096273961713,0.12413096273961713,0.02515657349640095
Capa 2 - Oculta 1 a Oculta 2,Neurona H1_38,Neurona H2_31,-0.3545666835471026,0.3545666835471026,0.07185703419329925
Capa 2 - Oculta 1 a Oculta 2,Neurona H1_38,Neurona H2_32,0.009438042221576747,0.009438042221576747,0.0019127282796257078
Capa 2 - Oculta 1 a Oculta 2,Neurona H1_39,Neurona H2_1,0.017756328945359244,0.017756328945359244,0.0035985251727821987
Capa 2 - Oculta 1 a Oculta 2,Neurona H1_39,Neurona H2_2,-0.04073020936666039,0.04073020936666039,0.008254447422642707
Capa 2 - Oculta 1 a Oculta 2,Neurona H1_39,Neurona H2_3,0.08009135247184135,0.08009135247184135,0.01623143775264532
Capa 2 - Oculta 1 a Oculta 2,Neurona H1_39,Neurona H2_4,0.09102731060217736,0.09102731060217736,0.01844773599433742
Capa 2 - Oculta 1 a Oculta 2,Neurona H1_39,Neurona H2_5,0.2708139006570781,0.2708139006570781,0.0548835652714428
Capa 2 - Oculta 1 a Oculta 2,Neurona H1_39,Neurona H2_6,-0.11811612541302938,0.11811612541302938,0.02393759723185202
Capa 2 - Oculta 1 a Oculta 2,Neurona H1_39,Neurona H2_7,-0.19834669067962898,0.19834669067962898,0.040197248065469905
Capa 2 - Oculta 1 a Oculta 2,Neurona H1_39,Neurona H2_8,-0.13673527258083268,0.13673527258083268,0.027710982484246093
Capa 2 - Oculta 1 a Oculta 2,Neurona H1_39,Neurona H2_9,0.09379328128096724,0.09379328128096724,0.019008291903468866
Capa 2 - Oculta 1 a Oculta 2,Neurona H1_39,Neurona H2_10,-0.09792065183680165,0.09792065183680165,0.019844751223876533
Capa 2 - Oculta 1 a Oculta 2,Neurona H1_39,Neurona H2_11,0.11482864482486121,0.11482864482486121,0.023271351315370063
Capa 2 - Oculta 1 a Oculta 2,Neurona H1_39,Neurona H2_12,0.04017725855369186,0.04017725855369186,0.008142385552990438
Capa 2 - Oculta 1 a Oculta 2,Neurona H1_39,Neurona H2_13,-0.20852314736335578,0.20852314736335578,0.04225962456563547
Capa 2 - Oculta 1 a Oculta 2,Neurona H1_39,Neurona H2_14,0.07668218925707176,0.07668218925707176,0.01554053144626729
Capa 2 - Oculta 1 a Oculta 2,Neurona H1_39,Neurona H2_15,-0.09481221764800565,0.09481221764800565,0.019214791128479524
Capa 2 - Oculta 1 a Oculta 2,Neurona H1_39,Neurona H2_16,-0.18052544459799041,0.18052544459799041,0.036585566685131236
Capa 2 - Oculta 1 a Oculta 2,Neurona H1_39,Neurona H2_17,-0.13580044558539808,0.13580044558539808,0.027521528994979273
Capa 2 - Oculta 1 a Oculta 2,Neurona H1_39,Neurona H2_18,0.21709441613016028,0.21709441613016028,0.04399669119212918
Capa 2 - Oculta 1 a Oculta 2,Neurona H1_39,Neurona H2_19,0.1395158612329597,0.1395158612329597,0.02827450089453364
Capa 2 - Oculta 1 a Oculta 2,Neurona H1_39,Neurona H2_20,0.02324382932155955,0.02324382932155955,0.0047106305128091185
Capa 2 - Oculta 1 a Oculta 2,Neurona H1_39,Neurona H2_21,-0.05398011917608782,0.05398011917608782,0.010939694701685708
Capa 2 - Oculta 1 a Oculta 2,Neurona H1_39,Neurona H2_22,-0.039506308334006014,0.039506308334006014,0.00800640974049828
Capa 2 - Oculta 1 a Oculta 2,Neurona H1_39,Neurona H2_23,0.14785184183095426,0.14785184183095426,0.029963883655689767
Capa 2 - Oculta 1 a Oculta 2,Neurona H1_39,Neurona H2_24,-0.11990296501643523,0.11990296501643523,0.024299720918136883
Capa 2 - Oculta 1 a Oculta 2,Neurona H1_39,Neurona H2_25,0.11695421691253696,0.11695421691253696,0.023702123052456153
Capa 2 - Oculta 1 a Oculta 2,Neurona H1_39,Neurona H2_26,-0.18477028709822294,0.18477028709822294,0.03744583305204684
Capa 2 - Oculta 1 a Oculta 2,Neurona H1_39,Neurona H2_27,0.12001992690021426,0.12001992690021426,0.0243234245949684
Capa 2 - Oculta 1 a Oculta 2,Neurona H1_39,Neurona H2_28,-0.10806493641290772,0.10806493641290772,0.02190060767479707
Capa 2 - Oculta 1 a Oculta 2,Neurona H1_39,Neurona H2_29,0.1772147927121408,0.1772147927121408,0.03591462483751119
Capa 2 - Oculta 1 a Oculta 2,Neurona H1_39,Neurona H2_30,0.13788251489993275,0.13788251489993275,0.027943484392566595
Capa 2 - Oculta 1 a Oculta 2,Neurona H1_39,Neurona H2_31,0.1907829357105294,0.1907829357105294,0.03866436574836376
Capa 2 - Oculta 1 a Oculta 2,Neurona H1_39,Neurona H2_32,-0.16226564343979738,0.16226564343979738,0.03288500705256549
Capa 2 - Oculta 1 a Oculta 2,Neurona H1_40,Neurona H2_1,-0.1578913925468464,0.1578913925468464,0.03199851458000611
Capa 2 - Oculta 1 a Oculta 2,Neurona H1_40,Neurona H2_2,-0.24134810954909858,0.24134810954909858,0.048911982329704215
Capa 2 - Oculta 1 a Oculta 2,Neurona H1_40,Neurona H2_3,-0.2289012399931706,0.2289012399931706,0.04638948043434203
Capa 2 - Oculta 1 a Oculta 2,Neurona H1_40,Neurona H2_4,0.16230044646155029,0.16230044646155029,0.032892060286950374
Capa 2 - Oculta 1 a Oculta 2,Neurona H1_40,Neurona H2_5,0.024222273790727472,0.024222273790727472,0.004908923586974683
Capa 2 - Oculta 1 a Oculta 2,Neurona H1_40,Neurona H2_6,0.07315730668267632,0.07315730668267632,0.014826173274930387
Capa 2 - Oculta 1 a Oculta 2,Neurona H1_40,Neurona H2_7,-0.067006248034521,0.067006248034521,0.01357959018600695
Capa 2 - Oculta 1 a Oculta 2,Neurona H1_40,Neurona H2_8,-0.20722983020981028,0.20722983020981028,0.04199751890473303
Capa 2 - Oculta 1 a Oculta 2,Neurona H1_40,Neurona H2_9,-0.016743074834939742,0.016743074834939742,0.003393177522713879
Capa 2 - Oculta 1 a Oculta 2,Neurona H1_40,Neurona H2_10,-0.17506949739131536,0.17506949739131536,0.03547985595939464
Capa 2 - Oculta 1 a Oculta 2,Neurona H1_40,Neurona H2_11,0.2194118826108117,0.2194118826108117,0.0444663525446174
Capa 2 - Oculta 1 a Oculta 2,Neurona H1_40,Neurona H2_12,0.17651148399423802,0.17651148399423802,0.03577209120156659
Capa 2 - Oculta 1 a Oculta 2,Neurona H1_40,Neurona H2_13,-0.1299380591322606,0.1299380591322606,0.026333448660969344
Capa 2 - Oculta 1 a Oculta 2,Neurona H1_40,Neurona H2_14,-0.19666528783894524,0.19666528783894524,0.039856492357102084
Capa 2 - Oculta 1 a Oculta 2,Neurona H1_40,Neurona H2_15,-0.24555391452283715,0.24555391452283715,0.04976433729093434
Capa 2 - Oculta 1 a Oculta 2,Neurona H1_40,Neurona H2_16,0.01633643383154966,0.01633643383154966,0.0033107670260685645
Capa 2 - Oculta 1 a Oculta 2,Neurona H1_40,Neurona H2_17,0.09489162062220398,0.09489162062220398,0.019230883058423246
Capa 2 - Oculta 1 a Oculta 2,Neurona H1_40,Neurona H2_18,-0.12011509343349032,0.12011509343349032,0.024342711192251777
Capa 2 - Oculta 1 a Oculta 2,Neurona H1_40,Neurona H2_19,0.10262260531138385,0.10262260531138385,0.020797656410055626
Capa 2 - Oculta 1 a Oculta 2,Neurona H1_40,Neurona H2_20,0.13830586578654697,0.13830586578654697,0.028029281340071287
Capa 2 - Oculta 1 a Oculta 2,Neurona H1_40,Neurona H2_21,0.10980323557910954,0.10980323557910954,0.022252894080768304
Capa 2 - Oculta 1 a Oculta 2,Neurona H1_40,Neurona H2_22,-0.1766833944944123,0.1766833944944123,0.03580693085024884
Capa 2 - Oculta 1 a Oculta 2,Neurona H1_40,Neurona H2_23,0.003714357599755382,0.003714357599755382,0.0007527574739444085
Capa 2 - Oculta 1 a Oculta 2,Neurona H1_40,Neurona H2_24,-0.17031994989590749,0.17031994989590749,0.03451730529511351
Capa 2 - Oculta 1 a Oculta 2,Neurona H1_40,Neurona H2_25,0.1352963189379202,0.1352963189379202,0.027419361906455407
Capa 2 - Oculta 1 a Oculta 2,Neurona H1_40,Neurona H2_26,-0.004713558847576365,0.004713558847576365,0.0009552571490756773
Capa 2 - Oculta 1 a Oculta 2,Neurona H1_40,Neurona H2_27,-0.026001980277485213,0.026001980277485213,0.005269601664772702
Capa 2 - Oculta 1 a Oculta 2,Neurona H1_40,Neurona H2_28,-0.05755024822554854,0.05755024822554854,0.011663222593858663
Capa 2 - Oculta 1 a Oculta 2,Neurona H1_40,Neurona H2_29,-0.13837997563994966,0.13837997563994966,0.02804430055794236
Capa 2 - Oculta 1 a Oculta 2,Neurona H1_40,Neurona H2_30,-0.12173215387688015,0.12173215387688015,0.02467042717055761
Capa 2 - Oculta 1 a Oculta 2,Neurona H1_40,Neurona H2_31,-0.0703627228803831,0.0703627228803831,0.014259818585796863
Capa 2 - Oculta 1 a Oculta 2,Neurona H1_40,Neurona H2_32,0.05842158400910722,0.05842158400910722,0.011839808855620911
Capa 2 - Oculta 1 a Oculta 2,Neurona H1_41,Neurona H2_1,0.24810048269258458,0.24810048269258458,0.05028042874718307
Capa 2 - Oculta 1 a Oculta 2,Neurona H1_41,Neurona H2_2,-0.09079605247924252,0.09079605247924252,0.018400868864349447
Capa 2 - Oculta 1 a Oculta 2,Neurona H1_41,Neurona H2_3,-0.24123091734805022,0.24123091734805022,0.04888823197641757
Capa 2 - Oculta 1 a Oculta 2,Neurona H1_41,Neurona H2_4,0.12111594629084493,0.12111594629084493,0.024545545585133586
Capa 2 - Oculta 1 a Oculta 2,Neurona H1_41,Neurona H2_5,0.20317901365636198,0.20317901365636198,0.041176574137221485
Capa 2 - Oculta 1 a Oculta 2,Neurona H1_41,Neurona H2_6,-0.1552486543409658,0.1552486543409658,0.03146293315502806
Capa 2 - Oculta 1 a Oculta 2,Neurona H1_41,Neurona H2_7,0.01583505197937822,0.01583505197937822,0.0032091562020200135
Capa 2 - Oculta 1 a Oculta 2,Neurona H1_41,Neurona H2_8,0.241216700551357,0.241216700551357,0.048885350778342544
Capa 2 - Oculta 1 a Oculta 2,Neurona H1_41,Neurona H2_9,0.08709381904547703,0.08709381904547703,0.017650568492695036
Capa 2 - Oculta 1 a Oculta 2,Neurona H1_41,Neurona H2_10,0.04031736138727895,0.04031736138727895,0.00817077901061294
Capa 2 - Oculta 1 a Oculta 2,Neurona H1_41,Neurona H2_11,0.17749477062283797,0.17749477062283797,0.0359713655952752
Capa 2 - Oculta 1 a Oculta 2,Neurona H1_41,Neurona H2_12,-0.2626899303200734,0.2626899303200734,0.053237148838710065
Capa 2 - Oculta 1 a Oculta 2,Neurona H1_41,Neurona H2_13,-0.07347770448098574,0.07347770448098574,0.014891105589828833
Capa 2 - Oculta 1 a Oculta 2,Neurona H1_41,Neurona H2_14,-0.17466574326210638,0.17466574326210638,0.035398030521149815
Capa 2 - Oculta 1 a Oculta 2,Neurona H1_41,Neurona H2_15,0.2016340692063713,0.2016340692063713,0.04086347329802495
Capa 2 - Oculta 1 a Oculta 2,Neurona H1_41,Neurona H2_16,-0.26202544642314024,0.26202544642314024,0.05310248350121938
Capa 2 - Oculta 1 a Oculta 2,Neurona H1_41,Neurona H2_17,-0.1944029426145912,0.1944029426145912,0.03939800196393502
Capa 2 - Oculta 1 a Oculta 2,Neurona H1_41,Neurona H2_18,0.012754273581858348,0.012754273581858348,0.0025848008721906265
Capa 2 - Oculta 1 a Oculta 2,Neurona H1_41,Neurona H2_19,0.042632346556353035,0.042632346556353035,0.008639937496647172
Capa 2 - Oculta 1 a Oculta 2,Neurona H1_41,Neurona H2_20,0.09893792990764604,0.09893792990764604,0.020050914376007683
Capa 2 - Oculta 1 a Oculta 2,Neurona H1_41,Neurona H2_21,0.11309804085154383,0.11309804085154383,0.022920624429127786
Capa 2 - Oculta 1 a Oculta 2,Neurona H1_41,Neurona H2_22,0.13049620755388736,0.13049620755388736,0.02644656388605631
Capa 2 - Oculta 1 a Oculta 2,Neurona H1_41,Neurona H2_23,0.20398323123593842,0.20398323123593842,0.04133955811963166
Capa 2 - Oculta 1 a Oculta 2,Neurona H1_41,Neurona H2_24,-0.1863088604290499,0.1863088604290499,0.03775764271034893
Capa 2 - Oculta 1 a Oculta 2,Neurona H1_41,Neurona H2_25,0.03479501576589958,0.03479501576589958,0.007051611879136083
Capa 2 - Oculta 1 a Oculta 2,Neurona H1_41,Neurona H2_26,-0.12465700531593717,0.12465700531593717,0.02526318210106625
Capa 2 - Oculta 1 a Oculta 2,Neurona H1_41,Neurona H2_27,-0.11257081920032884,0.11257081920032884,0.02281377687131495
Capa 2 - Oculta 1 a Oculta 2,Neurona H1_41,Neurona H2_28,0.3188524432509199,0.3188524432509199,0.06461913084469097
Capa 2 - Oculta 1 a Oculta 2,Neurona H1_41,Neurona H2_29,0.05089481110427729,0.05089481110427729,0.010314421381036845
Capa 2 - Oculta 1 a Oculta 2,Neurona H1_41,Neurona H2_30,0.10187093727320308,0.10187093727320308,0.02064532219923463
Capa 2 - Oculta 1 a Oculta 2,Neurona H1_41,Neurona H2_31,-0.28545698913674394,0.28545698913674394,0.05785115630129508
Capa 2 - Oculta 1 a Oculta 2,Neurona H1_41,Neurona H2_32,0.3193278070672475,0.3193278070672475,0.06471546881322876
Capa 2 - Oculta 1 a Oculta 2,Neurona H1_42,Neurona H2_1,0.03322462991879595,0.03322462991879595,0.006733355046928642
Capa 2 - Oculta 1 a Oculta 2,Neurona H1_42,Neurona H2_2,0.23738848649266867,0.23738848649266867,0.048109518977783955
Capa 2 - Oculta 1 a Oculta 2,Neurona H1_42,Neurona H2_3,-0.23894928445363903,0.23894928445363903,0.04842583271411214
Capa 2 - Oculta 1 a Oculta 2,Neurona H1_42,Neurona H2_4,-0.18614302304754612,0.18614302304754612,0.03772403384931882
Capa 2 - Oculta 1 a Oculta 2,Neurona H1_42,Neurona H2_5,0.23848504556093686,0.23848504556093686,0.04833174933985646
Capa 2 - Oculta 1 a Oculta 2,Neurona H1_42,Neurona H2_6,-0.019098375016721382,0.019098375016721382,0.003870506311771646
Capa 2 - Oculta 1 a Oculta 2,Neurona H1_42,Neurona H2_7,-0.00012218570794413712,0.00012218570794413712,2.4762345141511207e-05
Capa 2 - Oculta 1 a Oculta 2,Neurona H1_42,Neurona H2_8,-0.15115098498067978,0.15115098498067978,0.03063249312499125
Capa 2 - Oculta 1 a Oculta 2,Neurona H1_42,Neurona H2_9,-0.04105939905433361,0.04105939905433361,0.008321161515480123
Capa 2 - Oculta 1 a Oculta 2,Neurona H1_42,Neurona H2_10,0.00467284493916909,0.00467284493916909,0.0009470060052307544
Capa 2 - Oculta 1 a Oculta 2,Neurona H1_42,Neurona H2_11,0.13866416619082603,0.13866416619082603,0.02810189505590094
Capa 2 - Oculta 1 a Oculta 2,Neurona H1_42,Neurona H2_12,0.055617953801150366,0.055617953801150366,0.011271620807880212
Capa 2 - Oculta 1 a Oculta 2,Neurona H1_42,Neurona H2_13,0.16673692907978996,0.16673692907978996,0.03379116473750847
Capa 2 - Oculta 1 a Oculta 2,Neurona H1_42,Neurona H2_14,0.10257275390600612,0.10257275390600612,0.020787553446897963
Capa 2 - Oculta 1 a Oculta 2,Neurona H1_42,Neurona H2_15,0.0019846920087254697,0.0019846920087254697,0.0004022207617123965
Capa 2 - Oculta 1 a Oculta 2,Neurona H1_42,Neurona H2_16,-0.10819629772298675,0.10819629772298675,0.02192722956170307
Capa 2 - Oculta 1 a Oculta 2,Neurona H1_42,Neurona H2_17,-0.07134428336852791,0.07134428336852791,0.014458743157202747
Capa 2 - Oculta 1 a Oculta 2,Neurona H1_42,Neurona H2_18,0.2813915352592545,0.2813915352592545,0.057027245110983726
Capa 2 - Oculta 1 a Oculta 2,Neurona H1_42,Neurona H2_19,-0.027391299161883577,0.027391299161883577,0.005551163185395233
Capa 2 - Oculta 1 a Oculta 2,Neurona H1_42,Neurona H2_20,0.08697803259694689,0.08697803259694689,0.017627103031394736
Capa 2 - Oculta 1 a Oculta 2,Neurona H1_42,Neurona H2_21,-0.15769966480838638,0.15769966480838638,0.031959658739066685
Capa 2 - Oculta 1 a Oculta 2,Neurona H1_42,Neurona H2_22,-0.0860519865704733,0.0860519865704733,0.017439429106921114
Capa 2 - Oculta 1 a Oculta 2,Neurona H1_42,Neurona H2_23,-0.14141124977635233,0.14141124977635233,0.028658623277408507
Capa 2 - Oculta 1 a Oculta 2,Neurona H1_42,Neurona H2_24,-0.20675665286129685,0.20675665286129685,0.04190162404915474
Capa 2 - Oculta 1 a Oculta 2,Neurona H1_42,Neurona H2_25,-0.23456212236213655,0.23456212236213655,0.04753672363802276
Capa 2 - Oculta 1 a Oculta 2,Neurona H1_42,Neurona H2_26,-0.20196439102069885,0.20196439102069885,0.04093041682940662
Capa 2 - Oculta 1 a Oculta 2,Neurona H1_42,Neurona H2_27,0.1516289461319949,0.1516289461319949,0.030729357473467347
Capa 2 - Oculta 1 a Oculta 2,Neurona H1_42,Neurona H2_28,-0.10783935246893013,0.10783935246893013,0.02185489048271999
Capa 2 - Oculta 1 a Oculta 2,Neurona H1_42,Neurona H2_29,0.2356970092471633,0.2356970092471633,0.04776672157490468
Capa 2 - Oculta 1 a Oculta 2,Neurona H1_42,Neurona H2_30,0.049342026107124716,0.049342026107124716,0.009999731564387977
Capa 2 - Oculta 1 a Oculta 2,Neurona H1_42,Neurona H2_31,0.20048129816648358,0.20048129816648358,0.040629850930571886
Capa 2 - Oculta 1 a Oculta 2,Neurona H1_42,Neurona H2_32,0.2829738190871767,0.2829738190871767,0.05734791320644344
Capa 2 - Oculta 1 a Oculta 2,Neurona H1_43,Neurona H2_1,0.08655297086317823,0.08655297086317823,0.01754095936095137
Capa 2 - Oculta 1 a Oculta 2,Neurona H1_43,Neurona H2_2,-0.0772856372476089,0.0772856372476089,0.015662827152271328
Capa 2 - Oculta 1 a Oculta 2,Neurona H1_43,Neurona H2_3,-0.0694843961684019,0.0694843961684019,0.014081815531634168
Capa 2 - Oculta 1 a Oculta 2,Neurona H1_43,Neurona H2_4,0.22819776930214114,0.22819776930214114,0.046246913972672284
Capa 2 - Oculta 1 a Oculta 2,Neurona H1_43,Neurona H2_5,0.10774734734012804,0.10774734734012804,0.021836244580572185
Capa 2 - Oculta 1 a Oculta 2,Neurona H1_43,Neurona H2_6,0.004889953778057007,0.004889953778057007,0.000991005619361347
Capa 2 - Oculta 1 a Oculta 2,Neurona H1_43,Neurona H2_7,-0.13395714461634045,0.13395714461634045,0.02714796276073234
Capa 2 - Oculta 1 a Oculta 2,Neurona H1_43,Neurona H2_8,0.0046689502183954535,0.0046689502183954535,0.0009462166950761601
Capa 2 - Oculta 1 a Oculta 2,Neurona H1_43,Neurona H2_9,0.12191247802362098,0.12191247802362098,0.0247069719419067
Capa 2 - Oculta 1 a Oculta 2,Neurona H1_43,Neurona H2_10,0.2437832746971122,0.2437832746971122,0.04940549667672802
Capa 2 - Oculta 1 a Oculta 2,Neurona H1_43,Neurona H2_11,0.09851575785987002,0.09851575785987002,0.0199653563338109
Capa 2 - Oculta 1 a Oculta 2,Neurona H1_43,Neurona H2_12,-0.19010548675504424,0.19010548675504424,0.0385270728919918
Capa 2 - Oculta 1 a Oculta 2,Neurona H1_43,Neurona H2_13,-0.03201015430179156,0.03201015430179156,0.006487227534143253
Capa 2 - Oculta 1 a Oculta 2,Neurona H1_43,Neurona H2_14,0.1731746697612312,0.1731746697612312,0.03509584725208112
Capa 2 - Oculta 1 a Oculta 2,Neurona H1_43,Neurona H2_15,0.011719784002717398,0.011719784002717398,0.0023751496090846616
Capa 2 - Oculta 1 a Oculta 2,Neurona H1_43,Neurona H2_16,-0.06111910517393805,0.06111910517393805,0.012386492680054874
Capa 2 - Oculta 1 a Oculta 2,Neurona H1_43,Neurona H2_17,0.1459095323404979,0.1459095323404979,0.029570252200885716
Capa 2 - Oculta 1 a Oculta 2,Neurona H1_43,Neurona H2_18,0.02829906065736652,0.02829906065736652,0.005735131538450075
Capa 2 - Oculta 1 a Oculta 2,Neurona H1_43,Neurona H2_19,0.03494877578460731,0.03494877578460731,0.00708277312308408
Capa 2 - Oculta 1 a Oculta 2,Neurona H1_43,Neurona H2_20,-0.03743709580387992,0.03743709580387992,0.007587059918786331
Capa 2 - Oculta 1 a Oculta 2,Neurona H1_43,Neurona H2_21,0.07948270454246119,0.07948270454246119,0.01610808821896771
Capa 2 - Oculta 1 a Oculta 2,Neurona H1_43,Neurona H2_22,0.02402507973428037,0.02402507973428037,0.004868959933551075
Capa 2 - Oculta 1 a Oculta 2,Neurona H1_43,Neurona H2_23,0.0008653146927126024,0.0008653146927126024,0.0001753660181497383
Capa 2 - Oculta 1 a Oculta 2,Neurona H1_43,Neurona H2_24,-0.1284692243659403,0.1284692243659403,0.026035772328348646
Capa 2 - Oculta 1 a Oculta 2,Neurona H1_43,Neurona H2_25,-0.16459731038405948,0.16459731038405948,0.03335754629304088
Capa 2 - Oculta 1 a Oculta 2,Neurona H1_43,Neurona H2_26,0.15401896757466854,0.15401896757466854,0.031213722927127072
Capa 2 - Oculta 1 a Oculta 2,Neurona H1_43,Neurona H2_27,-0.09732115368062053,0.09732115368062053,0.019723255997431195
Capa 2 - Oculta 1 a Oculta 2,Neurona H1_43,Neurona H2_28,-0.1253744707465717,0.1253744707465717,0.025408584758377022
Capa 2 - Oculta 1 a Oculta 2,Neurona H1_43,Neurona H2_29,-0.1693565204356005,0.1693565204356005,0.034322055185939296
Capa 2 - Oculta 1 a Oculta 2,Neurona H1_43,Neurona H2_30,-0.05749111508022513,0.05749111508022513,0.011651238578883106
Capa 2 - Oculta 1 a Oculta 2,Neurona H1_43,Neurona H2_31,-0.09770551929918989,0.09770551929918989,0.01980115213002877
Capa 2 - Oculta 1 a Oculta 2,Neurona H1_43,Neurona H2_32,0.07449335432389163,0.07449335432389163,0.015096938762759792
Capa 2 - Oculta 1 a Oculta 2,Neurona H1_44,Neurona H2_1,-0.026403230794159363,0.026403230794159363,0.005350919717016895
Capa 2 - Oculta 1 a Oculta 2,Neurona H1_44,Neurona H2_2,-0.026153568230764358,0.026153568230764358,0.005300322714571011
Capa 2 - Oculta 1 a Oculta 2,Neurona H1_44,Neurona H2_3,-0.4774326536693561,0.4774326536693561,0.09675724232324553
Capa 2 - Oculta 1 a Oculta 2,Neurona H1_44,Neurona H2_4,-0.23239621786734277,0.23239621786734277,0.04709777807273493
Capa 2 - Oculta 1 a Oculta 2,Neurona H1_44,Neurona H2_5,0.4059659933302795,0.4059659933302795,0.08227369805932509
Capa 2 - Oculta 1 a Oculta 2,Neurona H1_44,Neurona H2_6,0.24247480605433908,0.24247480605433908,0.04914032039151138
Capa 2 - Oculta 1 a Oculta 2,Neurona H1_44,Neurona H2_7,0.02605877022077552,0.02605877022077552,0.005281110802788782
Capa 2 - Oculta 1 a Oculta 2,Neurona H1_44,Neurona H2_8,-0.00642176467368366,0.00642176467368366,0.0013014447920539228
Capa 2 - Oculta 1 a Oculta 2,Neurona H1_44,Neurona H2_9,-0.04550826971032665,0.04550826971032665,0.009222776544989203
Capa 2 - Oculta 1 a Oculta 2,Neurona H1_44,Neurona H2_10,-0.017731207105422538,0.017731207105422538,0.0035934339417244146
Capa 2 - Oculta 1 a Oculta 2,Neurona H1_44,Neurona H2_11,0.30953616214629437,0.30953616214629437,0.0627310788619374
Capa 2 - Oculta 1 a Oculta 2,Neurona H1_44,Neurona H2_12,-0.3175402843742863,0.3175402843742863,0.0643532066909548
Capa 2 - Oculta 1 a Oculta 2,Neurona H1_44,Neurona H2_13,-0.0770381186284907,0.0770381186284907,0.015612664644898888
Capa 2 - Oculta 1 a Oculta 2,Neurona H1_44,Neurona H2_14,-0.28563367406247214,0.28563367406247214,0.05788696354246754
Capa 2 - Oculta 1 a Oculta 2,Neurona H1_44,Neurona H2_15,-0.06140765557389632,0.06140765557389632,0.012444970751792647
Capa 2 - Oculta 1 a Oculta 2,Neurona H1_44,Neurona H2_16,-0.22954753533978614,0.22954753533978614,0.046520459652006046
Capa 2 - Oculta 1 a Oculta 2,Neurona H1_44,Neurona H2_17,-0.07084080412363686,0.07084080412363686,0.014356707272291559
Capa 2 - Oculta 1 a Oculta 2,Neurona H1_44,Neurona H2_18,0.04527731711139595,0.04527731711139595,0.009175971332969924
Capa 2 - Oculta 1 a Oculta 2,Neurona H1_44,Neurona H2_19,0.08988423634756774,0.08988423634756774,0.01821607879243325
Capa 2 - Oculta 1 a Oculta 2,Neurona H1_44,Neurona H2_20,-0.2738418100923496,0.2738418100923496,0.05549720609535742
Capa 2 - Oculta 1 a Oculta 2,Neurona H1_44,Neurona H2_21,0.14814312996858664,0.14814312996858664,0.030022916561592138
Capa 2 - Oculta 1 a Oculta 2,Neurona H1_44,Neurona H2_22,-0.2702996708074207,0.2702996708074207,0.05477935065229024
Capa 2 - Oculta 1 a Oculta 2,Neurona H1_44,Neurona H2_23,0.3406804137235789,0.3406804137235789,0.06904282120649513
Capa 2 - Oculta 1 a Oculta 2,Neurona H1_44,Neurona H2_24,0.12594588036192322,0.12594588036192322,0.025524387517558818
Capa 2 - Oculta 1 a Oculta 2,Neurona H1_44,Neurona H2_25,-0.3304053750934522,0.3304053750934522,0.06696046593612354
Capa 2 - Oculta 1 a Oculta 2,Neurona H1_44,Neurona H2_26,-0.3727281708293748,0.3727281708293748,0.07553766938323818
Capa 2 - Oculta 1 a Oculta 2,Neurona H1_44,Neurona H2_27,0.0005109651061633545,0.0005109651061633545,0.00010355298117084748
Capa 2 - Oculta 1 a Oculta 2,Neurona H1_44,Neurona H2_28,0.22659544632381382,0.22659544632381382,0.045922184711900994
Capa 2 - Oculta 1 a Oculta 2,Neurona H1_44,Neurona H2_29,0.24419453956519355,0.24419453956519355,0.049488844252965535
Capa 2 - Oculta 1 a Oculta 2,Neurona H1_44,Neurona H2_30,-0.02712073898675311,0.02712073898675311,0.005496331040532665
Capa 2 - Oculta 1 a Oculta 2,Neurona H1_44,Neurona H2_31,-0.33968062943791144,0.33968062943791144,0.06884020337200931
Capa 2 - Oculta 1 a Oculta 2,Neurona H1_44,Neurona H2_32,0.273792038789914,0.273792038789914,0.05548711936598628
Capa 2 - Oculta 1 a Oculta 2,Neurona H1_45,Neurona H2_1,-0.2860572881848662,0.2860572881848662,0.05797281383774378
Capa 2 - Oculta 1 a Oculta 2,Neurona H1_45,Neurona H2_2,0.26045766822848787,0.26045766822848787,0.05278475513990345
Capa 2 - Oculta 1 a Oculta 2,Neurona H1_45,Neurona H2_3,-0.139358380446322,0.139358380446322,0.028242585593984234
Capa 2 - Oculta 1 a Oculta 2,Neurona H1_45,Neurona H2_4,0.034590691161944506,0.034590691161944506,0.007010203137891555
Capa 2 - Oculta 1 a Oculta 2,Neurona H1_45,Neurona H2_5,-0.1425529922737646,0.1425529922737646,0.028890010583332862
Capa 2 - Oculta 1 a Oculta 2,Neurona H1_45,Neurona H2_6,-0.09154070916107476,0.09154070916107476,0.01855178214281482
Capa 2 - Oculta 1 a Oculta 2,Neurona H1_45,Neurona H2_7,-0.1365334172992305,0.1365334172992305,0.027670074179700722
Capa 2 - Oculta 1 a Oculta 2,Neurona H1_45,Neurona H2_8,0.17670639226887117,0.17670639226887117,0.035811591614901425
Capa 2 - Oculta 1 a Oculta 2,Neurona H1_45,Neurona H2_9,0.13474509028505238,0.13474509028505238,0.027307649052441055
Capa 2 - Oculta 1 a Oculta 2,Neurona H1_45,Neurona H2_10,0.0270399894736149,0.0270399894736149,0.005479966218918245
Capa 2 - Oculta 1 a Oculta 2,Neurona H1_45,Neurona H2_11,-0.0714739691649214,0.0714739691649214,0.014485025481905694
Capa 2 - Oculta 1 a Oculta 2,Neurona H1_45,Neurona H2_12,-0.07121576168140499,0.07121576168140499,0.014432696752690672
Capa 2 - Oculta 1 a Oculta 2,Neurona H1_45,Neurona H2_13,0.2515657096620901,0.2515657096620901,0.05098269702107808
Capa 2 - Oculta 1 a Oculta 2,Neurona H1_45,Neurona H2_14,0.02828964754965695,0.02828964754965695,0.005733223863437339
Capa 2 - Oculta 1 a Oculta 2,Neurona H1_45,Neurona H2_15,0.028581941914637313,0.028581941914637313,0.005792460692935202
Capa 2 - Oculta 1 a Oculta 2,Neurona H1_45,Neurona H2_16,0.14341752441492128,0.14341752441492128,0.029065218008370156
Capa 2 - Oculta 1 a Oculta 2,Neurona H1_45,Neurona H2_17,0.09049408445135765,0.09049408445135765,0.018339671555318793
Capa 2 - Oculta 1 a Oculta 2,Neurona H1_45,Neurona H2_18,-0.09475948463705744,0.09475948463705744,0.01920410417466617
Capa 2 - Oculta 1 a Oculta 2,Neurona H1_45,Neurona H2_19,-0.17896214410325975,0.17896214410325975,0.03626874578142853
Capa 2 - Oculta 1 a Oculta 2,Neurona H1_45,Neurona H2_20,-0.078496857138509,0.078496857138509,0.01590829485455321
Capa 2 - Oculta 1 a Oculta 2,Neurona H1_45,Neurona H2_21,-0.24669536766882602,0.24669536766882602,0.04999566595645029
Capa 2 - Oculta 1 a Oculta 2,Neurona H1_45,Neurona H2_22,-0.19155414311317964,0.19155414311317964,0.03882065983710321
Capa 2 - Oculta 1 a Oculta 2,Neurona H1_45,Neurona H2_23,-0.01879288164258222,0.01879288164258222,0.003808594550599568
Capa 2 - Oculta 1 a Oculta 2,Neurona H1_45,Neurona H2_24,0.151975466156614,0.151975466156614,0.030799583759278007
Capa 2 - Oculta 1 a Oculta 2,Neurona H1_45,Neurona H2_25,-0.1594938429018552,0.1594938429018552,0.03232326965513328
Capa 2 - Oculta 1 a Oculta 2,Neurona H1_45,Neurona H2_26,0.19985970117583304,0.19985970117583304,0.04050387712004692
Capa 2 - Oculta 1 a Oculta 2,Neurona H1_45,Neurona H2_27,0.00750101321105307,0.00750101321105307,0.0015201669750774147
Capa 2 - Oculta 1 a Oculta 2,Neurona H1_45,Neurona H2_28,-0.2504765727709123,0.2504765727709123,0.05076197084893012
Capa 2 - Oculta 1 a Oculta 2,Neurona H1_45,Neurona H2_29,0.27643644206562995,0.27643644206562995,0.05602303823660051
Capa 2 - Oculta 1 a Oculta 2,Neurona H1_45,Neurona H2_30,-0.14572793994721706,0.14572793994721706,0.029533450404725166
Capa 2 - Oculta 1 a Oculta 2,Neurona H1_45,Neurona H2_31,0.018593740558476995,0.018593740558476995,0.0037682363095299753
Capa 2 - Oculta 1 a Oculta 2,Neurona H1_45,Neurona H2_32,-0.014771324061289823,0.014771324061289823,0.0029935794517800527
Capa 2 - Oculta 1 a Oculta 2,Neurona H1_46,Neurona H2_1,-0.19580897298075572,0.19580897298075572,0.03968295025937992
Capa 2 - Oculta 1 a Oculta 2,Neurona H1_46,Neurona H2_2,-0.08269594013225362,0.08269594013225362,0.016759287528888684
Capa 2 - Oculta 1 a Oculta 2,Neurona H1_46,Neurona H2_3,0.11287676173295587,0.11287676173295587,0.022875779659643044
Capa 2 - Oculta 1 a Oculta 2,Neurona H1_46,Neurona H2_4,0.056489337782551406,0.056489337782551406,0.011448216837491972
Capa 2 - Oculta 1 a Oculta 2,Neurona H1_46,Neurona H2_5,-0.41031120088198464,0.41031120088198464,0.08315430456328722
Capa 2 - Oculta 1 a Oculta 2,Neurona H1_46,Neurona H2_6,0.04366528696478703,0.04366528696478703,0.008849274802414148
Capa 2 - Oculta 1 a Oculta 2,Neurona H1_46,Neurona H2_7,0.12399459598948191,0.12399459598948191,0.02512893719924729
Capa 2 - Oculta 1 a Oculta 2,Neurona H1_46,Neurona H2_8,0.25082129007758935,0.25082129007758935,0.05083183179312576
Capa 2 - Oculta 1 a Oculta 2,Neurona H1_46,Neurona H2_9,-0.44709852479457307,0.44709852479457307,0.09060968070247169
Capa 2 - Oculta 1 a Oculta 2,Neurona H1_46,Neurona H2_10,-0.28359930583214743,0.28359930583214743,0.05747467532061383
Capa 2 - Oculta 1 a Oculta 2,Neurona H1_46,Neurona H2_11,-0.23163957541277164,0.23163957541277164,0.046944435738970516
Capa 2 - Oculta 1 a Oculta 2,Neurona H1_46,Neurona H2_12,0.20515559902179364,0.20515559902179364,0.041577151994026604
Capa 2 - Oculta 1 a Oculta 2,Neurona H1_46,Neurona H2_13,0.15354336877789113,0.15354336877789113,0.031117337337086753
Capa 2 - Oculta 1 a Oculta 2,Neurona H1_46,Neurona H2_14,0.36053954436671926,0.36053954436671926,0.0730675034338194
Capa 2 - Oculta 1 a Oculta 2,Neurona H1_46,Neurona H2_15,0.25768035886612534,0.25768035886612534,0.05222190131556736
Capa 2 - Oculta 1 a Oculta 2,Neurona H1_46,Neurona H2_16,0.37662048851632046,0.37662048851632046,0.07632649252455535
Capa 2 - Oculta 1 a Oculta 2,Neurona H1_46,Neurona H2_17,0.12986075203925698,0.12986075203925698,0.02631778148556027
Capa 2 - Oculta 1 a Oculta 2,Neurona H1_46,Neurona H2_18,0.1127595731054492,0.1127595731054492,0.022852030030575902
Capa 2 - Oculta 1 a Oculta 2,Neurona H1_46,Neurona H2_19,-0.19875038137971934,0.19875038137971934,0.04027906064907114
Capa 2 - Oculta 1 a Oculta 2,Neurona H1_46,Neurona H2_20,-0.02646152671684881,0.02646152671684881,0.005362734059154511
Capa 2 - Oculta 1 a Oculta 2,Neurona H1_46,Neurona H2_21,-0.18364964282458912,0.18364964282458912,0.03721872154488704
Capa 2 - Oculta 1 a Oculta 2,Neurona H1_46,Neurona H2_22,-0.0045864579834156115,0.0045864579834156115,0.000929498690749505
Capa 2 - Oculta 1 a Oculta 2,Neurona H1_46,Neurona H2_23,-0.42226954533817057,0.42226954533817057,0.08557780120399529
Capa 2 - Oculta 1 a Oculta 2,Neurona H1_46,Neurona H2_24,0.2688184031683569,0.2688184031683569,0.05447915465438991
Capa 2 - Oculta 1 a Oculta 2,Neurona H1_46,Neurona H2_25,0.30395796181354773,0.30395796181354773,0.061600592127996984
Capa 2 - Oculta 1 a Oculta 2,Neurona H1_46,Neurona H2_26,0.15835696025176024,0.15835696025176024,0.03209286725340625
Capa 2 - Oculta 1 a Oculta 2,Neurona H1_46,Neurona H2_27,-0.0537626568356302,0.0537626568356302,0.010895623446378545
Capa 2 - Oculta 1 a Oculta 2,Neurona H1_46,Neurona H2_28,-0.23661574936783777,0.23661574936783777,0.047952914873174025
Capa 2 - Oculta 1 a Oculta 2,Neurona H1_46,Neurona H2_29,-0.23524579287805614,0.23524579287805614,0.04767527736548503
Capa 2 - Oculta 1 a Oculta 2,Neurona H1_46,Neurona H2_30,-0.036818984756480905,0.036818984756480905,0.007461792574929117
Capa 2 - Oculta 1 a Oculta 2,Neurona H1_46,Neurona H2_31,0.4669714738982972,0.4669714738982972,0.09463716340045704
Capa 2 - Oculta 1 a Oculta 2,Neurona H1_46,Neurona H2_32,-0.461828171997105,0.461828171997105,0.09359481385739477
Capa 2 - Oculta 1 a Oculta 2,Neurona H1_47,Neurona H2_1,0.1774992871720034,0.1774992871720034,0.035972280926136434
Capa 2 - Oculta 1 a Oculta 2,Neurona H1_47,Neurona H2_2,0.03502562459397677,0.03502562459397677,0.007098347422020832
Capa 2 - Oculta 1 a Oculta 2,Neurona H1_47,Neurona H2_3,0.12665225745108052,0.12665225745108052,0.025667542994382397
Capa 2 - Oculta 1 a Oculta 2,Neurona H1_47,Neurona H2_4,-0.013706481920346361,0.013706481920346361,0.002777776891407582
Capa 2 - Oculta 1 a Oculta 2,Neurona H1_47,Neurona H2_5,-0.020444785920844595,0.020444785920844595,0.004143372034540435
Capa 2 - Oculta 1 a Oculta 2,Neurona H1_47,Neurona H2_6,-0.26652627526666267,0.26652627526666267,0.05401462845762563
Capa 2 - Oculta 1 a Oculta 2,Neurona H1_47,Neurona H2_7,-0.15415020769758117,0.15415020769758117,0.03124032025405391
Capa 2 - Oculta 1 a Oculta 2,Neurona H1_47,Neurona H2_8,0.2020976945251013,0.2020976945251013,0.04095743232442748
Capa 2 - Oculta 1 a Oculta 2,Neurona H1_47,Neurona H2_9,0.20984449037309566,0.20984449037309566,0.04252740999003602
Capa 2 - Oculta 1 a Oculta 2,Neurona H1_47,Neurona H2_10,-0.16970985272645947,0.16970985272645947,0.03439366205619527
Capa 2 - Oculta 1 a Oculta 2,Neurona H1_47,Neurona H2_11,-0.09392846569528653,0.09392846569528653,0.019035688586611692
Capa 2 - Oculta 1 a Oculta 2,Neurona H1_47,Neurona H2_12,0.24090631289156833,0.24090631289156833,0.04882244713364731
Capa 2 - Oculta 1 a Oculta 2,Neurona H1_47,Neurona H2_13,0.0363452214916508,0.0363452214916508,0.007365778976641045
Capa 2 - Oculta 1 a Oculta 2,Neurona H1_47,Neurona H2_14,0.2630927239869162,0.2630927239869162,0.05331877962816161
Capa 2 - Oculta 1 a Oculta 2,Neurona H1_47,Neurona H2_15,0.21660899344307144,0.21660899344307144,0.04389831467723671
Capa 2 - Oculta 1 a Oculta 2,Neurona H1_47,Neurona H2_16,-0.02055479618918242,0.02055479618918242,0.004165666886201294
Capa 2 - Oculta 1 a Oculta 2,Neurona H1_47,Neurona H2_17,-0.06783294683517486,0.06783294683517486,0.013747130247560005
Capa 2 - Oculta 1 a Oculta 2,Neurona H1_47,Neurona H2_18,-0.26658865893914113,0.26658865893914113,0.05402727122947758
Capa 2 - Oculta 1 a Oculta 2,Neurona H1_47,Neurona H2_19,0.19749692226432017,0.19749692226432017,0.04002503268001867
Capa 2 - Oculta 1 a Oculta 2,Neurona H1_47,Neurona H2_20,0.1326416808402278,0.1326416808402278,0.02688136883094024
Capa 2 - Oculta 1 a Oculta 2,Neurona H1_47,Neurona H2_21,-0.27259961644843217,0.27259961644843217,0.05524546120423367
Capa 2 - Oculta 1 a Oculta 2,Neurona H1_47,Neurona H2_22,0.2539787522845238,0.2539787522845238,0.051471727982745054
Capa 2 - Oculta 1 a Oculta 2,Neurona H1_47,Neurona H2_23,0.09337578170045491,0.09337578170045491,0.018923680790737016
Capa 2 - Oculta 1 a Oculta 2,Neurona H1_47,Neurona H2_24,-0.15051572898837753,0.15051572898837753,0.030503751159999787
Capa 2 - Oculta 1 a Oculta 2,Neurona H1_47,Neurona H2_25,0.02944012767631549,0.02944012767631549,0.005966381950861059
Capa 2 - Oculta 1 a Oculta 2,Neurona H1_47,Neurona H2_26,0.2712079485711445,0.2712079485711445,0.05496342363306776
Capa 2 - Oculta 1 a Oculta 2,Neurona H1_47,Neurona H2_27,-0.09739465277103461,0.09739465277103461,0.019738151437127406
Capa 2 - Oculta 1 a Oculta 2,Neurona H1_47,Neurona H2_28,-0.17005652297379065,0.17005652297379065,0.03446391878637383
Capa 2 - Oculta 1 a Oculta 2,Neurona H1_47,Neurona H2_29,-0.14486313564535536,0.14486313564535536,0.02935818782317713
Capa 2 - Oculta 1 a Oculta 2,Neurona H1_47,Neurona H2_30,0.07229641981643481,0.07229641981643481,0.014651704606962997
Capa 2 - Oculta 1 a Oculta 2,Neurona H1_47,Neurona H2_31,-0.1420735056591557,0.1420735056591557,0.02879283708209891
Capa 2 - Oculta 1 a Oculta 2,Neurona H1_47,Neurona H2_32,-0.1928506819762288,0.1928506819762288,0.03908341841465209
Capa 2 - Oculta 1 a Oculta 2,Neurona H1_48,Neurona H2_1,0.06201776384615944,0.06201776384615944,0.012568616240824618
Capa 2 - Oculta 1 a Oculta 2,Neurona H1_48,Neurona H2_2,-0.1476087698848158,0.1476087698848158,0.029914622317962353
Capa 2 - Oculta 1 a Oculta 2,Neurona H1_48,Neurona H2_3,-0.13461860661614572,0.13461860661614572,0.02728201567586265
Capa 2 - Oculta 1 a Oculta 2,Neurona H1_48,Neurona H2_4,0.046416247699802626,0.046416247699802626,0.00940678877305256
Capa 2 - Oculta 1 a Oculta 2,Neurona H1_48,Neurona H2_5,-0.05501855859746156,0.05501855859746156,0.0111501464459467
Capa 2 - Oculta 1 a Oculta 2,Neurona H1_48,Neurona H2_6,0.09785628483878507,0.09785628483878507,0.019831706508193922
Capa 2 - Oculta 1 a Oculta 2,Neurona H1_48,Neurona H2_7,0.15388756231921494,0.15388756231921494,0.031187092134183286
Capa 2 - Oculta 1 a Oculta 2,Neurona H1_48,Neurona H2_8,0.018198081447818877,0.018198081447818877,0.003688051420303986
Capa 2 - Oculta 1 a Oculta 2,Neurona H1_48,Neurona H2_9,0.10575975092153114,0.10575975092153114,0.02143343520664909
Capa 2 - Oculta 1 a Oculta 2,Neurona H1_48,Neurona H2_10,-0.1573261860053349,0.1573261860053349,0.03188396894539272
Capa 2 - Oculta 1 a Oculta 2,Neurona H1_48,Neurona H2_11,-0.21077194688876008,0.21077194688876008,0.04271536976643741
Capa 2 - Oculta 1 a Oculta 2,Neurona H1_48,Neurona H2_12,-0.1745909697282427,0.1745909697282427,0.03538287680076683
Capa 2 - Oculta 1 a Oculta 2,Neurona H1_48,Neurona H2_13,0.2170162142688576,0.2170162142688576,0.043980842681588396
Capa 2 - Oculta 1 a Oculta 2,Neurona H1_48,Neurona H2_14,-0.27274665626066924,0.27274665626066924,0.05527526052071201
Capa 2 - Oculta 1 a Oculta 2,Neurona H1_48,Neurona H2_15,0.1961167416530851,0.1961167416530851,0.039745323136013325
Capa 2 - Oculta 1 a Oculta 2,Neurona H1_48,Neurona H2_16,0.1687486382056307,0.1687486382056307,0.03419886083009216
Capa 2 - Oculta 1 a Oculta 2,Neurona H1_48,Neurona H2_17,0.11586213969753727,0.11586213969753727,0.02348080098972058
Capa 2 - Oculta 1 a Oculta 2,Neurona H1_48,Neurona H2_18,0.266203623394869,0.266203623394869,0.053949239328697704
Capa 2 - Oculta 1 a Oculta 2,Neurona H1_48,Neurona H2_19,-0.15888058403205615,0.15888058403205615,0.03219898566111658
Capa 2 - Oculta 1 a Oculta 2,Neurona H1_48,Neurona H2_20,0.11550048794053924,0.11550048794053924,0.023407508083549314
Capa 2 - Oculta 1 a Oculta 2,Neurona H1_48,Neurona H2_21,0.21346855818358945,0.21346855818358945,0.04326186919520523
Capa 2 - Oculta 1 a Oculta 2,Neurona H1_48,Neurona H2_22,-0.1318756531331797,0.1318756531331797,0.026726124467347748
Capa 2 - Oculta 1 a Oculta 2,Neurona H1_48,Neurona H2_23,-0.0071292815351378545,0.0071292815351378545,0.001444831256899529
Capa 2 - Oculta 1 a Oculta 2,Neurona H1_48,Neurona H2_24,-0.20452772368214117,0.20452772368214117,0.04144990580355213
Capa 2 - Oculta 1 a Oculta 2,Neurona H1_48,Neurona H2_25,-0.09149082699709868,0.09149082699709868,0.018541672946071893
Capa 2 - Oculta 1 a Oculta 2,Neurona H1_48,Neurona H2_26,-0.31760190600504984,0.31760190600504984,0.06436569502625052
Capa 2 - Oculta 1 a Oculta 2,Neurona H1_48,Neurona H2_27,-0.09417077532726517,0.09417077532726517,0.019084795432568753
Capa 2 - Oculta 1 a Oculta 2,Neurona H1_48,Neurona H2_28,0.13216523773153818,0.13216523773153818,0.026784812131337855
Capa 2 - Oculta 1 a Oculta 2,Neurona H1_48,Neurona H2_29,-0.1294961585753785,0.1294961585753785,0.026243892408508593
Capa 2 - Oculta 1 a Oculta 2,Neurona H1_48,Neurona H2_30,0.033490792769691496,0.033490792769691496,0.006787296023239369
Capa 2 - Oculta 1 a Oculta 2,Neurona H1_48,Neurona H2_31,0.09433948078853871,0.09433948078853871,0.0191189855430948
Capa 2 - Oculta 1 a Oculta 2,Neurona H1_48,Neurona H2_32,-0.024451290268342068,0.024451290268342068,0.004955336421644173
Capa 2 - Oculta 1 a Oculta 2,Neurona H1_49,Neurona H2_1,0.1438561347111177,0.1438561347111177,0.029154107451495548
Capa 2 - Oculta 1 a Oculta 2,Neurona H1_49,Neurona H2_2,0.0026692282286562975,0.0026692282286562975,0.0005409499340927079
Capa 2 - Oculta 1 a Oculta 2,Neurona H1_49,Neurona H2_3,-0.4027240227024374,0.4027240227024374,0.08161667526201094
Capa 2 - Oculta 1 a Oculta 2,Neurona H1_49,Neurona H2_4,-0.043494916026798794,0.043494916026798794,0.008814747163793135
Capa 2 - Oculta 1 a Oculta 2,Neurona H1_49,Neurona H2_5,-0.05635208786151752,0.05635208786151752,0.01142040155555376
Capa 2 - Oculta 1 a Oculta 2,Neurona H1_49,Neurona H2_6,-0.20059120066845104,0.20059120066845104,0.040652123942132926
Capa 2 - Oculta 1 a Oculta 2,Neurona H1_49,Neurona H2_7,-0.01765624381430409,0.01765624381430409,0.003578241764841769
Capa 2 - Oculta 1 a Oculta 2,Neurona H1_49,Neurona H2_8,-0.18673946517738588,0.18673946517738588,0.03784490973672443
Capa 2 - Oculta 1 a Oculta 2,Neurona H1_49,Neurona H2_9,0.34989629793657523,0.34989629793657523,0.07091052659942665
Capa 2 - Oculta 1 a Oculta 2,Neurona H1_49,Neurona H2_10,-0.006050989595666306,0.006050989595666306,0.001226302939490167
Capa 2 - Oculta 1 a Oculta 2,Neurona H1_49,Neurona H2_11,0.20109767226124425,0.20109767226124425,0.04075476626091255
Capa 2 - Oculta 1 a Oculta 2,Neurona H1_49,Neurona H2_12,-0.24716789403700787,0.24716789403700787,0.050091428883344606
Capa 2 - Oculta 1 a Oculta 2,Neurona H1_49,Neurona H2_13,-0.03124439272286719,0.03124439272286719,0.006332037104489211
Capa 2 - Oculta 1 a Oculta 2,Neurona H1_49,Neurona H2_14,-0.07074622414836285,0.07074622414836285,0.014337539547762916
Capa 2 - Oculta 1 a Oculta 2,Neurona H1_49,Neurona H2_15,0.01174556959924447,0.01174556959924447,0.002380375358082859
Capa 2 - Oculta 1 a Oculta 2,Neurona H1_49,Neurona H2_16,0.02248417980533048,0.02248417980533048,0.004556678763263693
Capa 2 - Oculta 1 a Oculta 2,Neurona H1_49,Neurona H2_17,-0.19275421759520855,0.19275421759520855,0.03906386879353129
Capa 2 - Oculta 1 a Oculta 2,Neurona H1_49,Neurona H2_18,0.08328066086873116,0.08328066086873116,0.016877787940529913
Capa 2 - Oculta 1 a Oculta 2,Neurona H1_49,Neurona H2_19,0.18890398928653507,0.18890398928653507,0.03828357555091588
Capa 2 - Oculta 1 a Oculta 2,Neurona H1_49,Neurona H2_20,-0.01444094048413054,0.01444094048413054,0.002926623403447087
Capa 2 - Oculta 1 a Oculta 2,Neurona H1_49,Neurona H2_21,0.3055946771338473,0.3055946771338473,0.061932291394151635
Capa 2 - Oculta 1 a Oculta 2,Neurona H1_49,Neurona H2_22,-0.1394298083451615,0.1394298083451615,0.02825706128278251
Capa 2 - Oculta 1 a Oculta 2,Neurona H1_49,Neurona H2_23,-0.15657021885838496,0.15657021885838496,0.03173076347051856
Capa 2 - Oculta 1 a Oculta 2,Neurona H1_49,Neurona H2_24,0.030472400493917032,0.030472400493917032,0.006175583961634171
Capa 2 - Oculta 1 a Oculta 2,Neurona H1_49,Neurona H2_25,-0.31678645612245954,0.31678645612245954,0.06420043468788478
Capa 2 - Oculta 1 a Oculta 2,Neurona H1_49,Neurona H2_26,-0.16881728518806943,0.16881728518806943,0.034212772934058104
Capa 2 - Oculta 1 a Oculta 2,Neurona H1_49,Neurona H2_27,0.15530185235206767,0.15530185235206767,0.03147371434649399
Capa 2 - Oculta 1 a Oculta 2,Neurona H1_49,Neurona H2_28,-0.07938249040507754,0.07938249040507754,0.016087778666404595
Capa 2 - Oculta 1 a Oculta 2,Neurona H1_49,Neurona H2_29,-0.14335178923689804,0.14335178923689804,0.029051896015204682
Capa 2 - Oculta 1 a Oculta 2,Neurona H1_49,Neurona H2_30,-0.029253165227597504,0.029253165227597504,0.00592849185093404
Capa 2 - Oculta 1 a Oculta 2,Neurona H1_49,Neurona H2_31,-0.3317195918471944,0.3317195918471944,0.06722680714242732
Capa 2 - Oculta 1 a Oculta 2,Neurona H1_49,Neurona H2_32,0.2933516563960546,0.2933516563960546,0.05945110181654156
Capa 2 - Oculta 1 a Oculta 2,Neurona H1_50,Neurona H2_1,0.11630780582905004,0.11630780582905004,0.02357112037937822
Capa 2 - Oculta 1 a Oculta 2,Neurona H1_50,Neurona H2_2,0.2247355218455406,0.2247355218455406,0.045545249531485275
Capa 2 - Oculta 1 a Oculta 2,Neurona H1_50,Neurona H2_3,-0.07114433684948854,0.07114433684948854,0.014418221685439776
Capa 2 - Oculta 1 a Oculta 2,Neurona H1_50,Neurona H2_4,-0.20134998855604883,0.20134998855604883,0.04080590107268313
Capa 2 - Oculta 1 a Oculta 2,Neurona H1_50,Neurona H2_5,-0.22844643632556175,0.22844643632556175,0.046297309217442385
Capa 2 - Oculta 1 a Oculta 2,Neurona H1_50,Neurona H2_6,-0.2380267413696738,0.2380267413696738,0.04823886870140204
Capa 2 - Oculta 1 a Oculta 2,Neurona H1_50,Neurona H2_7,0.14733595696204196,0.14733595696204196,0.02985933362776727
Capa 2 - Oculta 1 a Oculta 2,Neurona H1_50,Neurona H2_8,-0.18754972007837822,0.18754972007837822,0.038009117252059584
Capa 2 - Oculta 1 a Oculta 2,Neurona H1_50,Neurona H2_9,0.2358598938143524,0.2358598938143524,0.047799732014004524
Capa 2 - Oculta 1 a Oculta 2,Neurona H1_50,Neurona H2_10,-0.26133283328571655,0.26133283328571655,0.05296211744820873
Capa 2 - Oculta 1 a Oculta 2,Neurona H1_50,Neurona H2_11,0.14028071714441265,0.14028071714441265,0.02842950778021279
Capa 2 - Oculta 1 a Oculta 2,Neurona H1_50,Neurona H2_12,-0.1405059334931634,0.1405059334931634,0.028475150474870883
Capa 2 - Oculta 1 a Oculta 2,Neurona H1_50,Neurona H2_13,-0.2825072539746728,0.2825072539746728,0.05725335839687363
Capa 2 - Oculta 1 a Oculta 2,Neurona H1_50,Neurona H2_14,0.1822544340749787,0.1822544340749787,0.036935966375042595
Capa 2 - Oculta 1 a Oculta 2,Neurona H1_50,Neurona H2_15,-0.28184449005661394,0.28184449005661394,0.05711904163297014
Capa 2 - Oculta 1 a Oculta 2,Neurona H1_50,Neurona H2_16,-0.08715808926180331,0.08715808926180331,0.017663593594450133
Capa 2 - Oculta 1 a Oculta 2,Neurona H1_50,Neurona H2_17,-0.2961346089615693,0.2961346089615693,0.06001509930118384
Capa 2 - Oculta 1 a Oculta 2,Neurona H1_50,Neurona H2_18,-0.2566577386244945,0.2566577386244945,0.052014655510816306
Capa 2 - Oculta 1 a Oculta 2,Neurona H1_50,Neurona H2_19,-0.17409287931499962,0.17409287931499962,0.035281933024838126
Capa 2 - Oculta 1 a Oculta 2,Neurona H1_50,Neurona H2_20,0.10623994645654575,0.10623994645654575,0.021530752378792338
Capa 2 - Oculta 1 a Oculta 2,Neurona H1_50,Neurona H2_21,0.23394196439810633,0.23394196439810633,0.0474110414628653
Capa 2 - Oculta 1 a Oculta 2,Neurona H1_50,Neurona H2_22,-0.0051691612409016695,0.0051691612409016695,0.0010475902369682295
Capa 2 - Oculta 1 a Oculta 2,Neurona H1_50,Neurona H2_23,-0.039003145790292564,0.039003145790292564,0.007904438038739104
Capa 2 - Oculta 1 a Oculta 2,Neurona H1_50,Neurona H2_24,-0.03257557315996404,0.03257557315996404,0.006601816197180564
Capa 2 - Oculta 1 a Oculta 2,Neurona H1_50,Neurona H2_25,-0.1383763143681288,0.1383763143681288,0.028043558558914727
Capa 2 - Oculta 1 a Oculta 2,Neurona H1_50,Neurona H2_26,0.21114111783120923,0.21114111783120923,0.04279018652239812
Capa 2 - Oculta 1 a Oculta 2,Neurona H1_50,Neurona H2_27,-0.10953565452974974,0.10953565452974974,0.022198665690156494
Capa 2 - Oculta 1 a Oculta 2,Neurona H1_50,Neurona H2_28,0.07305070800577612,0.07305070800577612,0.014804569821683317
Capa 2 - Oculta 1 a Oculta 2,Neurona H1_50,Neurona H2_29,-0.22523418106068407,0.22523418106068407,0.0456463085816896
Capa 2 - Oculta 1 a Oculta 2,Neurona H1_50,Neurona H2_30,0.20898810613879307,0.20898810613879307,0.04235385383244314
Capa 2 - Oculta 1 a Oculta 2,Neurona H1_50,Neurona H2_31,0.04224425004082847,0.04224425004082847,0.008561285254684217
Capa 2 - Oculta 1 a Oculta 2,Neurona H1_50,Neurona H2_32,0.026622407841611333,0.026622407841611333,0.005395338477503878
Capa 2 - Oculta 1 a Oculta 2,Neurona H1_51,Neurona H2_1,0.04205119705848697,0.04205119705848697,0.008522160837763674
Capa 2 - Oculta 1 a Oculta 2,Neurona H1_51,Neurona H2_2,-0.12587851943557565,0.12587851943557565,0.025510736047715612
Capa 2 - Oculta 1 a Oculta 2,Neurona H1_51,Neurona H2_3,0.18768979571920802,0.18768979571920802,0.0380375051987557
Capa 2 - Oculta 1 a Oculta 2,Neurona H1_51,Neurona H2_4,-0.18790735757193752,0.18790735757193752,0.038081596621374274
Capa 2 - Oculta 1 a Oculta 2,Neurona H1_51,Neurona H2_5,0.21306549345976988,0.21306549345976988,0.04318018347292623
Capa 2 - Oculta 1 a Oculta 2,Neurona H1_51,Neurona H2_6,0.05792957811193537,0.05792957811193537,0.011740098177159252
Capa 2 - Oculta 1 a Oculta 2,Neurona H1_51,Neurona H2_7,0.24023776718501558,0.24023776718501558,0.048686958623517275
Capa 2 - Oculta 1 a Oculta 2,Neurona H1_51,Neurona H2_8,-0.11223963646652899,0.11223963646652899,0.022746658864657328
Capa 2 - Oculta 1 a Oculta 2,Neurona H1_51,Neurona H2_9,0.18644625176659624,0.18644625176659624,0.037785486651976966
Capa 2 - Oculta 1 a Oculta 2,Neurona H1_51,Neurona H2_10,0.08389502801803454,0.08389502801803454,0.017002296540190455
Capa 2 - Oculta 1 a Oculta 2,Neurona H1_51,Neurona H2_11,-0.22710753176328324,0.22710753176328324,0.04602596474155784
Capa 2 - Oculta 1 a Oculta 2,Neurona H1_51,Neurona H2_12,-0.1882279965653164,0.1882279965653164,0.03814657781723971
Capa 2 - Oculta 1 a Oculta 2,Neurona H1_51,Neurona H2_13,0.044468151288835654,0.044468151288835654,0.009011984531959501
Capa 2 - Oculta 1 a Oculta 2,Neurona H1_51,Neurona H2_14,-0.20893125255290226,0.20893125255290226,0.04234233179651891
Capa 2 - Oculta 1 a Oculta 2,Neurona H1_51,Neurona H2_15,0.1461944542292832,0.1461944542292832,0.029627994912919592
Capa 2 - Oculta 1 a Oculta 2,Neurona H1_51,Neurona H2_16,0.09164287017906181,0.09164287017906181,0.01857248625322158
Capa 2 - Oculta 1 a Oculta 2,Neurona H1_51,Neurona H2_17,-0.17160656117454753,0.17160656117454753,0.03477805193300353
Capa 2 - Oculta 1 a Oculta 2,Neurona H1_51,Neurona H2_18,0.07399286479205655,0.07399286479205655,0.014995508777735032
Capa 2 - Oculta 1 a Oculta 2,Neurona H1_51,Neurona H2_19,0.04194313985100291,0.04194313985100291,0.008500261796445587
Capa 2 - Oculta 1 a Oculta 2,Neurona H1_51,Neurona H2_20,-0.16321432059654806,0.16321432059654806,0.033077267437012975
Capa 2 - Oculta 1 a Oculta 2,Neurona H1_51,Neurona H2_21,0.13300375423855088,0.13300375423855088,0.026954747187596606
Capa 2 - Oculta 1 a Oculta 2,Neurona H1_51,Neurona H2_22,-0.13275278265193263,0.13275278265193263,0.026903884896473374
Capa 2 - Oculta 1 a Oculta 2,Neurona H1_51,Neurona H2_23,0.1364726555272629,0.1364726555272629,0.027657760104722665
Capa 2 - Oculta 1 a Oculta 2,Neurona H1_51,Neurona H2_24,-0.07315090843772219,0.07315090843772219,0.01482487659668119
Capa 2 - Oculta 1 a Oculta 2,Neurona H1_51,Neurona H2_25,0.002122120370694671,0.002122120370694671,0.0004300722067674086
Capa 2 - Oculta 1 a Oculta 2,Neurona H1_51,Neurona H2_26,0.038396700970103476,0.038396700970103476,0.007781534990588256
Capa 2 - Oculta 1 a Oculta 2,Neurona H1_51,Neurona H2_27,0.1996403147390661,0.1996403147390661,0.0404594159243965
Capa 2 - Oculta 1 a Oculta 2,Neurona H1_51,Neurona H2_28,-0.016329568501556674,0.016329568501556674,0.0033093756876407146
Capa 2 - Oculta 1 a Oculta 2,Neurona H1_51,Neurona H2_29,0.10925398502060729,0.10925398502060729,0.022141582110427067
Capa 2 - Oculta 1 a Oculta 2,Neurona H1_51,Neurona H2_30,0.0608155157013711,0.0608155157013711,0.0123249667665293
Capa 2 - Oculta 1 a Oculta 2,Neurona H1_51,Neurona H2_31,-0.16809069412707164,0.16809069412707164,0.03406552086233962
Capa 2 - Oculta 1 a Oculta 2,Neurona H1_51,Neurona H2_32,0.09261482955303378,0.09261482955303378,0.01876946504793319
Capa 2 - Oculta 1 a Oculta 2,Neurona H1_52,Neurona H2_1,-0.30981586279967166,0.30981586279967166,0.0627877634303028
Capa 2 - Oculta 1 a Oculta 2,Neurona H1_52,Neurona H2_2,0.008643653647198806,0.008643653647198806,0.0017517362586586312
Capa 2 - Oculta 1 a Oculta 2,Neurona H1_52,Neurona H2_3,-0.29428266369339473,0.29428266369339473,0.05963978119986634
Capa 2 - Oculta 1 a Oculta 2,Neurona H1_52,Neurona H2_4,0.060222887044531166,0.060222887044531166,0.01220486372347839
Capa 2 - Oculta 1 a Oculta 2,Neurona H1_52,Neurona H2_5,0.20906665544148084,0.20906665544148084,0.04236977275599408
Capa 2 - Oculta 1 a Oculta 2,Neurona H1_52,Neurona H2_6,0.14817086280748576,0.14817086280748576,0.03002853694175058
Capa 2 - Oculta 1 a Oculta 2,Neurona H1_52,Neurona H2_7,0.041957057561732174,0.041957057561732174,0.00850308238129513
Capa 2 - Oculta 1 a Oculta 2,Neurona H1_52,Neurona H2_8,0.2140730587605093,0.2140730587605093,0.043384378219998666
Capa 2 - Oculta 1 a Oculta 2,Neurona H1_52,Neurona H2_9,-0.1098471387378723,0.1098471387378723,0.022261791563038348
Capa 2 - Oculta 1 a Oculta 2,Neurona H1_52,Neurona H2_10,-0.21840386880564674,0.21840386880564674,0.04426206690294223
Capa 2 - Oculta 1 a Oculta 2,Neurona H1_52,Neurona H2_11,0.19443772418011865,0.19443772418011865,0.039405050849967954
Capa 2 - Oculta 1 a Oculta 2,Neurona H1_52,Neurona H2_12,-0.09521358877843852,0.09521358877843852,0.019296133624495188
Capa 2 - Oculta 1 a Oculta 2,Neurona H1_52,Neurona H2_13,0.058869421943827084,0.058869421943827084,0.011930568386286027
Capa 2 - Oculta 1 a Oculta 2,Neurona H1_52,Neurona H2_14,0.09526024069646802,0.09526024069646802,0.019305588174582895
Capa 2 - Oculta 1 a Oculta 2,Neurona H1_52,Neurona H2_15,-0.07679516983705946,0.07679516983705946,0.01556342826589551
Capa 2 - Oculta 1 a Oculta 2,Neurona H1_52,Neurona H2_16,-0.13917505249788656,0.13917505249788656,0.028205432067523354
Capa 2 - Oculta 1 a Oculta 2,Neurona H1_52,Neurona H2_17,-0.13783566988263263,0.13783566988263263,0.027933990708681113
Capa 2 - Oculta 1 a Oculta 2,Neurona H1_52,Neurona H2_18,0.1531602300433244,0.1531602300433244,0.031039689846704653
Capa 2 - Oculta 1 a Oculta 2,Neurona H1_52,Neurona H2_19,-0.13593943671685074,0.13593943671685074,0.027549697153322415
Capa 2 - Oculta 1 a Oculta 2,Neurona H1_52,Neurona H2_20,0.17307317744749137,0.17307317744749137,0.035075278662314587
Capa 2 - Oculta 1 a Oculta 2,Neurona H1_52,Neurona H2_21,0.1408347383404727,0.1408347383404727,0.028541786575363073
Capa 2 - Oculta 1 a Oculta 2,Neurona H1_52,Neurona H2_22,0.12535545294761558,0.12535545294761558,0.025404730581734702
Capa 2 - Oculta 1 a Oculta 2,Neurona H1_52,Neurona H2_23,-0.2529737370233037,0.2529737370233037,0.05126805003063795
Capa 2 - Oculta 1 a Oculta 2,Neurona H1_52,Neurona H2_24,0.2409560413060373,0.2409560413060373,0.04883252517127659
Capa 2 - Oculta 1 a Oculta 2,Neurona H1_52,Neurona H2_25,-0.05477507411244927,0.05477507411244927,0.011100801502451066
Capa 2 - Oculta 1 a Oculta 2,Neurona H1_52,Neurona H2_26,-0.056173973369292494,0.056173973369292494,0.011384304596217094
Capa 2 - Oculta 1 a Oculta 2,Neurona H1_52,Neurona H2_27,0.10001804375353299,0.10001804375353299,0.020269811923797853
Capa 2 - Oculta 1 a Oculta 2,Neurona H1_52,Neurona H2_28,-0.026467003145876977,0.026467003145876977,0.005363843920757968
Capa 2 - Oculta 1 a Oculta 2,Neurona H1_52,Neurona H2_29,0.09313676752055752,0.09313676752055752,0.018875241806211585
Capa 2 - Oculta 1 a Oculta 2,Neurona H1_52,Neurona H2_30,0.0022820969425120315,0.0022820969425120315,0.00046249330701350595
Capa 2 - Oculta 1 a Oculta 2,Neurona H1_52,Neurona H2_31,-0.11726269216333268,0.11726269216333268,0.023764639125377792
Capa 2 - Oculta 1 a Oculta 2,Neurona H1_52,Neurona H2_32,0.3217878257822567,0.3217878257822567,0.06521402002269988
Capa 2 - Oculta 1 a Oculta 2,Neurona H1_53,Neurona H2_1,0.23034361702814443,0.23034361702814443,0.04668179480207922
Capa 2 - Oculta 1 a Oculta 2,Neurona H1_53,Neurona H2_2,-0.005290963845125684,0.005290963845125684,0.0010722749417154402
Capa 2 - Oculta 1 a Oculta 2,Neurona H1_53,Neurona H2_3,-0.3893963313042542,0.3893963313042542,0.07891566464551356
Capa 2 - Oculta 1 a Oculta 2,Neurona H1_53,Neurona H2_4,0.14984647947330534,0.14984647947330534,0.030368120014943253
Capa 2 - Oculta 1 a Oculta 2,Neurona H1_53,Neurona H2_5,-0.11177765132252619,0.11177765132252619,0.022653032238609722
Capa 2 - Oculta 1 a Oculta 2,Neurona H1_53,Neurona H2_6,0.18257709061061483,0.18257709061061483,0.03700135644915207
Capa 2 - Oculta 1 a Oculta 2,Neurona H1_53,Neurona H2_7,-0.3343043426892104,0.3343043426892104,0.06775063675827792
Capa 2 - Oculta 1 a Oculta 2,Neurona H1_53,Neurona H2_8,0.1557069371265455,0.1557069371265455,0.03155580945537348
Capa 2 - Oculta 1 a Oculta 2,Neurona H1_53,Neurona H2_9,0.30686430146824667,0.30686430146824667,0.06218959543156682
Capa 2 - Oculta 1 a Oculta 2,Neurona H1_53,Neurona H2_10,0.019626568606654245,0.019626568606654245,0.003977550844192993
Capa 2 - Oculta 1 a Oculta 2,Neurona H1_53,Neurona H2_11,0.0954753211572282,0.0954753211572282,0.01934917671445512
Capa 2 - Oculta 1 a Oculta 2,Neurona H1_53,Neurona H2_12,0.03282594856262852,0.03282594856262852,0.006652557664738761
Capa 2 - Oculta 1 a Oculta 2,Neurona H1_53,Neurona H2_13,0.2126111082215093,0.2126111082215093,0.043088097055567494
Capa 2 - Oculta 1 a Oculta 2,Neurona H1_53,Neurona H2_14,-0.3111833738076819,0.3111833738076819,0.06306490533286188
Capa 2 - Oculta 1 a Oculta 2,Neurona H1_53,Neurona H2_15,-0.25440273828502724,0.25440273828502724,0.05155765364341589
Capa 2 - Oculta 1 a Oculta 2,Neurona H1_53,Neurona H2_16,0.08045212171889542,0.08045212171889542,0.016304551807982133
Capa 2 - Oculta 1 a Oculta 2,Neurona H1_53,Neurona H2_17,0.02800930175730194,0.02800930175730194,0.005676408550205786
Capa 2 - Oculta 1 a Oculta 2,Neurona H1_53,Neurona H2_18,-0.0968371108873425,0.0968371108873425,0.019625159133959312
Capa 2 - Oculta 1 a Oculta 2,Neurona H1_53,Neurona H2_19,0.15644740845900243,0.15644740845900243,0.03170587452444094
Capa 2 - Oculta 1 a Oculta 2,Neurona H1_53,Neurona H2_20,-0.2980437727313912,0.2980437727313912,0.060402013392818955
Capa 2 - Oculta 1 a Oculta 2,Neurona H1_53,Neurona H2_21,-0.06399226479505396,0.06399226479505396,0.012968771666540377
Capa 2 - Oculta 1 a Oculta 2,Neurona H1_53,Neurona H2_22,0.18292041504191026,0.18292041504191026,0.03707093511106183
Capa 2 - Oculta 1 a Oculta 2,Neurona H1_53,Neurona H2_23,0.18297685622631524,0.18297685622631524,0.03708237356906112
Capa 2 - Oculta 1 a Oculta 2,Neurona H1_53,Neurona H2_24,0.015207133024664895,0.015207133024664895,0.0030819011724496394
Capa 2 - Oculta 1 a Oculta 2,Neurona H1_53,Neurona H2_25,0.08991030174969335,0.08991030174969335,0.01822136124726816
Capa 2 - Oculta 1 a Oculta 2,Neurona H1_53,Neurona H2_26,-0.16604621405583347,0.16604621405583347,0.033651183359117987
Capa 2 - Oculta 1 a Oculta 2,Neurona H1_53,Neurona H2_27,-0.030389127519504667,0.030389127519504667,0.006158707731442814
Capa 2 - Oculta 1 a Oculta 2,Neurona H1_53,Neurona H2_28,0.015089434498338727,0.015089434498338727,0.0030580482064966295
Capa 2 - Oculta 1 a Oculta 2,Neurona H1_53,Neurona H2_29,0.0645392629160232,0.0645392629160232,0.013079627154396546
Capa 2 - Oculta 1 a Oculta 2,Neurona H1_53,Neurona H2_30,0.19739749406371027,0.19739749406371027,0.04000488240662149
Capa 2 - Oculta 1 a Oculta 2,Neurona H1_53,Neurona H2_31,-0.21983674293532196,0.21983674293532196,0.04455245539714797
Capa 2 - Oculta 1 a Oculta 2,Neurona H1_53,Neurona H2_32,0.3486095653439849,0.3486095653439849,0.07064975537586324
Capa 2 - Oculta 1 a Oculta 2,Neurona H1_54,Neurona H2_1,-0.031128448895768854,0.031128448895768854,0.006308539748604108
Capa 2 - Oculta 1 a Oculta 2,Neurona H1_54,Neurona H2_2,0.22326866797775963,0.22326866797775963,0.045247974650835895
Capa 2 - Oculta 1 a Oculta 2,Neurona H1_54,Neurona H2_3,0.19518662436181242,0.19518662436181242,0.03955682412269901
Capa 2 - Oculta 1 a Oculta 2,Neurona H1_54,Neurona H2_4,0.2226293894946809,0.2226293894946809,0.045118417481622826
Capa 2 - Oculta 1 a Oculta 2,Neurona H1_54,Neurona H2_5,0.052754696345869816,0.052754696345869816,0.010691348609685987
Capa 2 - Oculta 1 a Oculta 2,Neurona H1_54,Neurona H2_6,-0.15612905136500493,0.15612905136500493,0.031641355781844474
Capa 2 - Oculta 1 a Oculta 2,Neurona H1_54,Neurona H2_7,0.15975898109391656,0.15975898109391656,0.032377002972494934
Capa 2 - Oculta 1 a Oculta 2,Neurona H1_54,Neurona H2_8,-0.11772225872456546,0.11772225872456546,0.023857775597688827
Capa 2 - Oculta 1 a Oculta 2,Neurona H1_54,Neurona H2_9,-0.16814323606943218,0.16814323606943218,0.034076169093896554
Capa 2 - Oculta 1 a Oculta 2,Neurona H1_54,Neurona H2_10,-0.1789605106451814,0.1789605106451814,0.03626841474228008
Capa 2 - Oculta 1 a Oculta 2,Neurona H1_54,Neurona H2_11,-0.040812562858370365,0.040812562858370365,0.00827113730904303
Capa 2 - Oculta 1 a Oculta 2,Neurona H1_54,Neurona H2_12,0.05365984487369291,0.05365984487369291,0.010874787414660898
Capa 2 - Oculta 1 a Oculta 2,Neurona H1_54,Neurona H2_13,0.1881113415441302,0.1881113415441302,0.03812293632965735
Capa 2 - Oculta 1 a Oculta 2,Neurona H1_54,Neurona H2_14,0.13399079310056292,0.13399079310056292,0.02715478201475005
Capa 2 - Oculta 1 a Oculta 2,Neurona H1_54,Neurona H2_15,-0.0350918599967493,0.0350918599967493,0.0071117707915100865
Capa 2 - Oculta 1 a Oculta 2,Neurona H1_54,Neurona H2_16,0.12759637987847608,0.12759637987847608,0.02585888031031217
Capa 2 - Oculta 1 a Oculta 2,Neurona H1_54,Neurona H2_17,-0.10317694251437949,0.10317694251437949,0.020909999247661754
Capa 2 - Oculta 1 a Oculta 2,Neurona H1_54,Neurona H2_18,0.11816362960165562,0.11816362960165562,0.023947224504421154
Capa 2 - Oculta 1 a Oculta 2,Neurona H1_54,Neurona H2_19,-0.25344026621840676,0.25344026621840676,0.05136259756113157
Capa 2 - Oculta 1 a Oculta 2,Neurona H1_54,Neurona H2_20,-0.10883798220028076,0.10883798220028076,0.022057274333436676
Capa 2 - Oculta 1 a Oculta 2,Neurona H1_54,Neurona H2_21,-0.27372163205930233,0.27372163205930233,0.05547285062872539
Capa 2 - Oculta 1 a Oculta 2,Neurona H1_54,Neurona H2_22,0.26964983726764996,0.26964983726764996,0.054647654378911927
Capa 2 - Oculta 1 a Oculta 2,Neurona H1_54,Neurona H2_23,-0.17790966397854652,0.17790966397854652,0.036055448526444794
Capa 2 - Oculta 1 a Oculta 2,Neurona H1_54,Neurona H2_24,0.3028517237794213,0.3028517237794213,0.06137640021168687
Capa 2 - Oculta 1 a Oculta 2,Neurona H1_54,Neurona H2_25,-0.14391143905840365,0.14391143905840365,0.029165315516320497
Capa 2 - Oculta 1 a Oculta 2,Neurona H1_54,Neurona H2_26,0.013312945817598178,0.013312945817598178,0.00269802225425844
Capa 2 - Oculta 1 a Oculta 2,Neurona H1_54,Neurona H2_27,0.1934107510484088,0.1934107510484088,0.03919692288176005
Capa 2 - Oculta 1 a Oculta 2,Neurona H1_54,Neurona H2_28,0.100323784718248,0.100323784718248,0.020331773862060167
Capa 2 - Oculta 1 a Oculta 2,Neurona H1_54,Neurona H2_29,-0.027569644706608953,0.027569644706608953,0.0055873069701900925
Capa 2 - Oculta 1 a Oculta 2,Neurona H1_54,Neurona H2_30,-0.20784994420955907,0.20784994420955907,0.04212319217002101
Capa 2 - Oculta 1 a Oculta 2,Neurona H1_54,Neurona H2_31,0.22242094056661849,0.22242094056661849,0.04507617289845587
Capa 2 - Oculta 1 a Oculta 2,Neurona H1_54,Neurona H2_32,-0.12602624717371685,0.12602624717371685,0.025540674780324988
Capa 2 - Oculta 1 a Oculta 2,Neurona H1_55,Neurona H2_1,0.0589609686331042,0.0589609686331042,0.011949121380368436
Capa 2 - Oculta 1 a Oculta 2,Neurona H1_55,Neurona H2_2,0.08334377161125496,0.08334377161125496,0.016890578061525288
Capa 2 - Oculta 1 a Oculta 2,Neurona H1_55,Neurona H2_3,0.19311370638882394,0.19311370638882394,0.03913672335018762
Capa 2 - Oculta 1 a Oculta 2,Neurona H1_55,Neurona H2_4,-0.06004987911774304,0.06004987911774304,0.012169801668615938
Capa 2 - Oculta 1 a Oculta 2,Neurona H1_55,Neurona H2_5,-0.3007858386284774,0.3007858386284774,0.060957724721802366
Capa 2 - Oculta 1 a Oculta 2,Neurona H1_55,Neurona H2_6,0.015059903607686838,0.015059903607686838,0.0030520634303803215
Capa 2 - Oculta 1 a Oculta 2,Neurona H1_55,Neurona H2_7,0.21344704944655088,0.21344704944655088,0.04325751020118646
Capa 2 - Oculta 1 a Oculta 2,Neurona H1_55,Neurona H2_8,0.028969799400362675,0.028969799400362675,0.005871064492748199
Capa 2 - Oculta 1 a Oculta 2,Neurona H1_55,Neurona H2_9,-0.05770346356713053,0.05770346356713053,0.011694273452695296
Capa 2 - Oculta 1 a Oculta 2,Neurona H1_55,Neurona H2_10,0.06745490722525085,0.06745490722525085,0.01367051615368922
Capa 2 - Oculta 1 a Oculta 2,Neurona H1_55,Neurona H2_11,-0.2709817775705542,0.2709817775705542,0.05491758746718673
Capa 2 - Oculta 1 a Oculta 2,Neurona H1_55,Neurona H2_12,-0.02113795541697584,0.02113795541697584,0.00428385084006994
Capa 2 - Oculta 1 a Oculta 2,Neurona H1_55,Neurona H2_13,0.05179799320678402,0.05179799320678402,0.010497461667206259
Capa 2 - Oculta 1 a Oculta 2,Neurona H1_55,Neurona H2_14,-0.09123352867748608,0.09123352867748608,0.01848952846942417
Capa 2 - Oculta 1 a Oculta 2,Neurona H1_55,Neurona H2_15,-0.04237003687030488,0.04237003687030488,0.008586777408702553
Capa 2 - Oculta 1 a Oculta 2,Neurona H1_55,Neurona H2_16,-0.1371092375721357,0.1371092375721357,0.02778677080958543
Capa 2 - Oculta 1 a Oculta 2,Neurona H1_55,Neurona H2_17,-0.13995018689533384,0.13995018689533384,0.02836252200712106
Capa 2 - Oculta 1 a Oculta 2,Neurona H1_55,Neurona H2_18,-0.28114896005561396,0.28114896005561396,0.05697808444386163
Capa 2 - Oculta 1 a Oculta 2,Neurona H1_55,Neurona H2_19,0.04887515455790822,0.04887515455790822,0.009905114651878565
Capa 2 - Oculta 1 a Oculta 2,Neurona H1_55,Neurona H2_20,0.08084857981160683,0.08084857981160683,0.016384898620150655
Capa 2 - Oculta 1 a Oculta 2,Neurona H1_55,Neurona H2_21,-0.07504027914180253,0.07504027914180253,0.015207779394904426
Capa 2 - Oculta 1 a Oculta 2,Neurona H1_55,Neurona H2_22,-0.2277606771896444,0.2277606771896444,0.046158332207010905
Capa 2 - Oculta 1 a Oculta 2,Neurona H1_55,Neurona H2_23,0.0670525655499614,0.0670525655499614,0.013588976965547131
Capa 2 - Oculta 1 a Oculta 2,Neurona H1_55,Neurona H2_24,-0.19702658586240618,0.19702658586240618,0.03992971357508591
Capa 2 - Oculta 1 a Oculta 2,Neurona H1_55,Neurona H2_25,0.213205952117354,0.213205952117354,0.04320864904239202
Capa 2 - Oculta 1 a Oculta 2,Neurona H1_55,Neurona H2_26,-0.07194568198993347,0.07194568198993347,0.014580623534879013
Capa 2 - Oculta 1 a Oculta 2,Neurona H1_55,Neurona H2_27,0.15780720019989616,0.15780720019989616,0.03198145202834984
Capa 2 - Oculta 1 a Oculta 2,Neurona H1_55,Neurona H2_28,-0.2251933293780536,0.2251933293780536,0.04563802951630685
Capa 2 - Oculta 1 a Oculta 2,Neurona H1_55,Neurona H2_29,0.024837595160771213,0.024837595160771213,0.00503362557049093
Capa 2 - Oculta 1 a Oculta 2,Neurona H1_55,Neurona H2_30,-0.3032495309189812,0.3032495309189812,0.06145702042378273
Capa 2 - Oculta 1 a Oculta 2,Neurona H1_55,Neurona H2_31,0.17351857640881635,0.17351857640881635,0.03516554390684746
Capa 2 - Oculta 1 a Oculta 2,Neurona H1_55,Neurona H2_32,-0.26046098967112347,0.26046098967112347,0.05278542826862116
Capa 2 - Oculta 1 a Oculta 2,Neurona H1_56,Neurona H2_1,0.10319421100695474,0.10319421100695474,0.020913498907158896
Capa 2 - Oculta 1 a Oculta 2,Neurona H1_56,Neurona H2_2,-0.10673980393526755,0.10673980393526755,0.02163205427095254
Capa 2 - Oculta 1 a Oculta 2,Neurona H1_56,Neurona H2_3,-0.12166108848115285,0.12166108848115285,0.024656024947202475
Capa 2 - Oculta 1 a Oculta 2,Neurona H1_56,Neurona H2_4,-0.21917892871573086,0.21917892871573086,0.04441914174681535
Capa 2 - Oculta 1 a Oculta 2,Neurona H1_56,Neurona H2_5,-0.02369448545366575,0.02369448545366575,0.004801961183728946
Capa 2 - Oculta 1 a Oculta 2,Neurona H1_56,Neurona H2_6,0.06361861158191308,0.06361861158191308,0.012893046526647097
Capa 2 - Oculta 1 a Oculta 2,Neurona H1_56,Neurona H2_7,0.2606967705606239,0.2606967705606239,0.052833211989498335
Capa 2 - Oculta 1 a Oculta 2,Neurona H1_56,Neurona H2_8,-0.22412563835278668,0.22412563835278668,0.04542164959661738
Capa 2 - Oculta 1 a Oculta 2,Neurona H1_56,Neurona H2_9,-0.12985260453467679,0.12985260453467679,0.026316130299641298
Capa 2 - Oculta 1 a Oculta 2,Neurona H1_56,Neurona H2_10,-0.1864657356648811,0.1864657356648811,0.03778943528903239
Capa 2 - Oculta 1 a Oculta 2,Neurona H1_56,Neurona H2_11,-0.021722997994548854,0.021722997994548854,0.004402416476526912
Capa 2 - Oculta 1 a Oculta 2,Neurona H1_56,Neurona H2_12,-0.08790399610836896,0.08790399610836896,0.017814760233239996
Capa 2 - Oculta 1 a Oculta 2,Neurona H1_56,Neurona H2_13,-0.04423175154343349,0.04423175154343349,0.008964075392785138
Capa 2 - Oculta 1 a Oculta 2,Neurona H1_56,Neurona H2_14,-0.0160661133069254,0.0160661133069254,0.003255983449149399
Capa 2 - Oculta 1 a Oculta 2,Neurona H1_56,Neurona H2_15,0.14829888692094112,0.14829888692094112,0.0300544825072112
Capa 2 - Oculta 1 a Oculta 2,Neurona H1_56,Neurona H2_16,0.16029147245442255,0.16029147245442255,0.032484918497768564
Capa 2 - Oculta 1 a Oculta 2,Neurona H1_56,Neurona H2_17,-0.04315382155609229,0.04315382155609229,0.008745620429156078
Capa 2 - Oculta 1 a Oculta 2,Neurona H1_56,Neurona H2_18,-0.152317275181499,0.152317275181499,0.030868855306573503
Capa 2 - Oculta 1 a Oculta 2,Neurona H1_56,Neurona H2_19,0.07863949508759167,0.07863949508759167,0.015937202082615242
Capa 2 - Oculta 1 a Oculta 2,Neurona H1_56,Neurona H2_20,0.18999282267141332,0.18999282267141332,0.03850424021400628
Capa 2 - Oculta 1 a Oculta 2,Neurona H1_56,Neurona H2_21,-0.004744812539797535,0.004744812539797535,0.0009615910708309206
Capa 2 - Oculta 1 a Oculta 2,Neurona H1_56,Neurona H2_22,-0.11516275935270474,0.11516275935270474,0.02333906348395722
Capa 2 - Oculta 1 a Oculta 2,Neurona H1_56,Neurona H2_23,0.06264142616286993,0.06264142616286993,0.012695008613533218
Capa 2 - Oculta 1 a Oculta 2,Neurona H1_56,Neurona H2_24,-0.0354685233003594,0.0354685233003594,0.007188105961007976
Capa 2 - Oculta 1 a Oculta 2,Neurona H1_56,Neurona H2_25,0.2460751666905011,0.2460751666905011,0.049869975063949135
Capa 2 - Oculta 1 a Oculta 2,Neurona H1_56,Neurona H2_26,-0.07378611668043847,0.07378611668043847,0.014953608884667478
Capa 2 - Oculta 1 a Oculta 2,Neurona H1_56,Neurona H2_27,0.2265914528814448,0.2265914528814448,0.04592137539467472
Capa 2 - Oculta 1 a Oculta 2,Neurona H1_56,Neurona H2_28,-0.06726350576101041,0.06726350576101041,0.013631726435989344
Capa 2 - Oculta 1 a Oculta 2,Neurona H1_56,Neurona H2_29,0.14769300175970698,0.14769300175970698,0.029931692880412468
Capa 2 - Oculta 1 a Oculta 2,Neurona H1_56,Neurona H2_30,-0.16091608562613946,0.16091608562613946,0.032611503572228
Capa 2 - Oculta 1 a Oculta 2,Neurona H1_56,Neurona H2_31,0.15717675098464948,0.15717675098464948,0.0318536842122541
Capa 2 - Oculta 1 a Oculta 2,Neurona H1_56,Neurona H2_32,0.040228887920000456,0.040228887920000456,0.008152848840468836
Capa 2 - Oculta 1 a Oculta 2,Neurona H1_57,Neurona H2_1,-0.022701081062267855,0.022701081062267855,0.004600636308514129
Capa 2 - Oculta 1 a Oculta 2,Neurona H1_57,Neurona H2_2,0.09441864996328217,0.09441864996328217,0.019135030090878268
Capa 2 - Oculta 1 a Oculta 2,Neurona H1_57,Neurona H2_3,0.06404504115866448,0.06404504115866448,0.012979467406271534
Capa 2 - Oculta 1 a Oculta 2,Neurona H1_57,Neurona H2_4,0.08913461600803117,0.08913461600803117,0.018064159571396465
Capa 2 - Oculta 1 a Oculta 2,Neurona H1_57,Neurona H2_5,0.23682404051312037,0.23682404051312037,0.04799512747983803
Capa 2 - Oculta 1 a Oculta 2,Neurona H1_57,Neurona H2_6,0.14790893493312685,0.14790893493312685,0.029975454232355276
Capa 2 - Oculta 1 a Oculta 2,Neurona H1_57,Neurona H2_7,-0.2170530061293298,0.2170530061293298,0.043988298977113795
Capa 2 - Oculta 1 a Oculta 2,Neurona H1_57,Neurona H2_8,0.14872005433808455,0.14872005433808455,0.030139836949405318
Capa 2 - Oculta 1 a Oculta 2,Neurona H1_57,Neurona H2_9,-0.13098400621679335,0.13098400621679335,0.02654542191989418
Capa 2 - Oculta 1 a Oculta 2,Neurona H1_57,Neurona H2_10,-0.16197877533026206,0.16197877533026206,0.03282686991641488
Capa 2 - Oculta 1 a Oculta 2,Neurona H1_57,Neurona H2_11,0.24594805779893278,0.24594805779893278,0.04984421497877609
Capa 2 - Oculta 1 a Oculta 2,Neurona H1_57,Neurona H2_12,0.0005579176194199756,0.0005579176194199756,0.00011306845035365397
Capa 2 - Oculta 1 a Oculta 2,Neurona H1_57,Neurona H2_13,-0.1614474938024456,0.1614474938024456,0.032719199577711154
Capa 2 - Oculta 1 a Oculta 2,Neurona H1_57,Neurona H2_14,0.009831449827479305,0.009831449827479305,0.0019924568754047544
Capa 2 - Oculta 1 a Oculta 2,Neurona H1_57,Neurona H2_15,-0.09144510364695889,0.09144510364695889,0.018532406580993373
Capa 2 - Oculta 1 a Oculta 2,Neurona H1_57,Neurona H2_16,-0.22649336934924136,0.22649336934924136,0.04590149763386303
Capa 2 - Oculta 1 a Oculta 2,Neurona H1_57,Neurona H2_17,0.13782444805186345,0.13782444805186345,0.027931716475046903
Capa 2 - Oculta 1 a Oculta 2,Neurona H1_57,Neurona H2_18,-0.1647240074911894,0.1647240074911894,0.033383222925340766
Capa 2 - Oculta 1 a Oculta 2,Neurona H1_57,Neurona H2_19,0.3547572484676842,0.3547572484676842,0.07189565437576334
Capa 2 - Oculta 1 a Oculta 2,Neurona H1_57,Neurona H2_20,0.06791904045407492,0.06791904045407492,0.01376457811393943
Capa 2 - Oculta 1 a Oculta 2,Neurona H1_57,Neurona H2_21,0.19768884596494393,0.19768884596494393,0.04006392823495423
Capa 2 - Oculta 1 a Oculta 2,Neurona H1_57,Neurona H2_22,-0.09813477933499958,0.09813477933499958,0.01988814663487738
Capa 2 - Oculta 1 a Oculta 2,Neurona H1_57,Neurona H2_23,0.1266880964934316,0.1266880964934316,0.02567480619030908
Capa 2 - Oculta 1 a Oculta 2,Neurona H1_57,Neurona H2_24,-0.3002619174080909,0.3002619174080909,0.060851546034421805
Capa 2 - Oculta 1 a Oculta 2,Neurona H1_57,Neurona H2_25,-0.019637567265585867,0.019637567265585867,0.003979779849476353
Capa 2 - Oculta 1 a Oculta 2,Neurona H1_57,Neurona H2_26,-0.15483412004856234,0.15483412004856234,0.031378922992184956
Capa 2 - Oculta 1 a Oculta 2,Neurona H1_57,Neurona H2_27,0.16679207100479848,0.16679207100479848,0.03380233988558269
Capa 2 - Oculta 1 a Oculta 2,Neurona H1_57,Neurona H2_28,0.23760653331206255,0.23760653331206255,0.048153708684499155
Capa 2 - Oculta 1 a Oculta 2,Neurona H1_57,Neurona H2_29,0.005527235345705449,0.005527235345705449,0.0011201580905951258
Capa 2 - Oculta 1 a Oculta 2,Neurona H1_57,Neurona H2_30,0.04428349734737399,0.04428349734737399,0.008974562277694668
Capa 2 - Oculta 1 a Oculta 2,Neurona H1_57,Neurona H2_31,-0.27007224397269913,0.27007224397269913,0.05473325997711576
Capa 2 - Oculta 1 a Oculta 2,Neurona H1_57,Neurona H2_32,-0.06387014309153126,0.06387014309153126,0.012944022292634217
Capa 2 - Oculta 1 a Oculta 2,Neurona H1_58,Neurona H2_1,-0.034409018758994575,0.034409018758994575,0.006973385126847328
Capa 2 - Oculta 1 a Oculta 2,Neurona H1_58,Neurona H2_2,-0.11727128446949754,0.11727128446949754,0.023766380455476015
Capa 2 - Oculta 1 a Oculta 2,Neurona H1_58,Neurona H2_3,0.48165971318663914,0.48165971318663914,0.09761390476324651
Capa 2 - Oculta 1 a Oculta 2,Neurona H1_58,Neurona H2_4,0.3054643867634956,0.3054643867634956,0.061905886545552326
Capa 2 - Oculta 1 a Oculta 2,Neurona H1_58,Neurona H2_5,-0.4057378340990325,0.4057378340990325,0.08222745895553447
Capa 2 - Oculta 1 a Oculta 2,Neurona H1_58,Neurona H2_6,-0.09553632472026906,0.09553632472026906,0.01936153979118722
Capa 2 - Oculta 1 a Oculta 2,Neurona H1_58,Neurona H2_7,0.281127779494673,0.281127779494673,0.056973791958519975
Capa 2 - Oculta 1 a Oculta 2,Neurona H1_58,Neurona H2_8,0.1421436764887328,0.1421436764887328,0.02880705801129015
Capa 2 - Oculta 1 a Oculta 2,Neurona H1_58,Neurona H2_9,-0.44800901278810035,0.44800901278810035,0.09079420161185033
Capa 2 - Oculta 1 a Oculta 2,Neurona H1_58,Neurona H2_10,-0.14590033894301624,0.14590033894301624,0.02956838905268865
Capa 2 - Oculta 1 a Oculta 2,Neurona H1_58,Neurona H2_11,0.04933279440967652,0.04933279440967652,0.009997860654260267
Capa 2 - Oculta 1 a Oculta 2,Neurona H1_58,Neurona H2_12,0.3213262949667519,0.3213262949667519,0.06512048547157057
Capa 2 - Oculta 1 a Oculta 2,Neurona H1_58,Neurona H2_13,-0.16568620789091978,0.16568620789091978,0.03357822395119165
Capa 2 - Oculta 1 a Oculta 2,Neurona H1_58,Neurona H2_14,0.38718002306114724,0.38718002306114724,0.07846650417839181
Capa 2 - Oculta 1 a Oculta 2,Neurona H1_58,Neurona H2_15,0.3786974989671537,0.3786974989671537,0.07674742268497618
Capa 2 - Oculta 1 a Oculta 2,Neurona H1_58,Neurona H2_16,0.3565370418966495,0.3565370418966495,0.07225635007340403
Capa 2 - Oculta 1 a Oculta 2,Neurona H1_58,Neurona H2_17,0.26747346063736455,0.26747346063736455,0.05420658651439798
Capa 2 - Oculta 1 a Oculta 2,Neurona H1_58,Neurona H2_18,0.13812403775789603,0.13812403775789603,0.02799243178968104
Capa 2 - Oculta 1 a Oculta 2,Neurona H1_58,Neurona H2_19,-0.4429567226931203,0.4429567226931203,0.08977029666263865
Capa 2 - Oculta 1 a Oculta 2,Neurona H1_58,Neurona H2_20,0.07561663030257809,0.07561663030257809,0.015324583615348606
Capa 2 - Oculta 1 a Oculta 2,Neurona H1_58,Neurona H2_21,-0.23905403563185187,0.23905403563185187,0.04844706175040887
Capa 2 - Oculta 1 a Oculta 2,Neurona H1_58,Neurona H2_22,0.14005419868961194,0.14005419868961194,0.028383601198722415
Capa 2 - Oculta 1 a Oculta 2,Neurona H1_58,Neurona H2_23,-0.20440522668145167,0.20440522668145167,0.04142508037133987
Capa 2 - Oculta 1 a Oculta 2,Neurona H1_58,Neurona H2_24,0.19734051114846213,0.19734051114846213,0.039993334160609045
Capa 2 - Oculta 1 a Oculta 2,Neurona H1_58,Neurona H2_25,-0.023359264272377063,0.023359264272377063,0.004734024739037635
Capa 2 - Oculta 1 a Oculta 2,Neurona H1_58,Neurona H2_26,0.10786569338798077,0.10786569338798077,0.021860228774242388
Capa 2 - Oculta 1 a Oculta 2,Neurona H1_58,Neurona H2_27,-0.27175327489056716,0.27175327489056716,0.05507394031102872
Capa 2 - Oculta 1 a Oculta 2,Neurona H1_58,Neurona H2_28,-0.026019869814725375,0.026019869814725375,0.00527322718614518
Capa 2 - Oculta 1 a Oculta 2,Neurona H1_58,Neurona H2_29,-0.19654512344212405,0.19654512344212405,0.03983213965400879
Capa 2 - Oculta 1 a Oculta 2,Neurona H1_58,Neurona H2_30,-0.2750457792347057,0.2750457792347057,0.05574120434968992
Capa 2 - Oculta 1 a Oculta 2,Neurona H1_58,Neurona H2_31,0.3597913005252242,0.3597913005252242,0.07291586317601133
Capa 2 - Oculta 1 a Oculta 2,Neurona H1_58,Neurona H2_32,-0.15779905916048093,0.15779905916048093,0.031979802152671225
Capa 2 - Oculta 1 a Oculta 2,Neurona H1_59,Neurona H2_1,0.2551362123871165,0.2551362123871165,0.051706300642920915
Capa 2 - Oculta 1 a Oculta 2,Neurona H1_59,Neurona H2_2,0.039428496902152776,0.039428496902152776,0.007990640354995469
Capa 2 - Oculta 1 a Oculta 2,Neurona H1_59,Neurona H2_3,-0.12810337999562924,0.12810337999562924,0.02596162974065858
Capa 2 - Oculta 1 a Oculta 2,Neurona H1_59,Neurona H2_4,-0.045854222070750204,0.045854222070750204,0.009292887787093272
Capa 2 - Oculta 1 a Oculta 2,Neurona H1_59,Neurona H2_5,0.2548921923111071,0.2548921923111071,0.05165684715572285
Capa 2 - Oculta 1 a Oculta 2,Neurona H1_59,Neurona H2_6,0.2305257890630017,0.2305257890630017,0.046718714069300955
Capa 2 - Oculta 1 a Oculta 2,Neurona H1_59,Neurona H2_7,-0.3542998110444167,0.3542998110444167,0.07180294939785567
Capa 2 - Oculta 1 a Oculta 2,Neurona H1_59,Neurona H2_8,-0.07104484408829347,0.07104484408829347,0.014398058328094246
Capa 2 - Oculta 1 a Oculta 2,Neurona H1_59,Neurona H2_9,0.3755202723834028,0.3755202723834028,0.07610352101608708
Capa 2 - Oculta 1 a Oculta 2,Neurona H1_59,Neurona H2_10,0.08481680261075338,0.08481680261075338,0.017189104809272264
Capa 2 - Oculta 1 a Oculta 2,Neurona H1_59,Neurona H2_11,-0.1155344228260305,0.1155344228260305,0.023414385380092512
Capa 2 - Oculta 1 a Oculta 2,Neurona H1_59,Neurona H2_12,-0.3299087461835156,0.3299087461835156,0.06685981835072244
Capa 2 - Oculta 1 a Oculta 2,Neurona H1_59,Neurona H2_13,-0.24395074298517988,0.24395074298517988,0.04943943605981272
Capa 2 - Oculta 1 a Oculta 2,Neurona H1_59,Neurona H2_14,0.08295515392219877,0.08295515392219877,0.016811820197725823
Capa 2 - Oculta 1 a Oculta 2,Neurona H1_59,Neurona H2_15,-0.23601787756557202,0.23601787756557202,0.047831749246136444
Capa 2 - Oculta 1 a Oculta 2,Neurona H1_59,Neurona H2_16,-0.2267424410701947,0.2267424410701947,0.045951974895263
Capa 2 - Oculta 1 a Oculta 2,Neurona H1_59,Neurona H2_17,-0.277141539919021,0.277141539919021,0.056165934461518977
Capa 2 - Oculta 1 a Oculta 2,Neurona H1_59,Neurona H2_18,0.04587220555972352,0.04587220555972352,0.009296532348869756
Capa 2 - Oculta 1 a Oculta 2,Neurona H1_59,Neurona H2_19,0.22411023059020696,0.22411023059020696,0.04541852703554802
Capa 2 - Oculta 1 a Oculta 2,Neurona H1_59,Neurona H2_20,-0.225853275085594,0.225853275085594,0.04577177513729425
Capa 2 - Oculta 1 a Oculta 2,Neurona H1_59,Neurona H2_21,0.2296827798197361,0.2296827798197361,0.04654786850814277
Capa 2 - Oculta 1 a Oculta 2,Neurona H1_59,Neurona H2_22,0.26574779944286303,0.26574779944286303,0.05385686133937917
Capa 2 - Oculta 1 a Oculta 2,Neurona H1_59,Neurona H2_23,0.3293115778731716,0.3293115778731716,0.06673879529444919
Capa 2 - Oculta 1 a Oculta 2,Neurona H1_59,Neurona H2_24,-0.09994513304945797,0.09994513304945797,0.020255035727389993
Capa 2 - Oculta 1 a Oculta 2,Neurona H1_59,Neurona H2_25,-0.15760075182817018,0.15760075182817018,0.031939612881033856
Capa 2 - Oculta 1 a Oculta 2,Neurona H1_59,Neurona H2_26,-0.13292581859808533,0.13292581859808533,0.02693895262978372
Capa 2 - Oculta 1 a Oculta 2,Neurona H1_59,Neurona H2_27,0.14069098822944354,0.14069098822944354,0.02851265395483546
Capa 2 - Oculta 1 a Oculta 2,Neurona H1_59,Neurona H2_28,0.43169660853736397,0.43169660853736397,0.08748830445791098
Capa 2 - Oculta 1 a Oculta 2,Neurona H1_59,Neurona H2_29,0.017151110805839004,0.017151110805839004,0.003475870725638877
Capa 2 - Oculta 1 a Oculta 2,Neurona H1_59,Neurona H2_30,0.199676110067846,0.199676110067846,0.04046667026126303
Capa 2 - Oculta 1 a Oculta 2,Neurona H1_59,Neurona H2_31,-0.13146795696477426,0.13146795696477426,0.026643500129323344
Capa 2 - Oculta 1 a Oculta 2,Neurona H1_59,Neurona H2_32,0.07277804389766973,0.07277804389766973,0.014749311290499625
Capa 2 - Oculta 1 a Oculta 2,Neurona H1_60,Neurona H2_1,-0.18452453935462795,0.18452453935462795,0.037396029433055415
Capa 2 - Oculta 1 a Oculta 2,Neurona H1_60,Neurona H2_2,-0.1145293327424437,0.1145293327424437,0.02321069226436849
Capa 2 - Oculta 1 a Oculta 2,Neurona H1_60,Neurona H2_3,0.05052351638374699,0.05052351638374699,0.010239174216915196
Capa 2 - Oculta 1 a Oculta 2,Neurona H1_60,Neurona H2_4,0.07261899389305453,0.07261899389305453,0.014717077969800273
Capa 2 - Oculta 1 a Oculta 2,Neurona H1_60,Neurona H2_5,-0.007196978848401348,0.007196978848401348,0.0014585508994370182
Capa 2 - Oculta 1 a Oculta 2,Neurona H1_60,Neurona H2_6,-0.2319238523267492,0.2319238523267492,0.04700204773940918
Capa 2 - Oculta 1 a Oculta 2,Neurona H1_60,Neurona H2_7,0.21163316138041988,0.21163316138041988,0.04288990483148038
Capa 2 - Oculta 1 a Oculta 2,Neurona H1_60,Neurona H2_8,-0.1347808892618608,0.1347808892618608,0.027314904128622704
Capa 2 - Oculta 1 a Oculta 2,Neurona H1_60,Neurona H2_9,-0.0008105607055712939,0.0008105607055712939,0.00016426949016557478
Capa 2 - Oculta 1 a Oculta 2,Neurona H1_60,Neurona H2_10,0.12365041998717824,0.12365041998717824,0.025059185956635793
Capa 2 - Oculta 1 a Oculta 2,Neurona H1_60,Neurona H2_11,-0.15300166668081033,0.15300166668081033,0.031007555149648536
Capa 2 - Oculta 1 a Oculta 2,Neurona H1_60,Neurona H2_12,9.151761231562087e-06,9.151761231562087e-06,1.8547101300280676e-06
Capa 2 - Oculta 1 a Oculta 2,Neurona H1_60,Neurona H2_13,-0.2380168958076194,0.2380168958076194,0.04823687338452083
Capa 2 - Oculta 1 a Oculta 2,Neurona H1_60,Neurona H2_14,-0.2257123614739669,0.2257123614739669,0.04574321736613625
Capa 2 - Oculta 1 a Oculta 2,Neurona H1_60,Neurona H2_15,-0.08507687642040489,0.08507687642040489,0.017241811771037407
Capa 2 - Oculta 1 a Oculta 2,Neurona H1_60,Neurona H2_16,0.0843996287246517,0.0843996287246517,0.017104559702274987
Capa 2 - Oculta 1 a Oculta 2,Neurona H1_60,Neurona H2_17,0.21144542090977242,0.21144542090977242,0.04285185705642204
Capa 2 - Oculta 1 a Oculta 2,Neurona H1_60,Neurona H2_18,-0.025386833978403155,0.025386833978403155,0.005144935161409171
Capa 2 - Oculta 1 a Oculta 2,Neurona H1_60,Neurona H2_19,-0.24195524968345605,0.24195524968345605,0.0490350262913032
Capa 2 - Oculta 1 a Oculta 2,Neurona H1_60,Neurona H2_20,-0.10313581919543342,0.10313581919543342,0.020901665132041843
Capa 2 - Oculta 1 a Oculta 2,Neurona H1_60,Neurona H2_21,0.23413089522082908,0.23413089522082908,0.047449330476522035
Capa 2 - Oculta 1 a Oculta 2,Neurona H1_60,Neurona H2_22,-0.19455965886960935,0.19455965886960935,0.03942976232332024
Capa 2 - Oculta 1 a Oculta 2,Neurona H1_60,Neurona H2_23,0.07573696348270807,0.07573696348270807,0.015348970524329127
Capa 2 - Oculta 1 a Oculta 2,Neurona H1_60,Neurona H2_24,0.13205133204422842,0.13205133204422842,0.02676172782802445
Capa 2 - Oculta 1 a Oculta 2,Neurona H1_60,Neurona H2_25,0.057330505514848085,0.057330505514848085,0.011618689195180122
Capa 2 - Oculta 1 a Oculta 2,Neurona H1_60,Neurona H2_26,0.21468707713966473,0.21468707713966473,0.043508816137359914
Capa 2 - Oculta 1 a Oculta 2,Neurona H1_60,Neurona H2_27,0.07627125140568847,0.07627125140568847,0.015457250143741165
Capa 2 - Oculta 1 a Oculta 2,Neurona H1_60,Neurona H2_28,0.24643695395612947,0.24643695395612947,0.049943295432509666
Capa 2 - Oculta 1 a Oculta 2,Neurona H1_60,Neurona H2_29,0.18644332673912128,0.18644332673912128,0.03778489386137075
Capa 2 - Oculta 1 a Oculta 2,Neurona H1_60,Neurona H2_30,0.14960351846236516,0.14960351846236516,0.030318881159515233
Capa 2 - Oculta 1 a Oculta 2,Neurona H1_60,Neurona H2_31,0.266409058524264,0.266409058524264,0.05399087313075084
Capa 2 - Oculta 1 a Oculta 2,Neurona H1_60,Neurona H2_32,0.07164114561500273,0.07164114561500273,0.014518905720651286
Capa 2 - Oculta 1 a Oculta 2,Neurona H1_61,Neurona H2_1,-0.15192586202867975,0.15192586202867975,0.030789530909750683
Capa 2 - Oculta 1 a Oculta 2,Neurona H1_61,Neurona H2_2,-0.16462160594935907,0.16462160594935907,0.033362470069998755
Capa 2 - Oculta 1 a Oculta 2,Neurona H1_61,Neurona H2_3,0.21304479027808523,0.21304479027808523,0.0431759877340053
Capa 2 - Oculta 1 a Oculta 2,Neurona H1_61,Neurona H2_4,0.032102670950170484,0.032102670950170484,0.006505977101642114
Capa 2 - Oculta 1 a Oculta 2,Neurona H1_61,Neurona H2_5,-0.14520021787917126,0.14520021787917126,0.029426501431661006
Capa 2 - Oculta 1 a Oculta 2,Neurona H1_61,Neurona H2_6,0.1962742643550147,0.1962742643550147,0.039777246931180815
Capa 2 - Oculta 1 a Oculta 2,Neurona H1_61,Neurona H2_7,0.29476717964317,0.29476717964317,0.05973797395396806
Capa 2 - Oculta 1 a Oculta 2,Neurona H1_61,Neurona H2_8,-0.060880376382208654,0.060880376382208654,0.012338111532738349
Capa 2 - Oculta 1 a Oculta 2,Neurona H1_61,Neurona H2_9,0.11956945951457763,0.11956945951457763,0.024232132175700933
Capa 2 - Oculta 1 a Oculta 2,Neurona H1_61,Neurona H2_10,-0.06959637121406426,0.06959637121406426,0.014104508568115945
Capa 2 - Oculta 1 a Oculta 2,Neurona H1_61,Neurona H2_11,-0.19332784969129824,0.19332784969129824,0.03918012196410764
Capa 2 - Oculta 1 a Oculta 2,Neurona H1_61,Neurona H2_12,0.1692197797643124,0.1692197797643124,0.034294343109344656
Capa 2 - Oculta 1 a Oculta 2,Neurona H1_61,Neurona H2_13,-0.20654072272902207,0.20654072272902207,0.04185786331353511
Capa 2 - Oculta 1 a Oculta 2,Neurona H1_61,Neurona H2_14,-0.08455152383727615,0.08455152383727615,0.01713534300146277
Capa 2 - Oculta 1 a Oculta 2,Neurona H1_61,Neurona H2_15,0.21962680752391,0.21962680752391,0.04450990956095914
Capa 2 - Oculta 1 a Oculta 2,Neurona H1_61,Neurona H2_16,0.24305544819624122,0.24305544819624122,0.049257994228848065
Capa 2 - Oculta 1 a Oculta 2,Neurona H1_61,Neurona H2_17,-0.12354231754049326,0.12354231754049326,0.025037277747071058
Capa 2 - Oculta 1 a Oculta 2,Neurona H1_61,Neurona H2_18,0.08466858104369121,0.08466858104369121,0.017159065996527594
Capa 2 - Oculta 1 a Oculta 2,Neurona H1_61,Neurona H2_19,0.14409751409851537,0.14409751409851537,0.029203025772642575
Capa 2 - Oculta 1 a Oculta 2,Neurona H1_61,Neurona H2_20,0.2756070028000196,0.2756070028000196,0.05585494278816757
Capa 2 - Oculta 1 a Oculta 2,Neurona H1_61,Neurona H2_21,-0.1277578040143016,0.1277578040143016,0.025891594776126035
Capa 2 - Oculta 1 a Oculta 2,Neurona H1_61,Neurona H2_22,0.22616152535157447,0.22616152535157447,0.04583424561444417
Capa 2 - Oculta 1 a Oculta 2,Neurona H1_61,Neurona H2_23,-0.06321025249912515,0.06321025249912515,0.01281028784136544
Capa 2 - Oculta 1 a Oculta 2,Neurona H1_61,Neurona H2_24,0.0922621177570465,0.0922621177570465,0.018697983928130598
Capa 2 - Oculta 1 a Oculta 2,Neurona H1_61,Neurona H2_25,-0.07470357810414698,0.07470357810414698,0.015139543040225826
Capa 2 - Oculta 1 a Oculta 2,Neurona H1_61,Neurona H2_26,0.029669463076834893,0.029669463076834893,0.006012859418941242
Capa 2 - Oculta 1 a Oculta 2,Neurona H1_61,Neurona H2_27,-0.14747212448630834,0.14747212448630834,0.029886929549497253
Capa 2 - Oculta 1 a Oculta 2,Neurona H1_61,Neurona H2_28,0.11394914222572224,0.11394914222572224,0.023093109954091605
Capa 2 - Oculta 1 a Oculta 2,Neurona H1_61,Neurona H2_29,0.05681703392579705,0.05681703392579705,0.011514628246298482
Capa 2 - Oculta 1 a Oculta 2,Neurona H1_61,Neurona H2_30,0.08245732940693166,0.08245732940693166,0.01671093030909347
Capa 2 - Oculta 1 a Oculta 2,Neurona H1_61,Neurona H2_31,0.19274495168078765,0.19274495168078765,0.0390619909489388
Capa 2 - Oculta 1 a Oculta 2,Neurona H1_61,Neurona H2_32,-0.18472334202217405,0.18472334202217405,0.03743631909010008
Capa 2 - Oculta 1 a Oculta 2,Neurona H1_62,Neurona H2_1,0.1483060001013513,0.1483060001013513,0.030055924075389144
Capa 2 - Oculta 1 a Oculta 2,Neurona H1_62,Neurona H2_2,0.08520400491794494,0.08520400491794494,0.0172675758295871
Capa 2 - Oculta 1 a Oculta 2,Neurona H1_62,Neurona H2_3,-0.1195001757579158,0.1195001757579158,0.02421809102208299
Capa 2 - Oculta 1 a Oculta 2,Neurona H1_62,Neurona H2_4,0.1461473238922555,0.1461473238922555,0.02961844340569544
Capa 2 - Oculta 1 a Oculta 2,Neurona H1_62,Neurona H2_5,0.010093749924410143,0.010093749924410143,0.0020456150200039804
Capa 2 - Oculta 1 a Oculta 2,Neurona H1_62,Neurona H2_6,0.17066914493115473,0.17066914493115473,0.03458807370272831
Capa 2 - Oculta 1 a Oculta 2,Neurona H1_62,Neurona H2_7,-0.09308702434132472,0.09308702434132472,0.018865160776332365
Capa 2 - Oculta 1 a Oculta 2,Neurona H1_62,Neurona H2_8,-0.2466216865289413,0.2466216865289413,0.04998073362232591
Capa 2 - Oculta 1 a Oculta 2,Neurona H1_62,Neurona H2_9,0.09055275975387549,0.09055275975387549,0.018351562783161034
Capa 2 - Oculta 1 a Oculta 2,Neurona H1_62,Neurona H2_10,-0.09031834845470024,0.09031834845470024,0.018304056625584066
Capa 2 - Oculta 1 a Oculta 2,Neurona H1_62,Neurona H2_11,0.1333115817976176,0.1333115817976176,0.02701713199830757
Capa 2 - Oculta 1 a Oculta 2,Neurona H1_62,Neurona H2_12,-0.2076340183925207,0.2076340183925207,0.04207943230893388
Capa 2 - Oculta 1 a Oculta 2,Neurona H1_62,Neurona H2_13,0.13504266591315867,0.13504266591315867,0.02736795619091783
Capa 2 - Oculta 1 a Oculta 2,Neurona H1_62,Neurona H2_14,-0.30247916661909596,0.30247916661909596,0.0613008971995577
Capa 2 - Oculta 1 a Oculta 2,Neurona H1_62,Neurona H2_15,0.11429549385238655,0.11429549385238655,0.02316330211211148
Capa 2 - Oculta 1 a Oculta 2,Neurona H1_62,Neurona H2_16,-0.21859142517396707,0.21859142517396707,0.04430007736753732
Capa 2 - Oculta 1 a Oculta 2,Neurona H1_62,Neurona H2_17,0.06403333986392687,0.06403333986392687,0.012977096003725602
Capa 2 - Oculta 1 a Oculta 2,Neurona H1_62,Neurona H2_18,0.2745469704237608,0.2745469704237608,0.05564011498216838
Capa 2 - Oculta 1 a Oculta 2,Neurona H1_62,Neurona H2_19,0.03497218416543177,0.03497218416543177,0.007087517101859765
Capa 2 - Oculta 1 a Oculta 2,Neurona H1_62,Neurona H2_20,0.08032601042157478,0.08032601042157478,0.016278993896807082
Capa 2 - Oculta 1 a Oculta 2,Neurona H1_62,Neurona H2_21,-0.03979323818013389,0.03979323818013389,0.008064559388282516
Capa 2 - Oculta 1 a Oculta 2,Neurona H1_62,Neurona H2_22,-0.04074681560312019,0.04074681560312019,0.00825781286828801
Capa 2 - Oculta 1 a Oculta 2,Neurona H1_62,Neurona H2_23,-0.22330948571870943,0.22330948571870943,0.04525624683754498
Capa 2 - Oculta 1 a Oculta 2,Neurona H1_62,Neurona H2_24,0.06953095485317402,0.06953095485317402,0.014091251186925289
Capa 2 - Oculta 1 a Oculta 2,Neurona H1_62,Neurona H2_25,0.09738384487342273,0.09738384487342273,0.019735961091829072
Capa 2 - Oculta 1 a Oculta 2,Neurona H1_62,Neurona H2_26,-0.20169347346288696,0.20169347346288696,0.040875512256815356
Capa 2 - Oculta 1 a Oculta 2,Neurona H1_62,Neurona H2_27,0.008303411721543625,0.008303411721543625,0.0016827823021243861
Capa 2 - Oculta 1 a Oculta 2,Neurona H1_62,Neurona H2_28,-0.18378419458266207,0.18378419458266207,0.03724599001293343
Capa 2 - Oculta 1 a Oculta 2,Neurona H1_62,Neurona H2_29,0.16772746816149056,0.16772746816149056,0.033991908924614546
Capa 2 - Oculta 1 a Oculta 2,Neurona H1_62,Neurona H2_30,0.2655141081810814,0.2655141081810814,0.05380950110569752
Capa 2 - Oculta 1 a Oculta 2,Neurona H1_62,Neurona H2_31,0.07671164754008307,0.07671164754008307,0.015546501507606508
Capa 2 - Oculta 1 a Oculta 2,Neurona H1_62,Neurona H2_32,0.015438314962098685,0.015438314962098685,0.00312875286256577
Capa 2 - Oculta 1 a Oculta 2,Neurona H1_63,Neurona H2_1,0.029432991639448222,0.029432991639448222,0.005964935750558069
Capa 2 - Oculta 1 a Oculta 2,Neurona H1_63,Neurona H2_2,-0.23025529381652624,0.23025529381652624,0.046663895082980356
Capa 2 - Oculta 1 a Oculta 2,Neurona H1_63,Neurona H2_3,-0.41554546115683505,0.41554546115683505,0.08421508787147582
Capa 2 - Oculta 1 a Oculta 2,Neurona H1_63,Neurona H2_4,-0.0668592814070603,0.0668592814070603,0.013549805701268933
Capa 2 - Oculta 1 a Oculta 2,Neurona H1_63,Neurona H2_5,0.46666013433581693,0.46666013433581693,0.09457406684168547
Capa 2 - Oculta 1 a Oculta 2,Neurona H1_63,Neurona H2_6,0.04133488979145914,0.04133488979145914,0.008376992895686313
Capa 2 - Oculta 1 a Oculta 2,Neurona H1_63,Neurona H2_7,-0.05044602487282034,0.05044602487282034,0.01022346966708372
Capa 2 - Oculta 1 a Oculta 2,Neurona H1_63,Neurona H2_8,-0.16874641872980922,0.16874641872980922,0.03419841102767869
Capa 2 - Oculta 1 a Oculta 2,Neurona H1_63,Neurona H2_9,0.2474889030978639,0.2474889030978639,0.050156485077659116
Capa 2 - Oculta 1 a Oculta 2,Neurona H1_63,Neurona H2_10,0.14681343822730036,0.14681343822730036,0.02975343917030345
Capa 2 - Oculta 1 a Oculta 2,Neurona H1_63,Neurona H2_11,0.1993048159800474,0.1993048159800474,0.040391423225371766
Capa 2 - Oculta 1 a Oculta 2,Neurona H1_63,Neurona H2_12,-0.34552473323465743,0.34552473323465743,0.07002457851450965
Capa 2 - Oculta 1 a Oculta 2,Neurona H1_63,Neurona H2_13,0.13703080445705618,0.13703080445705618,0.027770875432795446
Capa 2 - Oculta 1 a Oculta 2,Neurona H1_63,Neurona H2_14,-0.3889224766525063,0.3889224766525063,0.07881963252661094
Capa 2 - Oculta 1 a Oculta 2,Neurona H1_63,Neurona H2_15,-0.32599978410531716,0.32599978410531716,0.06606762203125041
Capa 2 - Oculta 1 a Oculta 2,Neurona H1_63,Neurona H2_16,-0.43699880853538686,0.43699880853538686,0.08856285653580531
Capa 2 - Oculta 1 a Oculta 2,Neurona H1_63,Neurona H2_17,0.003746978823579278,0.003746978823579278,0.0007593685417759679
Capa 2 - Oculta 1 a Oculta 2,Neurona H1_63,Neurona H2_18,-0.027129524661013472,0.027129524661013472,0.00549811155890913
Capa 2 - Oculta 1 a Oculta 2,Neurona H1_63,Neurona H2_19,0.3946612526084156,0.3946612526084156,0.07998266176547252
Capa 2 - Oculta 1 a Oculta 2,Neurona H1_63,Neurona H2_20,-0.3823537835836243,0.3823537835836243,0.07748841099802861
Capa 2 - Oculta 1 a Oculta 2,Neurona H1_63,Neurona H2_21,0.581463209866697,0.581463209866697,0.11784023624426689
Capa 2 - Oculta 1 a Oculta 2,Neurona H1_63,Neurona H2_22,0.1893333646494148,0.1893333646494148,0.03837059342812744
Capa 2 - Oculta 1 a Oculta 2,Neurona H1_63,Neurona H2_23,0.28948071372328565,0.28948071372328565,0.058666610568760505
Capa 2 - Oculta 1 a Oculta 2,Neurona H1_63,Neurona H2_24,0.04588818711193681,0.04588818711193681,0.009299771195036475
Capa 2 - Oculta 1 a Oculta 2,Neurona H1_63,Neurona H2_25,-0.22790451164489567,0.22790451164489567,0.04618748192086943
Capa 2 - Oculta 1 a Oculta 2,Neurona H1_63,Neurona H2_26,-0.372267963204939,0.372267963204939,0.07544440299206381
Capa 2 - Oculta 1 a Oculta 2,Neurona H1_63,Neurona H2_27,-0.1033136216238956,0.1033136216238956,0.020937698848052168
Capa 2 - Oculta 1 a Oculta 2,Neurona H1_63,Neurona H2_28,0.12615191014346147,0.12615191014346147,0.025566141832737914
Capa 2 - Oculta 1 a Oculta 2,Neurona H1_63,Neurona H2_29,0.17290503977932314,0.17290503977932314,0.035041203621620186
Capa 2 - Oculta 1 a Oculta 2,Neurona H1_63,Neurona H2_30,0.3147227021631577,0.3147227021631577,0.06378219110860496
Capa 2 - Oculta 1 a Oculta 2,Neurona H1_63,Neurona H2_31,-0.5062800426009307,0.5062800426009307,0.10260349892047087
Capa 2 - Oculta 1 a Oculta 2,Neurona H1_63,Neurona H2_32,0.4328568671270715,0.4328568671270715,0.08772344426382736
Capa 2 - Oculta 1 a Oculta 2,Neurona H1_64,Neurona H2_1,0.02071894446775356,0.02071894446775356,0.004198933431010461
Capa 2 - Oculta 1 a Oculta 2,Neurona H1_64,Neurona H2_2,-0.16834453807392918,0.16834453807392918,0.03411696527044538
Capa 2 - Oculta 1 a Oculta 2,Neurona H1_64,Neurona H2_3,0.1487310221656522,0.1487310221656522,0.030142059706356618
Capa 2 - Oculta 1 a Oculta 2,Neurona H1_64,Neurona H2_4,0.011677939823063121,0.011677939823063121,0.0023666694027152197
Capa 2 - Oculta 1 a Oculta 2,Neurona H1_64,Neurona H2_5,-0.29164787278256465,0.29164787278256465,0.05910581038603335
Capa 2 - Oculta 1 a Oculta 2,Neurona H1_64,Neurona H2_6,-0.20607808672052855,0.20607808672052855,0.04176410478228
Capa 2 - Oculta 1 a Oculta 2,Neurona H1_64,Neurona H2_7,0.3209237378668889,0.3209237378668889,0.06503890262515016
Capa 2 - Oculta 1 a Oculta 2,Neurona H1_64,Neurona H2_8,0.020905157810907436,0.020905157810907436,0.00423667171604163
Capa 2 - Oculta 1 a Oculta 2,Neurona H1_64,Neurona H2_9,-0.33922423416342873,0.33922423416342873,0.06874770959759127
Capa 2 - Oculta 1 a Oculta 2,Neurona H1_64,Neurona H2_10,-0.06361710066049764,0.06361710066049764,0.012892740320968871
Capa 2 - Oculta 1 a Oculta 2,Neurona H1_64,Neurona H2_11,0.11343088544566954,0.11343088544566954,0.022988079230977405
Capa 2 - Oculta 1 a Oculta 2,Neurona H1_64,Neurona H2_12,-0.03733509844998544,0.03733509844998544,0.007566388976798496
Capa 2 - Oculta 1 a Oculta 2,Neurona H1_64,Neurona H2_13,0.24583895676535134,0.24583895676535134,0.049822104394041625
Capa 2 - Oculta 1 a Oculta 2,Neurona H1_64,Neurona H2_14,-0.08408923847974732,0.08408923847974732,0.0170416555336762
Capa 2 - Oculta 1 a Oculta 2,Neurona H1_64,Neurona H2_15,0.013561595050617726,0.013561595050617726,0.0027484138935982643
Capa 2 - Oculta 1 a Oculta 2,Neurona H1_64,Neurona H2_16,-0.029098512521850726,0.029098512521850726,0.005897149693645717
Capa 2 - Oculta 1 a Oculta 2,Neurona H1_64,Neurona H2_17,0.027004117749428583,0.027004117749428583,0.005472696399640127
Capa 2 - Oculta 1 a Oculta 2,Neurona H1_64,Neurona H2_18,-0.11903609864132496,0.11903609864132496,0.02412404043362502
Capa 2 - Oculta 1 a Oculta 2,Neurona H1_64,Neurona H2_19,0.07936351995995734,0.07936351995995734,0.016083934086564135
Capa 2 - Oculta 1 a Oculta 2,Neurona H1_64,Neurona H2_20,-0.16418887517985184,0.16418887517985184,0.033274772180874206
Capa 2 - Oculta 1 a Oculta 2,Neurona H1_64,Neurona H2_21,-0.22458787771752595,0.22458787771752595,0.04551532774343386
Capa 2 - Oculta 1 a Oculta 2,Neurona H1_64,Neurona H2_22,0.030330991068020813,0.030330991068020813,0.0061469257079871395
Capa 2 - Oculta 1 a Oculta 2,Neurona H1_64,Neurona H2_23,-0.23197523645040677,0.23197523645040677,0.04701246132563142
Capa 2 - Oculta 1 a Oculta 2,Neurona H1_64,Neurona H2_24,0.060471586234852756,0.060471586234852756,0.012255265487242555
Capa 2 - Oculta 1 a Oculta 2,Neurona H1_64,Neurona H2_25,0.06284821883468865,0.06284821883468865,0.01273691753724017
Capa 2 - Oculta 1 a Oculta 2,Neurona H1_64,Neurona H2_26,-0.14087647548938503,0.14087647548938503,0.028550245090716294
Capa 2 - Oculta 1 a Oculta 2,Neurona H1_64,Neurona H2_27,0.07496412804916565,0.07496412804916565,0.015192346496323197
Capa 2 - Oculta 1 a Oculta 2,Neurona H1_64,Neurona H2_28,0.09716941717802069,0.09716941717802069,0.019692504842397082
Capa 2 - Oculta 1 a Oculta 2,Neurona H1_64,Neurona H2_29,0.034001934110844984,0.034001934110844984,0.0068908847204667435
Capa 2 - Oculta 1 a Oculta 2,Neurona H1_64,Neurona H2_30,-0.29965069147097456,0.29965069147097456,0.06072767403769665
Capa 2 - Oculta 1 a Oculta 2,Neurona H1_64,Neurona H2_31,0.2534304732178469,0.2534304732178469,0.05136061289644439
Capa 2 - Oculta 1 a Oculta 2,Neurona H1_64,Neurona H2_32,-0.34596028392062617,0.34596028392062617,0.07011284789227935
Capa 2 - Oculta 1 a Oculta 2,bias_w0,Neurona H2_1,-0.044539640322480215,0.044539640322480215,0.009026472610432221
Capa 2 - Oculta 1 a Oculta 2,bias_w0,Neurona H2_2,0.013808229569140441,0.013808229569140441,0.0027983972277723567
Capa 2 - Oculta 1 a Oculta 2,bias_w0,Neurona H2_3,0.010281475193440234,0.010281475193440234,0.002083659714278956
Capa 2 - Oculta 1 a Oculta 2,bias_w0,Neurona H2_4,0.00028436291995386626,0.00028436291995386626,5.762943054325884e-05
Capa 2 - Oculta 1 a Oculta 2,bias_w0,Neurona H2_5,0.0007430557298575409,0.0007430557298575409,0.0001505888270543251
Capa 2 - Oculta 1 a Oculta 2,bias_w0,Neurona H2_6,-0.004689566290780673,0.004689566290780673,0.0009503947802913194
Capa 2 - Oculta 1 a Oculta 2,bias_w0,Neurona H2_7,0.033244481960785534,0.033244481960785534,0.006737378292558438
Capa 2 - Oculta 1 a Oculta 2,bias_w0,Neurona H2_8,-0.001504964327615573,0.001504964327615573,0.0003049984055673455
Capa 2 - Oculta 1 a Oculta 2,bias_w0,Neurona H2_9,-0.05662607106892726,0.05662607106892726,0.011475927417448836
Capa 2 - Oculta 1 a Oculta 2,bias_w0,Neurona H2_10,0.005949964528959842,0.005949964528959842,0.0012058290427323453
Capa 2 - Oculta 1 a Oculta 2,bias_w0,Neurona H2_11,0.00960920364221382,0.00960920364221382,0.001947416118686757
Capa 2 - Oculta 1 a Oculta 2,bias_w0,Neurona H2_12,0.016957474155564086,0.016957474155564086,0.0034366280216693926
Capa 2 - Oculta 1 a Oculta 2,bias_w0,Neurona H2_13,-0.006844335935598225,0.006844335935598225,0.0013870837396073995
Capa 2 - Oculta 1 a Oculta 2,bias_w0,Neurona H2_14,0.023541696661827188,0.023541696661827188,0.0047709967701251
Capa 2 - Oculta 1 a Oculta 2,bias_w0,Neurona H2_15,0.04779065743511939,0.04779065743511939,0.009685328782390862
Capa 2 - Oculta 1 a Oculta 2,bias_w0,Neurona H2_16,0.016230298895863606,0.016230298895863606,0.003289257555335443
Capa 2 - Oculta 1 a Oculta 2,bias_w0,Neurona H2_17,-0.019020453489987564,0.019020453489987564,0.003854714614269525
Capa 2 - Oculta 1 a Oculta 2,bias_w0,Neurona H2_18,-0.008553528898773437,0.008553528898773437,0.0017334714373153596
Capa 2 - Oculta 1 a Oculta 2,bias_w0,Neurona H2_19,0.006450936788107081,0.006450936788107081,0.0013073568580231332
Capa 2 - Oculta 1 a Oculta 2,bias_w0,Neurona H2_20,-0.03202543099750054,0.03202543099750054,0.0064903235329972315
Capa 2 - Oculta 1 a Oculta 2,bias_w0,Neurona H2_21,0.034904475514495485,0.034904475514495485,0.007073795161611918
Capa 2 - Oculta 1 a Oculta 2,bias_w0,Neurona H2_22,0.03616835578165105,0.03616835578165105,0.007329935097447624
Capa 2 - Oculta 1 a Oculta 2,bias_w0,Neurona H2_23,-0.08398056509473383,0.08398056509473383,0.017019631616864005
Capa 2 - Oculta 1 a Oculta 2,bias_w0,Neurona H2_24,-0.002593284494648768,0.002593284494648768,0.0005255590591330166
Capa 2 - Oculta 1 a Oculta 2,bias_w0,Neurona H2_25,0.008833423693173647,0.008833423693173647,0.0017901953506016751
Capa 2 - Oculta 1 a Oculta 2,bias_w0,Neurona H2_26,0.0037750179443700894,0.0037750179443700894,0.0007650509934977686
Capa 2 - Oculta 1 a Oculta 2,bias_w0,Neurona H2_27,0.011553702520225076,0.011553702520225076,0.0023414912781694864
Capa 2 - Oculta 1 a Oculta 2,bias_w0,Neurona H2_28,0.04200779397361772,0.04200779397361772,0.008513364701244744
Capa 2 - Oculta 1 a Oculta 2,bias_w0,Neurona H2_29,0.030991296107752465,0.030991296107752465,0.006280744151793922
Capa 2 - Oculta 1 a Oculta 2,bias_w0,Neurona H2_30,0.022443340435024134,0.022443340435024134,0.004548402193115652
Capa 2 - Oculta 1 a Oculta 2,bias_w0,Neurona H2_31,0.06412479114794463,0.06412479114794463,0.01299562966283013
Capa 2 - Oculta 1 a Oculta 2,bias_w0,Neurona H2_32,0.03504693080350985,0.03504693080350985,0.0071026653715011165
Capa 3 - Oculta 2 a Salida,Neurona H2_1,Clase 0,0.8761734366798832,0.8761734366798832,0.17756666804934887
Capa 3 - Oculta 2 a Salida,Neurona H2_1,Clase 1,-0.5125681362632305,0.5125681362632305,0.10387785373796889
Capa 3 - Oculta 2 a Salida,Neurona H2_1,Clase 2,0.0921851682659826,0.0921851682659826,0.018682389224885444
Capa 3 - Oculta 2 a Salida,Neurona H2_2,Clase 0,-0.09131384980562267,0.09131384980562267,0.01850580647386953
Capa 3 - Oculta 2 a Salida,Neurona H2_2,Clase 1,0.36166812374037766,0.36166812374037766,0.07329622308066139
Capa 3 - Oculta 2 a Salida,Neurona H2_2,Clase 2,0.4887743361757896,0.4887743361757896,0.0990557652964737
Capa 3 - Oculta 2 a Salida,Neurona H2_3,Clase 0,-1.0773369652241855,1.0773369652241855,0.21833478084676114
Capa 3 - Oculta 2 a Salida,Neurona H2_3,Clase 1,-0.5913840900904673,0.5913840900904673,0.11985081722253407
Capa 3 - Oculta 2 a Salida,Neurona H2_3,Clase 2,1.0639495446269882,1.0639495446269882,0.21562166541812247
Capa 3 - Oculta 2 a Salida,Neurona H2_4,Clase 0,-0.16539657879206185,0.16539657879206185,0.03351952726866129
Capa 3 - Oculta 2 a Salida,Neurona H2_4,Clase 1,0.21136152824227936,0.21136152824227936,0.042834855238269506
Capa 3 - Oculta 2 a Salida,Neurona H2_4,Clase 2,0.25366860180880196,0.25366860180880196,0.05140887240614078
Capa 3 - Oculta 2 a Salida,Neurona H2_5,Clase 0,0.19468741817304164,0.19468741817304164,0.03945565422197075
Capa 3 - Oculta 2 a Salida,Neurona H2_5,Clase 1,0.5217398066058189,0.5217398066058189,0.10573659867932628
Capa 3 - Oculta 2 a Salida,Neurona H2_5,Clase 2,-1.0891150710438013,1.0891150710438013,0.22072175004574393
Capa 3 - Oculta 2 a Salida,Neurona H2_6,Clase 0,0.3737119247340544,0.3737119247340544,0.07573703847584205
Capa 3 - Oculta 2 a Salida,Neurona H2_6,Clase 1,0.22531891980106122,0.22531891980106122,0.0456634818662855
Capa 3 - Oculta 2 a Salida,Neurona H2_6,Clase 2,-0.06504154226556126,0.06504154226556126,0.013181419866653868
Capa 3 - Oculta 2 a Salida,Neurona H2_7,Clase 0,-1.0714778259213553,1.0714778259213553,0.21714735858527037
Capa 3 - Oculta 2 a Salida,Neurona H2_7,Clase 1,0.09823583732487857,0.09823583732487857,0.01990862720389643
Capa 3 - Oculta 2 a Salida,Neurona H2_7,Clase 2,0.3460506818904611,0.3460506818904611,0.07013116808509738
Capa 3 - Oculta 2 a Salida,Neurona H2_8,Clase 0,-0.11596994278449592,0.11596994278449592,0.02350264853057872
Capa 3 - Oculta 2 a Salida,Neurona H2_8,Clase 1,-0.368761934399878,0.368761934399878,0.0747338657548716
Capa 3 - Oculta 2 a Salida,Neurona H2_8,Clase 2,-0.09129436211587165,0.09129436211587165,0.01850185706842969
Capa 3 - Oculta 2 a Salida,Neurona H2_9,Clase 0,1.3219220789653445,1.3219220789653445,0.2679027794681986
Capa 3 - Oculta 2 a Salida,Neurona H2_9,Clase 1,-0.5258691489931346,0.5258691489931346,0.10657345761416123
Capa 3 - Oculta 2 a Salida,Neurona H2_9,Clase 2,-0.4591919980569105,0.4591919980569105,0.09306056275668503
Capa 3 - Oculta 2 a Salida,Neurona H2_10,Clase 0,0.12062978250660088,0.12062978250660088,0.02444701887834183
Capa 3 - Oculta 2 a Salida,Neurona H2_10,Clase 1,0.1827890826025944,0.1827890826025944,0.0370443190751495
Capa 3 - Oculta 2 a Salida,Neurona H2_10,Clase 2,-0.22470974120238954,0.22470974120238954,0.045540024786345945
Capa 3 - Oculta 2 a Salida,Neurona H2_11,Clase 0,0.4021908701168706,0.4021908701168706,0.0815086257318406
Capa 3 - Oculta 2 a Salida,Neurona H2_11,Clase 1,0.18169053218935655,0.18169053218935655,0.03682168514401589
Capa 3 - Oculta 2 a Salida,Neurona H2_11,Clase 2,-0.4521345016698537,0.4521345016698537,0.09163027958926934
Capa 3 - Oculta 2 a Salida,Neurona H2_12,Clase 0,-0.8860816757441464,0.8860816757441464,0.17957468715061772
Capa 3 - Oculta 2 a Salida,Neurona H2_12,Clase 1,-0.28825467671566013,0.28825467671566013,0.05841814000661449
Capa 3 - Oculta 2 a Salida,Neurona H2_12,Clase 2,1.1523100381243263,1.1523100381243263,0.23352894012046077
Capa 3 - Oculta 2 a Salida,Neurona H2_13,Clase 0,-0.12128558229906036,0.12128558229906036,0.024579924281746605
Capa 3 - Oculta 2 a Salida,Neurona H2_13,Clase 1,0.48569838751254985,0.48569838751254985,0.09843238876808678
Capa 3 - Oculta 2 a Salida,Neurona H2_13,Clase 2,0.020410926066597234,0.020410926066597234,0.004136509943945537
Capa 3 - Oculta 2 a Salida,Neurona H2_14,Clase 0,-0.2266061781423953,0.2266061781423953,0.045924359638905
Capa 3 - Oculta 2 a Salida,Neurona H2_14,Clase 1,-0.4811825495389084,0.4811825495389084,0.09751720203808414
Capa 3 - Oculta 2 a Salida,Neurona H2_14,Clase 2,0.9560502738419601,0.9560502738419601,0.19375463179649954
Capa 3 - Oculta 2 a Salida,Neurona H2_15,Clase 0,-0.666146725989079,0.666146725989079,0.13500232900701353
Capa 3 - Oculta 2 a Salida,Neurona H2_15,Clase 1,0.4824204089773838,0.4824204089773838,0.09776806855240855
Capa 3 - Oculta 2 a Salida,Neurona H2_15,Clase 2,0.452481806994851,0.452481806994851,0.09170066502527303
Capa 3 - Oculta 2 a Salida,Neurona H2_16,Clase 0,-0.8980322146100724,0.8980322146100724,0.18199660189829345
Capa 3 - Oculta 2 a Salida,Neurona H2_16,Clase 1,-0.42359269472427036,0.42359269472427036,0.0858459527114315
Capa 3 - Oculta 2 a Salida,Neurona H2_16,Clase 2,0.6527680687449468,0.6527680687449468,0.13229098957310326
Capa 3 - Oculta 2 a Salida,Neurona H2_17,Clase 0,-0.5032405383163941,0.5032405383163941,0.10198750826641494
Capa 3 - Oculta 2 a Salida,Neurona H2_17,Clase 1,0.5035813175400701,0.5035813175400701,0.10205657111259968
Capa 3 - Oculta 2 a Salida,Neurona H2_17,Clase 2,-0.02111101243660861,0.02111101243660861,0.0042783905338670295
Capa 3 - Oculta 2 a Salida,Neurona H2_18,Clase 0,0.0572648707379798,0.0572648707379798,0.011605387549468483
Capa 3 - Oculta 2 a Salida,Neurona H2_18,Clase 1,0.5962245685136123,0.5962245685136123,0.12083179608970858
Capa 3 - Oculta 2 a Salida,Neurona H2_18,Clase 2,-0.22640099053165386,0.22640099053165386,0.04588277599936621
Capa 3 - Oculta 2 a Salida,Neurona H2_19,Clase 0,0.7730004921244978,0.7730004921244978,0.1566574790342596
Capa 3 - Oculta 2 a Salida,Neurona H2_19,Clase 1,-0.29849713656262467,0.29849713656262467,0.06049389281024487
Capa 3 - Oculta 2 a Salida,Neurona H2_19,Clase 2,-0.7770425997090595,0.7770425997090595,0.15747665882862477
Capa 3 - Oculta 2 a Salida,Neurona H2_20,Clase 0,-0.43065768324329357,0.43065768324329357,0.08727775424593545
Capa 3 - Oculta 2 a Salida,Neurona H2_20,Clase 1,0.12203770576207228,0.12203770576207228,0.024732350789670465
Capa 3 - Oculta 2 a Salida,Neurona H2_20,Clase 2,0.22662335434551137,0.22662335434551137,0.045927840594877166
Capa 3 - Oculta 2 a Salida,Neurona H2_21,Clase 0,0.8696432966621068,0.8696432966621068,0.17624325974191812
Capa 3 - Oculta 2 a Salida,Neurona H2_21,Clase 1,0.37503896187225816,0.37503896187225816,0.07600597788115146
Capa 3 - Oculta 2 a Salida,Neurona H2_21,Clase 2,-1.1207360931905075,1.1207360931905075,0.2271301154536041
Capa 3 - Oculta 2 a Salida,Neurona H2_22,Clase 0,0.4803845507232379,0.4803845507232379,0.09735547836001547
Capa 3 - Oculta 2 a Salida,Neurona H2_22,Clase 1,-0.6679048143938756,0.6679048143938756,0.13535862593078113
Capa 3 - Oculta 2 a Salida,Neurona H2_22,Clase 2,0.5056184354520555,0.5056184354520555,0.10246941658920486
Capa 3 - Oculta 2 a Salida,Neurona H2_23,Clase 0,1.0815559061694011,1.0815559061694011,0.21918979796435104
Capa 3 - Oculta 2 a Salida,Neurona H2_23,Clase 1,-0.05510410492007204,0.05510410492007204,0.011167483396410957
Capa 3 - Oculta 2 a Salida,Neurona H2_23,Clase 2,-0.4173166681848892,0.4173166681848892,0.08457404343578616
Capa 3 - Oculta 2 a Salida,Neurona H2_24,Clase 0,-0.29334889464688535,0.29334889464688535,0.0594505421161701
Capa 3 - Oculta 2 a Salida,Neurona H2_24,Clase 1,0.14042596310364783,0.14042596310364783,0.02845894355165863
Capa 3 - Oculta 2 a Salida,Neurona H2_24,Clase 2,0.36196460510593786,0.36196460510593786,0.07335630845419283
Capa 3 - Oculta 2 a Salida,Neurona H2_25,Clase 0,-0.7366553416718085,0.7366553416718085,0.14929171445448472
Capa 3 - Oculta 2 a Salida,Neurona H2_25,Clase 1,0.014466302902899712,0.014466302902899712,0.0029317633905843136
Capa 3 - Oculta 2 a Salida,Neurona H2_25,Clase 2,0.3665099288349124,0.3665099288349124,0.07427747081311806
Capa 3 - Oculta 2 a Salida,Neurona H2_26,Clase 0,-0.04613170312462779,0.04613170312462779,0.009349122527980385
Capa 3 - Oculta 2 a Salida,Neurona H2_26,Clase 1,-0.5185968083620194,0.5185968083620194,0.10509963377891658
Capa 3 - Oculta 2 a Salida,Neurona H2_26,Clase 2,0.8869507318202259,0.8869507318202259,0.1797508114033253
Capa 3 - Oculta 2 a Salida,Neurona H2_27,Clase 0,0.03921412614191631,0.03921412614191631,0.007947195644132472
Capa 3 - Oculta 2 a Salida,Neurona H2_27,Clase 1,0.036833845341620104,0.036833845341620104,0.007464804244169435
Capa 3 - Oculta 2 a Salida,Neurona H2_27,Clase 2,-0.29476378030039385,0.29476378030039385,0.05973728503788701
Capa 3 - Oculta 2 a Salida,Neurona H2_28,Clase 0,0.6953209156969005,0.6953209156969005,0.14091481555658028
Capa 3 - Oculta 2 a Salida,Neurona H2_28,Clase 1,-0.44936182596028534,0.44936182596028534,0.09106836482819755
Capa 3 - Oculta 2 a Salida,Neurona H2_28,Clase 2,-0.13598425725497298,0.13598425725497298,0.02755878055311676
Capa 3 - Oculta 2 a Salida,Neurona H2_29,Clase 0,-0.13012301655213493,0.13012301655213493,0.02637093241864013
Capa 3 - Oculta 2 a Salida,Neurona H2_29,Clase 1,0.46276138702839975,0.46276138702839975,0.09378394066350806
Capa 3 - Oculta 2 a Salida,Neurona H2_29,Clase 2,-0.49777696358464524,0.49777696358464524,0.10088025173461286
Capa 3 - Oculta 2 a Salida,Neurona H2_30,Clase 0,1.053082415060325,1.053082415060325,0.21341931607993092
Capa 3 - Oculta 2 a Salida,Neurona H2_30,Clase 1,0.18280592599762557,0.18280592599762557,0.03704773258371882
Capa 3 - Oculta 2 a Salida,Neurona H2_30,Clase 2,-0.5294951994054823,0.5294951994054823,0.1073083186164981
Capa 3 - Oculta 2 a Salida,Neurona H2_31,Clase 0,-1.4256151346893575,1.4256151346893575,0.2889173750196677
Capa 3 - Oculta 2 a Salida,Neurona H2_31,Clase 1,0.8498582981725528,0.8498582981725528,0.17223360125185475
Capa 3 - Oculta 2 a Salida,Neurona H2_31,Clase 2,0.7118168455623902,0.7118168455623902,0.14425790629634316
Capa 3 - Oculta 2 a Salida,Neurona H2_32,Clase 0,0.5957672185151164,0.5957672185151164,0.12073910882944078
Capa 3 - Oculta 2 a Salida,Neurona H2_32,Clase 1,0.390422232987516,0.390422232987516,0.07912357547231665
Capa 3 - Oculta 2 a Salida,Neurona H2_32,Clase 2,-1.2287675674140497,1.2287675674140497,0.24902394162918817
Capa 3 - Oculta 2 a Salida,bias_w0,Clase 0,0.005295835395093435,0.005295835395093435,0.0010732622175900516
Capa 3 - Oculta 2 a Salida,bias_w0,Clase 1,0.04156447416915422,0.04156447416915422,0.008423520821867203
Capa 3 - Oculta 2 a Salida,bias_w0,Clase 2,-0.046860309564247686,0.046860309564247686,0.009496783039457262
CONFIGURACIÓN_SISTEMA,Tipo de Modelo,Red Neuronal Artificial (MLP) de 3 Capas,,,
CONFIGURACIÓN_SISTEMA,Capas Ocultas (hidden_units),"Capa 1: 64 Neuronas, Capa 2: 32 Neuronas",,,
CONFIGURACIÓN_SISTEMA,Función de Activación Oculta,Sigmoide (Múltiples regresiones logísticas paralelas),,,
CONFIGURACIÓN_SISTEMA,Tasa de Aprendizaje Inicial,0.1,,,
CONFIGURACIÓN_SISTEMA,Regularización L2 (lambda),0.001,,,
CONFIGURACIÓN_SISTEMA,Épocas de Entrenamiento,1000,,,
CONFIGURACIÓN_SISTEMA,Muestras de Train Final (80%),3328,,,
CONFIGURACIÓN_SISTEMA,Muestras de Test Final (20%),833,,,
CONFIGURACIÓN_SISTEMA,Accuracy Promedio Folds (CV),78.1542,,,
CONFIGURACIÓN_SISTEMA,Accuracy Final Train Set,90.5649,,,
CONFIGURACIÓN_SISTEMA,Accuracy Final Test Set,88.9556,,,
CONFIGURACIÓN_SISTEMA,Loss Final Train Set,0.23626,,,
CONFIGURACIÓN_SISTEMA,Loss Final Test Set,0.249704,,,
