tipo_capa,origen,destino,peso,peso_absoluto,importancia_%
Capa 1 - Entrada a Oculta 1,tasa_rechazo_pct,Neurona H1_1,0.09761121822664409,0.09761121822664409,0.01999860443075519
Capa 1 - Entrada a Oculta 1,tasa_rechazo_pct,Neurona H1_2,-0.07694148194958067,0.07694148194958067,0.015763785042135076
Capa 1 - Entrada a Oculta 1,tasa_rechazo_pct,Neurona H1_3,-0.16096712199648247,0.16096712199648247,0.032978973704541586
Capa 1 - Entrada a Oculta 1,tasa_rechazo_pct,Neurona H1_4,0.00955127384461815,0.00955127384461815,0.001956866750549352
Capa 1 - Entrada a Oculta 1,tasa_rechazo_pct,Neurona H1_5,0.09456491590627245,0.09456491590627245,0.019374477448340633
Capa 1 - Entrada a Oculta 1,tasa_rechazo_pct,Neurona H1_6,-0.05998034017297271,0.05998034017297271,0.012288783180189757
Capa 1 - Entrada a Oculta 1,tasa_rechazo_pct,Neurona H1_7,0.2530815023419553,0.2530815023419553,0.05185138497427824
Capa 1 - Entrada a Oculta 1,tasa_rechazo_pct,Neurona H1_8,0.05596670976113381,0.05596670976113381,0.011466469839614057
Capa 1 - Entrada a Oculta 1,tasa_rechazo_pct,Neurona H1_9,0.03481909586413419,0.03481909586413419,0.007133742795900191
Capa 1 - Entrada a Oculta 1,tasa_rechazo_pct,Neurona H1_10,-0.0331694797866575,0.0331694797866575,0.006795769149065146
Capa 1 - Entrada a Oculta 1,tasa_rechazo_pct,Neurona H1_11,-0.09384538223248133,0.09384538223248133,0.01922705925627028
Capa 1 - Entrada a Oculta 1,tasa_rechazo_pct,Neurona H1_12,0.10527301320211671,0.10527301320211671,0.021568354401381006
Capa 1 - Entrada a Oculta 1,tasa_rechazo_pct,Neurona H1_13,-0.01853115071183555,0.01853115071183555,0.0037966655827633947
Capa 1 - Entrada a Oculta 1,tasa_rechazo_pct,Neurona H1_14,-0.24283078621378046,0.24283078621378046,0.04975121635940304
Capa 1 - Entrada a Oculta 1,tasa_rechazo_pct,Neurona H1_15,-0.04703500709957569,0.04703500709957569,0.009636540947559032
Capa 1 - Entrada a Oculta 1,tasa_rechazo_pct,Neurona H1_16,0.07951725151179175,0.07951725151179175,0.01629150918609395
Capa 1 - Entrada a Oculta 1,tasa_rechazo_pct,Neurona H1_17,-0.1784732407529416,0.1784732407529416,0.03656563055084132
Capa 1 - Entrada a Oculta 1,tasa_rechazo_pct,Neurona H1_18,-0.15330775341904676,0.15330775341904676,0.031409720854794015
Capa 1 - Entrada a Oculta 1,tasa_rechazo_pct,Neurona H1_19,0.015075544420575107,0.015075544420575107,0.003088680327145686
Capa 1 - Entrada a Oculta 1,tasa_rechazo_pct,Neurona H1_20,0.030411409963302116,0.030411409963302116,0.006230695293910337
Capa 1 - Entrada a Oculta 1,tasa_rechazo_pct,Neurona H1_21,0.01395561575917317,0.01395561575917317,0.002859229136012729
Capa 1 - Entrada a Oculta 1,tasa_rechazo_pct,Neurona H1_22,0.19785915348630362,0.19785915348630362,0.04053741993455195
Capa 1 - Entrada a Oculta 1,tasa_rechazo_pct,Neurona H1_23,0.1329297740896617,0.1329297740896617,0.02723467668353669
Capa 1 - Entrada a Oculta 1,tasa_rechazo_pct,Neurona H1_24,0.04820237215972465,0.04820237215972465,0.009875710916834462
Capa 1 - Entrada a Oculta 1,tasa_rechazo_pct,Neurona H1_25,0.0883434388550496,0.0883434388550496,0.0180998200802343
Capa 1 - Entrada a Oculta 1,tasa_rechazo_pct,Neurona H1_26,-0.13556044736826997,0.13556044736826997,0.02777364951105831
Capa 1 - Entrada a Oculta 1,tasa_rechazo_pct,Neurona H1_27,-0.04865330910293794,0.04865330910293794,0.00996809896110205
Capa 1 - Entrada a Oculta 1,tasa_rechazo_pct,Neurona H1_28,-0.16063605737569528,0.16063605737569528,0.03291114512384743
Capa 1 - Entrada a Oculta 1,tasa_rechazo_pct,Neurona H1_29,-0.15647398632494627,0.15647398632494627,0.032058419237737064
Capa 1 - Entrada a Oculta 1,tasa_rechazo_pct,Neurona H1_30,0.06716509490677815,0.06716509490677815,0.013760797057936341
Capa 1 - Entrada a Oculta 1,tasa_rechazo_pct,Neurona H1_31,-0.2728271907650115,0.2728271907650115,0.055896885267787064
Capa 1 - Entrada a Oculta 1,tasa_rechazo_pct,Neurona H1_32,0.006913468365341443,0.006913468365341443,0.0014164326764366073
Capa 1 - Entrada a Oculta 1,tasa_rechazo_pct,Neurona H1_33,-0.042814796594407394,0.042814796594407394,0.008771903439281926
Capa 1 - Entrada a Oculta 1,tasa_rechazo_pct,Neurona H1_34,-0.022910127248201743,0.022910127248201743,0.004693831104855423
Capa 1 - Entrada a Oculta 1,tasa_rechazo_pct,Neurona H1_35,-0.05118408260322773,0.05118408260322773,0.010486604303578333
Capa 1 - Entrada a Oculta 1,tasa_rechazo_pct,Neurona H1_36,-0.12856019937251353,0.12856019937251353,0.02633943740790369
Capa 1 - Entrada a Oculta 1,tasa_rechazo_pct,Neurona H1_37,-0.045125567504879574,0.045125567504879574,0.009245334610495554
Capa 1 - Entrada a Oculta 1,tasa_rechazo_pct,Neurona H1_38,0.2229360788793184,0.2229360788793184,0.04567518504378375
Capa 1 - Entrada a Oculta 1,tasa_rechazo_pct,Neurona H1_39,0.21845121212655338,0.21845121212655338,0.04475632471458533
Capa 1 - Entrada a Oculta 1,tasa_rechazo_pct,Neurona H1_40,-0.04705719355672553,0.04705719355672553,0.009641086513000385
Capa 1 - Entrada a Oculta 1,tasa_rechazo_pct,Neurona H1_41,0.07355247154772121,0.07355247154772121,0.015069443964646071
Capa 1 - Entrada a Oculta 1,tasa_rechazo_pct,Neurona H1_42,-0.2554043057608793,0.2554043057608793,0.052327281368047325
Capa 1 - Entrada a Oculta 1,tasa_rechazo_pct,Neurona H1_43,-0.13854526040370377,0.13854526040370377,0.028385178557410365
Capa 1 - Entrada a Oculta 1,tasa_rechazo_pct,Neurona H1_44,-0.102703201599709,0.102703201599709,0.02104185092532779
Capa 1 - Entrada a Oculta 1,tasa_rechazo_pct,Neurona H1_45,0.1839431435029092,0.1839431435029092,0.0376863052372007
Capa 1 - Entrada a Oculta 1,tasa_rechazo_pct,Neurona H1_46,-0.11136820329473396,0.11136820329473396,0.0228171380740679
Capa 1 - Entrada a Oculta 1,tasa_rechazo_pct,Neurona H1_47,0.053255485216557125,0.053255485216557125,0.01091099365383336
Capa 1 - Entrada a Oculta 1,tasa_rechazo_pct,Neurona H1_48,0.30695306992004706,0.30695306992004706,0.062888601696207
Capa 1 - Entrada a Oculta 1,tasa_rechazo_pct,Neurona H1_49,0.0306359350261255,0.0306359350261255,0.0062766960302782565
Capa 1 - Entrada a Oculta 1,tasa_rechazo_pct,Neurona H1_50,0.07653250393380391,0.07653250393380391,0.01567999355067552
Capa 1 - Entrada a Oculta 1,tasa_rechazo_pct,Neurona H1_51,-0.2173656003339862,0.2173656003339862,0.044533904369881666
Capa 1 - Entrada a Oculta 1,tasa_rechazo_pct,Neurona H1_52,0.1733567298652276,0.1733567298652276,0.035517358854534234
Capa 1 - Entrada a Oculta 1,tasa_rechazo_pct,Neurona H1_53,0.08315182340573503,0.08315182340573503,0.017036160947465694
Capa 1 - Entrada a Oculta 1,tasa_rechazo_pct,Neurona H1_54,0.008517770260805586,0.008517770260805586,0.0017451223452859663
Capa 1 - Entrada a Oculta 1,tasa_rechazo_pct,Neurona H1_55,-0.08192728546868361,0.08192728546868361,0.01678527738860381
Capa 1 - Entrada a Oculta 1,tasa_rechazo_pct,Neurona H1_56,-0.1294059607683822,0.1294059607683822,0.026512717159002667
Capa 1 - Entrada a Oculta 1,tasa_rechazo_pct,Neurona H1_57,-0.06495628213612557,0.06495628213612557,0.013308255089252834
Capa 1 - Entrada a Oculta 1,tasa_rechazo_pct,Neurona H1_58,0.13215029496348826,0.13215029496348826,0.02707497685610314
Capa 1 - Entrada a Oculta 1,tasa_rechazo_pct,Neurona H1_59,0.227060413191807,0.227060413191807,0.046520179419984826
Capa 1 - Entrada a Oculta 1,tasa_rechazo_pct,Neurona H1_60,-0.026942085772783005,0.026942085772783005,0.005519899512557173
Capa 1 - Entrada a Oculta 1,tasa_rechazo_pct,Neurona H1_61,0.14432432016494376,0.14432432016494376,0.029569193389377562
Capa 1 - Entrada a Oculta 1,tasa_rechazo_pct,Neurona H1_62,0.031270680312204376,0.031270680312204376,0.006406742761803558
Capa 1 - Entrada a Oculta 1,tasa_rechazo_pct,Neurona H1_63,0.023492525418115,0.023492525418115,0.004813152949545932
Capa 1 - Entrada a Oculta 1,tasa_rechazo_pct,Neurona H1_64,0.12119939122907487,0.12119939122907487,0.024831353675053302
Capa 1 - Entrada a Oculta 1,tiempo_entrega_dias,Neurona H1_1,0.1971674708301843,0.1971674708301843,0.04039570786412962
Capa 1 - Entrada a Oculta 1,tiempo_entrega_dias,Neurona H1_2,-0.20563298291002197,0.20563298291002197,0.04213012354364053
Capa 1 - Entrada a Oculta 1,tiempo_entrega_dias,Neurona H1_3,0.14178370659988246,0.14178370659988246,0.029048672012612253
Capa 1 - Entrada a Oculta 1,tiempo_entrega_dias,Neurona H1_4,-0.1626289989769336,0.1626289989769336,0.033319459367444085
Capa 1 - Entrada a Oculta 1,tiempo_entrega_dias,Neurona H1_5,-0.1434242466399524,0.1434242466399524,0.029384786159225976
Capa 1 - Entrada a Oculta 1,tiempo_entrega_dias,Neurona H1_6,0.05489130012838926,0.05489130012838926,0.011246139715300422
Capa 1 - Entrada a Oculta 1,tiempo_entrega_dias,Neurona H1_7,-0.24626873576306843,0.24626873576306843,0.05045558409846212
Capa 1 - Entrada a Oculta 1,tiempo_entrega_dias,Neurona H1_8,0.17448084571115843,0.17448084571115843,0.03574766791680735
Capa 1 - Entrada a Oculta 1,tiempo_entrega_dias,Neurona H1_9,0.07797895154317795,0.07797895154317795,0.015976342004216146
Capa 1 - Entrada a Oculta 1,tiempo_entrega_dias,Neurona H1_10,0.2107834259464682,0.2107834259464682,0.043185347264851195
Capa 1 - Entrada a Oculta 1,tiempo_entrega_dias,Neurona H1_11,-0.27413851319057286,0.27413851319057286,0.05616554924869436
Capa 1 - Entrada a Oculta 1,tiempo_entrega_dias,Neurona H1_12,0.08112465151864681,0.08112465151864681,0.016620833596577674
Capa 1 - Entrada a Oculta 1,tiempo_entrega_dias,Neurona H1_13,0.03135830005107456,0.03135830005107456,0.006424694310097139
Capa 1 - Entrada a Oculta 1,tiempo_entrega_dias,Neurona H1_14,-0.2249470126283515,0.2249470126283515,0.04608718552194591
Capa 1 - Entrada a Oculta 1,tiempo_entrega_dias,Neurona H1_15,-0.17574226181466648,0.17574226181466648,0.03600610708122868
Capa 1 - Entrada a Oculta 1,tiempo_entrega_dias,Neurona H1_16,0.096101162039498,0.096101162039498,0.0196892238400445
Capa 1 - Entrada a Oculta 1,tiempo_entrega_dias,Neurona H1_17,-0.14752306621339425,0.14752306621339425,0.030224553070975525
Capa 1 - Entrada a Oculta 1,tiempo_entrega_dias,Neurona H1_18,0.1900417544960361,0.1900417544960361,0.038935789784616266
Capa 1 - Entrada a Oculta 1,tiempo_entrega_dias,Neurona H1_19,0.03548450696962188,0.03548450696962188,0.00727007234617362
Capa 1 - Entrada a Oculta 1,tiempo_entrega_dias,Neurona H1_20,-0.03380986314037871,0.03380986314037871,0.006926971008931035
Capa 1 - Entrada a Oculta 1,tiempo_entrega_dias,Neurona H1_21,0.17213740321698123,0.17213740321698123,0.035267542985485886
Capa 1 - Entrada a Oculta 1,tiempo_entrega_dias,Neurona H1_22,0.17837284839351325,0.17837284839351325,0.036545062145687146
Capa 1 - Entrada a Oculta 1,tiempo_entrega_dias,Neurona H1_23,-0.09383694089178418,0.09383694089178418,0.019225329792828122
Capa 1 - Entrada a Oculta 1,tiempo_entrega_dias,Neurona H1_24,-0.29674755223049876,0.29674755223049876,0.06079769334579117
Capa 1 - Entrada a Oculta 1,tiempo_entrega_dias,Neurona H1_25,-0.10512527398729603,0.10512527398729603,0.021538085563743422
Capa 1 - Entrada a Oculta 1,tiempo_entrega_dias,Neurona H1_26,-0.1447499481531301,0.1447499481531301,0.029656396130261636
Capa 1 - Entrada a Oculta 1,tiempo_entrega_dias,Neurona H1_27,0.14313418342506717,0.14313418342506717,0.02932535795415088
Capa 1 - Entrada a Oculta 1,tiempo_entrega_dias,Neurona H1_28,0.2647658630039633,0.2647658630039633,0.054245278946210986
Capa 1 - Entrada a Oculta 1,tiempo_entrega_dias,Neurona H1_29,-0.07270739728929154,0.07270739728929154,0.014896304994392595
Capa 1 - Entrada a Oculta 1,tiempo_entrega_dias,Neurona H1_30,0.1785560410567237,0.1785560410567237,0.03658259469238333
Capa 1 - Entrada a Oculta 1,tiempo_entrega_dias,Neurona H1_31,0.0011832303239319717,0.0011832303239319717,0.00024242044745150773
Capa 1 - Entrada a Oculta 1,tiempo_entrega_dias,Neurona H1_32,0.09976347847010802,0.09976347847010802,0.020439559907216267
Capa 1 - Entrada a Oculta 1,tiempo_entrega_dias,Neurona H1_33,-0.199429320569993,0.199429320569993,0.04085911605685611
Capa 1 - Entrada a Oculta 1,tiempo_entrega_dias,Neurona H1_34,-0.07427480441800091,0.07427480441800091,0.015217435656610353
Capa 1 - Entrada a Oculta 1,tiempo_entrega_dias,Neurona H1_35,-0.18909763918315778,0.18909763918315778,0.038742359264822605
Capa 1 - Entrada a Oculta 1,tiempo_entrega_dias,Neurona H1_36,-0.07149419732218848,0.07149419732218848,0.014647744360909211
Capa 1 - Entrada a Oculta 1,tiempo_entrega_dias,Neurona H1_37,0.03775676649888145,0.03775676649888145,0.007735613298486743
Capa 1 - Entrada a Oculta 1,tiempo_entrega_dias,Neurona H1_38,0.16745572973780617,0.16745572973780617,0.0343083608578068
Capa 1 - Entrada a Oculta 1,tiempo_entrega_dias,Neurona H1_39,-0.3015313237092177,0.3015313237092177,0.06177779333048654
Capa 1 - Entrada a Oculta 1,tiempo_entrega_dias,Neurona H1_40,-0.2299525665945476,0.2299525665945476,0.04711272434366537
Capa 1 - Entrada a Oculta 1,tiempo_entrega_dias,Neurona H1_41,-0.08951989443736699,0.08951989443736699,0.01834085251737171
Capa 1 - Entrada a Oculta 1,tiempo_entrega_dias,Neurona H1_42,0.08009661801551676,0.08009661801551676,0.0164102099024555
Capa 1 - Entrada a Oculta 1,tiempo_entrega_dias,Neurona H1_43,0.22635810892826516,0.22635810892826516,0.04637629119267068
Capa 1 - Entrada a Oculta 1,tiempo_entrega_dias,Neurona H1_44,0.019157213619835963,0.019157213619835963,0.003924933467063306
Capa 1 - Entrada a Oculta 1,tiempo_entrega_dias,Neurona H1_45,0.17242516648178463,0.17242516648178463,0.035326499976363133
Capa 1 - Entrada a Oculta 1,tiempo_entrega_dias,Neurona H1_46,-0.056426709792738734,0.056426709792738734,0.011560714731106363
Capa 1 - Entrada a Oculta 1,tiempo_entrega_dias,Neurona H1_47,-0.03698669480647398,0.03698669480647398,0.007577840867821848
Capa 1 - Entrada a Oculta 1,tiempo_entrega_dias,Neurona H1_48,-0.05362328622643418,0.05362328622643418,0.01098634879271386
Capa 1 - Entrada a Oculta 1,tiempo_entrega_dias,Neurona H1_49,-0.2146327811864383,0.2146327811864383,0.04397400387785312
Capa 1 - Entrada a Oculta 1,tiempo_entrega_dias,Neurona H1_50,0.16028262730954962,0.16028262730954962,0.03283873430657465
Capa 1 - Entrada a Oculta 1,tiempo_entrega_dias,Neurona H1_51,-0.05414395971791504,0.05414395971791504,0.011093024473879198
Capa 1 - Entrada a Oculta 1,tiempo_entrega_dias,Neurona H1_52,-0.011446668544609,0.011446668544609,0.0023451955669898405
Capa 1 - Entrada a Oculta 1,tiempo_entrega_dias,Neurona H1_53,0.09268261394121913,0.09268261394121913,0.01898883107385394
Capa 1 - Entrada a Oculta 1,tiempo_entrega_dias,Neurona H1_54,-0.05304938933876757,0.05304938933876757,0.010868768692301248
Capa 1 - Entrada a Oculta 1,tiempo_entrega_dias,Neurona H1_55,-0.30330955461616665,0.30330955461616665,0.062142117607354413
Capa 1 - Entrada a Oculta 1,tiempo_entrega_dias,Neurona H1_56,0.27982547047401846,0.27982547047401846,0.057330694107988675
Capa 1 - Entrada a Oculta 1,tiempo_entrega_dias,Neurona H1_57,0.19476273967188118,0.19476273967188118,0.039903026099974676
Capa 1 - Entrada a Oculta 1,tiempo_entrega_dias,Neurona H1_58,-0.1400377565288258,0.1400377565288258,0.028690961439368123
Capa 1 - Entrada a Oculta 1,tiempo_entrega_dias,Neurona H1_59,-0.1207335139125561,0.1207335139125561,0.02473590464434161
Capa 1 - Entrada a Oculta 1,tiempo_entrega_dias,Neurona H1_60,-0.030963116978813137,0.030963116978813137,0.006343729129214584
Capa 1 - Entrada a Oculta 1,tiempo_entrega_dias,Neurona H1_61,0.2458198876825592,0.2458198876825592,0.050363624020771394
Capa 1 - Entrada a Oculta 1,tiempo_entrega_dias,Neurona H1_62,0.26257136569677514,0.26257136569677514,0.053795669932327844
Capa 1 - Entrada a Oculta 1,tiempo_entrega_dias,Neurona H1_63,-0.11606682850568482,0.11606682850568482,0.02377979327568622
Capa 1 - Entrada a Oculta 1,tiempo_entrega_dias,Neurona H1_64,0.08497232275703843,0.08497232275703843,0.01740914519102496
Capa 1 - Entrada a Oculta 1,entregado_a_tiempo,Neurona H1_1,0.2968084371857252,0.2968084371857252,0.060810167466670714
Capa 1 - Entrada a Oculta 1,entregado_a_tiempo,Neurona H1_2,-0.14824162496077023,0.14824162496077023,0.03037177151994176
Capa 1 - Entrada a Oculta 1,entregado_a_tiempo,Neurona H1_3,0.1386719406345209,0.1386719406345209,0.02841113282651319
Capa 1 - Entrada a Oculta 1,entregado_a_tiempo,Neurona H1_4,-0.19418197077992488,0.19418197077992488,0.039784038062053106
Capa 1 - Entrada a Oculta 1,entregado_a_tiempo,Neurona H1_5,0.05529630752217319,0.05529630752217319,0.011329117704992236
Capa 1 - Entrada a Oculta 1,entregado_a_tiempo,Neurona H1_6,0.2790118285396795,0.2790118285396795,0.05716399499810421
Capa 1 - Entrada a Oculta 1,entregado_a_tiempo,Neurona H1_7,0.2337504858897976,0.2337504858897976,0.04789084275080666
Capa 1 - Entrada a Oculta 1,entregado_a_tiempo,Neurona H1_8,-0.13416933055187272,0.13416933055187272,0.027488637240608987
Capa 1 - Entrada a Oculta 1,entregado_a_tiempo,Neurona H1_9,-0.040786002530182504,0.040786002530182504,0.008356243736442332
Capa 1 - Entrada a Oculta 1,entregado_a_tiempo,Neurona H1_10,0.061555522720770056,0.061555522720770056,0.01261150687170731
Capa 1 - Entrada a Oculta 1,entregado_a_tiempo,Neurona H1_11,0.014143237310299378,0.014143237310299378,0.002897669074083633
Capa 1 - Entrada a Oculta 1,entregado_a_tiempo,Neurona H1_12,0.19056986568760703,0.19056986568760703,0.039043989303150686
Capa 1 - Entrada a Oculta 1,entregado_a_tiempo,Neurona H1_13,-0.32611948206629104,0.32611948206629104,0.06681541975906084
Capa 1 - Entrada a Oculta 1,entregado_a_tiempo,Neurona H1_14,-0.17115132761454238,0.17115132761454238,0.035065515633811974
Capa 1 - Entrada a Oculta 1,entregado_a_tiempo,Neurona H1_15,0.24687541392392925,0.24687541392392925,0.05057988043218539
Capa 1 - Entrada a Oculta 1,entregado_a_tiempo,Neurona H1_16,0.13685527045831045,0.13685527045831045,0.028038933105054675
Capa 1 - Entrada a Oculta 1,entregado_a_tiempo,Neurona H1_17,-0.1294215275849738,0.1294215275849738,0.026515906491263008
Capa 1 - Entrada a Oculta 1,entregado_a_tiempo,Neurona H1_18,0.3179034068556412,0.3179034068556412,0.06513210875141
Capa 1 - Entrada a Oculta 1,entregado_a_tiempo,Neurona H1_19,0.16976880066800437,0.16976880066800437,0.03478226325748699
Capa 1 - Entrada a Oculta 1,entregado_a_tiempo,Neurona H1_20,-0.17707928936303644,0.17707928936303644,0.03628003753244781
Capa 1 - Entrada a Oculta 1,entregado_a_tiempo,Neurona H1_21,0.028232100831357416,0.028232100831357416,0.0057841980361781516
Capa 1 - Entrada a Oculta 1,entregado_a_tiempo,Neurona H1_22,0.12627925055015277,0.12627925055015277,0.025872116191614038
Capa 1 - Entrada a Oculta 1,entregado_a_tiempo,Neurona H1_23,-0.28318785087635034,0.28318785087635034,0.05801957922625272
Capa 1 - Entrada a Oculta 1,entregado_a_tiempo,Neurona H1_24,0.12993703432301787,0.12993703432301787,0.026621523607029303
Capa 1 - Entrada a Oculta 1,entregado_a_tiempo,Neurona H1_25,-0.04832855844312398,0.04832855844312398,0.009901563985899033
Capa 1 - Entrada a Oculta 1,entregado_a_tiempo,Neurona H1_26,-0.3203629634586661,0.3203629634586661,0.06563602316281236
Capa 1 - Entrada a Oculta 1,entregado_a_tiempo,Neurona H1_27,0.07728778900430086,0.07728778900430086,0.015834736495510527
Capa 1 - Entrada a Oculta 1,entregado_a_tiempo,Neurona H1_28,-0.26231171918428764,0.26231171918428764,0.0537424735068616
Capa 1 - Entrada a Oculta 1,entregado_a_tiempo,Neurona H1_29,0.09464096554949392,0.09464096554949392,0.019390058513299325
Capa 1 - Entrada a Oculta 1,entregado_a_tiempo,Neurona H1_30,0.359263541250133,0.359263541250133,0.07360598073032291
Capa 1 - Entrada a Oculta 1,entregado_a_tiempo,Neurona H1_31,0.01412690395813132,0.01412690395813132,0.0028943226938727157
Capa 1 - Entrada a Oculta 1,entregado_a_tiempo,Neurona H1_32,-0.058716898723956856,0.058716898723956856,0.012029929062606463
Capa 1 - Entrada a Oculta 1,entregado_a_tiempo,Neurona H1_33,0.005182767771909172,0.005182767771909172,0.001061846418986563
Capa 1 - Entrada a Oculta 1,entregado_a_tiempo,Neurona H1_34,0.14774292667100938,0.14774292667100938,0.030269598122166265
Capa 1 - Entrada a Oculta 1,entregado_a_tiempo,Neurona H1_35,-0.06779901067995152,0.06779901067995152,0.013890673838704255
Capa 1 - Entrada a Oculta 1,entregado_a_tiempo,Neurona H1_36,-0.1323024376959791,0.1323024376959791,0.027106147887254847
Capa 1 - Entrada a Oculta 1,entregado_a_tiempo,Neurona H1_37,0.13816526474117927,0.13816526474117927,0.02830732497584165
Capa 1 - Entrada a Oculta 1,entregado_a_tiempo,Neurona H1_38,0.3133901009238246,0.3133901009238246,0.06420742179795136
Capa 1 - Entrada a Oculta 1,entregado_a_tiempo,Neurona H1_39,-0.22430401896544125,0.22430401896544125,0.04595544886145093
Capa 1 - Entrada a Oculta 1,entregado_a_tiempo,Neurona H1_40,0.17966900811489261,0.17966900811489261,0.03681061958895926
Capa 1 - Entrada a Oculta 1,entregado_a_tiempo,Neurona H1_41,0.21362762320373774,0.21362762320373774,0.04376806692458439
Capa 1 - Entrada a Oculta 1,entregado_a_tiempo,Neurona H1_42,0.1773686998693906,0.1773686998693906,0.036339332010478426
Capa 1 - Entrada a Oculta 1,entregado_a_tiempo,Neurona H1_43,0.40678231026617584,0.40678231026617584,0.0833416349087365
Capa 1 - Entrada a Oculta 1,entregado_a_tiempo,Neurona H1_44,-0.01978043768173399,0.01978043768173399,0.004052619728049086
Capa 1 - Entrada a Oculta 1,entregado_a_tiempo,Neurona H1_45,0.15059743081706306,0.15059743081706306,0.03085442945917847
Capa 1 - Entrada a Oculta 1,entregado_a_tiempo,Neurona H1_46,0.02743557064094274,0.02743557064094274,0.0056210047835514865
Capa 1 - Entrada a Oculta 1,entregado_a_tiempo,Neurona H1_47,0.3400836544967041,0.3400836544967041,0.06967640198745864
Capa 1 - Entrada a Oculta 1,entregado_a_tiempo,Neurona H1_48,-0.2421022405825643,0.2421022405825643,0.049601951795829866
Capa 1 - Entrada a Oculta 1,entregado_a_tiempo,Neurona H1_49,-0.41686060192337837,0.41686060192337837,0.08540647716613142
Capa 1 - Entrada a Oculta 1,entregado_a_tiempo,Neurona H1_50,-0.27135921506792376,0.27135921506792376,0.05559612613565684
Capa 1 - Entrada a Oculta 1,entregado_a_tiempo,Neurona H1_51,0.0763779111301922,0.0763779111301922,0.01564832054849975
Capa 1 - Entrada a Oculta 1,entregado_a_tiempo,Neurona H1_52,-0.09453095219226126,0.09453095219226126,0.019367518956336857
Capa 1 - Entrada a Oculta 1,entregado_a_tiempo,Neurona H1_53,0.17967767994126196,0.17967767994126196,0.036812396274348534
Capa 1 - Entrada a Oculta 1,entregado_a_tiempo,Neurona H1_54,-0.21566613020415407,0.21566613020415407,0.044185716615586026
Capa 1 - Entrada a Oculta 1,entregado_a_tiempo,Neurona H1_55,-0.28510160924616296,0.28510160924616296,0.05841167039476026
Capa 1 - Entrada a Oculta 1,entregado_a_tiempo,Neurona H1_56,0.22623468315784,0.22623468315784,0.046351003698014454
Capa 1 - Entrada a Oculta 1,entregado_a_tiempo,Neurona H1_57,-0.10650788531404869,0.10650788531404869,0.021821355227902375
Capa 1 - Entrada a Oculta 1,entregado_a_tiempo,Neurona H1_58,0.06545486246603582,0.06545486246603582,0.013410404319392333
Capa 1 - Entrada a Oculta 1,entregado_a_tiempo,Neurona H1_59,-0.3659285044436972,0.3659285044436972,0.07497149962123713
Capa 1 - Entrada a Oculta 1,entregado_a_tiempo,Neurona H1_60,0.00035816854770297473,0.00035816854770297473,7.338163825000471e-05
Capa 1 - Entrada a Oculta 1,entregado_a_tiempo,Neurona H1_61,0.20847094382286463,0.20847094382286463,0.04271156549997494
Capa 1 - Entrada a Oculta 1,entregado_a_tiempo,Neurona H1_62,0.0726472913244615,0.0726472913244615,0.014883990473209447
Capa 1 - Entrada a Oculta 1,entregado_a_tiempo,Neurona H1_63,-0.09529285697742476,0.09529285697742476,0.019523618149536202
Capa 1 - Entrada a Oculta 1,entregado_a_tiempo,Neurona H1_64,0.23922947449347867,0.23922947449347867,0.04901337894855411
Capa 1 - Entrada a Oculta 1,calificacion_entrega,Neurona H1_1,-0.38188371992821213,0.38188371992821213,0.0782404071185434
Capa 1 - Entrada a Oculta 1,calificacion_entrega,Neurona H1_2,0.3845981408653584,0.3845981408653584,0.0787965381818245
Capa 1 - Entrada a Oculta 1,calificacion_entrega,Neurona H1_3,-0.5590297556185829,0.5590297556185829,0.11453411965087151
Capa 1 - Entrada a Oculta 1,calificacion_entrega,Neurona H1_4,0.17887097252957376,0.17887097252957376,0.0366471179107464
Capa 1 - Entrada a Oculta 1,calificacion_entrega,Neurona H1_5,-0.5934976393952138,0.5934976393952138,0.12159590604937309
Capa 1 - Entrada a Oculta 1,calificacion_entrega,Neurona H1_6,-0.10422526123741331,0.10422526123741331,0.021353690785207324
Capa 1 - Entrada a Oculta 1,calificacion_entrega,Neurona H1_7,-0.012713526396201104,0.012713526396201104,0.0026047496377643743
Capa 1 - Entrada a Oculta 1,calificacion_entrega,Neurona H1_8,-0.39167751823260977,0.39167751823260977,0.08024696232523568
Capa 1 - Entrada a Oculta 1,calificacion_entrega,Neurona H1_9,0.2785442329532218,0.2785442329532218,0.05706819392792986
Capa 1 - Entrada a Oculta 1,calificacion_entrega,Neurona H1_10,-0.7903752731536288,0.7903752731536288,0.161932232040671
Capa 1 - Entrada a Oculta 1,calificacion_entrega,Neurona H1_11,0.05001498621552212,0.05001498621552212,0.010247079619593112
Capa 1 - Entrada a Oculta 1,calificacion_entrega,Neurona H1_12,-0.23201190008434205,0.23201190008434205,0.047534640969659946
Capa 1 - Entrada a Oculta 1,calificacion_entrega,Neurona H1_13,0.3868641309902699,0.3868641309902699,0.07926079465741609
Capa 1 - Entrada a Oculta 1,calificacion_entrega,Neurona H1_14,0.2971850842688436,0.2971850842688436,0.06088733499067183
Capa 1 - Entrada a Oculta 1,calificacion_entrega,Neurona H1_15,-0.6372563070653434,0.6372563070653434,0.130561189969095
Capa 1 - Entrada a Oculta 1,calificacion_entrega,Neurona H1_16,-0.2530599577593631,0.2530599577593631,0.051846970916214874
Capa 1 - Entrada a Oculta 1,calificacion_entrega,Neurona H1_17,0.6008754964026357,0.6008754964026357,0.12310748275662733
Capa 1 - Entrada a Oculta 1,calificacion_entrega,Neurona H1_18,-0.7557024053699064,0.7557024053699064,0.1548284484809114
Capa 1 - Entrada a Oculta 1,calificacion_entrega,Neurona H1_19,0.14325412587265163,0.14325412587265163,0.029349931784979712
Capa 1 - Entrada a Oculta 1,calificacion_entrega,Neurona H1_20,-0.1809898742212391,0.1809898742212391,0.03708123888094966
Capa 1 - Entrada a Oculta 1,calificacion_entrega,Neurona H1_21,0.034409452517388577,0.034409452517388577,0.007049814991308773
Capa 1 - Entrada a Oculta 1,calificacion_entrega,Neurona H1_22,0.3309029654509668,0.3309029654509668,0.06779546071899539
Capa 1 - Entrada a Oculta 1,calificacion_entrega,Neurona H1_23,0.17718430506825292,0.17718430506825292,0.036301553169541534
Capa 1 - Entrada a Oculta 1,calificacion_entrega,Neurona H1_24,0.2385470403007131,0.2385470403007131,0.04887356170501299
Capa 1 - Entrada a Oculta 1,calificacion_entrega,Neurona H1_25,-0.7829742042983074,0.7829742042983074,0.1604158996857291
Capa 1 - Entrada a Oculta 1,calificacion_entrega,Neurona H1_26,0.3418795964773255,0.3418795964773255,0.0700443549123739
Capa 1 - Entrada a Oculta 1,calificacion_entrega,Neurona H1_27,0.1754573400534531,0.1754573400534531,0.035947732258132116
Capa 1 - Entrada a Oculta 1,calificacion_entrega,Neurona H1_28,-0.09975063866959749,0.09975063866959749,0.02043692928651462
Capa 1 - Entrada a Oculta 1,calificacion_entrega,Neurona H1_29,-0.5020474744561283,0.5020474744561283,0.10285957935485719
Capa 1 - Entrada a Oculta 1,calificacion_entrega,Neurona H1_30,0.06600234007307808,0.06600234007307808,0.01352257163270782
Capa 1 - Entrada a Oculta 1,calificacion_entrega,Neurona H1_31,0.02873982045369078,0.02873982045369078,0.005888219726238421
Capa 1 - Entrada a Oculta 1,calificacion_entrega,Neurona H1_32,0.7886467072069823,0.7886467072069823,0.16157808313004896
Capa 1 - Entrada a Oculta 1,calificacion_entrega,Neurona H1_33,0.606965702995598,0.606965702995598,0.12435524540898388
Capa 1 - Entrada a Oculta 1,calificacion_entrega,Neurona H1_34,-0.5541973155732197,0.5541973155732197,0.11354404844124716
Capa 1 - Entrada a Oculta 1,calificacion_entrega,Neurona H1_35,0.32297342240614335,0.32297342240614335,0.06617085447443584
Capa 1 - Entrada a Oculta 1,calificacion_entrega,Neurona H1_36,-0.30456849226896054,0.30456849226896054,0.06240004898633537
Capa 1 - Entrada a Oculta 1,calificacion_entrega,Neurona H1_37,-0.470871574616084,0.470871574616084,0.09647225523370709
Capa 1 - Entrada a Oculta 1,calificacion_entrega,Neurona H1_38,-0.6670804994122019,0.6670804994122019,0.13667157600921895
Capa 1 - Entrada a Oculta 1,calificacion_entrega,Neurona H1_39,0.21932304502077365,0.21932304502077365,0.0449349459990851
Capa 1 - Entrada a Oculta 1,calificacion_entrega,Neurona H1_40,-0.6276992903345815,0.6276992903345815,0.1286031466149711
Capa 1 - Entrada a Oculta 1,calificacion_entrega,Neurona H1_41,-0.6381267793426025,0.6381267793426025,0.1307395324901403
Capa 1 - Entrada a Oculta 1,calificacion_entrega,Neurona H1_42,0.020110391687629025,0.020110391687629025,0.0041202207657588755
Capa 1 - Entrada a Oculta 1,calificacion_entrega,Neurona H1_43,-0.3117361734593603,0.3117361734593603,0.06386856483335346
Capa 1 - Entrada a Oculta 1,calificacion_entrega,Neurona H1_44,-0.3792946884843507,0.3792946884843507,0.07770996587782095
Capa 1 - Entrada a Oculta 1,calificacion_entrega,Neurona H1_45,-0.04585337726759966,0.04585337726759966,0.009394448409195259
Capa 1 - Entrada a Oculta 1,calificacion_entrega,Neurona H1_46,0.6354252247952941,0.6354252247952941,0.13018603749518715
Capa 1 - Entrada a Oculta 1,calificacion_entrega,Neurona H1_47,-0.3314821445311428,0.3314821445311428,0.06791412303598557
Capa 1 - Entrada a Oculta 1,calificacion_entrega,Neurona H1_48,0.14189613695288597,0.14189613695288597,0.029071706764114965
Capa 1 - Entrada a Oculta 1,calificacion_entrega,Neurona H1_49,-0.08398909137536277,0.08398909137536277,0.01720770056382668
Capa 1 - Entrada a Oculta 1,calificacion_entrega,Neurona H1_50,0.1803767823727104,0.1803767823727104,0.036955628509711624
Capa 1 - Entrada a Oculta 1,calificacion_entrega,Neurona H1_51,0.022714154729949903,0.022714154729949903,0.004653680219096395
Capa 1 - Entrada a Oculta 1,calificacion_entrega,Neurona H1_52,0.134836431350737,0.134836431350737,0.027625312975573697
Capa 1 - Entrada a Oculta 1,calificacion_entrega,Neurona H1_53,-0.5743162042806023,0.5743162042806023,0.11766601007798357
Capa 1 - Entrada a Oculta 1,calificacion_entrega,Neurona H1_54,0.5255389960320369,0.5255389960320369,0.10767252663702635
Capa 1 - Entrada a Oculta 1,calificacion_entrega,Neurona H1_55,0.568271085036944,0.568271085036944,0.11642748493008545
Capa 1 - Entrada a Oculta 1,calificacion_entrega,Neurona H1_56,-0.38720785228477433,0.38720785228477433,0.07933121633976065
Capa 1 - Entrada a Oculta 1,calificacion_entrega,Neurona H1_57,0.3270822864530355,0.3270822864530355,0.06701267929976232
Capa 1 - Entrada a Oculta 1,calificacion_entrega,Neurona H1_58,0.4509441547930276,0.4509441547930276,0.09238952177737868
Capa 1 - Entrada a Oculta 1,calificacion_entrega,Neurona H1_59,-0.0844923752816674,0.0844923752816674,0.017310813463567176
Capa 1 - Entrada a Oculta 1,calificacion_entrega,Neurona H1_60,0.06361319213280739,0.06361319213280739,0.013033082561143453
Capa 1 - Entrada a Oculta 1,calificacion_entrega,Neurona H1_61,0.41454560865020423,0.41454560865020423,0.08493218091646705
Capa 1 - Entrada a Oculta 1,calificacion_entrega,Neurona H1_62,-0.3826741386724313,0.3826741386724313,0.078402348256944
Capa 1 - Entrada a Oculta 1,calificacion_entrega,Neurona H1_63,-0.8779390506855455,0.8779390506855455,0.179872314964925
Capa 1 - Entrada a Oculta 1,calificacion_entrega,Neurona H1_64,0.04798779136616581,0.04798779136616581,0.009831747564191359
Capa 1 - Entrada a Oculta 1,costo_adquisicion_total,Neurona H1_1,0.07287983864399775,0.07287983864399775,0.014931634811015369
Capa 1 - Entrada a Oculta 1,costo_adquisicion_total,Neurona H1_2,0.2271234543155183,0.2271234543155183,0.04653309529706204
Capa 1 - Entrada a Oculta 1,costo_adquisicion_total,Neurona H1_3,-0.26864070030718995,0.26864070030718995,0.05503915632904249
Capa 1 - Entrada a Oculta 1,costo_adquisicion_total,Neurona H1_4,-0.14337558580592788,0.14337558580592788,0.02937481651855755
Capa 1 - Entrada a Oculta 1,costo_adquisicion_total,Neurona H1_5,0.0002703047868234845,0.0002703047868234845,5.538009468205697e-05
Capa 1 - Entrada a Oculta 1,costo_adquisicion_total,Neurona H1_6,-0.23686772476352566,0.23686772476352566,0.04852950322738335
Capa 1 - Entrada a Oculta 1,costo_adquisicion_total,Neurona H1_7,0.2456251222191122,0.2456251222191122,0.05032372043662388
Capa 1 - Entrada a Oculta 1,costo_adquisicion_total,Neurona H1_8,-0.21773523206589396,0.21773523206589396,0.044609634587430176
Capa 1 - Entrada a Oculta 1,costo_adquisicion_total,Neurona H1_9,-0.025091157103169184,0.025091157103169184,0.0051406809046385315
Capa 1 - Entrada a Oculta 1,costo_adquisicion_total,Neurona H1_10,-0.08188420310177415,0.08188420310177415,0.016776450665308928
Capa 1 - Entrada a Oculta 1,costo_adquisicion_total,Neurona H1_11,-0.23005302180866047,0.23005302180866047,0.04713330562649892
Capa 1 - Entrada a Oculta 1,costo_adquisicion_total,Neurona H1_12,-0.1482603566806673,0.1482603566806673,0.030375609278176265
Capa 1 - Entrada a Oculta 1,costo_adquisicion_total,Neurona H1_13,-0.09088553275965477,0.09088553275965477,0.018620644749238954
Capa 1 - Entrada a Oculta 1,costo_adquisicion_total,Neurona H1_14,0.06379466236986217,0.06379466236986217,0.01307026221685052
Capa 1 - Entrada a Oculta 1,costo_adquisicion_total,Neurona H1_15,-0.09856507825121791,0.09856507825121791,0.02019403144888204
Capa 1 - Entrada a Oculta 1,costo_adquisicion_total,Neurona H1_16,-0.117055074271303,0.117055074271303,0.023982265250793403
Capa 1 - Entrada a Oculta 1,costo_adquisicion_total,Neurona H1_17,-0.2942634911489396,0.2942634911489396,0.06028875845229781
Capa 1 - Entrada a Oculta 1,costo_adquisicion_total,Neurona H1_18,-0.03481311231544887,0.03481311231544887,0.007132516885339665
Capa 1 - Entrada a Oculta 1,costo_adquisicion_total,Neurona H1_19,0.019785797247211943,0.019785797247211943,0.004053717796814762
Capa 1 - Entrada a Oculta 1,costo_adquisicion_total,Neurona H1_20,-0.17613385054625344,0.17613385054625344,0.036086335852929544
Capa 1 - Entrada a Oculta 1,costo_adquisicion_total,Neurona H1_21,0.0008808218890056559,0.0008808218890056559,0.00018046295141275467
Capa 1 - Entrada a Oculta 1,costo_adquisicion_total,Neurona H1_22,-0.12646994463816344,0.12646994463816344,0.0259111856316097
Capa 1 - Entrada a Oculta 1,costo_adquisicion_total,Neurona H1_23,0.08086847705798204,0.08086847705798204,0.016568348525730577
Capa 1 - Entrada a Oculta 1,costo_adquisicion_total,Neurona H1_24,-0.2997049630792575,0.2997049630792575,0.061403608227072776
Capa 1 - Entrada a Oculta 1,costo_adquisicion_total,Neurona H1_25,0.2118902972881479,0.2118902972881479,0.04341212326990621
Capa 1 - Entrada a Oculta 1,costo_adquisicion_total,Neurona H1_26,-0.3084577835550837,0.3084577835550837,0.0631968877038541
Capa 1 - Entrada a Oculta 1,costo_adquisicion_total,Neurona H1_27,-0.18364286541798053,0.18364286541798053,0.037624784207663194
Capa 1 - Entrada a Oculta 1,costo_adquisicion_total,Neurona H1_28,0.1503148356414303,0.1503148356414303,0.030796531307365663
Capa 1 - Entrada a Oculta 1,costo_adquisicion_total,Neurona H1_29,-0.28383945668567484,0.28383945668567484,0.058153080344896746
Capa 1 - Entrada a Oculta 1,costo_adquisicion_total,Neurona H1_30,0.1106013292503086,0.1106013292503086,0.022660020778112567
Capa 1 - Entrada a Oculta 1,costo_adquisicion_total,Neurona H1_31,0.22383159563745245,0.22383159563745245,0.04585865868269943
Capa 1 - Entrada a Oculta 1,costo_adquisicion_total,Neurona H1_32,0.22197856265888977,0.22197856265888977,0.04547900894357442
Capa 1 - Entrada a Oculta 1,costo_adquisicion_total,Neurona H1_33,0.09306351347418039,0.09306351347418039,0.0190668698405648
Capa 1 - Entrada a Oculta 1,costo_adquisicion_total,Neurona H1_34,0.24407774788719672,0.24407774788719672,0.0500066940975157
Capa 1 - Entrada a Oculta 1,costo_adquisicion_total,Neurona H1_35,-0.04660417997452673,0.04660417997452673,0.009548273006553643
Capa 1 - Entrada a Oculta 1,costo_adquisicion_total,Neurona H1_36,0.19117037093158265,0.19117037093158265,0.039167020928521645
Capa 1 - Entrada a Oculta 1,costo_adquisicion_total,Neurona H1_37,-0.06149200647483115,0.06149200647483115,0.01259849365150029
Capa 1 - Entrada a Oculta 1,costo_adquisicion_total,Neurona H1_38,0.2728407061801883,0.2728407061801883,0.055899654308546404
Capa 1 - Entrada a Oculta 1,costo_adquisicion_total,Neurona H1_39,-0.23309833972923338,0.23309833972923338,0.04775723092490077
Capa 1 - Entrada a Oculta 1,costo_adquisicion_total,Neurona H1_40,0.21826160161065694,0.21826160161065694,0.0447174772770447
Capa 1 - Entrada a Oculta 1,costo_adquisicion_total,Neurona H1_41,0.17667139796835735,0.17667139796835735,0.036196468668119576
Capa 1 - Entrada a Oculta 1,costo_adquisicion_total,Neurona H1_42,0.1739831500216803,0.1739831500216803,0.03564569993196308
Capa 1 - Entrada a Oculta 1,costo_adquisicion_total,Neurona H1_43,-0.21296333681700788,0.21296333681700788,0.04363196780689793
Capa 1 - Entrada a Oculta 1,costo_adquisicion_total,Neurona H1_44,0.0031189677446632753,0.0031189677446632753,0.0006390146879734315
Capa 1 - Entrada a Oculta 1,costo_adquisicion_total,Neurona H1_45,-0.2851343232322241,0.2851343232322241,0.05841837284227065
Capa 1 - Entrada a Oculta 1,costo_adquisicion_total,Neurona H1_46,0.11900554457092861,0.11900554457092861,0.02438187796626612
Capa 1 - Entrada a Oculta 1,costo_adquisicion_total,Neurona H1_47,-0.21547266464024678,0.21547266464024678,0.04414607935509644
Capa 1 - Entrada a Oculta 1,costo_adquisicion_total,Neurona H1_48,-0.19143906694885254,0.19143906694885254,0.03922207141820023
Capa 1 - Entrada a Oculta 1,costo_adquisicion_total,Neurona H1_49,-0.12942727481025323,0.12942727481025323,0.02651708398384046
Capa 1 - Entrada a Oculta 1,costo_adquisicion_total,Neurona H1_50,0.21406825909802799,0.21406825909802799,0.043858344488044786
Capa 1 - Entrada a Oculta 1,costo_adquisicion_total,Neurona H1_51,-0.07419003097363015,0.07419003097363015,0.015200067257659867
Capa 1 - Entrada a Oculta 1,costo_adquisicion_total,Neurona H1_52,0.0032772062587419115,0.0032772062587419115,0.0006714346239834641
Capa 1 - Entrada a Oculta 1,costo_adquisicion_total,Neurona H1_53,0.08125144852252418,0.08125144852252418,0.01664681179016666
Capa 1 - Entrada a Oculta 1,costo_adquisicion_total,Neurona H1_54,-0.19361446726263595,0.19361446726263595,0.039667767836545104
Capa 1 - Entrada a Oculta 1,costo_adquisicion_total,Neurona H1_55,0.02482210051787324,0.02482210051787324,0.005085556541716129
Capa 1 - Entrada a Oculta 1,costo_adquisicion_total,Neurona H1_56,0.07972214622152816,0.07972214622152816,0.016333488052093337
Capa 1 - Entrada a Oculta 1,costo_adquisicion_total,Neurona H1_57,-0.13484382652271115,0.13484382652271115,0.02762682809977454
Capa 1 - Entrada a Oculta 1,costo_adquisicion_total,Neurona H1_58,-0.0028215071485873226,0.0028215071485873226,0.0005780709060727991
Capa 1 - Entrada a Oculta 1,costo_adquisicion_total,Neurona H1_59,-0.01550294122293407,0.01550294122293407,0.003176245463004358
Capa 1 - Entrada a Oculta 1,costo_adquisicion_total,Neurona H1_60,0.2072381708335002,0.2072381708335002,0.042458994742073174
Capa 1 - Entrada a Oculta 1,costo_adquisicion_total,Neurona H1_61,0.08964324775002092,0.08964324775002092,0.018366125166866372
Capa 1 - Entrada a Oculta 1,costo_adquisicion_total,Neurona H1_62,0.232676433743148,0.232676433743148,0.04767079074849505
Capa 1 - Entrada a Oculta 1,costo_adquisicion_total,Neurona H1_63,0.002116766705069226,0.002116766705069226,0.0004336835537548633
Capa 1 - Entrada a Oculta 1,costo_adquisicion_total,Neurona H1_64,0.03356378073026543,0.03356378073026543,0.006876553599266138
Capa 1 - Entrada a Oculta 1,calificacion_proveedor,Neurona H1_1,-0.1722144767429075,0.1722144767429075,0.03528333382372236
Capa 1 - Entrada a Oculta 1,calificacion_proveedor,Neurona H1_2,-0.14414636937616984,0.14414636937616984,0.029532734798884745
Capa 1 - Entrada a Oculta 1,calificacion_proveedor,Neurona H1_3,0.20959760047968853,0.20959760047968853,0.042942395124053415
Capa 1 - Entrada a Oculta 1,calificacion_proveedor,Neurona H1_4,-0.11135452152250566,0.11135452152250566,0.022814334950045104
Capa 1 - Entrada a Oculta 1,calificacion_proveedor,Neurona H1_5,-0.10131609521355896,0.10131609521355896,0.02075766031256872
Capa 1 - Entrada a Oculta 1,calificacion_proveedor,Neurona H1_6,0.0385089486586888,0.0385089486586888,0.007889720518406189
Capa 1 - Entrada a Oculta 1,calificacion_proveedor,Neurona H1_7,-0.09146685688359694,0.09146685688359694,0.018739746543192402
Capa 1 - Entrada a Oculta 1,calificacion_proveedor,Neurona H1_8,0.40115817388852576,0.40115817388852576,0.0821893608082321
Capa 1 - Entrada a Oculta 1,calificacion_proveedor,Neurona H1_9,-0.3276857214499904,0.3276857214499904,0.06713631117346514
Capa 1 - Entrada a Oculta 1,calificacion_proveedor,Neurona H1_10,0.28856159112660046,0.28856159112660046,0.05912055212189726
Capa 1 - Entrada a Oculta 1,calificacion_proveedor,Neurona H1_11,0.12339031223311633,0.12339031223311633,0.025280229975286776
Capa 1 - Entrada a Oculta 1,calificacion_proveedor,Neurona H1_12,0.3102445952051153,0.3102445952051153,0.06356297000495063
Capa 1 - Entrada a Oculta 1,calificacion_proveedor,Neurona H1_13,0.030288309577626193,0.030288309577626193,0.006205474464141672
Capa 1 - Entrada a Oculta 1,calificacion_proveedor,Neurona H1_14,0.12650512238896916,0.12650512238896916,0.025918392855696318
Capa 1 - Entrada a Oculta 1,calificacion_proveedor,Neurona H1_15,-0.046211142195819795,0.046211142195819795,0.009467747353811022
Capa 1 - Entrada a Oculta 1,calificacion_proveedor,Neurona H1_16,0.03243709282498388,0.03243709282498388,0.006645717572997884
Capa 1 - Entrada a Oculta 1,calificacion_proveedor,Neurona H1_17,-0.08868445783906743,0.08868445783906743,0.018169688112706917
Capa 1 - Entrada a Oculta 1,calificacion_proveedor,Neurona H1_18,0.12770830335798372,0.12770830335798372,0.02616490079499962
Capa 1 - Entrada a Oculta 1,calificacion_proveedor,Neurona H1_19,-0.061466495880462144,0.061466495880462144,0.012593267036211107
Capa 1 - Entrada a Oculta 1,calificacion_proveedor,Neurona H1_20,-0.16986054993641092,0.16986054993641092,0.0348010608645552
Capa 1 - Entrada a Oculta 1,calificacion_proveedor,Neurona H1_21,0.3864415120873356,0.3864415120873356,0.0791742084184746
Capa 1 - Entrada a Oculta 1,calificacion_proveedor,Neurona H1_22,0.17467363112646273,0.17467363112646273,0.035787165828325446
Capa 1 - Entrada a Oculta 1,calificacion_proveedor,Neurona H1_23,-0.10915316696538302,0.10915316696538302,0.02236332102152803
Capa 1 - Entrada a Oculta 1,calificacion_proveedor,Neurona H1_24,0.09623700542574458,0.09623700542574458,0.01971705545812524
Capa 1 - Entrada a Oculta 1,calificacion_proveedor,Neurona H1_25,0.02158212933589923,0.02158212933589923,0.00442175064714265
Capa 1 - Entrada a Oculta 1,calificacion_proveedor,Neurona H1_26,-0.16927042754863056,0.16927042754863056,0.034680156480680485
Capa 1 - Entrada a Oculta 1,calificacion_proveedor,Neurona H1_27,-0.1814388239549953,0.1814388239549953,0.03717321978537641
Capa 1 - Entrada a Oculta 1,calificacion_proveedor,Neurona H1_28,-0.09904255616836992,0.09904255616836992,0.020291857212795493
Capa 1 - Entrada a Oculta 1,calificacion_proveedor,Neurona H1_29,0.2065498592417244,0.2065498592417244,0.04231797333593657
Capa 1 - Entrada a Oculta 1,calificacion_proveedor,Neurona H1_30,0.20175742621213225,0.20175742621213225,0.041336098771097486
Capa 1 - Entrada a Oculta 1,calificacion_proveedor,Neurona H1_31,0.2107652328094889,0.2107652328094889,0.043181619851584425
Capa 1 - Entrada a Oculta 1,calificacion_proveedor,Neurona H1_32,0.11721215465164256,0.11721215465164256,0.024014447908148925
Capa 1 - Entrada a Oculta 1,calificacion_proveedor,Neurona H1_33,-0.08566450780480124,0.08566450780480124,0.017550960191540066
Capa 1 - Entrada a Oculta 1,calificacion_proveedor,Neurona H1_34,-0.02826466850895899,0.02826466850895899,0.005790870507984312
Capa 1 - Entrada a Oculta 1,calificacion_proveedor,Neurona H1_35,-0.18263177234699055,0.18263177234699055,0.037417631272408804
Capa 1 - Entrada a Oculta 1,calificacion_proveedor,Neurona H1_36,-0.033605451511794365,0.033605451511794365,0.00688509111668737
Capa 1 - Entrada a Oculta 1,calificacion_proveedor,Neurona H1_37,-0.1387379169272496,0.1387379169272496,0.02842465006156117
Capa 1 - Entrada a Oculta 1,calificacion_proveedor,Neurona H1_38,-0.06124596419223256,0.06124596419223256,0.012548084463168022
Capa 1 - Entrada a Oculta 1,calificacion_proveedor,Neurona H1_39,0.05683026651213517,0.05683026651213517,0.011643395506361554
Capa 1 - Entrada a Oculta 1,calificacion_proveedor,Neurona H1_40,0.004192670400455421,0.004192670400455421,0.0008589950865335761
Capa 1 - Entrada a Oculta 1,calificacion_proveedor,Neurona H1_41,0.02847584664190168,0.02847584664190168,0.005834136722891499
Capa 1 - Entrada a Oculta 1,calificacion_proveedor,Neurona H1_42,-0.12985528256096623,0.12985528256096623,0.026604774290910824
Capa 1 - Entrada a Oculta 1,calificacion_proveedor,Neurona H1_43,0.22192342321526065,0.22192342321526065,0.04546771196417283
Capa 1 - Entrada a Oculta 1,calificacion_proveedor,Neurona H1_44,-0.014875053688893228,0.014875053688893228,0.0030476037489840574
Capa 1 - Entrada a Oculta 1,calificacion_proveedor,Neurona H1_45,-0.0627486373362322,0.0627486373362322,0.012855952414634334
Capa 1 - Entrada a Oculta 1,calificacion_proveedor,Neurona H1_46,-0.038495091804654415,0.038495091804654415,0.007886881523590603
Capa 1 - Entrada a Oculta 1,calificacion_proveedor,Neurona H1_47,-0.10321940988055565,0.10321940988055565,0.021147611773313136
Capa 1 - Entrada a Oculta 1,calificacion_proveedor,Neurona H1_48,-0.19211935916098974,0.19211935916098974,0.03936144981235432
Capa 1 - Entrada a Oculta 1,calificacion_proveedor,Neurona H1_49,-0.03160680567618092,0.03160680567618092,0.006475608188497676
Capa 1 - Entrada a Oculta 1,calificacion_proveedor,Neurona H1_50,0.07746055504043727,0.07746055504043727,0.015870132832924728
Capa 1 - Entrada a Oculta 1,calificacion_proveedor,Neurona H1_51,0.24193002833433525,0.24193002833433525,0.049566668918584474
Capa 1 - Entrada a Oculta 1,calificacion_proveedor,Neurona H1_52,0.082585148490971,0.082585148490971,0.016920060486196126
Capa 1 - Entrada a Oculta 1,calificacion_proveedor,Neurona H1_53,-0.08628753584448476,0.08628753584448476,0.01767860629145831
Capa 1 - Entrada a Oculta 1,calificacion_proveedor,Neurona H1_54,0.055170912846218806,0.055170912846218806,0.011303426820607289
Capa 1 - Entrada a Oculta 1,calificacion_proveedor,Neurona H1_55,0.050090204427709055,0.050090204427709055,0.010262490340807782
Capa 1 - Entrada a Oculta 1,calificacion_proveedor,Neurona H1_56,-0.09042628253364564,0.09042628253364564,0.018526553478055693
Capa 1 - Entrada a Oculta 1,calificacion_proveedor,Neurona H1_57,0.15383628090324972,0.15383628090324972,0.03151800566343983
Capa 1 - Entrada a Oculta 1,calificacion_proveedor,Neurona H1_58,-0.09053151587907972,0.09053151587907972,0.018548113705317427
Capa 1 - Entrada a Oculta 1,calificacion_proveedor,Neurona H1_59,0.08485806328418001,0.08485806328418001,0.01738573568910832
Capa 1 - Entrada a Oculta 1,calificacion_proveedor,Neurona H1_60,-0.0802556211538852,0.0802556211538852,0.016442786494831343
Capa 1 - Entrada a Oculta 1,calificacion_proveedor,Neurona H1_61,-0.18448018300462024,0.18448018300462024,0.03779633398956676
Capa 1 - Entrada a Oculta 1,calificacion_proveedor,Neurona H1_62,0.2468718391246844,0.2468718391246844,0.050579148026655404
Capa 1 - Entrada a Oculta 1,calificacion_proveedor,Neurona H1_63,0.08893849788184352,0.08893849788184352,0.018221735883622497
Capa 1 - Entrada a Oculta 1,calificacion_proveedor,Neurona H1_64,0.10546186077487636,0.10546186077487636,0.021607045526990765
Capa 1 - Entrada a Oculta 1,tipo_contrato,Neurona H1_1,0.09163664601719652,0.09163664601719652,0.018774532972264668
Capa 1 - Entrada a Oculta 1,tipo_contrato,Neurona H1_2,-0.1820935522310974,0.1820935522310974,0.03730736063559092
Capa 1 - Entrada a Oculta 1,tipo_contrato,Neurona H1_3,-0.08469415693872209,0.08469415693872209,0.01735215452675777
Capa 1 - Entrada a Oculta 1,tipo_contrato,Neurona H1_4,0.2188736179823238,0.2188736179823238,0.04484286730438451
Capa 1 - Entrada a Oculta 1,tipo_contrato,Neurona H1_5,0.07452839359629733,0.07452839359629733,0.01526939105432801
Capa 1 - Entrada a Oculta 1,tipo_contrato,Neurona H1_6,-0.22884892643010327,0.22884892643010327,0.04688661034279952
Capa 1 - Entrada a Oculta 1,tipo_contrato,Neurona H1_7,-0.3437667543331628,0.3437667543331628,0.07043099616266187
Capa 1 - Entrada a Oculta 1,tipo_contrato,Neurona H1_8,0.015974544682236837,0.015974544682236837,0.0032728676669079395
Capa 1 - Entrada a Oculta 1,tipo_contrato,Neurona H1_9,0.2361614177629857,0.2361614177629857,0.04838479491857324
Capa 1 - Entrada a Oculta 1,tipo_contrato,Neurona H1_10,-0.03783129802258749,0.03783129802258749,0.007750883330838534
Capa 1 - Entrada a Oculta 1,tipo_contrato,Neurona H1_11,-0.09671388673028981,0.09671388673028981,0.01981475898793755
Capa 1 - Entrada a Oculta 1,tipo_contrato,Neurona H1_12,-0.023598817807001758,0.023598817807001758,0.004834930153825983
Capa 1 - Entrada a Oculta 1,tipo_contrato,Neurona H1_13,-0.13097271728087967,0.13097271728087967,0.026833714522850684
Capa 1 - Entrada a Oculta 1,tipo_contrato,Neurona H1_14,-0.03177446492447578,0.03177446492447578,0.006509958246275066
Capa 1 - Entrada a Oculta 1,tipo_contrato,Neurona H1_15,-0.12102248805440864,0.12102248805440864,0.024795109719932488
Capa 1 - Entrada a Oculta 1,tipo_contrato,Neurona H1_16,0.19746025364289146,0.19746025364289146,0.0404556932609091
Capa 1 - Entrada a Oculta 1,tipo_contrato,Neurona H1_17,-0.004533677085697905,0.004533677085697905,0.0009288605992308246
Capa 1 - Entrada a Oculta 1,tipo_contrato,Neurona H1_18,-0.08630584333583866,0.08630584333583866,0.01768235713367048
Capa 1 - Entrada a Oculta 1,tipo_contrato,Neurona H1_19,0.24051528735023678,0.24051528735023678,0.049276816524290314
Capa 1 - Entrada a Oculta 1,tipo_contrato,Neurona H1_20,-0.136150583645697,0.136150583645697,0.027894556740646396
Capa 1 - Entrada a Oculta 1,tipo_contrato,Neurona H1_21,0.35437104087542676,0.35437104087542676,0.07260360434932243
Capa 1 - Entrada a Oculta 1,tipo_contrato,Neurona H1_22,-0.2776229362463734,0.2776229362463734,0.05687943848835694
Capa 1 - Entrada a Oculta 1,tipo_contrato,Neurona H1_23,0.11026674242230132,0.11026674242230132,0.022591470566952182
Capa 1 - Entrada a Oculta 1,tipo_contrato,Neurona H1_24,0.002071026305023448,0.002071026305023448,0.00042431225213975524
Capa 1 - Entrada a Oculta 1,tipo_contrato,Neurona H1_25,-0.00797952490302243,0.00797952490302243,0.0016348465369049837
Capa 1 - Entrada a Oculta 1,tipo_contrato,Neurona H1_26,-0.17631226747268341,0.17631226747268341,0.03612288994579149
Capa 1 - Entrada a Oculta 1,tipo_contrato,Neurona H1_27,-0.3262403567546542,0.3262403567546542,0.06684018458755271
Capa 1 - Entrada a Oculta 1,tipo_contrato,Neurona H1_28,-0.07895951813604701,0.07895951813604701,0.01617724066899123
Capa 1 - Entrada a Oculta 1,tipo_contrato,Neurona H1_29,0.09293397344344898,0.09293397344344898,0.019040329655126993
Capa 1 - Entrada a Oculta 1,tipo_contrato,Neurona H1_30,0.057924268296191794,0.057924268296191794,0.011867534794072203
Capa 1 - Entrada a Oculta 1,tipo_contrato,Neurona H1_31,-0.0011983556342624955,0.0011983556342624955,0.00024551932382748146
Capa 1 - Entrada a Oculta 1,tipo_contrato,Neurona H1_32,0.06060325147547454,0.06060325147547454,0.012416405362972638
Capa 1 - Entrada a Oculta 1,tipo_contrato,Neurona H1_33,-0.10710857058116446,0.10710857058116446,0.021944423736447553
Capa 1 - Entrada a Oculta 1,tipo_contrato,Neurona H1_34,-0.0976448740413197,0.0976448740413197,0.02000549984028619
Capa 1 - Entrada a Oculta 1,tipo_contrato,Neurona H1_35,-0.027861131945596796,0.027861131945596796,0.005708193862301141
Capa 1 - Entrada a Oculta 1,tipo_contrato,Neurona H1_36,0.20985462581100273,0.20985462581100273,0.04299505452143643
Capa 1 - Entrada a Oculta 1,tipo_contrato,Neurona H1_37,0.045866129467637774,0.045866129467637774,0.009397061082295927
Capa 1 - Entrada a Oculta 1,tipo_contrato,Neurona H1_38,-0.02124259994322599,0.02124259994322599,0.0043521878024200215
Capa 1 - Entrada a Oculta 1,tipo_contrato,Neurona H1_39,0.3026900475250469,0.3026900475250469,0.06201519288002866
Capa 1 - Entrada a Oculta 1,tipo_contrato,Neurona H1_40,0.10306985774494247,0.10306985774494247,0.02111697150412852
Capa 1 - Entrada a Oculta 1,tipo_contrato,Neurona H1_41,-0.08129219898289781,0.08129219898289781,0.016655160752019497
Capa 1 - Entrada a Oculta 1,tipo_contrato,Neurona H1_42,0.22948365518900007,0.22948365518900007,0.047016653688232705
Capa 1 - Entrada a Oculta 1,tipo_contrato,Neurona H1_43,0.2662892005392847,0.2662892005392847,0.054557380621990476
Capa 1 - Entrada a Oculta 1,tipo_contrato,Neurona H1_44,0.015912297261955234,0.015912297261955234,0.0032601144039360926
Capa 1 - Entrada a Oculta 1,tipo_contrato,Neurona H1_45,0.13919128810528442,0.13919128810528442,0.028517536832308885
Capa 1 - Entrada a Oculta 1,tipo_contrato,Neurona H1_46,-0.11226230583423517,0.11226230583423517,0.023000321967608713
Capa 1 - Entrada a Oculta 1,tipo_contrato,Neurona H1_47,-0.16619531472380933,0.16619531472380933,0.03405012679678955
Capa 1 - Entrada a Oculta 1,tipo_contrato,Neurona H1_48,-0.2797264682692714,0.2797264682692714,0.05731041051798253
Capa 1 - Entrada a Oculta 1,tipo_contrato,Neurona H1_49,-0.15003084643566347,0.15003084643566347,0.030738347546401344
Capa 1 - Entrada a Oculta 1,tipo_contrato,Neurona H1_50,-0.0935433647794811,0.0935433647794811,0.019165181864680803
Capa 1 - Entrada a Oculta 1,tipo_contrato,Neurona H1_51,-0.06833053764417388,0.06833053764417388,0.013999573181370809
Capa 1 - Entrada a Oculta 1,tipo_contrato,Neurona H1_52,-0.1378243368029936,0.1378243368029936,0.028237475596855955
Capa 1 - Entrada a Oculta 1,tipo_contrato,Neurona H1_53,0.27528109969032166,0.27528109969032166,0.05639964258193544
Capa 1 - Entrada a Oculta 1,tipo_contrato,Neurona H1_54,-0.16022385571725398,0.16022385571725398,0.03282669317188296
Capa 1 - Entrada a Oculta 1,tipo_contrato,Neurona H1_55,0.07878636670567944,0.07878636670567944,0.016141765371935717
Capa 1 - Entrada a Oculta 1,tipo_contrato,Neurona H1_56,-0.016974099831292343,0.016974099831292343,0.0034776567105839584
Capa 1 - Entrada a Oculta 1,tipo_contrato,Neurona H1_57,-0.15163308414960486,0.15163308414960486,0.031066614305358814
Capa 1 - Entrada a Oculta 1,tipo_contrato,Neurona H1_58,-0.07705301125805789,0.07705301125805789,0.0157866351874687
Capa 1 - Entrada a Oculta 1,tipo_contrato,Neurona H1_59,0.14778870129357854,0.14778870129357854,0.03027897643529829
Capa 1 - Entrada a Oculta 1,tipo_contrato,Neurona H1_60,-0.05464658271969284,0.05464658271969284,0.01119600196737809
Capa 1 - Entrada a Oculta 1,tipo_contrato,Neurona H1_61,-0.21999655505931523,0.21999655505931523,0.045072934860259456
Capa 1 - Entrada a Oculta 1,tipo_contrato,Neurona H1_62,0.12575950064666044,0.12575950064666044,0.02576562973532649
Capa 1 - Entrada a Oculta 1,tipo_contrato,Neurona H1_63,0.0448518679685692,0.0448518679685692,0.009189258998911208
Capa 1 - Entrada a Oculta 1,tipo_contrato,Neurona H1_64,-0.1891164801886596,0.1891164801886596,0.038746219413512
Capa 1 - Entrada a Oculta 1,region_natural,Neurona H1_1,0.00866510803664403,0.00866510803664403,0.0017753089360306765
Capa 1 - Entrada a Oculta 1,region_natural,Neurona H1_2,-0.2505813849255562,0.2505813849255562,0.051339160455935326
Capa 1 - Entrada a Oculta 1,region_natural,Neurona H1_3,-0.13784575895701373,0.13784575895701373,0.028241864571730835
Capa 1 - Entrada a Oculta 1,region_natural,Neurona H1_4,0.2636297186798705,0.2636297186798705,0.054012505487108946
Capa 1 - Entrada a Oculta 1,region_natural,Neurona H1_5,-0.02621835951148637,0.02621835951148637,0.005371622342383816
Capa 1 - Entrada a Oculta 1,region_natural,Neurona H1_6,0.129608347813059,0.129608347813059,0.026554182254121168
Capa 1 - Entrada a Oculta 1,region_natural,Neurona H1_7,0.23789836557050784,0.23789836557050784,0.04874066110640063
Capa 1 - Entrada a Oculta 1,region_natural,Neurona H1_8,-0.10844494850596592,0.10844494850596592,0.022218221092669903
Capa 1 - Entrada a Oculta 1,region_natural,Neurona H1_9,-0.28927182115543487,0.28927182115543487,0.05926606418146939
Capa 1 - Entrada a Oculta 1,region_natural,Neurona H1_10,-0.1687086260361371,0.1687086260361371,0.034565054482968816
Capa 1 - Entrada a Oculta 1,region_natural,Neurona H1_11,0.11671649968053187,0.11671649968053187,0.023912898026060943
Capa 1 - Entrada a Oculta 1,region_natural,Neurona H1_12,0.25621746269333934,0.25621746269333934,0.052493881110657184
Capa 1 - Entrada a Oculta 1,region_natural,Neurona H1_13,-0.03135715046937018,0.03135715046937018,0.00642445878358508
Capa 1 - Entrada a Oculta 1,region_natural,Neurona H1_14,-0.0828414798258383,0.0828414798258383,0.01697257769745883
Capa 1 - Entrada a Oculta 1,region_natural,Neurona H1_15,0.0022241636341168236,0.0022241636341168236,0.00045568705642720793
Capa 1 - Entrada a Oculta 1,region_natural,Neurona H1_16,0.2501081178584608,0.2501081178584608,0.051242197411759734
Capa 1 - Entrada a Oculta 1,region_natural,Neurona H1_17,0.013200368660944777,0.013200368660944777,0.0027044939709431203
Capa 1 - Entrada a Oculta 1,region_natural,Neurona H1_18,-0.1026709347448291,0.1026709347448291,0.021035240086136445
Capa 1 - Entrada a Oculta 1,region_natural,Neurona H1_19,0.17533221497564264,0.17533221497564264,0.03592209660906472
Capa 1 - Entrada a Oculta 1,region_natural,Neurona H1_20,-0.2605974815951592,0.2605974815951592,0.05339126019277601
Capa 1 - Entrada a Oculta 1,region_natural,Neurona H1_21,0.037869015936099946,0.037869015936099946,0.007758610983929982
Capa 1 - Entrada a Oculta 1,region_natural,Neurona H1_22,0.044127869810634004,0.044127869810634004,0.00904092612250429
Capa 1 - Entrada a Oculta 1,region_natural,Neurona H1_23,-0.13419239673664093,0.13419239673664093,0.027493363044807383
Capa 1 - Entrada a Oculta 1,region_natural,Neurona H1_24,0.15127918229927342,0.15127918229927342,0.030994106828854864
Capa 1 - Entrada a Oculta 1,region_natural,Neurona H1_25,0.015471719654021686,0.015471719654021686,0.003169848782195226
Capa 1 - Entrada a Oculta 1,region_natural,Neurona H1_26,-0.0358549043880599,0.0358549043880599,0.007345959437719956
Capa 1 - Entrada a Oculta 1,region_natural,Neurona H1_27,0.1704634931841986,0.1704634931841986,0.03492459198859776
Capa 1 - Entrada a Oculta 1,region_natural,Neurona H1_28,-0.24808025070355474,0.24808025070355474,0.05082672761427268
Capa 1 - Entrada a Oculta 1,region_natural,Neurona H1_29,0.14746343802810324,0.14746343802810324,0.030212336437352636
Capa 1 - Entrada a Oculta 1,region_natural,Neurona H1_30,-0.2468526790581876,0.2468526790581876,0.05057522250869039
Capa 1 - Entrada a Oculta 1,region_natural,Neurona H1_31,0.30201792137189404,0.30201792137189404,0.06187748754954851
Capa 1 - Entrada a Oculta 1,region_natural,Neurona H1_32,-0.10708665267222373,0.10708665267222373,0.021939933191212912
Capa 1 - Entrada a Oculta 1,region_natural,Neurona H1_33,-0.15701143350007027,0.15701143350007027,0.03216853151430732
Capa 1 - Entrada a Oculta 1,region_natural,Neurona H1_34,0.13578029262778793,0.13578029262778793,0.02781869144846009
Capa 1 - Entrada a Oculta 1,region_natural,Neurona H1_35,0.10543543487767408,0.10543543487767408,0.02160163138428793
Capa 1 - Entrada a Oculta 1,region_natural,Neurona H1_36,0.14135723003570858,0.14135723003570858,0.028961295415323017
Capa 1 - Entrada a Oculta 1,region_natural,Neurona H1_37,-0.20288772427560364,0.20288772427560364,0.0415676744472429
Capa 1 - Entrada a Oculta 1,region_natural,Neurona H1_38,-0.06444600410917731,0.06444600410917731,0.013203709232782216
Capa 1 - Entrada a Oculta 1,region_natural,Neurona H1_39,-0.01732521468672135,0.01732521468672135,0.0035495931870572106
Capa 1 - Entrada a Oculta 1,region_natural,Neurona H1_40,0.04485828366380661,0.04485828366380661,0.009190573447737195
Capa 1 - Entrada a Oculta 1,region_natural,Neurona H1_41,0.06083000106296874,0.06083000106296874,0.012462861860366251
Capa 1 - Entrada a Oculta 1,region_natural,Neurona H1_42,-0.20445084194394553,0.20445084194394553,0.04188792628402779
Capa 1 - Entrada a Oculta 1,region_natural,Neurona H1_43,0.192848479759251,0.192848479759251,0.03951083217528198
Capa 1 - Entrada a Oculta 1,region_natural,Neurona H1_44,0.42085344130036323,0.42085344130036323,0.08622453083564365
Capa 1 - Entrada a Oculta 1,region_natural,Neurona H1_45,0.3099882777188835,0.3099882777188835,0.06351045563099893
Capa 1 - Entrada a Oculta 1,region_natural,Neurona H1_46,-0.17679764908941506,0.17679764908941506,0.036222335021135574
Capa 1 - Entrada a Oculta 1,region_natural,Neurona H1_47,-0.5238403337148724,0.5238403337148724,0.10732450438753936
Capa 1 - Entrada a Oculta 1,region_natural,Neurona H1_48,0.147119235127348,0.147119235127348,0.03014181608343041
Capa 1 - Entrada a Oculta 1,region_natural,Neurona H1_49,0.15109718323565718,0.15109718323565718,0.030956818827064147
Capa 1 - Entrada a Oculta 1,region_natural,Neurona H1_50,0.18179280044626953,0.18179280044626953,0.03724574255433051
Capa 1 - Entrada a Oculta 1,region_natural,Neurona H1_51,-0.04406399785139784,0.04406399785139784,0.009027840023691185
Capa 1 - Entrada a Oculta 1,region_natural,Neurona H1_52,0.19022013628056358,0.19022013628056358,0.03897233667759873
Capa 1 - Entrada a Oculta 1,region_natural,Neurona H1_53,-0.1491985244574848,0.1491985244574848,0.030567821265682558
Capa 1 - Entrada a Oculta 1,region_natural,Neurona H1_54,-0.0506370785476532,0.0506370785476532,0.010374534011575074
Capa 1 - Entrada a Oculta 1,region_natural,Neurona H1_55,0.12899949960686444,0.12899949960686444,0.02642944132110886
Capa 1 - Entrada a Oculta 1,region_natural,Neurona H1_56,-0.08410438680366612,0.08410438680366612,0.01723132231248634
Capa 1 - Entrada a Oculta 1,region_natural,Neurona H1_57,0.2315050715432118,0.2315050715432118,0.04743080184448125
Capa 1 - Entrada a Oculta 1,region_natural,Neurona H1_58,-0.09313311490078253,0.09313311490078253,0.019081129793710766
Capa 1 - Entrada a Oculta 1,region_natural,Neurona H1_59,-0.0682208521820776,0.0682208521820776,0.013977100803624484
Capa 1 - Entrada a Oculta 1,region_natural,Neurona H1_60,-0.006925890637623285,0.006925890637623285,0.0014189777538775922
Capa 1 - Entrada a Oculta 1,region_natural,Neurona H1_61,0.05517407255253352,0.05517407255253352,0.011304074181821023
Capa 1 - Entrada a Oculta 1,region_natural,Neurona H1_62,0.022830983522095255,0.022830983522095255,0.004677616123623402
Capa 1 - Entrada a Oculta 1,region_natural,Neurona H1_63,0.10666000871469786,0.10666000871469786,0.021852522298342787
Capa 1 - Entrada a Oculta 1,region_natural,Neurona H1_64,0.11072054340864218,0.11072054340864218,0.022684445396905083
Capa 1 - Entrada a Oculta 1,margen_ganancia,Neurona H1_1,0.2209827182630596,0.2209827182630596,0.04527498015970503
Capa 1 - Entrada a Oculta 1,margen_ganancia,Neurona H1_2,-0.14250818677930333,0.14250818677930333,0.02919710364567024
Capa 1 - Entrada a Oculta 1,margen_ganancia,Neurona H1_3,-0.06505933359140044,0.06505933359140044,0.01332936829045549
Capa 1 - Entrada a Oculta 1,margen_ganancia,Neurona H1_4,0.08909714968607554,0.08909714968607554,0.01825424049459554
Capa 1 - Entrada a Oculta 1,margen_ganancia,Neurona H1_5,-0.010554593989998872,0.010554593989998872,0.002162427167368327
Capa 1 - Entrada a Oculta 1,margen_ganancia,Neurona H1_6,0.2393382013268651,0.2393382013268651,0.04903565492227318
Capa 1 - Entrada a Oculta 1,margen_ganancia,Neurona H1_7,0.0013003043992160593,0.0013003043992160593,0.00026640660563331223
Capa 1 - Entrada a Oculta 1,margen_ganancia,Neurona H1_8,0.06316189941598674,0.06316189941598674,0.012940621625913433
Capa 1 - Entrada a Oculta 1,margen_ganancia,Neurona H1_9,0.021272317802136422,0.021272317802136422,0.004358276402846037
Capa 1 - Entrada a Oculta 1,margen_ganancia,Neurona H1_10,-0.15137079958346855,0.15137079958346855,0.031012877394973444
Capa 1 - Entrada a Oculta 1,margen_ganancia,Neurona H1_11,0.28625654800385236,0.28625654800385236,0.058648294460891155
Capa 1 - Entrada a Oculta 1,margen_ganancia,Neurona H1_12,-0.23886039523715782,0.23886039523715782,0.04893776192230596
Capa 1 - Entrada a Oculta 1,margen_ganancia,Neurona H1_13,-0.1663986800918605,0.1663986800918605,0.034091792330981814
Capa 1 - Entrada a Oculta 1,margen_ganancia,Neurona H1_14,-0.06714117210806865,0.06714117210806865,0.013755895750515335
Capa 1 - Entrada a Oculta 1,margen_ganancia,Neurona H1_15,-0.2282486046529997,0.2282486046529997,0.04676361630615523
Capa 1 - Entrada a Oculta 1,margen_ganancia,Neurona H1_16,-0.0841996644438012,0.0841996644438012,0.017250842813006404
Capa 1 - Entrada a Oculta 1,margen_ganancia,Neurona H1_17,0.21819838635941918,0.21819838635941918,0.04470452572468768
Capa 1 - Entrada a Oculta 1,margen_ganancia,Neurona H1_18,-0.09215338157108516,0.09215338157108516,0.018880401848048303
Capa 1 - Entrada a Oculta 1,margen_ganancia,Neurona H1_19,-0.260621407995544,0.260621407995544,0.053396162238108925
Capa 1 - Entrada a Oculta 1,margen_ganancia,Neurona H1_20,0.2489296242219629,0.2489296242219629,0.05100074741770515
Capa 1 - Entrada a Oculta 1,margen_ganancia,Neurona H1_21,0.14282970491222702,0.14282970491222702,0.029262976340166547
Capa 1 - Entrada a Oculta 1,margen_ganancia,Neurona H1_22,-0.2301743071008493,0.2301743071008493,0.04715815457957848
Capa 1 - Entrada a Oculta 1,margen_ganancia,Neurona H1_23,0.08441935556958491,0.08441935556958491,0.017295853171460228
Capa 1 - Entrada a Oculta 1,margen_ganancia,Neurona H1_24,-0.03150758557159297,0.03150758557159297,0.006455279955131863
Capa 1 - Entrada a Oculta 1,margen_ganancia,Neurona H1_25,-0.23309513657443465,0.23309513657443465,0.047756574661953606
Capa 1 - Entrada a Oculta 1,margen_ganancia,Neurona H1_26,0.11235257013425551,0.11235257013425551,0.0230188153340795
Capa 1 - Entrada a Oculta 1,margen_ganancia,Neurona H1_27,0.09426581702279765,0.09426581702279765,0.01931319801381494
Capa 1 - Entrada a Oculta 1,margen_ganancia,Neurona H1_28,0.11029919847878288,0.11029919847878288,0.022598120169802647
Capa 1 - Entrada a Oculta 1,margen_ganancia,Neurona H1_29,-0.0776533551082209,0.0776533551082209,0.015909633746445495
Capa 1 - Entrada a Oculta 1,margen_ganancia,Neurona H1_30,0.021877733361436412,0.021877733361436412,0.004482314054528168
Capa 1 - Entrada a Oculta 1,margen_ganancia,Neurona H1_31,0.07174091578731334,0.07174091578731334,0.014698292085642438
Capa 1 - Entrada a Oculta 1,margen_ganancia,Neurona H1_32,0.09163912308209335,0.09163912308209335,0.01877504047377854
Capa 1 - Entrada a Oculta 1,margen_ganancia,Neurona H1_33,-0.017535845283404086,0.017535845283404086,0.003592747222634263
Capa 1 - Entrada a Oculta 1,margen_ganancia,Neurona H1_34,0.14618602186211455,0.14618602186211455,0.029950619177173142
Capa 1 - Entrada a Oculta 1,margen_ganancia,Neurona H1_35,0.10980504770104997,0.10980504770104997,0.022496878467131907
Capa 1 - Entrada a Oculta 1,margen_ganancia,Neurona H1_36,-0.2537729817539707,0.2537729817539707,0.051993055404010995
Capa 1 - Entrada a Oculta 1,margen_ganancia,Neurona H1_37,-0.008941366512478292,0.008941366512478292,0.0018319088236176206
Capa 1 - Entrada a Oculta 1,margen_ganancia,Neurona H1_38,0.12596474798877294,0.12596474798877294,0.025807680848712256
Capa 1 - Entrada a Oculta 1,margen_ganancia,Neurona H1_39,0.0836609749673667,0.0836609749673667,0.017140476013514053
Capa 1 - Entrada a Oculta 1,margen_ganancia,Neurona H1_40,-0.1624401482431272,0.1624401482431272,0.033280767594198485
Capa 1 - Entrada a Oculta 1,margen_ganancia,Neurona H1_41,-0.04724956239320867,0.04724956239320867,0.00968049907577261
Capa 1 - Entrada a Oculta 1,margen_ganancia,Neurona H1_42,0.18870380956871818,0.18870380956871818,0.03866167138062873
Capa 1 - Entrada a Oculta 1,margen_ganancia,Neurona H1_43,-0.20285175475581607,0.20285175475581607,0.04156030500538095
Capa 1 - Entrada a Oculta 1,margen_ganancia,Neurona H1_44,0.24775495761828628,0.24775495761828628,0.0507600815068423
Capa 1 - Entrada a Oculta 1,margen_ganancia,Neurona H1_45,-0.15957541853816276,0.15957541853816276,0.032693841242786764
Capa 1 - Entrada a Oculta 1,margen_ganancia,Neurona H1_46,0.0560758448005762,0.0560758448005762,0.011488829446665324
Capa 1 - Entrada a Oculta 1,margen_ganancia,Neurona H1_47,-0.15962439875566853,0.15962439875566853,0.03270387631880186
Capa 1 - Entrada a Oculta 1,margen_ganancia,Neurona H1_48,-0.20474087004991334,0.20474087004991334,0.0419473472959814
Capa 1 - Entrada a Oculta 1,margen_ganancia,Neurona H1_49,0.05271945968704912,0.05271945968704912,0.010801172644279659
Capa 1 - Entrada a Oculta 1,margen_ganancia,Neurona H1_50,-0.27349431829161236,0.27349431829161236,0.056033566478735385
Capa 1 - Entrada a Oculta 1,margen_ganancia,Neurona H1_51,0.13183193165366502,0.13183193165366502,0.02700975052234673
Capa 1 - Entrada a Oculta 1,margen_ganancia,Neurona H1_52,0.04572815089655587,0.04572815089655587,0.009368792007151502
Capa 1 - Entrada a Oculta 1,margen_ganancia,Neurona H1_53,0.14034654902160462,0.14034654902160462,0.028754226902359594
Capa 1 - Entrada a Oculta 1,margen_ganancia,Neurona H1_54,0.09828860886894152,0.09828860886894152,0.020137388350744252
Capa 1 - Entrada a Oculta 1,margen_ganancia,Neurona H1_55,-0.21955625870281628,0.21955625870281628,0.044982726861364494
Capa 1 - Entrada a Oculta 1,margen_ganancia,Neurona H1_56,-0.1997844230851901,0.1997844230851901,0.04093186952579964
Capa 1 - Entrada a Oculta 1,margen_ganancia,Neurona H1_57,0.2000433042242485,0.2000433042242485,0.04098490914141628
Capa 1 - Entrada a Oculta 1,margen_ganancia,Neurona H1_58,-0.04288219139668928,0.04288219139668928,0.00878571129882933
Capa 1 - Entrada a Oculta 1,margen_ganancia,Neurona H1_59,-0.04711448312110518,0.04711448312110518,0.009652824009538732
Capa 1 - Entrada a Oculta 1,margen_ganancia,Neurona H1_60,-0.05373674492585466,0.05373674492585466,0.011009594232020536
Capa 1 - Entrada a Oculta 1,margen_ganancia,Neurona H1_61,-0.18052481799227926,0.18052481799227926,0.0369859580748088
Capa 1 - Entrada a Oculta 1,margen_ganancia,Neurona H1_62,0.27768387265335165,0.27768387265335165,0.0568919231506809
Capa 1 - Entrada a Oculta 1,margen_ganancia,Neurona H1_63,-0.020343337288981026,0.020343337288981026,0.00416794670361682
Capa 1 - Entrada a Oculta 1,margen_ganancia,Neurona H1_64,0.17204137783868675,0.17204137783868675,0.03524786928823353
Capa 1 - Entrada a Oculta 1,estado_producto,Neurona H1_1,0.10274589107262207,0.10274589107262207,0.021050597152428078
Capa 1 - Entrada a Oculta 1,estado_producto,Neurona H1_2,0.0685257678509158,0.0685257678509158,0.014039571982210489
Capa 1 - Entrada a Oculta 1,estado_producto,Neurona H1_3,0.1761208120548523,0.1761208120548523,0.03608366452440151
Capa 1 - Entrada a Oculta 1,estado_producto,Neurona H1_4,0.2966888335913662,0.2966888335913662,0.06078566306015334
Capa 1 - Entrada a Oculta 1,estado_producto,Neurona H1_5,0.012570903341523517,0.012570903341523517,0.0025755289999624736
Capa 1 - Entrada a Oculta 1,estado_producto,Neurona H1_6,0.17752444118919397,0.17752444118919397,0.03637124032086381
Capa 1 - Entrada a Oculta 1,estado_producto,Neurona H1_7,0.16473753292075544,0.16473753292075544,0.03375145619155301
Capa 1 - Entrada a Oculta 1,estado_producto,Neurona H1_8,-0.020788555838295364,0.020788555838295364,0.004259163162285519
Capa 1 - Entrada a Oculta 1,estado_producto,Neurona H1_9,0.14291181423258573,0.14291181423258573,0.029279798912897066
Capa 1 - Entrada a Oculta 1,estado_producto,Neurona H1_10,0.10430777387259917,0.10430777387259917,0.021370595989154164
Capa 1 - Entrada a Oculta 1,estado_producto,Neurona H1_11,-0.2555106933408794,0.2555106933408794,0.05234907807510027
Capa 1 - Entrada a Oculta 1,estado_producto,Neurona H1_12,-0.011807823022382629,0.011807823022382629,0.0024191889631445793
Capa 1 - Entrada a Oculta 1,estado_producto,Neurona H1_13,0.13312257820956774,0.13312257820956774,0.027274178427257045
Capa 1 - Entrada a Oculta 1,estado_producto,Neurona H1_14,-0.15253804694725803,0.15253804694725803,0.031252023250596984
Capa 1 - Entrada a Oculta 1,estado_producto,Neurona H1_15,0.003593279766671007,0.003593279766671007,0.000736191822704602
Capa 1 - Entrada a Oculta 1,estado_producto,Neurona H1_16,-0.05543367155735673,0.05543367155735673,0.011357260873908225
Capa 1 - Entrada a Oculta 1,estado_producto,Neurona H1_17,-0.05211618610824705,0.05211618610824705,0.010677573841957822
Capa 1 - Entrada a Oculta 1,estado_producto,Neurona H1_18,-0.09644948440988141,0.09644948440988141,0.019760588191665505
Capa 1 - Entrada a Oculta 1,estado_producto,Neurona H1_19,0.03081961079787983,0.03081961079787983,0.006314327556342193
Capa 1 - Entrada a Oculta 1,estado_producto,Neurona H1_20,-0.10119858877962806,0.10119858877962806,0.020733585572667454
Capa 1 - Entrada a Oculta 1,estado_producto,Neurona H1_21,0.18422733363944774,0.18422733363944774,0.03774453016489867
Capa 1 - Entrada a Oculta 1,estado_producto,Neurona H1_22,-0.023191736402665787,0.023191736402665787,0.004751527240468948
Capa 1 - Entrada a Oculta 1,estado_producto,Neurona H1_23,-0.20329323488314852,0.20329323488314852,0.04165075553546307
Capa 1 - Entrada a Oculta 1,estado_producto,Neurona H1_24,-0.14689834108749705,0.14689834108749705,0.03009655927172017
Capa 1 - Entrada a Oculta 1,estado_producto,Neurona H1_25,0.101295640700462,0.101295640700462,0.020753469588145022
Capa 1 - Entrada a Oculta 1,estado_producto,Neurona H1_26,0.11303777956188892,0.11303777956188892,0.023159201168253266
Capa 1 - Entrada a Oculta 1,estado_producto,Neurona H1_27,0.25656037041360114,0.25656037041360114,0.05256413610776054
Capa 1 - Entrada a Oculta 1,estado_producto,Neurona H1_28,0.1928708991594464,0.1928708991594464,0.03951542546613756
Capa 1 - Entrada a Oculta 1,estado_producto,Neurona H1_29,0.0022618696595131113,0.0022618696595131113,0.00046341227387921733
Capa 1 - Entrada a Oculta 1,estado_producto,Neurona H1_30,0.04183794049896442,0.04183794049896442,0.008571764981905277
Capa 1 - Entrada a Oculta 1,estado_producto,Neurona H1_31,0.10553581159976985,0.10553581159976985,0.021622196585662515
Capa 1 - Entrada a Oculta 1,estado_producto,Neurona H1_32,-0.13907359355481752,0.13907359355481752,0.028493423551056954
Capa 1 - Entrada a Oculta 1,estado_producto,Neurona H1_33,-0.02543734277867673,0.02543734277867673,0.0052116074898184645
Capa 1 - Entrada a Oculta 1,estado_producto,Neurona H1_34,-0.06739974894370049,0.06739974894370049,0.013808873020389691
Capa 1 - Entrada a Oculta 1,estado_producto,Neurona H1_35,0.04337243104977709,0.04337243104977709,0.008886151689559927
Capa 1 - Entrada a Oculta 1,estado_producto,Neurona H1_36,-0.12584312951721824,0.12584312951721824,0.025782763633782638
Capa 1 - Entrada a Oculta 1,estado_producto,Neurona H1_37,0.0067549985899743,0.0067549985899743,0.0013839653595710438
Capa 1 - Entrada a Oculta 1,estado_producto,Neurona H1_38,0.13058936482878716,0.13058936482878716,0.02675517320161487
Capa 1 - Entrada a Oculta 1,estado_producto,Neurona H1_39,-0.216716395888734,0.216716395888734,0.0444008952431526
Capa 1 - Entrada a Oculta 1,estado_producto,Neurona H1_40,-0.02853909056488612,0.02853909056488612,0.005847094149521276
Capa 1 - Entrada a Oculta 1,estado_producto,Neurona H1_41,-0.0293145989242382,0.0293145989242382,0.006005980445514586
Capa 1 - Entrada a Oculta 1,estado_producto,Neurona H1_42,0.30850773709633994,0.30850773709633994,0.06320712219461908
Capa 1 - Entrada a Oculta 1,estado_producto,Neurona H1_43,0.10281783474492887,0.10281783474492887,0.021065336985306906
Capa 1 - Entrada a Oculta 1,estado_producto,Neurona H1_44,0.007344618053946616,0.007344618053946616,0.0015047667043230101
Capa 1 - Entrada a Oculta 1,estado_producto,Neurona H1_45,0.2832051994350626,0.2832051994350626,0.05802313360216805
Capa 1 - Entrada a Oculta 1,estado_producto,Neurona H1_46,0.011833852431225322,0.011833852431225322,0.002424521873239019
Capa 1 - Entrada a Oculta 1,estado_producto,Neurona H1_47,-0.23040936369415999,0.23040936369415999,0.047206313017859075
Capa 1 - Entrada a Oculta 1,estado_producto,Neurona H1_48,0.37399761705429424,0.37399761705429424,0.07662470090422759
Capa 1 - Entrada a Oculta 1,estado_producto,Neurona H1_49,0.25408590841613804,0.25408590841613804,0.05205716787639087
Capa 1 - Entrada a Oculta 1,estado_producto,Neurona H1_50,-0.07424198213112324,0.07424198213112324,0.015210711020408649
Capa 1 - Entrada a Oculta 1,estado_producto,Neurona H1_51,0.036140692132692644,0.036140692132692644,0.007404511683659532
Capa 1 - Entrada a Oculta 1,estado_producto,Neurona H1_52,0.12423949067774923,0.12423949067774923,0.025454209811968102
Capa 1 - Entrada a Oculta 1,estado_producto,Neurona H1_53,-0.026087559540009544,0.026087559540009544,0.005344824020053227
Capa 1 - Entrada a Oculta 1,estado_producto,Neurona H1_54,-0.06223906870983901,0.06223906870983901,0.012751551900280553
Capa 1 - Entrada a Oculta 1,estado_producto,Neurona H1_55,-0.1006237378861984,0.1006237378861984,0.020615810015377788
Capa 1 - Entrada a Oculta 1,estado_producto,Neurona H1_56,-0.022099996860973924,0.022099996860973924,0.004527851441392097
Capa 1 - Entrada a Oculta 1,estado_producto,Neurona H1_57,-0.03391166220884376,0.03391166220884376,0.006947827620892633
Capa 1 - Entrada a Oculta 1,estado_producto,Neurona H1_58,0.1412462013502273,0.1412462013502273,0.028938547837721325
Capa 1 - Entrada a Oculta 1,estado_producto,Neurona H1_59,-0.05515657906777202,0.05515657906777202,0.011300490113429948
Capa 1 - Entrada a Oculta 1,estado_producto,Neurona H1_60,0.15856451315535186,0.15856451315535186,0.032486726761121194
Capa 1 - Entrada a Oculta 1,estado_producto,Neurona H1_61,-0.10060577354916443,0.10060577354916443,0.020612129478686105
Capa 1 - Entrada a Oculta 1,estado_producto,Neurona H1_62,0.3154512576720956,0.3154512576720956,0.06462971197347958
Capa 1 - Entrada a Oculta 1,estado_producto,Neurona H1_63,0.015228830308259127,0.015228830308259127,0.0031200855681446467
Capa 1 - Entrada a Oculta 1,estado_producto,Neurona H1_64,-0.20282543939169642,0.20282543939169642,0.04155491350871652
Capa 1 - Entrada a Oculta 1,clase,Neurona H1_1,-0.21643327042908098,0.21643327042908098,0.04434288844665171
Capa 1 - Entrada a Oculta 1,clase,Neurona H1_2,0.2328945056241156,0.2328945056241156,0.04771546935577168
Capa 1 - Entrada a Oculta 1,clase,Neurona H1_3,0.16239749908307516,0.16239749908307516,0.033272029626404624
Capa 1 - Entrada a Oculta 1,clase,Neurona H1_4,0.13646715527255485,0.13646715527255485,0.027959415994065717
Capa 1 - Entrada a Oculta 1,clase,Neurona H1_5,-0.21696682806475381,0.21696682806475381,0.044452203833660345
Capa 1 - Entrada a Oculta 1,clase,Neurona H1_6,-0.1882452140318534,0.1882452140318534,0.03856771424227837
Capa 1 - Entrada a Oculta 1,clase,Neurona H1_7,0.10540061059880847,0.10540061059880847,0.021594496579597732
Capa 1 - Entrada a Oculta 1,clase,Neurona H1_8,0.1964689801432726,0.1964689801432726,0.04025260096310027
Capa 1 - Entrada a Oculta 1,clase,Neurona H1_9,0.03543647172086523,0.03543647172086523,0.007260230875530496
Capa 1 - Entrada a Oculta 1,clase,Neurona H1_10,-0.14879766556107984,0.14879766556107984,0.030485693220900476
Capa 1 - Entrada a Oculta 1,clase,Neurona H1_11,-0.1353881667279143,0.1353881667279143,0.027738352621621373
Capa 1 - Entrada a Oculta 1,clase,Neurona H1_12,-0.31941910149225644,0.31941910149225644,0.06544264454869002
Capa 1 - Entrada a Oculta 1,clase,Neurona H1_13,-0.1248681828536622,0.1248681828536622,0.025583016381163882
Capa 1 - Entrada a Oculta 1,clase,Neurona H1_14,0.3191292675711892,0.3191292675711892,0.06538326332137473
Capa 1 - Entrada a Oculta 1,clase,Neurona H1_15,0.15031105280087467,0.15031105280087467,0.030795756278293483
Capa 1 - Entrada a Oculta 1,clase,Neurona H1_16,-0.25723697372128584,0.25723697372128584,0.05270275871848863
Capa 1 - Entrada a Oculta 1,clase,Neurona H1_17,-0.05389081372171332,0.05389081372171332,0.011041159875391013
Capa 1 - Entrada a Oculta 1,clase,Neurona H1_18,-0.09621200173528273,0.09621200173528273,0.01971193269740224
Capa 1 - Entrada a Oculta 1,clase,Neurona H1_19,0.13454422004409997,0.13454422004409997,0.027565444669063487
Capa 1 - Entrada a Oculta 1,clase,Neurona H1_20,0.0724839153235111,0.0724839153235111,0.014850517967939618
Capa 1 - Entrada a Oculta 1,clase,Neurona H1_21,-0.08264782296169085,0.08264782296169085,0.01693290124334069
Capa 1 - Entrada a Oculta 1,clase,Neurona H1_22,0.2662809720805038,0.2662809720805038,0.054555694773834665
Capa 1 - Entrada a Oculta 1,clase,Neurona H1_23,-0.06494727955894712,0.06494727955894712,0.013306410639576658
Capa 1 - Entrada a Oculta 1,clase,Neurona H1_24,0.16438232612342413,0.16438232612342413,0.033678681357266545
Capa 1 - Entrada a Oculta 1,clase,Neurona H1_25,0.04514754157031594,0.04514754157031594,0.009249836661083399
Capa 1 - Entrada a Oculta 1,clase,Neurona H1_26,0.37380189748795506,0.37380189748795506,0.07658460184330318
Capa 1 - Entrada a Oculta 1,clase,Neurona H1_27,-0.006385997716902263,0.006385997716902263,0.001308364392497398
Capa 1 - Entrada a Oculta 1,clase,Neurona H1_28,0.07192701475330952,0.07192701475330952,0.014736420076190497
Capa 1 - Entrada a Oculta 1,clase,Neurona H1_29,-0.17424257488893102,0.17424257488893102,0.03569885094671224
Capa 1 - Entrada a Oculta 1,clase,Neurona H1_30,0.06876886480585956,0.06876886480585956,0.014089377731268485
Capa 1 - Entrada a Oculta 1,clase,Neurona H1_31,-0.08281803081890322,0.08281803081890322,0.016967773460584135
Capa 1 - Entrada a Oculta 1,clase,Neurona H1_32,-0.14489940558287506,0.14489940558287506,0.029687016996090464
Capa 1 - Entrada a Oculta 1,clase,Neurona H1_33,0.2114954902864057,0.2114954902864057,0.043331235138421145
Capa 1 - Entrada a Oculta 1,clase,Neurona H1_34,0.05431590368072222,0.05431590368072222,0.011128252384757774
Capa 1 - Entrada a Oculta 1,clase,Neurona H1_35,0.06663010088596734,0.06663010088596734,0.013651187384075168
Capa 1 - Entrada a Oculta 1,clase,Neurona H1_36,-0.16227357959700756,0.16227357959700756,0.03324664097919632
Capa 1 - Entrada a Oculta 1,clase,Neurona H1_37,0.11960299751329478,0.11960299751329478,0.0245042842355192
Capa 1 - Entrada a Oculta 1,clase,Neurona H1_38,-0.06747304118950985,0.06747304118950985,0.013823889149256969
Capa 1 - Entrada a Oculta 1,clase,Neurona H1_39,0.3857540744189241,0.3857540744189241,0.0790333660619184
Capa 1 - Entrada a Oculta 1,clase,Neurona H1_40,0.019097968034767758,0.019097968034767758,0.003912795220644779
Capa 1 - Entrada a Oculta 1,clase,Neurona H1_41,0.11413338842285409,0.11413338842285409,0.02338366971417796
Capa 1 - Entrada a Oculta 1,clase,Neurona H1_42,-0.27339256158803243,0.27339256158803243,0.056012718546499286
Capa 1 - Entrada a Oculta 1,clase,Neurona H1_43,-0.10412859169434412,0.10412859169434412,0.021333885111356865
Capa 1 - Entrada a Oculta 1,clase,Neurona H1_44,-0.025075912967417045,0.025075912967417045,0.005137557683288215
Capa 1 - Entrada a Oculta 1,clase,Neurona H1_45,-0.053221762833397405,0.053221762833397405,0.010904084605739033
Capa 1 - Entrada a Oculta 1,clase,Neurona H1_46,0.12120918126000828,0.12120918126000828,0.024833359458400327
Capa 1 - Entrada a Oculta 1,clase,Neurona H1_47,0.048323205731565344,0.048323205731565344,0.009900467321365613
Capa 1 - Entrada a Oculta 1,clase,Neurona H1_48,-0.14595394931496633,0.14595394931496633,0.029903072110821827
Capa 1 - Entrada a Oculta 1,clase,Neurona H1_49,-0.17763458618442066,0.17763458618442066,0.036393806847842824
Capa 1 - Entrada a Oculta 1,clase,Neurona H1_50,-0.14712313700801263,0.14712313700801263,0.030142615501462123
Capa 1 - Entrada a Oculta 1,clase,Neurona H1_51,-0.2511560825265291,0.2511560825265291,0.05145690460663812
Capa 1 - Entrada a Oculta 1,clase,Neurona H1_52,0.1023696229163783,0.1023696229163783,0.020973507263035072
Capa 1 - Entrada a Oculta 1,clase,Neurona H1_53,-0.1300708485424668,0.1300708485424668,0.02664893948904151
Capa 1 - Entrada a Oculta 1,clase,Neurona H1_54,0.2351878495916916,0.2351878495916916,0.04818533009170389
Capa 1 - Entrada a Oculta 1,clase,Neurona H1_55,-0.05723829056009461,0.05723829056009461,0.011726991548718382
Capa 1 - Entrada a Oculta 1,clase,Neurona H1_56,0.19744449944998624,0.19744449944998624,0.04045246553895499
Capa 1 - Entrada a Oculta 1,clase,Neurona H1_57,0.2575224091417933,0.2575224091417933,0.052761238780196305
Capa 1 - Entrada a Oculta 1,clase,Neurona H1_58,-0.12810606477473058,0.12810606477473058,0.02624639422757688
Capa 1 - Entrada a Oculta 1,clase,Neurona H1_59,0.036060957379522265,0.036060957379522265,0.0073881756126934275
Capa 1 - Entrada a Oculta 1,clase,Neurona H1_60,0.2663737263110933,0.2663737263110933,0.05457469827774066
Capa 1 - Entrada a Oculta 1,clase,Neurona H1_61,0.27551364330209577,0.27551364330209577,0.05644728616009436
Capa 1 - Entrada a Oculta 1,clase,Neurona H1_62,-0.21311526619066642,0.21311526619066642,0.04366309512505265
Capa 1 - Entrada a Oculta 1,clase,Neurona H1_63,-0.05161153587502719,0.05161153587502719,0.01057418100890641
Capa 1 - Entrada a Oculta 1,clase,Neurona H1_64,-0.41296025958293175,0.41296025958293175,0.08460737430656046
Capa 1 - Entrada a Oculta 1,origen_REAL,Neurona H1_1,0.2067152617344011,0.2067152617344011,0.04235186102920582
Capa 1 - Entrada a Oculta 1,origen_REAL,Neurona H1_2,-0.2717531603159626,0.2717531603159626,0.0556768377108839
Capa 1 - Entrada a Oculta 1,origen_REAL,Neurona H1_3,0.23360695104505738,0.23360695104505738,0.04786143530528821
Capa 1 - Entrada a Oculta 1,origen_REAL,Neurona H1_4,0.28092661198027347,0.28092661198027347,0.057556296183302894
Capa 1 - Entrada a Oculta 1,origen_REAL,Neurona H1_5,0.15381951175852457,0.15381951175852457,0.031514569997969276
Capa 1 - Entrada a Oculta 1,origen_REAL,Neurona H1_6,-0.12318783247046902,0.12318783247046902,0.025238745884093337
Capa 1 - Entrada a Oculta 1,origen_REAL,Neurona H1_7,0.12849654245444334,0.12849654245444334,0.026326395366764413
Capa 1 - Entrada a Oculta 1,origen_REAL,Neurona H1_8,0.015729117169737735,0.015729117169737735,0.003222584432787273
Capa 1 - Entrada a Oculta 1,origen_REAL,Neurona H1_9,-0.06521047599576309,0.06521047599576309,0.01336033437419541
Capa 1 - Entrada a Oculta 1,origen_REAL,Neurona H1_10,-0.1672575033640639,0.1672575033640639,0.03426774820171834
Capa 1 - Entrada a Oculta 1,origen_REAL,Neurona H1_11,0.17127690765527664,0.17127690765527664,0.03509124449576728
Capa 1 - Entrada a Oculta 1,origen_REAL,Neurona H1_12,0.0943140755611574,0.0943140755611574,0.01932308523207321
Capa 1 - Entrada a Oculta 1,origen_REAL,Neurona H1_13,-0.19044463860864977,0.19044463860864977,0.03901833275606949
Capa 1 - Entrada a Oculta 1,origen_REAL,Neurona H1_14,0.009800914968582344,0.009800914968582344,0.0020080132701657447
Capa 1 - Entrada a Oculta 1,origen_REAL,Neurona H1_15,-0.06690317957998698,0.06690317957998698,0.013707135797376245
Capa 1 - Entrada a Oculta 1,origen_REAL,Neurona H1_16,-0.18899675970521634,0.18899675970521634,0.03872169105873744
Capa 1 - Entrada a Oculta 1,origen_REAL,Neurona H1_17,-0.06843543687056977,0.06843543687056977,0.014021064954262247
Capa 1 - Entrada a Oculta 1,origen_REAL,Neurona H1_18,0.23260548672685552,0.23260548672685552,0.04765625511068464
Capa 1 - Entrada a Oculta 1,origen_REAL,Neurona H1_19,0.1937914279097339,0.1937914279097339,0.039704023566628346
Capa 1 - Entrada a Oculta 1,origen_REAL,Neurona H1_20,-0.2891199249712849,0.2891199249712849,0.05923494366318733
Capa 1 - Entrada a Oculta 1,origen_REAL,Neurona H1_21,0.26301251408307624,0.26301251408307624,0.053886052495246146
Capa 1 - Entrada a Oculta 1,origen_REAL,Neurona H1_22,0.12236582247155958,0.12236582247155958,0.025070332323593094
Capa 1 - Entrada a Oculta 1,origen_REAL,Neurona H1_23,-0.07811834703925764,0.07811834703925764,0.016004901379215997
Capa 1 - Entrada a Oculta 1,origen_REAL,Neurona H1_24,0.24155277677267686,0.24155277677267686,0.04948937754890837
Capa 1 - Entrada a Oculta 1,origen_REAL,Neurona H1_25,0.0281620571804159,0.0281620571804159,0.005769847480027804
Capa 1 - Entrada a Oculta 1,origen_REAL,Neurona H1_26,-0.17916405715601508,0.17916405715601508,0.03670716514317952
Capa 1 - Entrada a Oculta 1,origen_REAL,Neurona H1_27,0.02932152293914586,0.02932152293914586,0.006007399038968563
Capa 1 - Entrada a Oculta 1,origen_REAL,Neurona H1_28,0.16075526439111076,0.16075526439111076,0.03293556827919756
Capa 1 - Entrada a Oculta 1,origen_REAL,Neurona H1_29,0.13069249531516058,0.13069249531516058,0.02677630259472361
Capa 1 - Entrada a Oculta 1,origen_REAL,Neurona H1_30,-0.1442822237424306,0.1442822237424306,0.029560568666552815
Capa 1 - Entrada a Oculta 1,origen_REAL,Neurona H1_31,0.18348464583030571,0.18348464583030571,0.037592368149298276
Capa 1 - Entrada a Oculta 1,origen_REAL,Neurona H1_32,-0.028683454980968498,0.028683454980968498,0.005876671557769628
Capa 1 - Entrada a Oculta 1,origen_REAL,Neurona H1_33,0.018521756704495986,0.018521756704495986,0.0037947409368034677
Capa 1 - Entrada a Oculta 1,origen_REAL,Neurona H1_34,-0.0011895777169524874,0.0011895777169524874,0.00024372090250667454
Capa 1 - Entrada a Oculta 1,origen_REAL,Neurona H1_35,-0.17683378062685984,0.17683378062685984,0.03622973765720508
Capa 1 - Entrada a Oculta 1,origen_REAL,Neurona H1_36,0.05006600460030501,0.05006600460030501,0.010257532275696635
Capa 1 - Entrada a Oculta 1,origen_REAL,Neurona H1_37,0.20460576048089854,0.20460576048089854,0.04191966602251074
Capa 1 - Entrada a Oculta 1,origen_REAL,Neurona H1_38,0.13772547234028493,0.13772547234028493,0.028217220227464097
Capa 1 - Entrada a Oculta 1,origen_REAL,Neurona H1_39,-0.055643975307737965,0.055643975307737965,0.011400347945154618
Capa 1 - Entrada a Oculta 1,origen_REAL,Neurona H1_40,0.3039096320963094,0.3039096320963094,0.06226506159239222
Capa 1 - Entrada a Oculta 1,origen_REAL,Neurona H1_41,0.14635231713730248,0.14635231713730248,0.029984689783888296
Capa 1 - Entrada a Oculta 1,origen_REAL,Neurona H1_42,-0.008080249237912503,0.008080249237912503,0.001655482957253108
Capa 1 - Entrada a Oculta 1,origen_REAL,Neurona H1_43,0.15024823745085167,0.15024823745085167,0.03078288665777125
Capa 1 - Entrada a Oculta 1,origen_REAL,Neurona H1_44,0.24349630740742478,0.24349630740742478,0.04988756846455836
Capa 1 - Entrada a Oculta 1,origen_REAL,Neurona H1_45,0.2822735125858593,0.2822735125858593,0.05783224942830915
Capa 1 - Entrada a Oculta 1,origen_REAL,Neurona H1_46,0.18850754436923403,0.18850754436923403,0.03862146053028473
Capa 1 - Entrada a Oculta 1,origen_REAL,Neurona H1_47,-0.36421336566820034,0.36421336566820034,0.07462010167192185
Capa 1 - Entrada a Oculta 1,origen_REAL,Neurona H1_48,-0.09400039612018779,0.09400039612018779,0.019258818530233205
Capa 1 - Entrada a Oculta 1,origen_REAL,Neurona H1_49,-0.07656207376222345,0.07656207376222345,0.0156860518225872
Capa 1 - Entrada a Oculta 1,origen_REAL,Neurona H1_50,0.027311301870819073,0.027311301870819073,0.005595544574961228
Capa 1 - Entrada a Oculta 1,origen_REAL,Neurona H1_51,-0.18146055298860658,0.18146055298860658,0.037177671633798634
Capa 1 - Entrada a Oculta 1,origen_REAL,Neurona H1_52,0.13487052047131015,0.13487052047131015,0.02763229716089707
Capa 1 - Entrada a Oculta 1,origen_REAL,Neurona H1_53,-0.21594185517019027,0.21594185517019027,0.044242207197586945
Capa 1 - Entrada a Oculta 1,origen_REAL,Neurona H1_54,-0.07632768876214696,0.07632768876214696,0.015638030980452557
Capa 1 - Entrada a Oculta 1,origen_REAL,Neurona H1_55,-0.02468820125579179,0.02468820125579179,0.005058123236153654
Capa 1 - Entrada a Oculta 1,origen_REAL,Neurona H1_56,0.3110367834412915,0.3110367834412915,0.06372527367719044
Capa 1 - Entrada a Oculta 1,origen_REAL,Neurona H1_57,0.046396616493855916,0.046396616493855916,0.009505747362271976
Capa 1 - Entrada a Oculta 1,origen_REAL,Neurona H1_58,0.06948250063551083,0.06948250063551083,0.01423558757194143
Capa 1 - Entrada a Oculta 1,origen_REAL,Neurona H1_59,0.018247138717196958,0.018247138717196958,0.0037384771528108166
Capa 1 - Entrada a Oculta 1,origen_REAL,Neurona H1_60,0.28051964870201807,0.28051964870201807,0.05747291747163908
Capa 1 - Entrada a Oculta 1,origen_REAL,Neurona H1_61,0.0595834350482217,0.0595834350482217,0.012207465184874866
Capa 1 - Entrada a Oculta 1,origen_REAL,Neurona H1_62,0.14503241162856115,0.14503241162856115,0.02971426729931278
Capa 1 - Entrada a Oculta 1,origen_REAL,Neurona H1_63,-0.024200173575626583,0.024200173575626583,0.004958136034844256
Capa 1 - Entrada a Oculta 1,origen_REAL,Neurona H1_64,0.16688490684872284,0.16688490684872284,0.03419141055879207
Capa 1 - Entrada a Oculta 1,origen_SINTETICO,Neurona H1_1,-0.15927281843523763,0.15927281843523763,0.032631844477772995
Capa 1 - Entrada a Oculta 1,origen_SINTETICO,Neurona H1_2,0.11207598151419788,0.11207598151419788,0.022962147806483056
Capa 1 - Entrada a Oculta 1,origen_SINTETICO,Neurona H1_3,0.14036405891448545,0.14036405891448545,0.02875781433244919
Capa 1 - Entrada a Oculta 1,origen_SINTETICO,Neurona H1_4,-0.15911629680148326,0.15911629680148326,0.0325997762965211
Capa 1 - Entrada a Oculta 1,origen_SINTETICO,Neurona H1_5,-0.3061656766165496,0.3061656766165496,0.06272728041066061
Capa 1 - Entrada a Oculta 1,origen_SINTETICO,Neurona H1_6,0.15732804779137116,0.15732804779137116,0.032233399508825616
Capa 1 - Entrada a Oculta 1,origen_SINTETICO,Neurona H1_7,0.10726276189883058,0.10726276189883058,0.021976014482108588
Capa 1 - Entrada a Oculta 1,origen_SINTETICO,Neurona H1_8,-0.029209629212071018,0.029209629212071018,0.005984474231485299
Capa 1 - Entrada a Oculta 1,origen_SINTETICO,Neurona H1_9,0.027900327188679533,0.027900327188679533,0.005716224190947986
Capa 1 - Entrada a Oculta 1,origen_SINTETICO,Neurona H1_10,-0.223535786102889,0.223535786102889,0.045798053170586626
Capa 1 - Entrada a Oculta 1,origen_SINTETICO,Neurona H1_11,0.3237181002794531,0.3237181002794531,0.06632342421475072
Capa 1 - Entrada a Oculta 1,origen_SINTETICO,Neurona H1_12,0.16044664248077076,0.16044664248077076,0.032872337765167674
Capa 1 - Entrada a Oculta 1,origen_SINTETICO,Neurona H1_13,0.15860073130440455,0.15860073130440455,0.03249414714219294
Capa 1 - Entrada a Oculta 1,origen_SINTETICO,Neurona H1_14,0.10058169296424928,0.10058169296424928,0.020607195843998123
Capa 1 - Entrada a Oculta 1,origen_SINTETICO,Neurona H1_15,-0.3180457026245762,0.3180457026245762,0.06516126233484847
Capa 1 - Entrada a Oculta 1,origen_SINTETICO,Neurona H1_16,-0.324661472180912,0.324661472180912,0.06651670242427538
Capa 1 - Entrada a Oculta 1,origen_SINTETICO,Neurona H1_17,0.002299446182877047,0.002299446182877047,0.0004711109589309039
Capa 1 - Entrada a Oculta 1,origen_SINTETICO,Neurona H1_18,0.17697061020899274,0.17697061020899274,0.03625777132728128
Capa 1 - Entrada a Oculta 1,origen_SINTETICO,Neurona H1_19,0.2570295144973794,0.2570295144973794,0.05266025443435211
Capa 1 - Entrada a Oculta 1,origen_SINTETICO,Neurona H1_20,0.2582387547743964,0.2582387547743964,0.05290800380579884
Capa 1 - Entrada a Oculta 1,origen_SINTETICO,Neurona H1_21,-0.3625409356322489,0.3625409356322489,0.074277453897058
Capa 1 - Entrada a Oculta 1,origen_SINTETICO,Neurona H1_22,-0.04979079933987913,0.04979079933987913,0.010201148171077217
Capa 1 - Entrada a Oculta 1,origen_SINTETICO,Neurona H1_23,-0.17826450913351766,0.17826450913351766,0.03652286557807601
Capa 1 - Entrada a Oculta 1,origen_SINTETICO,Neurona H1_24,-0.14289766539533327,0.14289766539533327,0.029276900096505798
Capa 1 - Entrada a Oculta 1,origen_SINTETICO,Neurona H1_25,-0.04853170574144781,0.04853170574144781,0.00994318484192525
Capa 1 - Entrada a Oculta 1,origen_SINTETICO,Neurona H1_26,-0.06865822133019281,0.06865822133019281,0.014066709075524783
Capa 1 - Entrada a Oculta 1,origen_SINTETICO,Neurona H1_27,-0.11630654964435122,0.11630654964435122,0.02382890738688139
Capa 1 - Entrada a Oculta 1,origen_SINTETICO,Neurona H1_28,-0.275464659225279,0.275464659225279,0.056437250293382916
Capa 1 - Entrada a Oculta 1,origen_SINTETICO,Neurona H1_29,-0.2482525552516925,0.2482525552516925,0.05086202940194043
Capa 1 - Entrada a Oculta 1,origen_SINTETICO,Neurona H1_30,-0.03123573832370296,0.03123573832370296,0.006399583840741419
Capa 1 - Entrada a Oculta 1,origen_SINTETICO,Neurona H1_31,-0.20876128122764728,0.20876128122764728,0.0427710498811269
Capa 1 - Entrada a Oculta 1,origen_SINTETICO,Neurona H1_32,0.13876823191830964,0.13876823191830964,0.028430861002532358
Capa 1 - Entrada a Oculta 1,origen_SINTETICO,Neurona H1_33,0.056578191175488964,0.056578191175488964,0.01159175026480098
Capa 1 - Entrada a Oculta 1,origen_SINTETICO,Neurona H1_34,-0.12975326636205706,0.12975326636205706,0.0265838731932237
Capa 1 - Entrada a Oculta 1,origen_SINTETICO,Neurona H1_35,-0.2329851955959393,0.2329851955959393,0.047734049933960215
Capa 1 - Entrada a Oculta 1,origen_SINTETICO,Neurona H1_36,0.1573490959568475,0.1573490959568475,0.03223771186085853
Capa 1 - Entrada a Oculta 1,origen_SINTETICO,Neurona H1_37,0.18109536303928342,0.18109536303928342,0.037102851449486995
Capa 1 - Entrada a Oculta 1,origen_SINTETICO,Neurona H1_38,-0.043214057801054924,0.043214057801054924,0.008853704149091226
Capa 1 - Entrada a Oculta 1,origen_SINTETICO,Neurona H1_39,-0.07312503053025379,0.07312503053025379,0.01498186976998781
Capa 1 - Entrada a Oculta 1,origen_SINTETICO,Neurona H1_40,0.02400195774457769,0.02400195774457769,0.004917525538744759
Capa 1 - Entrada a Oculta 1,origen_SINTETICO,Neurona H1_41,-0.06861007640056749,0.06861007640056749,0.014056845133445014
Capa 1 - Entrada a Oculta 1,origen_SINTETICO,Neurona H1_42,0.13689423605742665,0.13689423605742665,0.028046916384203216
Capa 1 - Entrada a Oculta 1,origen_SINTETICO,Neurona H1_43,0.17785369746524005,0.17785369746524005,0.03643869840755319
Capa 1 - Entrada a Oculta 1,origen_SINTETICO,Neurona H1_44,-0.030582815733820375,0.030582815733820375,0.006265812939853289
Capa 1 - Entrada a Oculta 1,origen_SINTETICO,Neurona H1_45,-0.21834380638050674,0.21834380638050674,0.044734319405484585
Capa 1 - Entrada a Oculta 1,origen_SINTETICO,Neurona H1_46,0.21406421958207023,0.21406421958207023,0.04385751687126878
Capa 1 - Entrada a Oculta 1,origen_SINTETICO,Neurona H1_47,-0.02099065752744569,0.02099065752744569,0.00430056979371102
Capa 1 - Entrada a Oculta 1,origen_SINTETICO,Neurona H1_48,0.021659418826861933,0.021659418826861933,0.004437585732335712
Capa 1 - Entrada a Oculta 1,origen_SINTETICO,Neurona H1_49,-0.20216816501353133,0.20216816501353133,0.04142025101264077
Capa 1 - Entrada a Oculta 1,origen_SINTETICO,Neurona H1_50,-0.054312684943423506,0.054312684943423506,0.011127592929265127
Capa 1 - Entrada a Oculta 1,origen_SINTETICO,Neurona H1_51,0.26673666956732583,0.26673666956732583,0.05464905815915666
Capa 1 - Entrada a Oculta 1,origen_SINTETICO,Neurona H1_52,-0.06695220705634608,0.06695220705634608,0.013717180555793943
Capa 1 - Entrada a Oculta 1,origen_SINTETICO,Neurona H1_53,-0.23243365195568247,0.23243365195568247,0.04762104957100824
Capa 1 - Entrada a Oculta 1,origen_SINTETICO,Neurona H1_54,0.06051382478024905,0.06051382478024905,0.012398083605127019
Capa 1 - Entrada a Oculta 1,origen_SINTETICO,Neurona H1_55,0.2738331714027919,0.2738331714027919,0.0561029907667806
Capa 1 - Entrada a Oculta 1,origen_SINTETICO,Neurona H1_56,0.14251667234165308,0.14251667234165308,0.02919884216925276
Capa 1 - Entrada a Oculta 1,origen_SINTETICO,Neurona H1_57,-0.21451716221215844,0.21451716221215844,0.04395031584103399
Capa 1 - Entrada a Oculta 1,origen_SINTETICO,Neurona H1_58,0.09820887222128669,0.09820887222128669,0.020121051891635825
Capa 1 - Entrada a Oculta 1,origen_SINTETICO,Neurona H1_59,-0.2216768089187874,0.2216768089187874,0.0454171855815322
Capa 1 - Entrada a Oculta 1,origen_SINTETICO,Neurona H1_60,0.10979188886371789,0.10979188886371789,0.022494182482107297
Capa 1 - Entrada a Oculta 1,origen_SINTETICO,Neurona H1_61,0.036390403889156014,0.036390403889156014,0.0074556726744754095
Capa 1 - Entrada a Oculta 1,origen_SINTETICO,Neurona H1_62,0.11343453489301189,0.11343453489301189,0.023240488473821957
Capa 1 - Entrada a Oculta 1,origen_SINTETICO,Neurona H1_63,-0.26299487394990945,0.26299487394990945,0.05388243838150269
Capa 1 - Entrada a Oculta 1,origen_SINTETICO,Neurona H1_64,0.3051830438090605,0.3051830438090605,0.06252595841945228
Capa 1 - Entrada a Oculta 1,bias_w0,Neurona H1_1,0.047186763687302,0.047186763687302,0.009667632865300011
Capa 1 - Entrada a Oculta 1,bias_w0,Neurona H1_2,-0.03488463255080364,0.03488463255080364,0.007147169964377501
Capa 1 - Entrada a Oculta 1,bias_w0,Neurona H1_3,0.02140468260677612,0.02140468260677612,0.004385395328484248
Capa 1 - Entrada a Oculta 1,bias_w0,Neurona H1_4,0.014811302721305725,0.014811302721305725,0.0030345424389622917
Capa 1 - Entrada a Oculta 1,bias_w0,Neurona H1_5,-0.005033755328794971,0.005033755328794971,0.0010313167221008843
Capa 1 - Entrada a Oculta 1,bias_w0,Neurona H1_6,0.009975660426747952,0.009975660426747952,0.0020438151519311253
Capa 1 - Entrada a Oculta 1,bias_w0,Neurona H1_7,-0.008131186767566424,0.008131186767566424,0.0016659190477428644
Capa 1 - Entrada a Oculta 1,bias_w0,Neurona H1_8,-0.01683319274769729,0.01683319274769729,0.003448787641254593
Capa 1 - Entrada a Oculta 1,bias_w0,Neurona H1_9,-0.008432199790614658,0.008432199790614658,0.0017275906515381366
Capa 1 - Entrada a Oculta 1,bias_w0,Neurona H1_10,0.02319164224321203,0.02319164224321203,0.0047515079490626595
Capa 1 - Entrada a Oculta 1,bias_w0,Neurona H1_11,0.0019464700661545509,0.0019464700661545509,0.0003987931468998434
Capa 1 - Entrada a Oculta 1,bias_w0,Neurona H1_12,0.04557023565948599,0.04557023565948599,0.00933643830419477
Capa 1 - Entrada a Oculta 1,bias_w0,Neurona H1_13,-0.007558944437210341,0.007558944437210341,0.0015486779333378292
Capa 1 - Entrada a Oculta 1,bias_w0,Neurona H1_14,-0.006903672613556389,0.006903672613556389,0.001414425721000437
Capa 1 - Entrada a Oculta 1,bias_w0,Neurona H1_15,0.0480299531289863,0.0480299531289863,0.009840385673950347
Capa 1 - Entrada a Oculta 1,bias_w0,Neurona H1_16,0.03171859850175567,0.03171859850175567,0.006498512323262952
Capa 1 - Entrada a Oculta 1,bias_w0,Neurona H1_17,-0.01848845691983301,0.01848845691983301,0.0037879184707672584
Capa 1 - Entrada a Oculta 1,bias_w0,Neurona H1_18,0.0028232053017629177,0.0028232053017629177,0.0005784188240092673
Capa 1 - Entrada a Oculta 1,bias_w0,Neurona H1_19,0.008817684413035636,0.008817684413035636,0.0018065688122249157
Capa 1 - Entrada a Oculta 1,bias_w0,Neurona H1_20,-0.016210129665435506,0.016210129665435506,0.0033211343618064384
Capa 1 - Entrada a Oculta 1,bias_w0,Neurona H1_21,0.059160790012344304,0.059160790012344304,0.012120873591811158
Capa 1 - Entrada a Oculta 1,bias_w0,Neurona H1_22,-0.008379107411062885,0.008379107411062885,0.0017167130750030493
Capa 1 - Entrada a Oculta 1,bias_w0,Neurona H1_23,0.007909716833931605,0.007909716833931605,0.0016205442468077466
Capa 1 - Entrada a Oculta 1,bias_w0,Neurona H1_24,0.03554055475378301,0.03554055475378301,0.007281555426551289
Capa 1 - Entrada a Oculta 1,bias_w0,Neurona H1_25,0.06444543478602936,0.06444543478602936,0.013203592589750443
Capa 1 - Entrada a Oculta 1,bias_w0,Neurona H1_26,-0.014436067391283947,0.014436067391283947,0.0029576641551965323
Capa 1 - Entrada a Oculta 1,bias_w0,Neurona H1_27,0.00047277931042486484,0.00047277931042486484,9.686311249879737e-05
Capa 1 - Entrada a Oculta 1,bias_w0,Neurona H1_28,-0.022588788003849888,0.022588788003849888,0.004627995061082777
Capa 1 - Entrada a Oculta 1,bias_w0,Neurona H1_29,0.04955425488704302,0.04955425488704302,0.010152684899862069
Capa 1 - Entrada a Oculta 1,bias_w0,Neurona H1_30,-0.0100381624322962,0.0100381624322962,0.002056620574379455
Capa 1 - Entrada a Oculta 1,bias_w0,Neurona H1_31,0.033645863866937985,0.033645863866937985,0.006893370807478196
Capa 1 - Entrada a Oculta 1,bias_w0,Neurona H1_32,-0.07231267529512574,0.07231267529512574,0.014815434279275485
Capa 1 - Entrada a Oculta 1,bias_w0,Neurona H1_33,-0.0420017974245769,0.0420017974245769,0.008605336019108756
Capa 1 - Entrada a Oculta 1,bias_w0,Neurona H1_34,0.05418742894167292,0.05418742894167292,0.011101930456476686
Capa 1 - Entrada a Oculta 1,bias_w0,Neurona H1_35,-0.03285561730205036,0.03285561730205036,0.006731464945210852
Capa 1 - Entrada a Oculta 1,bias_w0,Neurona H1_36,0.014443849514983034,0.014443849514983034,0.0029592585581382914
Capa 1 - Entrada a Oculta 1,bias_w0,Neurona H1_37,0.02058269585580194,0.02058269585580194,0.004216986531025277
Capa 1 - Entrada a Oculta 1,bias_w0,Neurona H1_38,-0.03554074892852738,0.03554074892852738,0.0072815952091088015
Capa 1 - Entrada a Oculta 1,bias_w0,Neurona H1_39,0.017697205157403455,0.017697205157403455,0.0036258066634417435
Capa 1 - Entrada a Oculta 1,bias_w0,Neurona H1_40,0.09144381609839246,0.09144381609839246,0.018735025942861316
Capa 1 - Entrada a Oculta 1,bias_w0,Neurona H1_41,0.04896183613862645,0.04896183613862645,0.0100313100371958
Capa 1 - Entrada a Oculta 1,bias_w0,Neurona H1_42,0.01689085409037105,0.01689085409037105,0.0034606013077985473
Capa 1 - Entrada a Oculta 1,bias_w0,Neurona H1_43,0.014198417823809806,0.014198417823809806,0.0029089744678900986
Capa 1 - Entrada a Oculta 1,bias_w0,Neurona H1_44,0.03208760616344953,0.03208760616344953,0.006574114681190691
Capa 1 - Entrada a Oculta 1,bias_w0,Neurona H1_45,0.008967230355290802,0.008967230355290802,0.0018372078125131967
Capa 1 - Entrada a Oculta 1,bias_w0,Neurona H1_46,-0.04759718327361526,0.04759718327361526,0.009751719705997515
Capa 1 - Entrada a Oculta 1,bias_w0,Neurona H1_47,-0.06512149453446328,0.06512149453446328,0.013342103835958777
Capa 1 - Entrada a Oculta 1,bias_w0,Neurona H1_48,0.008500374727837885,0.008500374727837885,0.0017415583452765056
Capa 1 - Entrada a Oculta 1,bias_w0,Neurona H1_49,0.019838305819546598,0.019838305819546598,0.004064475762819307
Capa 1 - Entrada a Oculta 1,bias_w0,Neurona H1_50,-0.005025836734789474,0.005025836734789474,0.0010296943590975254
Capa 1 - Entrada a Oculta 1,bias_w0,Neurona H1_51,0.0003274589999286974,0.0003274589999286974,6.708986042628001e-05
Capa 1 - Entrada a Oculta 1,bias_w0,Neurona H1_52,0.003867875965341407,0.003867875965341407,0.0007924511426389926
Capa 1 - Entrada a Oculta 1,bias_w0,Neurona H1_53,0.015908131235529154,0.015908131235529154,0.003259260867671953
Capa 1 - Entrada a Oculta 1,bias_w0,Neurona H1_54,-0.013660868345377119,0.013660868345377119,0.0027988412313990525
Capa 1 - Entrada a Oculta 1,bias_w0,Neurona H1_55,-0.05646818261855622,0.05646818261855622,0.011569211691324846
Capa 1 - Entrada a Oculta 1,bias_w0,Neurona H1_56,0.04380117752950267,0.04380117752950267,0.008973993347566918
Capa 1 - Entrada a Oculta 1,bias_w0,Neurona H1_57,0.037725725421757186,0.037725725421757186,0.007729253596868521
Capa 1 - Entrada a Oculta 1,bias_w0,Neurona H1_58,-0.03344936871648505,0.03344936871648505,0.006853112844737215
Capa 1 - Entrada a Oculta 1,bias_w0,Neurona H1_59,-0.002850399670653468,0.002850399670653468,0.0005839904113336196
Capa 1 - Entrada a Oculta 1,bias_w0,Neurona H1_60,0.009081818353435077,0.009081818353435077,0.0018606846227511202
Capa 1 - Entrada a Oculta 1,bias_w0,Neurona H1_61,-0.03165263451490419,0.03165263451490419,0.006484997609445374
Capa 1 - Entrada a Oculta 1,bias_w0,Neurona H1_62,0.016287677432597403,0.016287677432597403,0.003337022362674927
Capa 1 - Entrada a Oculta 1,bias_w0,Neurona H1_63,0.09314027661255522,0.09314027661255522,0.01908259708654238
Capa 1 - Entrada a Oculta 1,bias_w0,Neurona H1_64,0.005379922034515112,0.005379922034515112,0.0011022394207472683
Capa 2 - Oculta 1 a Oculta 2,Neurona H1_1,Neurona H2_1,0.02388856584535946,0.02388856584535946,0.004894293785475867
Capa 2 - Oculta 1 a Oculta 2,Neurona H1_1,Neurona H2_2,-0.1684612068470739,0.1684612068470739,0.0345143631937856
Capa 2 - Oculta 1 a Oculta 2,Neurona H1_1,Neurona H2_3,-0.09075483758880395,0.09075483758880395,0.018593867898479992
Capa 2 - Oculta 1 a Oculta 2,Neurona H1_1,Neurona H2_4,-0.13708224199953073,0.13708224199953073,0.028085435076368705
Capa 2 - Oculta 1 a Oculta 2,Neurona H1_1,Neurona H2_5,0.031326196827055834,0.031326196827055834,0.006418116995626873
Capa 2 - Oculta 1 a Oculta 2,Neurona H1_1,Neurona H2_6,-0.15743911662464172,0.15743911662464172,0.0322561553119138
Capa 2 - Oculta 1 a Oculta 2,Neurona H1_1,Neurona H2_7,0.13906887972740342,0.13906887972740342,0.028492457781225142
Capa 2 - Oculta 1 a Oculta 2,Neurona H1_1,Neurona H2_8,-0.02696156620972744,0.02696156620972744,0.005523890668078719
Capa 2 - Oculta 1 a Oculta 2,Neurona H1_1,Neurona H2_9,0.19757198508986581,0.19757198508986581,0.040478584820415386
Capa 2 - Oculta 1 a Oculta 2,Neurona H1_1,Neurona H2_10,0.09290167685584888,0.09290167685584888,0.019033712724290438
Capa 2 - Oculta 1 a Oculta 2,Neurona H1_1,Neurona H2_11,0.09065311088293962,0.09065311088293962,0.0185730261121814
Capa 2 - Oculta 1 a Oculta 2,Neurona H1_1,Neurona H2_12,-0.06437792621496846,0.06437792621496846,0.013189761421234571
Capa 2 - Oculta 1 a Oculta 2,Neurona H1_1,Neurona H2_13,0.2920497978880781,0.2920497978880781,0.059835216567878276
Capa 2 - Oculta 1 a Oculta 2,Neurona H1_1,Neurona H2_14,-0.055689612502973676,0.055689612502973676,0.011409698102149165
Capa 2 - Oculta 1 a Oculta 2,Neurona H1_1,Neurona H2_15,-0.13330987374098294,0.13330987374098294,0.027312551570349303
Capa 2 - Oculta 1 a Oculta 2,Neurona H1_1,Neurona H2_16,-0.35820269425113077,0.35820269425113077,0.07338863420110187
Capa 2 - Oculta 1 a Oculta 2,Neurona H1_1,Neurona H2_17,0.04290863826171415,0.04290863826171415,0.008791129737423527
Capa 2 - Oculta 1 a Oculta 2,Neurona H1_1,Neurona H2_18,-0.050605446196418,0.050605446196418,0.010368053169607722
Capa 2 - Oculta 1 a Oculta 2,Neurona H1_1,Neurona H2_19,0.09903388839174146,0.09903388839174146,0.020290081357117875
Capa 2 - Oculta 1 a Oculta 2,Neurona H1_1,Neurona H2_20,0.13302081191822995,0.13302081191822995,0.027253328530679338
Capa 2 - Oculta 1 a Oculta 2,Neurona H1_1,Neurona H2_21,0.28915199270519554,0.28915199270519554,0.05924151370643769
Capa 2 - Oculta 1 a Oculta 2,Neurona H1_1,Neurona H2_22,-0.2351589502826229,0.2351589502826229,0.04817940919592074
Capa 2 - Oculta 1 a Oculta 2,Neurona H1_1,Neurona H2_23,0.2838517594837123,0.2838517594837123,0.058155600944432444
Capa 2 - Oculta 1 a Oculta 2,Neurona H1_1,Neurona H2_24,-0.09612464009241363,0.09612464009241363,0.019694034027865064
Capa 2 - Oculta 1 a Oculta 2,Neurona H1_1,Neurona H2_25,0.03190231992033506,0.03190231992033506,0.006536153201456843
Capa 2 - Oculta 1 a Oculta 2,Neurona H1_1,Neurona H2_26,0.039193984365916104,0.039193984365916104,0.008030070760711043
Capa 2 - Oculta 1 a Oculta 2,Neurona H1_1,Neurona H2_27,-0.004112111147323773,0.004112111147323773,0.0008424900918630235
Capa 2 - Oculta 1 a Oculta 2,Neurona H1_1,Neurona H2_28,0.2524506322933747,0.2524506322933747,0.051722132202127805
Capa 2 - Oculta 1 a Oculta 2,Neurona H1_1,Neurona H2_29,0.09383967603867341,0.09383967603867341,0.019225890170228296
Capa 2 - Oculta 1 a Oculta 2,Neurona H1_1,Neurona H2_30,0.3584959009339633,0.3584959009339633,0.07344870644047098
Capa 2 - Oculta 1 a Oculta 2,Neurona H1_1,Neurona H2_31,-0.03440130532987892,0.03440130532987892,0.007048145794026033
Capa 2 - Oculta 1 a Oculta 2,Neurona H1_1,Neurona H2_32,0.3083792441052851,0.3083792441052851,0.06318079652686372
Capa 2 - Oculta 1 a Oculta 2,Neurona H1_2,Neurona H2_1,-0.14022224938861955,0.14022224938861955,0.02872876037058059
Capa 2 - Oculta 1 a Oculta 2,Neurona H1_2,Neurona H2_2,0.172355056252498,0.172355056252498,0.035312135779629134
Capa 2 - Oculta 1 a Oculta 2,Neurona H1_2,Neurona H2_3,0.21446380762425973,0.21446380762425973,0.04393938454320432
Capa 2 - Oculta 1 a Oculta 2,Neurona H1_2,Neurona H2_4,-0.20558125294386503,0.20558125294386503,0.042119525098613574
Capa 2 - Oculta 1 a Oculta 2,Neurona H1_2,Neurona H2_5,0.0006929574850200155,0.0006929574850200155,0.00014197325760312564
Capa 2 - Oculta 1 a Oculta 2,Neurona H1_2,Neurona H2_6,0.06364608415466141,0.06364608415466141,0.01303982148466
Capa 2 - Oculta 1 a Oculta 2,Neurona H1_2,Neurona H2_7,-0.1328503556915062,0.1328503556915062,0.027218405427444498
Capa 2 - Oculta 1 a Oculta 2,Neurona H1_2,Neurona H2_8,0.1277218235605565,0.1277218235605565,0.026167670816601533
Capa 2 - Oculta 1 a Oculta 2,Neurona H1_2,Neurona H2_9,0.005127745927697861,0.005127745927697861,0.0010505735333754265
Capa 2 - Oculta 1 a Oculta 2,Neurona H1_2,Neurona H2_10,-0.17626332713316045,0.17626332713316045,0.036112863039984885
Capa 2 - Oculta 1 a Oculta 2,Neurona H1_2,Neurona H2_11,-0.3109912795220989,0.3109912795220989,0.06371595082581623
Capa 2 - Oculta 1 a Oculta 2,Neurona H1_2,Neurona H2_12,0.04125657979169689,0.04125657979169689,0.008452655692753368
Capa 2 - Oculta 1 a Oculta 2,Neurona H1_2,Neurona H2_13,-0.005443555305913453,0.005443555305913453,0.0011152766171520455
Capa 2 - Oculta 1 a Oculta 2,Neurona H1_2,Neurona H2_14,0.05724169974775079,0.05724169974775079,0.011727690023715468
Capa 2 - Oculta 1 a Oculta 2,Neurona H1_2,Neurona H2_15,-0.1236417934230222,0.1236417934230222,0.025331753487953378
Capa 2 - Oculta 1 a Oculta 2,Neurona H1_2,Neurona H2_16,0.21629094693241024,0.21629094693241024,0.044313729182349625
Capa 2 - Oculta 1 a Oculta 2,Neurona H1_2,Neurona H2_17,-0.032810949803640625,0.032810949803640625,0.00672231345988123
Capa 2 - Oculta 1 a Oculta 2,Neurona H1_2,Neurona H2_18,0.0767585064283981,0.0767585064283981,0.0157262969835377
Capa 2 - Oculta 1 a Oculta 2,Neurona H1_2,Neurona H2_19,-0.2666956279564429,0.2666956279564429,0.05464064954633367
Capa 2 - Oculta 1 a Oculta 2,Neurona H1_2,Neurona H2_20,0.03408174500148484,0.03408174500148484,0.006982674214883595
Capa 2 - Oculta 1 a Oculta 2,Neurona H1_2,Neurona H2_21,-0.07014526244362831,0.07014526244362831,0.014371374333680006
Capa 2 - Oculta 1 a Oculta 2,Neurona H1_2,Neurona H2_22,0.28081231784324007,0.28081231784324007,0.05753287957938368
Capa 2 - Oculta 1 a Oculta 2,Neurona H1_2,Neurona H2_23,0.1271364004698014,0.1271364004698014,0.02604772922556988
Capa 2 - Oculta 1 a Oculta 2,Neurona H1_2,Neurona H2_24,-0.029452981988054572,0.029452981988054572,0.006034332393205208
Capa 2 - Oculta 1 a Oculta 2,Neurona H1_2,Neurona H2_25,-0.048413102348697876,0.048413102348697876,0.009918885356898395
Capa 2 - Oculta 1 a Oculta 2,Neurona H1_2,Neurona H2_26,0.16110497450846042,0.16110497450846042,0.033007216952673495
Capa 2 - Oculta 1 a Oculta 2,Neurona H1_2,Neurona H2_27,0.16176144878857057,0.16176144878857057,0.033141715524511874
Capa 2 - Oculta 1 a Oculta 2,Neurona H1_2,Neurona H2_28,0.07560343000631974,0.07560343000631974,0.015489644712701355
Capa 2 - Oculta 1 a Oculta 2,Neurona H1_2,Neurona H2_29,-0.1595028664664002,0.1595028664664002,0.032678976760914996
Capa 2 - Oculta 1 a Oculta 2,Neurona H1_2,Neurona H2_30,-0.2198596305265429,0.2198596305265429,0.045044881736678706
Capa 2 - Oculta 1 a Oculta 2,Neurona H1_2,Neurona H2_31,-0.08276814383755976,0.08276814383755976,0.016957552606626385
Capa 2 - Oculta 1 a Oculta 2,Neurona H1_2,Neurona H2_32,-0.3047802634556405,0.3047802634556405,0.062443436706201845
Capa 2 - Oculta 1 a Oculta 2,Neurona H1_3,Neurona H2_1,-0.24617262391937283,0.24617262391937283,0.0504358926861624
Capa 2 - Oculta 1 a Oculta 2,Neurona H1_3,Neurona H2_2,0.10948944901045307,0.10948944901045307,0.022432218549073544
Capa 2 - Oculta 1 a Oculta 2,Neurona H1_3,Neurona H2_3,-0.2760797172160472,0.2760797172160472,0.05656326348820637
Capa 2 - Oculta 1 a Oculta 2,Neurona H1_3,Neurona H2_4,-0.2169230714900795,0.2169230714900795,0.044443238978554
Capa 2 - Oculta 1 a Oculta 2,Neurona H1_3,Neurona H2_5,0.403297328176757,0.403297328176757,0.08262763113416285
Capa 2 - Oculta 1 a Oculta 2,Neurona H1_3,Neurona H2_6,-0.14991740651201288,0.14991740651201288,0.030715105953877865
Capa 2 - Oculta 1 a Oculta 2,Neurona H1_3,Neurona H2_7,-0.22534228657650654,0.22534228657650654,0.046168169321498344
Capa 2 - Oculta 1 a Oculta 2,Neurona H1_3,Neurona H2_8,-0.2186549118573578,0.2186549118573578,0.044798058753080267
Capa 2 - Oculta 1 a Oculta 2,Neurona H1_3,Neurona H2_9,0.2633121557380851,0.2633121557380851,0.05394744313290405
Capa 2 - Oculta 1 a Oculta 2,Neurona H1_3,Neurona H2_10,-0.058287629117541075,0.058287629117541075,0.0119419802263065
Capa 2 - Oculta 1 a Oculta 2,Neurona H1_3,Neurona H2_11,0.1961697100217481,0.1961697100217481,0.04019128644529131
Capa 2 - Oculta 1 a Oculta 2,Neurona H1_3,Neurona H2_12,0.06421239684171712,0.06421239684171712,0.013155847732649738
Capa 2 - Oculta 1 a Oculta 2,Neurona H1_3,Neurona H2_13,0.16271218704110071,0.16271218704110071,0.03333650295340544
Capa 2 - Oculta 1 a Oculta 2,Neurona H1_3,Neurona H2_14,-0.027360192605715938,0.027360192605715938,0.005605561317762871
Capa 2 - Oculta 1 a Oculta 2,Neurona H1_3,Neurona H2_15,-0.10379804029614839,0.10379804029614839,0.021266161679802102
Capa 2 - Oculta 1 a Oculta 2,Neurona H1_3,Neurona H2_16,-0.084875858845709,0.084875858845709,0.017389381647043352
Capa 2 - Oculta 1 a Oculta 2,Neurona H1_3,Neurona H2_17,0.3439886167901274,0.3439886167901274,0.07047645138384934
Capa 2 - Oculta 1 a Oculta 2,Neurona H1_3,Neurona H2_18,-0.031086388067599627,0.031086388067599627,0.0063689849326680915
Capa 2 - Oculta 1 a Oculta 2,Neurona H1_3,Neurona H2_19,0.3149898697975816,0.3149898697975816,0.06453518274047557
Capa 2 - Oculta 1 a Oculta 2,Neurona H1_3,Neurona H2_20,0.0716144090719585,0.0716144090719585,0.014672373366419598
Capa 2 - Oculta 1 a Oculta 2,Neurona H1_3,Neurona H2_21,0.405515772886025,0.405515772886025,0.08308214649621007
Capa 2 - Oculta 1 a Oculta 2,Neurona H1_3,Neurona H2_22,0.0366000524209752,0.0366000524209752,0.007498625504421713
Capa 2 - Oculta 1 a Oculta 2,Neurona H1_3,Neurona H2_23,0.05674126052509516,0.05674126052509516,0.011625159943286731
Capa 2 - Oculta 1 a Oculta 2,Neurona H1_3,Neurona H2_24,-0.11660176733417729,0.11660176733417729,0.023889391641735015
Capa 2 - Oculta 1 a Oculta 2,Neurona H1_3,Neurona H2_25,-0.01860477668566787,0.01860477668566787,0.0038117500858896947
Capa 2 - Oculta 1 a Oculta 2,Neurona H1_3,Neurona H2_26,-0.19159026695674314,0.19159026695674314,0.0392530493037616
Capa 2 - Oculta 1 a Oculta 2,Neurona H1_3,Neurona H2_27,-0.042323940497026154,0.042323940497026154,0.00867133675133056
Capa 2 - Oculta 1 a Oculta 2,Neurona H1_3,Neurona H2_28,-0.01502914713680289,0.01502914713680289,0.0030791744430713
Capa 2 - Oculta 1 a Oculta 2,Neurona H1_3,Neurona H2_29,-0.08646921434128241,0.08646921434128241,0.017715828615459984
Capa 2 - Oculta 1 a Oculta 2,Neurona H1_3,Neurona H2_30,-0.05286166129908837,0.05286166129908837,0.010830306936835924
Capa 2 - Oculta 1 a Oculta 2,Neurona H1_3,Neurona H2_31,-0.13935904038011832,0.13935904038011832,0.028551905949380785
Capa 2 - Oculta 1 a Oculta 2,Neurona H1_3,Neurona H2_32,-0.027575633393100516,0.027575633393100516,0.005649700866099934
Capa 2 - Oculta 1 a Oculta 2,Neurona H1_4,Neurona H2_1,0.15023305286419536,0.15023305286419536,0.030779775636850696
Capa 2 - Oculta 1 a Oculta 2,Neurona H1_4,Neurona H2_2,0.0759884960843718,0.0759884960843718,0.015568537121940477
Capa 2 - Oculta 1 a Oculta 2,Neurona H1_4,Neurona H2_3,0.0030436126159434787,0.0030436126159434787,0.000623575915274204
Capa 2 - Oculta 1 a Oculta 2,Neurona H1_4,Neurona H2_4,-0.2016119346464626,0.2016119346464626,0.04130629043223338
Capa 2 - Oculta 1 a Oculta 2,Neurona H1_4,Neurona H2_5,-0.024402033160452186,0.024402033160452186,0.004999493063890962
Capa 2 - Oculta 1 a Oculta 2,Neurona H1_4,Neurona H2_6,-0.24716345691722005,0.24716345691722005,0.050638894733886844
Capa 2 - Oculta 1 a Oculta 2,Neurona H1_4,Neurona H2_7,-0.1571873640217174,0.1571873640217174,0.032204576192097815
Capa 2 - Oculta 1 a Oculta 2,Neurona H1_4,Neurona H2_8,-0.12275320251877077,0.12275320251877077,0.025149698819261202
Capa 2 - Oculta 1 a Oculta 2,Neurona H1_4,Neurona H2_9,0.019523193900592047,0.019523193900592047,0.003999915574624994
Capa 2 - Oculta 1 a Oculta 2,Neurona H1_4,Neurona H2_10,-0.03986966457377651,0.03986966457377651,0.008168504246576525
Capa 2 - Oculta 1 a Oculta 2,Neurona H1_4,Neurona H2_11,-0.24204939947818446,0.24204939947818446,0.04959112570059845
Capa 2 - Oculta 1 a Oculta 2,Neurona H1_4,Neurona H2_12,-0.0896568113113996,0.0896568113113996,0.01836890407182845
Capa 2 - Oculta 1 a Oculta 2,Neurona H1_4,Neurona H2_13,0.11776532511784976,0.11776532511784976,0.02412778157550228
Capa 2 - Oculta 1 a Oculta 2,Neurona H1_4,Neurona H2_14,0.14145146219513902,0.14145146219513902,0.02898060171756309
Capa 2 - Oculta 1 a Oculta 2,Neurona H1_4,Neurona H2_15,0.15770408999658458,0.15770408999658458,0.03231044310532977
Capa 2 - Oculta 1 a Oculta 2,Neurona H1_4,Neurona H2_16,-0.04632902890290139,0.04632902890290139,0.009491900004145692
Capa 2 - Oculta 1 a Oculta 2,Neurona H1_4,Neurona H2_17,-0.08107728619927841,0.08107728619927841,0.016611129381191428
Capa 2 - Oculta 1 a Oculta 2,Neurona H1_4,Neurona H2_18,0.21901120263014445,0.21901120263014445,0.04487105567245837
Capa 2 - Oculta 1 a Oculta 2,Neurona H1_4,Neurona H2_19,-0.18382811028777993,0.18382811028777993,0.0376627372108246
Capa 2 - Oculta 1 a Oculta 2,Neurona H1_4,Neurona H2_20,0.1513199828175182,0.1513199828175182,0.03100246604657359
Capa 2 - Oculta 1 a Oculta 2,Neurona H1_4,Neurona H2_21,0.005201398634924731,0.005201398634924731,0.0010656635136445424
Capa 2 - Oculta 1 a Oculta 2,Neurona H1_4,Neurona H2_22,-0.1623320942253833,0.1623320942253833,0.0332586294670726
Capa 2 - Oculta 1 a Oculta 2,Neurona H1_4,Neurona H2_23,-0.3545646043018073,0.3545646043018073,0.07264326165989363
Capa 2 - Oculta 1 a Oculta 2,Neurona H1_4,Neurona H2_24,-0.12053152311066062,0.12053152311066062,0.024694520731517376
Capa 2 - Oculta 1 a Oculta 2,Neurona H1_4,Neurona H2_25,0.23659736249752836,0.23659736249752836,0.04847411135635754
Capa 2 - Oculta 1 a Oculta 2,Neurona H1_4,Neurona H2_26,-0.1610510363582742,0.1610510363582742,0.0329961660944945
Capa 2 - Oculta 1 a Oculta 2,Neurona H1_4,Neurona H2_27,0.39386006260274387,0.39386006260274387,0.08069412241916606
Capa 2 - Oculta 1 a Oculta 2,Neurona H1_4,Neurona H2_28,-0.18792707042339685,0.18792707042339685,0.03850253292097856
Capa 2 - Oculta 1 a Oculta 2,Neurona H1_4,Neurona H2_29,-0.04128034517285074,0.04128034517285074,0.00845752474843648
Capa 2 - Oculta 1 a Oculta 2,Neurona H1_4,Neurona H2_30,-0.13687723222818907,0.13687723222818907,0.028043432636526373
Capa 2 - Oculta 1 a Oculta 2,Neurona H1_4,Neurona H2_31,0.1442271638616281,0.1442271638616281,0.029549287987997847
Capa 2 - Oculta 1 a Oculta 2,Neurona H1_4,Neurona H2_32,0.052284290262185874,0.052284290262185874,0.010712015052085775
Capa 2 - Oculta 1 a Oculta 2,Neurona H1_5,Neurona H2_1,-0.28479866018014083,0.28479866018014083,0.05834960213412267
Capa 2 - Oculta 1 a Oculta 2,Neurona H1_5,Neurona H2_2,0.06426875623316408,0.06426875623316408,0.013167394655185722
Capa 2 - Oculta 1 a Oculta 2,Neurona H1_5,Neurona H2_3,-0.2731127658115091,0.2731127658115091,0.0559553939360934
Capa 2 - Oculta 1 a Oculta 2,Neurona H1_5,Neurona H2_4,-0.043611722302993816,0.043611722302993816,0.008935177725744719
Capa 2 - Oculta 1 a Oculta 2,Neurona H1_5,Neurona H2_5,0.22243558582176567,0.22243558582176567,0.04557264393365135
Capa 2 - Oculta 1 a Oculta 2,Neurona H1_5,Neurona H2_6,-0.026706513536549435,0.026706513536549435,0.005471635429259239
Capa 2 - Oculta 1 a Oculta 2,Neurona H1_5,Neurona H2_7,-0.10466245305900485,0.10466245305900485,0.021443262726416678
Capa 2 - Oculta 1 a Oculta 2,Neurona H1_5,Neurona H2_8,-0.1357535545299091,0.1357535545299091,0.02781321334202495
Capa 2 - Oculta 1 a Oculta 2,Neurona H1_5,Neurona H2_9,-0.0011945557741526852,0.0011945557741526852,0.00024474080778589435
Capa 2 - Oculta 1 a Oculta 2,Neurona H1_5,Neurona H2_10,0.08145105013427388,0.08145105013427388,0.016687706205272254
Capa 2 - Oculta 1 a Oculta 2,Neurona H1_5,Neurona H2_11,0.08812771452563412,0.08812771452563412,0.018055622439753543
Capa 2 - Oculta 1 a Oculta 2,Neurona H1_5,Neurona H2_12,-0.07587354329107442,0.07587354329107442,0.015544985572404161
Capa 2 - Oculta 1 a Oculta 2,Neurona H1_5,Neurona H2_13,-0.052617340037913254,0.052617340037913254,0.010780250351690975
Capa 2 - Oculta 1 a Oculta 2,Neurona H1_5,Neurona H2_14,-0.1933335095902339,0.1933335095902339,0.03961020517669684
Capa 2 - Oculta 1 a Oculta 2,Neurona H1_5,Neurona H2_15,0.05781055660037362,0.05781055660037362,0.01184423752081681
Capa 2 - Oculta 1 a Oculta 2,Neurona H1_5,Neurona H2_16,-0.40215441944877367,0.40215441944877367,0.08239347178274153
Capa 2 - Oculta 1 a Oculta 2,Neurona H1_5,Neurona H2_17,0.2622187909709838,0.2622187909709838,0.05372343435734493
Capa 2 - Oculta 1 a Oculta 2,Neurona H1_5,Neurona H2_18,-0.1076044873224092,0.1076044873224092,0.02204602725004898
Capa 2 - Oculta 1 a Oculta 2,Neurona H1_5,Neurona H2_19,0.12010824084279755,0.12010824084279755,0.024607798582246668
Capa 2 - Oculta 1 a Oculta 2,Neurona H1_5,Neurona H2_20,0.13197945744103992,0.13197945744103992,0.027039975632929775
Capa 2 - Oculta 1 a Oculta 2,Neurona H1_5,Neurona H2_21,0.11318796654822116,0.11318796654822116,0.023189971505770537
Capa 2 - Oculta 1 a Oculta 2,Neurona H1_5,Neurona H2_22,-0.11364396627491373,0.11364396627491373,0.02328339681405306
Capa 2 - Oculta 1 a Oculta 2,Neurona H1_5,Neurona H2_23,-0.1925814958438891,0.1925814958438891,0.03945613246135873
Capa 2 - Oculta 1 a Oculta 2,Neurona H1_5,Neurona H2_24,-0.2041427366107435,0.2041427366107435,0.04182480160641742
Capa 2 - Oculta 1 a Oculta 2,Neurona H1_5,Neurona H2_25,0.06327519288472289,0.06327519288472289,0.012963833212726966
Capa 2 - Oculta 1 a Oculta 2,Neurona H1_5,Neurona H2_26,-0.06722604820544745,0.06722604820544745,0.013773285181033082
Capa 2 - Oculta 1 a Oculta 2,Neurona H1_5,Neurona H2_27,-0.19590288030530095,0.19590288030530095,0.04013661832367022
Capa 2 - Oculta 1 a Oculta 2,Neurona H1_5,Neurona H2_28,-0.08292341902778348,0.08292341902778348,0.016989365416297343
Capa 2 - Oculta 1 a Oculta 2,Neurona H1_5,Neurona H2_29,0.3003177449170776,0.3003177449170776,0.06152915508325955
Capa 2 - Oculta 1 a Oculta 2,Neurona H1_5,Neurona H2_30,-0.07076911085156366,0.07076911085156366,0.014499188510797302
Capa 2 - Oculta 1 a Oculta 2,Neurona H1_5,Neurona H2_31,-0.11673160859804191,0.11673160859804191,0.023915993543872825
Capa 2 - Oculta 1 a Oculta 2,Neurona H1_5,Neurona H2_32,-0.02036033927625077,0.02036033927625077,0.004171430073910947
Capa 2 - Oculta 1 a Oculta 2,Neurona H1_6,Neurona H2_1,0.003725312296662687,0.003725312296662687,0.0007632426718515158
Capa 2 - Oculta 1 a Oculta 2,Neurona H1_6,Neurona H2_2,-0.1718383238344397,0.1718383238344397,0.035206267546315
Capa 2 - Oculta 1 a Oculta 2,Neurona H1_6,Neurona H2_3,-0.04483302419006764,0.04483302419006764,0.009185398282089105
Capa 2 - Oculta 1 a Oculta 2,Neurona H1_6,Neurona H2_4,-0.122647144989702,0.122647144989702,0.025127969733104064
Capa 2 - Oculta 1 a Oculta 2,Neurona H1_6,Neurona H2_5,0.20509557031235748,0.20509557031235748,0.04202001835130657
Capa 2 - Oculta 1 a Oculta 2,Neurona H1_6,Neurona H2_6,-0.07494688950064493,0.07494688950064493,0.015355132572557053
Capa 2 - Oculta 1 a Oculta 2,Neurona H1_6,Neurona H2_7,-0.3195438748280522,0.3195438748280522,0.06546820813278843
Capa 2 - Oculta 1 a Oculta 2,Neurona H1_6,Neurona H2_8,-0.12739790081970104,0.12739790081970104,0.026101305465587747
Capa 2 - Oculta 1 a Oculta 2,Neurona H1_6,Neurona H2_9,-0.18159134774520266,0.18159134774520266,0.0372044688877035
Capa 2 - Oculta 1 a Oculta 2,Neurona H1_6,Neurona H2_10,0.08447085775626201,0.08447085775626201,0.017306404948985256
Capa 2 - Oculta 1 a Oculta 2,Neurona H1_6,Neurona H2_11,-0.04922402978993154,0.04922402978993154,0.010085028320933751
Capa 2 - Oculta 1 a Oculta 2,Neurona H1_6,Neurona H2_12,-0.013417864196306329,0.013417864196306329,0.0027490544964254644
Capa 2 - Oculta 1 a Oculta 2,Neurona H1_6,Neurona H2_13,0.04150437592849041,0.04150437592849041,0.008503424211057244
Capa 2 - Oculta 1 a Oculta 2,Neurona H1_6,Neurona H2_14,-0.33243004590490216,0.33243004590490216,0.06810832924463228
Capa 2 - Oculta 1 a Oculta 2,Neurona H1_6,Neurona H2_15,-0.08104310749121425,0.08104310749121425,0.016604126841166345
Capa 2 - Oculta 1 a Oculta 2,Neurona H1_6,Neurona H2_16,-0.09526614686868529,0.09526614686868529,0.019518145777521104
Capa 2 - Oculta 1 a Oculta 2,Neurona H1_6,Neurona H2_17,0.1607108618247833,0.1607108618247833,0.03292647107320192
Capa 2 - Oculta 1 a Oculta 2,Neurona H1_6,Neurona H2_18,-0.20321911355957373,0.20321911355957373,0.04163556954498998
Capa 2 - Oculta 1 a Oculta 2,Neurona H1_6,Neurona H2_19,0.1355190564891673,0.1355190564891673,0.0277651693400979
Capa 2 - Oculta 1 a Oculta 2,Neurona H1_6,Neurona H2_20,-0.10165677538012396,0.10165677538012396,0.020827458928058984
Capa 2 - Oculta 1 a Oculta 2,Neurona H1_6,Neurona H2_21,-0.03193387987169198,0.03193387987169198,0.006542619210123751
Capa 2 - Oculta 1 a Oculta 2,Neurona H1_6,Neurona H2_22,0.12098731588267926,0.12098731588267926,0.024787903638888057
Capa 2 - Oculta 1 a Oculta 2,Neurona H1_6,Neurona H2_23,-0.21165933601342904,0.21165933601342904,0.043364803881255604
Capa 2 - Oculta 1 a Oculta 2,Neurona H1_6,Neurona H2_24,0.1469265286914856,0.1469265286914856,0.030102334353234964
Capa 2 - Oculta 1 a Oculta 2,Neurona H1_6,Neurona H2_25,0.09894064217964732,0.09894064217964732,0.02027097705595029
Capa 2 - Oculta 1 a Oculta 2,Neurona H1_6,Neurona H2_26,0.023606601833055307,0.023606601833055307,0.004836524946522475
Capa 2 - Oculta 1 a Oculta 2,Neurona H1_6,Neurona H2_27,-0.23671612262121208,0.23671612262121208,0.048498442952447075
Capa 2 - Oculta 1 a Oculta 2,Neurona H1_6,Neurona H2_28,-0.01580424983329217,0.01580424983329217,0.003237977626782306
Capa 2 - Oculta 1 a Oculta 2,Neurona H1_6,Neurona H2_29,0.12501681093885553,0.12501681093885553,0.025613467330727693
Capa 2 - Oculta 1 a Oculta 2,Neurona H1_6,Neurona H2_30,0.24816569522189283,0.24816569522189283,0.05084423350298163
Capa 2 - Oculta 1 a Oculta 2,Neurona H1_6,Neurona H2_31,0.022031469162714895,0.022031469162714895,0.004513811473907515
Capa 2 - Oculta 1 a Oculta 2,Neurona H1_6,Neurona H2_32,0.06400051532478979,0.06400051532478979,0.01311243740830178
Capa 2 - Oculta 1 a Oculta 2,Neurona H1_7,Neurona H2_1,-0.043983281409614085,0.043983281409614085,0.009011302824180537
Capa 2 - Oculta 1 a Oculta 2,Neurona H1_7,Neurona H2_2,0.22370758442893227,0.22370758442893227,0.045833251243378094
Capa 2 - Oculta 1 a Oculta 2,Neurona H1_7,Neurona H2_3,-0.12432482634041657,0.12432482634041657,0.025471693398307106
Capa 2 - Oculta 1 a Oculta 2,Neurona H1_7,Neurona H2_4,-0.21072619717799984,0.21072619717799984,0.04317362222419039
Capa 2 - Oculta 1 a Oculta 2,Neurona H1_7,Neurona H2_5,0.027050773967522937,0.027050773967522937,0.005542167569983215
Capa 2 - Oculta 1 a Oculta 2,Neurona H1_7,Neurona H2_6,0.24516128841915763,0.24516128841915763,0.050228690081963547
Capa 2 - Oculta 1 a Oculta 2,Neurona H1_7,Neurona H2_7,-0.0770250420816449,0.0770250420816449,0.015780904857435957
Capa 2 - Oculta 1 a Oculta 2,Neurona H1_7,Neurona H2_8,-0.1731638727676765,0.1731638727676765,0.03547784625674417
Capa 2 - Oculta 1 a Oculta 2,Neurona H1_7,Neurona H2_9,-0.24752231218692033,0.24752231218692033,0.05071241706786657
Capa 2 - Oculta 1 a Oculta 2,Neurona H1_7,Neurona H2_10,-0.11665760961748697,0.11665760961748697,0.023900832619060258
Capa 2 - Oculta 1 a Oculta 2,Neurona H1_7,Neurona H2_11,-0.06475368105301223,0.06475368105301223,0.01326674614189989
Capa 2 - Oculta 1 a Oculta 2,Neurona H1_7,Neurona H2_12,0.015407502259576373,0.015407502259576373,0.003156691910552628
Capa 2 - Oculta 1 a Oculta 2,Neurona H1_7,Neurona H2_13,0.10064940824384276,0.10064940824384276,0.020621069362996354
Capa 2 - Oculta 1 a Oculta 2,Neurona H1_7,Neurona H2_14,-0.26298778871613127,0.26298778871613127,0.05388098675749672
Capa 2 - Oculta 1 a Oculta 2,Neurona H1_7,Neurona H2_15,0.23191974831307635,0.23191974831307635,0.04751576089773156
Capa 2 - Oculta 1 a Oculta 2,Neurona H1_7,Neurona H2_16,-0.1764156938273576,0.1764156938273576,0.03614407995645237
Capa 2 - Oculta 1 a Oculta 2,Neurona H1_7,Neurona H2_17,-0.10541668830938691,0.10541668830938691,0.02159779058391252
Capa 2 - Oculta 1 a Oculta 2,Neurona H1_7,Neurona H2_18,0.02173210949890742,0.02173210949890742,0.0044524786106590625
Capa 2 - Oculta 1 a Oculta 2,Neurona H1_7,Neurona H2_19,0.08516515003246326,0.08516515003246326,0.017448651678852286
Capa 2 - Oculta 1 a Oculta 2,Neurona H1_7,Neurona H2_20,-0.0930631663126083,0.0930631663126083,0.01906679871403775
Capa 2 - Oculta 1 a Oculta 2,Neurona H1_7,Neurona H2_21,0.14332203285003367,0.14332203285003367,0.029363844579056296
Capa 2 - Oculta 1 a Oculta 2,Neurona H1_7,Neurona H2_22,-0.12619996359846936,0.12619996359846936,0.025855871866299347
Capa 2 - Oculta 1 a Oculta 2,Neurona H1_7,Neurona H2_23,0.16177415881672735,0.16177415881672735,0.03314431955742969
Capa 2 - Oculta 1 a Oculta 2,Neurona H1_7,Neurona H2_24,0.1615929405162336,0.1615929405162336,0.033107191518531816
Capa 2 - Oculta 1 a Oculta 2,Neurona H1_7,Neurona H2_25,-0.20446565432997965,0.20446565432997965,0.041890961048416095
Capa 2 - Oculta 1 a Oculta 2,Neurona H1_7,Neurona H2_26,-0.1758823818617335,0.1758823818617335,0.03603481490236872
Capa 2 - Oculta 1 a Oculta 2,Neurona H1_7,Neurona H2_27,0.14077742423191417,0.14077742423191417,0.02884250469508206
Capa 2 - Oculta 1 a Oculta 2,Neurona H1_7,Neurona H2_28,-0.25516061634690695,0.25516061634690695,0.052277354235874054
Capa 2 - Oculta 1 a Oculta 2,Neurona H1_7,Neurona H2_29,0.20088560027005908,0.20088560027005908,0.04115747891095489
Capa 2 - Oculta 1 a Oculta 2,Neurona H1_7,Neurona H2_30,-0.04117555399552215,0.04117555399552215,0.00843605511265792
Capa 2 - Oculta 1 a Oculta 2,Neurona H1_7,Neurona H2_31,0.14759936536064966,0.14759936536064966,0.030240185254366798
Capa 2 - Oculta 1 a Oculta 2,Neurona H1_7,Neurona H2_32,-0.1653538646061851,0.1653538646061851,0.0338777303411741
Capa 2 - Oculta 1 a Oculta 2,Neurona H1_8,Neurona H2_1,-0.1949497508920488,0.1949497508920488,0.03994134099332598
Capa 2 - Oculta 1 a Oculta 2,Neurona H1_8,Neurona H2_2,-0.18417903670836439,0.18417903670836439,0.03773463508073208
Capa 2 - Oculta 1 a Oculta 2,Neurona H1_8,Neurona H2_3,-0.2142134734651615,0.2142134734651615,0.043888096034421585
Capa 2 - Oculta 1 a Oculta 2,Neurona H1_8,Neurona H2_4,-0.0463007628761331,0.0463007628761331,0.009486108855357283
Capa 2 - Oculta 1 a Oculta 2,Neurona H1_8,Neurona H2_5,0.0704265170016592,0.0704265170016592,0.014428997819510767
Capa 2 - Oculta 1 a Oculta 2,Neurona H1_8,Neurona H2_6,0.19699176688066158,0.19699176688066158,0.04035970960647784
Capa 2 - Oculta 1 a Oculta 2,Neurona H1_8,Neurona H2_7,0.06458162428662967,0.06458162428662967,0.013231495119803944
Capa 2 - Oculta 1 a Oculta 2,Neurona H1_8,Neurona H2_8,0.05578022852930294,0.05578022852930294,0.011428263530371135
Capa 2 - Oculta 1 a Oculta 2,Neurona H1_8,Neurona H2_9,-0.26401824200738977,0.26401824200738977,0.05409210621825787
Capa 2 - Oculta 1 a Oculta 2,Neurona H1_8,Neurona H2_10,-0.06139905172330579,0.06139905172330579,0.012579449064827905
Capa 2 - Oculta 1 a Oculta 2,Neurona H1_8,Neurona H2_11,0.2744176409516657,0.2744176409516657,0.05622273699597538
Capa 2 - Oculta 1 a Oculta 2,Neurona H1_8,Neurona H2_12,0.013469567043572722,0.013469567043572722,0.00275964738532911
Capa 2 - Oculta 1 a Oculta 2,Neurona H1_8,Neurona H2_13,0.17143200414163529,0.17143200414163529,0.03512302069255733
Capa 2 - Oculta 1 a Oculta 2,Neurona H1_8,Neurona H2_14,-0.30536820730137243,0.30536820730137243,0.06256389474997905
Capa 2 - Oculta 1 a Oculta 2,Neurona H1_8,Neurona H2_15,-0.18697033800130647,0.18697033800130647,0.038306517405517646
Capa 2 - Oculta 1 a Oculta 2,Neurona H1_8,Neurona H2_16,-0.25608740994912566,0.25608740994912566,0.05246723588038637
Capa 2 - Oculta 1 a Oculta 2,Neurona H1_8,Neurona H2_17,-0.1492388780242739,0.1492388780242739,0.03057608891190445
Capa 2 - Oculta 1 a Oculta 2,Neurona H1_8,Neurona H2_18,0.22728846078282222,0.22728846078282222,0.04656690185257972
Capa 2 - Oculta 1 a Oculta 2,Neurona H1_8,Neurona H2_19,-0.1277957037294569,0.1277957037294569,0.026182807399260356
Capa 2 - Oculta 1 a Oculta 2,Neurona H1_8,Neurona H2_20,0.2629920923774392,0.2629920923774392,0.05388186849242089
Capa 2 - Oculta 1 a Oculta 2,Neurona H1_8,Neurona H2_21,0.1798403430645549,0.1798403430645549,0.03684572272511215
Capa 2 - Oculta 1 a Oculta 2,Neurona H1_8,Neurona H2_22,-0.19632458772189795,0.19632458772189795,0.04022301781712247
Capa 2 - Oculta 1 a Oculta 2,Neurona H1_8,Neurona H2_23,0.19981448267407143,0.19981448267407143,0.04093802813992526
Capa 2 - Oculta 1 a Oculta 2,Neurona H1_8,Neurona H2_24,0.17336588338582387,0.17336588338582387,0.035519234229525756
Capa 2 - Oculta 1 a Oculta 2,Neurona H1_8,Neurona H2_25,-0.14397035438742578,0.14397035438742578,0.029496672815459816
Capa 2 - Oculta 1 a Oculta 2,Neurona H1_8,Neurona H2_26,-0.1944711146098407,0.1944711146098407,0.039843277903365754
Capa 2 - Oculta 1 a Oculta 2,Neurona H1_8,Neurona H2_27,0.12091479291580909,0.12091479291580909,0.02477304512003202
Capa 2 - Oculta 1 a Oculta 2,Neurona H1_8,Neurona H2_28,-0.26036595983781563,0.26036595983781563,0.05334382597234167
Capa 2 - Oculta 1 a Oculta 2,Neurona H1_8,Neurona H2_29,0.11033366692955704,0.11033366692955704,0.022605182072367707
Capa 2 - Oculta 1 a Oculta 2,Neurona H1_8,Neurona H2_30,-0.1906607442735257,0.1906607442735257,0.03906260852462986
Capa 2 - Oculta 1 a Oculta 2,Neurona H1_8,Neurona H2_31,-0.08966184514177479,0.08966184514177479,0.018369935403926074
Capa 2 - Oculta 1 a Oculta 2,Neurona H1_8,Neurona H2_32,0.2989997303861939,0.2989997303861939,0.061259120022576975
Capa 2 - Oculta 1 a Oculta 2,Neurona H1_9,Neurona H2_1,0.0631564236572072,0.0631564236572072,0.012939499751442651
Capa 2 - Oculta 1 a Oculta 2,Neurona H1_9,Neurona H2_2,0.079755053773159,0.079755053773159,0.016340230157353426
Capa 2 - Oculta 1 a Oculta 2,Neurona H1_9,Neurona H2_3,-0.03616252247846732,0.03616252247846732,0.007408984288936525
Capa 2 - Oculta 1 a Oculta 2,Neurona H1_9,Neurona H2_4,-0.03900147266874572,0.03900147266874572,0.007990628928614811
Capa 2 - Oculta 1 a Oculta 2,Neurona H1_9,Neurona H2_5,-0.2763530922361246,0.2763530922361246,0.056619272612844926
Capa 2 - Oculta 1 a Oculta 2,Neurona H1_9,Neurona H2_6,0.013741187747318095,0.013741187747318095,0.002815297085313331
Capa 2 - Oculta 1 a Oculta 2,Neurona H1_9,Neurona H2_7,-0.17588979265165497,0.17588979265165497,0.03603633322637749
Capa 2 - Oculta 1 a Oculta 2,Neurona H1_9,Neurona H2_8,-0.169212513970259,0.169212513970259,0.03466829113604015
Capa 2 - Oculta 1 a Oculta 2,Neurona H1_9,Neurona H2_9,0.10619629526510042,0.10619629526510042,0.021757516601085863
Capa 2 - Oculta 1 a Oculta 2,Neurona H1_9,Neurona H2_10,-0.24327473485350323,0.24327473485350323,0.049842172638759924
Capa 2 - Oculta 1 a Oculta 2,Neurona H1_9,Neurona H2_11,-0.03817579735013202,0.03817579735013202,0.007821464416736135
Capa 2 - Oculta 1 a Oculta 2,Neurona H1_9,Neurona H2_12,-0.041381764681022656,0.041381764681022656,0.00847830359601507
Capa 2 - Oculta 1 a Oculta 2,Neurona H1_9,Neurona H2_13,-0.19561825363672122,0.19561825363672122,0.04007830395920697
Capa 2 - Oculta 1 a Oculta 2,Neurona H1_9,Neurona H2_14,0.1150486674829821,0.1150486674829821,0.02357119225717863
Capa 2 - Oculta 1 a Oculta 2,Neurona H1_9,Neurona H2_15,-0.125712603985006,0.125712603985006,0.0257560215386193
Capa 2 - Oculta 1 a Oculta 2,Neurona H1_9,Neurona H2_16,0.03189450811725653,0.03189450811725653,0.006534552717798339
Capa 2 - Oculta 1 a Oculta 2,Neurona H1_9,Neurona H2_17,-0.27310137182801036,0.27310137182801036,0.05595305953464835
Capa 2 - Oculta 1 a Oculta 2,Neurona H1_9,Neurona H2_18,-0.20816287644710715,0.20816287644710715,0.04264844859909282
Capa 2 - Oculta 1 a Oculta 2,Neurona H1_9,Neurona H2_19,-0.21668460706178908,0.21668460706178908,0.04439438234241292
Capa 2 - Oculta 1 a Oculta 2,Neurona H1_9,Neurona H2_20,-0.19775701903557513,0.19775701903557513,0.04051649460941024
Capa 2 - Oculta 1 a Oculta 2,Neurona H1_9,Neurona H2_21,-0.02978244599650356,0.02978244599650356,0.00610183304014769
Capa 2 - Oculta 1 a Oculta 2,Neurona H1_9,Neurona H2_22,0.23459183572808145,0.23459183572808145,0.048063218661172316
Capa 2 - Oculta 1 a Oculta 2,Neurona H1_9,Neurona H2_23,0.09727901532652415,0.09727901532652415,0.019930542639180964
Capa 2 - Oculta 1 a Oculta 2,Neurona H1_9,Neurona H2_24,0.24913963299735753,0.24913963299735753,0.05104377405442176
Capa 2 - Oculta 1 a Oculta 2,Neurona H1_9,Neurona H2_25,-0.17816537358026696,0.17816537358026696,0.036502554667603805
Capa 2 - Oculta 1 a Oculta 2,Neurona H1_9,Neurona H2_26,-0.14663368709450927,0.14663368709450927,0.030042336912723545
Capa 2 - Oculta 1 a Oculta 2,Neurona H1_9,Neurona H2_27,0.029757569398460505,0.029757569398460505,0.006096736318142943
Capa 2 - Oculta 1 a Oculta 2,Neurona H1_9,Neurona H2_28,0.21869390961550758,0.21869390961550758,0.04480604862097755
Capa 2 - Oculta 1 a Oculta 2,Neurona H1_9,Neurona H2_29,0.06745499619639893,0.06745499619639893,0.013820192087733331
Capa 2 - Oculta 1 a Oculta 2,Neurona H1_9,Neurona H2_30,-0.011672726776173705,0.011672726776173705,0.0023915104192528415
Capa 2 - Oculta 1 a Oculta 2,Neurona H1_9,Neurona H2_31,-0.12789368348828872,0.12789368348828872,0.026202881510358416
Capa 2 - Oculta 1 a Oculta 2,Neurona H1_9,Neurona H2_32,-0.11023729165584414,0.11023729165584414,0.022585436688477352
Capa 2 - Oculta 1 a Oculta 2,Neurona H1_10,Neurona H2_1,0.21609397413389658,0.21609397413389658,0.04427337335898568
Capa 2 - Oculta 1 a Oculta 2,Neurona H1_10,Neurona H2_2,-0.23771476381375842,0.23771476381375842,0.04870304474454458
Capa 2 - Oculta 1 a Oculta 2,Neurona H1_10,Neurona H2_3,-0.4318990100521254,0.4318990100521254,0.08848754900294387
Capa 2 - Oculta 1 a Oculta 2,Neurona H1_10,Neurona H2_4,0.015972401214217478,0.015972401214217478,0.0032724285127839776
Capa 2 - Oculta 1 a Oculta 2,Neurona H1_10,Neurona H2_5,0.24578153629070787,0.24578153629070787,0.050355766580520815
Capa 2 - Oculta 1 a Oculta 2,Neurona H1_10,Neurona H2_6,0.10303330083142301,0.10303330083142301,0.021109481716930212
Capa 2 - Oculta 1 a Oculta 2,Neurona H1_10,Neurona H2_7,-0.2998670405032828,0.2998670405032828,0.06143681467966219
Capa 2 - Oculta 1 a Oculta 2,Neurona H1_10,Neurona H2_8,-0.06740980864913486,0.06740980864913486,0.013810934054698316
Capa 2 - Oculta 1 a Oculta 2,Neurona H1_10,Neurona H2_9,0.1259831001789311,0.1259831001789311,0.02581144084882371
Capa 2 - Oculta 1 a Oculta 2,Neurona H1_10,Neurona H2_10,0.09198164647824493,0.09198164647824493,0.018845216730487162
Capa 2 - Oculta 1 a Oculta 2,Neurona H1_10,Neurona H2_11,-0.15625656583611147,0.15625656583611147,0.03201387408780099
Capa 2 - Oculta 1 a Oculta 2,Neurona H1_10,Neurona H2_12,-0.20183599772182367,0.20183599772182367,0.04135219651652463
Capa 2 - Oculta 1 a Oculta 2,Neurona H1_10,Neurona H2_13,0.04788214846041292,0.04788214846041292,0.009810103426135813
Capa 2 - Oculta 1 a Oculta 2,Neurona H1_10,Neurona H2_14,-0.04324583918377072,0.04324583918377072,0.008860215524655865
Capa 2 - Oculta 1 a Oculta 2,Neurona H1_10,Neurona H2_15,0.010290307628140365,0.010290307628140365,0.0021082801287054176
Capa 2 - Oculta 1 a Oculta 2,Neurona H1_10,Neurona H2_16,-0.18691133201883112,0.18691133201883112,0.038294428248922624
Capa 2 - Oculta 1 a Oculta 2,Neurona H1_10,Neurona H2_17,0.3973241810341089,0.3973241810341089,0.0814038516436216
Capa 2 - Oculta 1 a Oculta 2,Neurona H1_10,Neurona H2_18,-0.03895182200932249,0.03895182200932249,0.00798045649233576
Capa 2 - Oculta 1 a Oculta 2,Neurona H1_10,Neurona H2_19,0.475005685304879,0.475005685304879,0.0973192525956927
Capa 2 - Oculta 1 a Oculta 2,Neurona H1_10,Neurona H2_20,0.14603726721366897,0.14603726721366897,0.029920142297306815
Capa 2 - Oculta 1 a Oculta 2,Neurona H1_10,Neurona H2_21,0.26001206477817257,0.26001206477817257,0.053271319887115205
Capa 2 - Oculta 1 a Oculta 2,Neurona H1_10,Neurona H2_22,0.2579704242343274,0.2579704242343274,0.05285302819515673
Capa 2 - Oculta 1 a Oculta 2,Neurona H1_10,Neurona H2_23,0.37031934349049966,0.37031934349049966,0.07587109553665979
Capa 2 - Oculta 1 a Oculta 2,Neurona H1_10,Neurona H2_24,-0.30813506904540244,0.30813506904540244,0.06313076989546658
Capa 2 - Oculta 1 a Oculta 2,Neurona H1_10,Neurona H2_25,0.053515748181978406,0.053515748181978406,0.010964316378290607
Capa 2 - Oculta 1 a Oculta 2,Neurona H1_10,Neurona H2_26,0.40270812014157453,0.40270812014157453,0.0825069140830174
Capa 2 - Oculta 1 a Oculta 2,Neurona H1_10,Neurona H2_27,-0.4026904656973357,0.4026904656973357,0.08250329703721886
Capa 2 - Oculta 1 a Oculta 2,Neurona H1_10,Neurona H2_28,0.3027517946245549,0.3027517946245549,0.06202784363718794
Capa 2 - Oculta 1 a Oculta 2,Neurona H1_10,Neurona H2_29,-0.26972876046551136,0.26972876046551136,0.055262078295374384
Capa 2 - Oculta 1 a Oculta 2,Neurona H1_10,Neurona H2_30,0.3822217470882841,0.3822217470882841,0.07830966218557303
Capa 2 - Oculta 1 a Oculta 2,Neurona H1_10,Neurona H2_31,-0.222277489636303,0.222277489636303,0.04554025315795446
Capa 2 - Oculta 1 a Oculta 2,Neurona H1_10,Neurona H2_32,-0.0008801540495447826,0.0008801540495447826,0.00018032612434058104
Capa 2 - Oculta 1 a Oculta 2,Neurona H1_11,Neurona H2_1,-0.27664492705536503,0.27664492705536503,0.05667906378454775
Capa 2 - Oculta 1 a Oculta 2,Neurona H1_11,Neurona H2_2,0.21819155691676442,0.21819155691676442,0.04470312650721436
Capa 2 - Oculta 1 a Oculta 2,Neurona H1_11,Neurona H2_3,-0.22397658944390478,0.22397658944390478,0.045888365040563095
Capa 2 - Oculta 1 a Oculta 2,Neurona H1_11,Neurona H2_4,0.2220045051866974,0.2220045051866974,0.04548432405346634
Capa 2 - Oculta 1 a Oculta 2,Neurona H1_11,Neurona H2_5,-0.14579327871355796,0.14579327871355796,0.029870153888310182
Capa 2 - Oculta 1 a Oculta 2,Neurona H1_11,Neurona H2_6,0.16985238885692472,0.16985238885692472,0.03479938882108174
Capa 2 - Oculta 1 a Oculta 2,Neurona H1_11,Neurona H2_7,-0.04594772772391918,0.04594772772391918,0.00941377894812383
Capa 2 - Oculta 1 a Oculta 2,Neurona H1_11,Neurona H2_8,0.16128387819078496,0.16128387819078496,0.03304387077217308
Capa 2 - Oculta 1 a Oculta 2,Neurona H1_11,Neurona H2_9,0.09189234493598214,0.09189234493598214,0.018826920614003675
Capa 2 - Oculta 1 a Oculta 2,Neurona H1_11,Neurona H2_10,0.20696449011669885,0.20696449011669885,0.042402922986233306
Capa 2 - Oculta 1 a Oculta 2,Neurona H1_11,Neurona H2_11,0.011394014307497057,0.011394014307497057,0.002334407757158803
Capa 2 - Oculta 1 a Oculta 2,Neurona H1_11,Neurona H2_12,0.09275658057186514,0.09275658057186514,0.019003985370811195
Capa 2 - Oculta 1 a Oculta 2,Neurona H1_11,Neurona H2_13,-0.0715247508149289,0.0715247508149289,0.014654004166148756
Capa 2 - Oculta 1 a Oculta 2,Neurona H1_11,Neurona H2_14,-0.2646440234775168,0.2646440234775168,0.054220316441514274
Capa 2 - Oculta 1 a Oculta 2,Neurona H1_11,Neurona H2_15,-0.12248967573290807,0.12248967573290807,0.025095707402668702
Capa 2 - Oculta 1 a Oculta 2,Neurona H1_11,Neurona H2_16,-0.27845254492069615,0.27845254492069615,0.05704940886688025
Capa 2 - Oculta 1 a Oculta 2,Neurona H1_11,Neurona H2_17,-0.005102638499702222,0.005102638499702222,0.0010454295188873316
Capa 2 - Oculta 1 a Oculta 2,Neurona H1_11,Neurona H2_18,0.023353857021825443,0.023353857021825443,0.004784742542885469
Capa 2 - Oculta 1 a Oculta 2,Neurona H1_11,Neurona H2_19,-0.24877820623851055,0.24877820623851055,0.050969724873270394
Capa 2 - Oculta 1 a Oculta 2,Neurona H1_11,Neurona H2_20,-0.24569021188279097,0.24569021188279097,0.050337056018948244
Capa 2 - Oculta 1 a Oculta 2,Neurona H1_11,Neurona H2_21,0.1377241237675917,0.1377241237675917,0.02821694393164146
Capa 2 - Oculta 1 a Oculta 2,Neurona H1_11,Neurona H2_22,-0.24465221409851654,0.24465221409851654,0.050124390841063605
Capa 2 - Oculta 1 a Oculta 2,Neurona H1_11,Neurona H2_23,-0.2542989978699615,0.2542989978699615,0.052100825683073365
Capa 2 - Oculta 1 a Oculta 2,Neurona H1_11,Neurona H2_24,-0.00237273699708561,0.00237273699708561,0.00048612679449154387
Capa 2 - Oculta 1 a Oculta 2,Neurona H1_11,Neurona H2_25,0.12045270835032304,0.12045270835032304,0.024678373148852885
Capa 2 - Oculta 1 a Oculta 2,Neurona H1_11,Neurona H2_26,0.1963709918719983,0.1963709918719983,0.04023252510797143
Capa 2 - Oculta 1 a Oculta 2,Neurona H1_11,Neurona H2_27,-0.04925738328587951,0.04925738328587951,0.010091861791347955
Capa 2 - Oculta 1 a Oculta 2,Neurona H1_11,Neurona H2_28,-0.21311079852873607,0.21311079852873607,0.04366217978965064
Capa 2 - Oculta 1 a Oculta 2,Neurona H1_11,Neurona H2_29,-0.16057696337213967,0.16057696337213967,0.03289903793347721
Capa 2 - Oculta 1 a Oculta 2,Neurona H1_11,Neurona H2_30,-0.1418947900600867,0.1418947900600867,0.029071430812469316
Capa 2 - Oculta 1 a Oculta 2,Neurona H1_11,Neurona H2_31,-0.12925782258702234,0.12925782258702234,0.0264823665810268
Capa 2 - Oculta 1 a Oculta 2,Neurona H1_11,Neurona H2_32,-0.18559999734642132,0.18559999734642132,0.03802576175887877
Capa 2 - Oculta 1 a Oculta 2,Neurona H1_12,Neurona H2_1,-0.09537389004591207,0.09537389004591207,0.019540220219584393
Capa 2 - Oculta 1 a Oculta 2,Neurona H1_12,Neurona H2_2,-0.21654092238289055,0.21654092238289055,0.044364944198844423
Capa 2 - Oculta 1 a Oculta 2,Neurona H1_12,Neurona H2_3,-0.36089019100004754,0.36089019100004754,0.0739392490317224
Capa 2 - Oculta 1 a Oculta 2,Neurona H1_12,Neurona H2_4,-0.07601172579242688,0.07601172579242688,0.015573296428820108
Capa 2 - Oculta 1 a Oculta 2,Neurona H1_12,Neurona H2_5,0.2874975704431558,0.2874975704431558,0.058902555367621096
Capa 2 - Oculta 1 a Oculta 2,Neurona H1_12,Neurona H2_6,-0.10686585629091477,0.10686585629091477,0.021894696387802805
Capa 2 - Oculta 1 a Oculta 2,Neurona H1_12,Neurona H2_7,0.02859260209532392,0.02859260209532392,0.00585805760176736
Capa 2 - Oculta 1 a Oculta 2,Neurona H1_12,Neurona H2_8,0.0861503913676902,0.0861503913676902,0.017650508105705634
Capa 2 - Oculta 1 a Oculta 2,Neurona H1_12,Neurona H2_9,-0.18116783867216926,0.18116783867216926,0.037117700270547574
Capa 2 - Oculta 1 a Oculta 2,Neurona H1_12,Neurona H2_10,0.3239680414659415,0.3239680414659415,0.06637463221123253
Capa 2 - Oculta 1 a Oculta 2,Neurona H1_12,Neurona H2_11,-0.1324309747851576,0.1324309747851576,0.027132482589841928
Capa 2 - Oculta 1 a Oculta 2,Neurona H1_12,Neurona H2_12,0.018266932241238792,0.018266932241238792,0.0037425324536747412
Capa 2 - Oculta 1 a Oculta 2,Neurona H1_12,Neurona H2_13,-0.01766755408010608,0.01766755408010608,0.003619731745244953
Capa 2 - Oculta 1 a Oculta 2,Neurona H1_12,Neurona H2_14,0.07142320744122216,0.07142320744122216,0.0146331999409765
Capa 2 - Oculta 1 a Oculta 2,Neurona H1_12,Neurona H2_15,0.2542475682637058,0.2542475682637058,0.05209028877583849
Capa 2 - Oculta 1 a Oculta 2,Neurona H1_12,Neurona H2_16,-0.24920029721220419,0.24920029721220419,0.05105620294997149
Capa 2 - Oculta 1 a Oculta 2,Neurona H1_12,Neurona H2_17,0.3016147718855368,0.3016147718855368,0.06179489020827366
Capa 2 - Oculta 1 a Oculta 2,Neurona H1_12,Neurona H2_18,-0.03471720400419317,0.03471720400419317,0.007112867172803847
Capa 2 - Oculta 1 a Oculta 2,Neurona H1_12,Neurona H2_19,0.3180486524211473,0.3180486524211473,0.06516186668971514
Capa 2 - Oculta 1 a Oculta 2,Neurona H1_12,Neurona H2_20,0.06311815472346358,0.06311815472346358,0.012931659205224407
Capa 2 - Oculta 1 a Oculta 2,Neurona H1_12,Neurona H2_21,0.17114533932870996,0.17114533932870996,0.03506428875270387
Capa 2 - Oculta 1 a Oculta 2,Neurona H1_12,Neurona H2_22,-0.16082691355688383,0.16082691355688383,0.03295024777352333
Capa 2 - Oculta 1 a Oculta 2,Neurona H1_12,Neurona H2_23,0.14161858088601112,0.14161858088601112,0.0290148410258358
Capa 2 - Oculta 1 a Oculta 2,Neurona H1_12,Neurona H2_24,-0.194311202978163,0.194311202978163,0.0398105151787128
Capa 2 - Oculta 1 a Oculta 2,Neurona H1_12,Neurona H2_25,0.16901706350025217,0.16901706350025217,0.034628247207622045
Capa 2 - Oculta 1 a Oculta 2,Neurona H1_12,Neurona H2_26,0.3102663880772818,0.3102663880772818,0.06356743493262787
Capa 2 - Oculta 1 a Oculta 2,Neurona H1_12,Neurona H2_27,-0.2913601576883611,0.2913601576883611,0.05969392295630113
Capa 2 - Oculta 1 a Oculta 2,Neurona H1_12,Neurona H2_28,0.27992173886414373,0.27992173886414373,0.05735041759354984
Capa 2 - Oculta 1 a Oculta 2,Neurona H1_12,Neurona H2_29,-0.0454161109609688,0.0454161109609688,0.009304861207477281
Capa 2 - Oculta 1 a Oculta 2,Neurona H1_12,Neurona H2_30,0.08909844327633962,0.08909844327633962,0.018254505525607926
Capa 2 - Oculta 1 a Oculta 2,Neurona H1_12,Neurona H2_31,0.12454576247870221,0.12454576247870221,0.025516958835152426
Capa 2 - Oculta 1 a Oculta 2,Neurona H1_12,Neurona H2_32,0.2623763600962743,0.2623763600962743,0.05375571714885634
Capa 2 - Oculta 1 a Oculta 2,Neurona H1_13,Neurona H2_1,-0.07050922909438283,0.07050922909438283,0.014445943888354814
Capa 2 - Oculta 1 a Oculta 2,Neurona H1_13,Neurona H2_2,-0.12068168617166954,0.12068168617166954,0.02472528616720998
Capa 2 - Oculta 1 a Oculta 2,Neurona H1_13,Neurona H2_3,0.2570337331891237,0.2570337331891237,0.05266111876069639
Capa 2 - Oculta 1 a Oculta 2,Neurona H1_13,Neurona H2_4,0.11373121396857247,0.11373121396857247,0.02330127213765496
Capa 2 - Oculta 1 a Oculta 2,Neurona H1_13,Neurona H2_5,0.06084556214693959,0.06084556214693959,0.012466050018126193
Capa 2 - Oculta 1 a Oculta 2,Neurona H1_13,Neurona H2_6,-0.044521462233174575,0.044521462233174575,0.009121565410778052
Capa 2 - Oculta 1 a Oculta 2,Neurona H1_13,Neurona H2_7,0.0386216621144806,0.0386216621144806,0.007912813272060485
Capa 2 - Oculta 1 a Oculta 2,Neurona H1_13,Neurona H2_8,0.0486870971614476,0.0486870971614476,0.00997502146477421
Capa 2 - Oculta 1 a Oculta 2,Neurona H1_13,Neurona H2_9,-0.07960714881231128,0.07960714881231128,0.016309927361639186
Capa 2 - Oculta 1 a Oculta 2,Neurona H1_13,Neurona H2_10,-0.10249813780809139,0.10249813780809139,0.02099983741780134
Capa 2 - Oculta 1 a Oculta 2,Neurona H1_13,Neurona H2_11,0.0632116156114558,0.0632116156114558,0.01295080748922967
Capa 2 - Oculta 1 a Oculta 2,Neurona H1_13,Neurona H2_12,0.20171988249629527,0.20171988249629527,0.04132840680765799
Capa 2 - Oculta 1 a Oculta 2,Neurona H1_13,Neurona H2_13,0.1334784907451338,0.1334784907451338,0.02734709785332348
Capa 2 - Oculta 1 a Oculta 2,Neurona H1_13,Neurona H2_14,0.27881434729689214,0.27881434729689214,0.05712353500458351
Capa 2 - Oculta 1 a Oculta 2,Neurona H1_13,Neurona H2_15,0.1046813646265689,0.1046813646265689,0.021447137331874436
Capa 2 - Oculta 1 a Oculta 2,Neurona H1_13,Neurona H2_16,-0.02003297117686894,0.02003297117686894,0.00410435883720551
Capa 2 - Oculta 1 a Oculta 2,Neurona H1_13,Neurona H2_17,-0.011226641879603838,0.011226641879603838,0.002300116463198311
Capa 2 - Oculta 1 a Oculta 2,Neurona H1_13,Neurona H2_18,0.2305734560371322,0.2305734560371322,0.04723993228741473
Capa 2 - Oculta 1 a Oculta 2,Neurona H1_13,Neurona H2_19,0.17047266683719747,0.17047266683719747,0.034926471488319635
Capa 2 - Oculta 1 a Oculta 2,Neurona H1_13,Neurona H2_20,0.24557987632586611,0.24557987632586611,0.050314450449653284
Capa 2 - Oculta 1 a Oculta 2,Neurona H1_13,Neurona H2_21,-0.29052244176998576,0.29052244176998576,0.05952229156411795
Capa 2 - Oculta 1 a Oculta 2,Neurona H1_13,Neurona H2_22,0.17247863736515398,0.17247863736515398,0.03533745510083033
Capa 2 - Oculta 1 a Oculta 2,Neurona H1_13,Neurona H2_23,-0.21013840685520724,0.21013840685520724,0.043053195634221386
Capa 2 - Oculta 1 a Oculta 2,Neurona H1_13,Neurona H2_24,-0.10692835448584992,0.10692835448584992,0.02190750102953202
Capa 2 - Oculta 1 a Oculta 2,Neurona H1_13,Neurona H2_25,0.15659692816957102,0.15659692816957102,0.03208360758558586
Capa 2 - Oculta 1 a Oculta 2,Neurona H1_13,Neurona H2_26,0.145256404089997,0.145256404089997,0.029760158916209978
Capa 2 - Oculta 1 a Oculta 2,Neurona H1_13,Neurona H2_27,-0.0010682339009906775,0.0010682339009906775,0.00021885995906568599
Capa 2 - Oculta 1 a Oculta 2,Neurona H1_13,Neurona H2_28,0.05414621430442731,0.05414621430442731,0.011093486393980525
Capa 2 - Oculta 1 a Oculta 2,Neurona H1_13,Neurona H2_29,-0.21435849897717765,0.21435849897717765,0.04391780888812703
Capa 2 - Oculta 1 a Oculta 2,Neurona H1_13,Neurona H2_30,-0.29173400163996804,0.29173400163996804,0.05977051617420011
Capa 2 - Oculta 1 a Oculta 2,Neurona H1_13,Neurona H2_31,0.26460485572724685,0.26460485572724685,0.05421229174559999
Capa 2 - Oculta 1 a Oculta 2,Neurona H1_13,Neurona H2_32,0.038810041533283664,0.038810041533283664,0.007951408482201092
Capa 2 - Oculta 1 a Oculta 2,Neurona H1_14,Neurona H2_1,-0.048562889334750926,0.048562889334750926,0.009949573742284537
Capa 2 - Oculta 1 a Oculta 2,Neurona H1_14,Neurona H2_2,-0.07007221594857599,0.07007221594857599,0.01435640855427325
Capa 2 - Oculta 1 a Oculta 2,Neurona H1_14,Neurona H2_3,0.06494367573965416,0.06494367573965416,0.013305672288413862
Capa 2 - Oculta 1 a Oculta 2,Neurona H1_14,Neurona H2_4,-0.040933135545871656,0.040933135545871656,0.008386388375889812
Capa 2 - Oculta 1 a Oculta 2,Neurona H1_14,Neurona H2_5,-0.23743182384892045,0.23743182384892045,0.04864507595225569
Capa 2 - Oculta 1 a Oculta 2,Neurona H1_14,Neurona H2_6,-0.17387484551502247,0.17387484551502247,0.035623510484622214
Capa 2 - Oculta 1 a Oculta 2,Neurona H1_14,Neurona H2_7,-0.0664894589096238,0.0664894589096238,0.013622372629968488
Capa 2 - Oculta 1 a Oculta 2,Neurona H1_14,Neurona H2_8,0.039213077878207554,0.039213077878207554,0.008033982643038172
Capa 2 - Oculta 1 a Oculta 2,Neurona H1_14,Neurona H2_9,-0.317257989114991,0.317257989114991,0.06499987544541963
Capa 2 - Oculta 1 a Oculta 2,Neurona H1_14,Neurona H2_10,-0.17782343983377724,0.17782343983377724,0.03643249921842688
Capa 2 - Oculta 1 a Oculta 2,Neurona H1_14,Neurona H2_11,0.19663907744492992,0.19663907744492992,0.04028745052970117
Capa 2 - Oculta 1 a Oculta 2,Neurona H1_14,Neurona H2_12,-0.03490918816825357,0.03490918816825357,0.0071522009238190075
Capa 2 - Oculta 1 a Oculta 2,Neurona H1_14,Neurona H2_13,0.10468096673176118,0.10468096673176118,0.021447055811112687
Capa 2 - Oculta 1 a Oculta 2,Neurona H1_14,Neurona H2_14,0.12599706476141986,0.12599706476141986,0.025814301915064935
Capa 2 - Oculta 1 a Oculta 2,Neurona H1_14,Neurona H2_15,-0.025551483322626713,0.025551483322626713,0.005234992625558364
Capa 2 - Oculta 1 a Oculta 2,Neurona H1_14,Neurona H2_16,0.10869220779694015,0.10869220779694015,0.022268879621903104
Capa 2 - Oculta 1 a Oculta 2,Neurona H1_14,Neurona H2_17,-0.2615712848695033,0.2615712848695033,0.05359077318760171
Capa 2 - Oculta 1 a Oculta 2,Neurona H1_14,Neurona H2_18,0.04361834423048169,0.04361834423048169,0.008936534427472297
Capa 2 - Oculta 1 a Oculta 2,Neurona H1_14,Neurona H2_19,0.089404735227618,0.089404735227618,0.01831725867719464
Capa 2 - Oculta 1 a Oculta 2,Neurona H1_14,Neurona H2_20,0.005786862770387226,0.005786862770387226,0.0011856135139234297
Capa 2 - Oculta 1 a Oculta 2,Neurona H1_14,Neurona H2_21,-0.20846725665775864,0.20846725665775864,0.042710810072906565
Capa 2 - Oculta 1 a Oculta 2,Neurona H1_14,Neurona H2_22,0.19149149379769326,0.19149149379769326,0.03923281264068023
Capa 2 - Oculta 1 a Oculta 2,Neurona H1_14,Neurona H2_23,-0.07847992546358465,0.07847992546358465,0.016078981633618945
Capa 2 - Oculta 1 a Oculta 2,Neurona H1_14,Neurona H2_24,0.20581748048657633,0.20581748048657633,0.04216792344122378
Capa 2 - Oculta 1 a Oculta 2,Neurona H1_14,Neurona H2_25,0.05698181265520224,0.05698181265520224,0.011674444308161853
Capa 2 - Oculta 1 a Oculta 2,Neurona H1_14,Neurona H2_26,-0.3670943955020471,0.3670943955020471,0.07521036759675155
Capa 2 - Oculta 1 a Oculta 2,Neurona H1_14,Neurona H2_27,0.2721243951567947,0.2721243951567947,0.055752896373685114
Capa 2 - Oculta 1 a Oculta 2,Neurona H1_14,Neurona H2_28,0.1408905427490986,0.1408905427490986,0.028865680437789344
Capa 2 - Oculta 1 a Oculta 2,Neurona H1_14,Neurona H2_29,0.15718416279350722,0.15718416279350722,0.03220392032387047
Capa 2 - Oculta 1 a Oculta 2,Neurona H1_14,Neurona H2_30,0.05954735587778496,0.05954735587778496,0.012200073277767643
Capa 2 - Oculta 1 a Oculta 2,Neurona H1_14,Neurona H2_31,0.3973306959089632,0.3973306959089632,0.08140518641238582
Capa 2 - Oculta 1 a Oculta 2,Neurona H1_14,Neurona H2_32,0.19274226383478676,0.19274226383478676,0.039489070637046944
Capa 2 - Oculta 1 a Oculta 2,Neurona H1_15,Neurona H2_1,-0.10079528323622781,0.10079528323622781,0.020650956258396785
Capa 2 - Oculta 1 a Oculta 2,Neurona H1_15,Neurona H2_2,-0.14073842115157148,0.14073842115157148,0.028834513736772913
Capa 2 - Oculta 1 a Oculta 2,Neurona H1_15,Neurona H2_3,-0.2343915893214051,0.2343915893214051,0.048022192140362976
Capa 2 - Oculta 1 a Oculta 2,Neurona H1_15,Neurona H2_4,-0.18474787694429323,0.18474787694429323,0.03785117917340209
Capa 2 - Oculta 1 a Oculta 2,Neurona H1_15,Neurona H2_5,0.21519873617542198,0.21519873617542198,0.04408995684059575
Capa 2 - Oculta 1 a Oculta 2,Neurona H1_15,Neurona H2_6,-0.11940884771565186,0.11940884771565186,0.0244645067890954
Capa 2 - Oculta 1 a Oculta 2,Neurona H1_15,Neurona H2_7,0.034119543031301255,0.034119543031301255,0.0069904182822182045
Capa 2 - Oculta 1 a Oculta 2,Neurona H1_15,Neurona H2_8,-0.12347013346377735,0.12347013346377735,0.025296583763777143
Capa 2 - Oculta 1 a Oculta 2,Neurona H1_15,Neurona H2_9,-0.13015264622032494,0.13015264622032494,0.026665698212398906
Capa 2 - Oculta 1 a Oculta 2,Neurona H1_15,Neurona H2_10,-0.09311615087211078,0.09311615087211078,0.019077654200381208
Capa 2 - Oculta 1 a Oculta 2,Neurona H1_15,Neurona H2_11,0.2593993931396842,0.2593993931396842,0.05314579560858789
Capa 2 - Oculta 1 a Oculta 2,Neurona H1_15,Neurona H2_12,0.007679760806927838,0.007679760806927838,0.0015734308134948006
Capa 2 - Oculta 1 a Oculta 2,Neurona H1_15,Neurona H2_13,0.2962840858328998,0.2962840858328998,0.06070273826459336
Capa 2 - Oculta 1 a Oculta 2,Neurona H1_15,Neurona H2_14,-0.425199291921146,0.425199291921146,0.08711490951402862
Capa 2 - Oculta 1 a Oculta 2,Neurona H1_15,Neurona H2_15,-0.04597621470632449,0.04597621470632449,0.009419615366343987
Capa 2 - Oculta 1 a Oculta 2,Neurona H1_15,Neurona H2_16,-0.2193449770348412,0.2193449770348412,0.04493943943418074
Capa 2 - Oculta 1 a Oculta 2,Neurona H1_15,Neurona H2_17,0.44847451470358585,0.44847451470358585,0.0918835414594156
Capa 2 - Oculta 1 a Oculta 2,Neurona H1_15,Neurona H2_18,-0.14517021849887835,0.14517021849887835,0.029742501196372794
Capa 2 - Oculta 1 a Oculta 2,Neurona H1_15,Neurona H2_19,0.10329200234561861,0.10329200234561861,0.021162484530971755
Capa 2 - Oculta 1 a Oculta 2,Neurona H1_15,Neurona H2_20,0.08100487253436076,0.08100487253436076,0.016596293256139625
Capa 2 - Oculta 1 a Oculta 2,Neurona H1_15,Neurona H2_21,0.06323053603266249,0.06323053603266249,0.012954683908623362
Capa 2 - Oculta 1 a Oculta 2,Neurona H1_15,Neurona H2_22,0.010581757685382972,0.010581757685382972,0.002167992470299008
Capa 2 - Oculta 1 a Oculta 2,Neurona H1_15,Neurona H2_23,0.20914612568634944,0.20914612568634944,0.04284989688495265
Capa 2 - Oculta 1 a Oculta 2,Neurona H1_15,Neurona H2_24,-0.31040033000407113,0.31040033000407113,0.06359487697934357
Capa 2 - Oculta 1 a Oculta 2,Neurona H1_15,Neurona H2_25,-0.1536027902923003,0.1536027902923003,0.03147016806391484
Capa 2 - Oculta 1 a Oculta 2,Neurona H1_15,Neurona H2_26,0.19706193687784185,0.19706193687784185,0.040374086048468934
Capa 2 - Oculta 1 a Oculta 2,Neurona H1_15,Neurona H2_27,0.04187260332182257,0.04187260332182257,0.008578866707458829
Capa 2 - Oculta 1 a Oculta 2,Neurona H1_15,Neurona H2_28,0.29735482110141565,0.29735482110141565,0.06092211070429991
Capa 2 - Oculta 1 a Oculta 2,Neurona H1_15,Neurona H2_29,-0.051888874644600666,0.051888874644600666,0.010631002227274304
Capa 2 - Oculta 1 a Oculta 2,Neurona H1_15,Neurona H2_30,0.1968116003157991,0.1968116003157991,0.040322797047370476
Capa 2 - Oculta 1 a Oculta 2,Neurona H1_15,Neurona H2_31,-0.3597710090221318,0.3597710090221318,0.0737099508212401
Capa 2 - Oculta 1 a Oculta 2,Neurona H1_15,Neurona H2_32,0.19321025074206266,0.19321025074206266,0.039584951881102844
Capa 2 - Oculta 1 a Oculta 2,Neurona H1_16,Neurona H2_1,-0.14185710832632734,0.14185710832632734,0.02906371057189237
Capa 2 - Oculta 1 a Oculta 2,Neurona H1_16,Neurona H2_2,-0.10506883496231556,0.10506883496231556,0.021526522325874375
Capa 2 - Oculta 1 a Oculta 2,Neurona H1_16,Neurona H2_3,0.03379453032602203,0.03379453032602203,0.006923829619091833
Capa 2 - Oculta 1 a Oculta 2,Neurona H1_16,Neurona H2_4,0.1548677656521589,0.1548677656521589,0.0317293364494351
Capa 2 - Oculta 1 a Oculta 2,Neurona H1_16,Neurona H2_5,0.2368532608440796,0.2368532608440796,0.04852653985689402
Capa 2 - Oculta 1 a Oculta 2,Neurona H1_16,Neurona H2_6,-0.1974892668000152,0.1974892668000152,0.04046163748190281
Capa 2 - Oculta 1 a Oculta 2,Neurona H1_16,Neurona H2_7,-0.16704553586965706,0.16704553586965706,0.034224320262288485
Capa 2 - Oculta 1 a Oculta 2,Neurona H1_16,Neurona H2_8,0.17255244501325073,0.17255244501325073,0.0353525768254135
Capa 2 - Oculta 1 a Oculta 2,Neurona H1_16,Neurona H2_9,-0.006526229953859517,0.006526229953859517,0.001337095199122886
Capa 2 - Oculta 1 a Oculta 2,Neurona H1_16,Neurona H2_10,0.1445910218067171,0.1445910218067171,0.02962383527103581
Capa 2 - Oculta 1 a Oculta 2,Neurona H1_16,Neurona H2_11,-0.18886168000076511,0.18886168000076511,0.03869401590392408
Capa 2 - Oculta 1 a Oculta 2,Neurona H1_16,Neurona H2_12,-0.07004476816419067,0.07004476816419067,0.014350785047135495
Capa 2 - Oculta 1 a Oculta 2,Neurona H1_16,Neurona H2_13,0.14000946486762988,0.14000946486762988,0.028685165038593443
Capa 2 - Oculta 1 a Oculta 2,Neurona H1_16,Neurona H2_14,-0.3339716449304956,0.3339716449304956,0.0684241723379138
Capa 2 - Oculta 1 a Oculta 2,Neurona H1_16,Neurona H2_15,-0.17519547581340153,0.17519547581340153,0.03589408146423267
Capa 2 - Oculta 1 a Oculta 2,Neurona H1_16,Neurona H2_16,-0.1568328022817622,0.1568328022817622,0.032131933517285785
Capa 2 - Oculta 1 a Oculta 2,Neurona H1_16,Neurona H2_17,0.36754618592493654,0.36754618592493654,0.07530293050209293
Capa 2 - Oculta 1 a Oculta 2,Neurona H1_16,Neurona H2_18,-0.13395008389197152,0.13395008389197152,0.02744371794440732
Capa 2 - Oculta 1 a Oculta 2,Neurona H1_16,Neurona H2_19,-0.1763653861408482,0.1763653861408482,0.03613377290834247
Capa 2 - Oculta 1 a Oculta 2,Neurona H1_16,Neurona H2_20,0.14450598959910188,0.14450598959910188,0.029606413856623978
Capa 2 - Oculta 1 a Oculta 2,Neurona H1_16,Neurona H2_21,0.29291521646795987,0.29291521646795987,0.06001252368647089
Capa 2 - Oculta 1 a Oculta 2,Neurona H1_16,Neurona H2_22,-0.04849338259481519,0.04849338259481519,0.009935333188560286
Capa 2 - Oculta 1 a Oculta 2,Neurona H1_16,Neurona H2_23,0.20217133855880495,0.20217133855880495,0.041420901209182966
Capa 2 - Oculta 1 a Oculta 2,Neurona H1_16,Neurona H2_24,-0.22881249495701755,0.22881249495701755,0.04687914625586046
Capa 2 - Oculta 1 a Oculta 2,Neurona H1_16,Neurona H2_25,-0.10571762828383668,0.10571762828383668,0.02165944722149744
Capa 2 - Oculta 1 a Oculta 2,Neurona H1_16,Neurona H2_26,-0.218430601662014,0.218430601662014,0.04475210203880128
Capa 2 - Oculta 1 a Oculta 2,Neurona H1_16,Neurona H2_27,0.019687882400998193,0.019687882400998193,0.0040336569850258925
Capa 2 - Oculta 1 a Oculta 2,Neurona H1_16,Neurona H2_28,0.20616269649083477,0.20616269649083477,0.042238651359978986
Capa 2 - Oculta 1 a Oculta 2,Neurona H1_16,Neurona H2_29,0.10671088790275701,0.10671088790275701,0.021862946435795824
Capa 2 - Oculta 1 a Oculta 2,Neurona H1_16,Neurona H2_30,-0.12737142610579827,0.12737142610579827,0.026095881321310296
Capa 2 - Oculta 1 a Oculta 2,Neurona H1_16,Neurona H2_31,0.05188805533495992,0.05188805533495992,0.010630834366963684
Capa 2 - Oculta 1 a Oculta 2,Neurona H1_16,Neurona H2_32,0.2066121882921068,0.2066121882921068,0.04233074332329856
Capa 2 - Oculta 1 a Oculta 2,Neurona H1_17,Neurona H2_1,-0.23656535159477665,0.23656535159477665,0.048467552956685526
Capa 2 - Oculta 1 a Oculta 2,Neurona H1_17,Neurona H2_2,0.3467603514882047,0.3467603514882047,0.07104432490106272
Capa 2 - Oculta 1 a Oculta 2,Neurona H1_17,Neurona H2_3,0.3312574594442505,0.3312574594442505,0.06786808951385685
Capa 2 - Oculta 1 a Oculta 2,Neurona H1_17,Neurona H2_4,-0.038536849171866554,0.038536849171866554,0.007895436780702612
Capa 2 - Oculta 1 a Oculta 2,Neurona H1_17,Neurona H2_5,-0.18092475549127576,0.18092475549127576,0.03706789734351955
Capa 2 - Oculta 1 a Oculta 2,Neurona H1_17,Neurona H2_6,0.044894842115786905,0.044894842115786905,0.009198063550135641
Capa 2 - Oculta 1 a Oculta 2,Neurona H1_17,Neurona H2_7,0.3419635224378673,0.3419635224378673,0.07006154967868088
Capa 2 - Oculta 1 a Oculta 2,Neurona H1_17,Neurona H2_8,0.11411216344805605,0.11411216344805605,0.023379321137418543
Capa 2 - Oculta 1 a Oculta 2,Neurona H1_17,Neurona H2_9,0.008986881330102116,0.008986881330102116,0.0018412339078644271
Capa 2 - Oculta 1 a Oculta 2,Neurona H1_17,Neurona H2_10,0.07599643723063276,0.07599643723063276,0.015570164105454103
Capa 2 - Oculta 1 a Oculta 2,Neurona H1_17,Neurona H2_11,0.1994431167662917,0.1994431167662917,0.040861942624103594
Capa 2 - Oculta 1 a Oculta 2,Neurona H1_17,Neurona H2_12,0.2811270292016808,0.2811270292016808,0.057597357700665895
Capa 2 - Oculta 1 a Oculta 2,Neurona H1_17,Neurona H2_13,-0.15091970309836256,0.15091970309836256,0.03092045666373339
Capa 2 - Oculta 1 a Oculta 2,Neurona H1_17,Neurona H2_14,-0.029434257829752283,0.029434257829752283,0.00603049618419164
Capa 2 - Oculta 1 a Oculta 2,Neurona H1_17,Neurona H2_15,-0.1135557925535919,0.1135557925535919,0.0232653317657324
Capa 2 - Oculta 1 a Oculta 2,Neurona H1_17,Neurona H2_16,-0.056929123081130226,0.056929123081130226,0.011663649258487905
Capa 2 - Oculta 1 a Oculta 2,Neurona H1_17,Neurona H2_17,-0.25210358541806294,0.25210358541806294,0.051651029174172816
Capa 2 - Oculta 1 a Oculta 2,Neurona H1_17,Neurona H2_18,0.2906098716881947,0.2906098716881947,0.05954020422191937
Capa 2 - Oculta 1 a Oculta 2,Neurona H1_17,Neurona H2_19,0.06163306120585754,0.06163306120585754,0.012627392970862678
Capa 2 - Oculta 1 a Oculta 2,Neurona H1_17,Neurona H2_20,-0.1699639275663946,0.1699639275663946,0.03482224089249248
Capa 2 - Oculta 1 a Oculta 2,Neurona H1_17,Neurona H2_21,-0.3137691610866593,0.3137691610866593,0.06428508371417073
Capa 2 - Oculta 1 a Oculta 2,Neurona H1_17,Neurona H2_22,0.15720735421624785,0.15720735421624785,0.032208671786847796
Capa 2 - Oculta 1 a Oculta 2,Neurona H1_17,Neurona H2_23,-0.12532115830497564,0.12532115830497564,0.025675822075347788
Capa 2 - Oculta 1 a Oculta 2,Neurona H1_17,Neurona H2_24,-0.036036520291937664,0.036036520291937664,0.007383168937672637
Capa 2 - Oculta 1 a Oculta 2,Neurona H1_17,Neurona H2_25,0.011476824466410504,0.011476824466410504,0.002351373917821942
Capa 2 - Oculta 1 a Oculta 2,Neurona H1_17,Neurona H2_26,-0.36151863755562896,0.36151863755562896,0.07406800527817925
Capa 2 - Oculta 1 a Oculta 2,Neurona H1_17,Neurona H2_27,0.42186392150796737,0.42186392150796737,0.08643155820733427
Capa 2 - Oculta 1 a Oculta 2,Neurona H1_17,Neurona H2_28,-0.2751185076134633,0.2751185076134633,0.056366330687178466
Capa 2 - Oculta 1 a Oculta 2,Neurona H1_17,Neurona H2_29,0.19943611545178092,0.19943611545178092,0.04086050819349264
Capa 2 - Oculta 1 a Oculta 2,Neurona H1_17,Neurona H2_30,0.11426060733016376,0.11426060733016376,0.02340973434742013
Capa 2 - Oculta 1 a Oculta 2,Neurona H1_17,Neurona H2_31,0.36143465938807356,0.36143465938807356,0.07405079981568968
Capa 2 - Oculta 1 a Oculta 2,Neurona H1_17,Neurona H2_32,-0.28760822983113904,0.28760822983113904,0.05892522728348313
Capa 2 - Oculta 1 a Oculta 2,Neurona H1_18,Neurona H2_1,0.1862158121739936,0.1862158121739936,0.03815193001456652
Capa 2 - Oculta 1 a Oculta 2,Neurona H1_18,Neurona H2_2,-0.3487603937721618,0.3487603937721618,0.07145409393384715
Capa 2 - Oculta 1 a Oculta 2,Neurona H1_18,Neurona H2_3,0.042021687636399296,0.042021687636399296,0.008609411129383033
Capa 2 - Oculta 1 a Oculta 2,Neurona H1_18,Neurona H2_4,0.05922411891864587,0.05922411891864587,0.012133848429838653
Capa 2 - Oculta 1 a Oculta 2,Neurona H1_18,Neurona H2_5,0.28262595951413727,0.28262595951413727,0.057904458820113885
Capa 2 - Oculta 1 a Oculta 2,Neurona H1_18,Neurona H2_6,-0.1799771725767307,0.1799771725767307,0.03687375638085552
Capa 2 - Oculta 1 a Oculta 2,Neurona H1_18,Neurona H2_7,-0.13197286353646026,0.13197286353646026,0.027038624672540812
Capa 2 - Oculta 1 a Oculta 2,Neurona H1_18,Neurona H2_8,0.06706561701170152,0.06706561701170152,0.013740416008407565
Capa 2 - Oculta 1 a Oculta 2,Neurona H1_18,Neurona H2_9,-0.013018701935892664,0.013018701935892664,0.002667274058738846
Capa 2 - Oculta 1 a Oculta 2,Neurona H1_18,Neurona H2_10,0.18865825989037338,0.18865825989037338,0.03865233915411097
Capa 2 - Oculta 1 a Oculta 2,Neurona H1_18,Neurona H2_11,0.039901301328190086,0.039901301328190086,0.008174985990667877
Capa 2 - Oculta 1 a Oculta 2,Neurona H1_18,Neurona H2_12,-0.1827210827992343,0.1827210827992343,0.03743592921437084
Capa 2 - Oculta 1 a Oculta 2,Neurona H1_18,Neurona H2_13,-0.028413443154217427,0.028413443154217427,0.005821351484801352
Capa 2 - Oculta 1 a Oculta 2,Neurona H1_18,Neurona H2_14,0.06573038519667339,0.06573038519667339,0.013466853467367399
Capa 2 - Oculta 1 a Oculta 2,Neurona H1_18,Neurona H2_15,-0.10605367882409561,0.10605367882409561,0.021728297318294464
Capa 2 - Oculta 1 a Oculta 2,Neurona H1_18,Neurona H2_16,0.14546357876561325,0.14546357876561325,0.02980260490204021
Capa 2 - Oculta 1 a Oculta 2,Neurona H1_18,Neurona H2_17,0.31502539328025475,0.31502539328025475,0.0645424607981711
Capa 2 - Oculta 1 a Oculta 2,Neurona H1_18,Neurona H2_18,-0.3147055851808647,0.3147055851808647,0.0644769384556612
Capa 2 - Oculta 1 a Oculta 2,Neurona H1_18,Neurona H2_19,0.3830318326631893,0.3830318326631893,0.07847563266787942
Capa 2 - Oculta 1 a Oculta 2,Neurona H1_18,Neurona H2_20,0.05547538246060063,0.05547538246060063,0.011365806611473833
Capa 2 - Oculta 1 a Oculta 2,Neurona H1_18,Neurona H2_21,-0.10298124876230656,0.10298124876230656,0.021098817279389386
Capa 2 - Oculta 1 a Oculta 2,Neurona H1_18,Neurona H2_22,0.34594410291760774,0.34594410291760774,0.07087709174305996
Capa 2 - Oculta 1 a Oculta 2,Neurona H1_18,Neurona H2_23,0.2824420626597968,0.2824420626597968,0.05786678199860884
Capa 2 - Oculta 1 a Oculta 2,Neurona H1_18,Neurona H2_24,0.01702276787076152,0.01702276787076152,0.003487627827505217
Capa 2 - Oculta 1 a Oculta 2,Neurona H1_18,Neurona H2_25,0.15910847075302628,0.15910847075302628,0.032598172894266836
Capa 2 - Oculta 1 a Oculta 2,Neurona H1_18,Neurona H2_26,0.42100621660954174,0.42100621660954174,0.08625583146922403
Capa 2 - Oculta 1 a Oculta 2,Neurona H1_18,Neurona H2_27,-0.29625838740080035,0.29625838740080035,0.06069747316507525
Capa 2 - Oculta 1 a Oculta 2,Neurona H1_18,Neurona H2_28,0.3921633215619207,0.3921633215619207,0.08034649380113096
Capa 2 - Oculta 1 a Oculta 2,Neurona H1_18,Neurona H2_29,-0.33573746660601217,0.33573746660601217,0.06878595420915236
Capa 2 - Oculta 1 a Oculta 2,Neurona H1_18,Neurona H2_30,0.3335609752158449,0.3335609752158449,0.06834003425087629
Capa 2 - Oculta 1 a Oculta 2,Neurona H1_18,Neurona H2_31,-0.28464170298401437,0.28464170298401437,0.0583174447147715
Capa 2 - Oculta 1 a Oculta 2,Neurona H1_18,Neurona H2_32,0.27933803162162985,0.27933803162162985,0.05723082754582298
Capa 2 - Oculta 1 a Oculta 2,Neurona H1_19,Neurona H2_1,-0.08201439060685943,0.08201439060685943,0.016803123505412024
Capa 2 - Oculta 1 a Oculta 2,Neurona H1_19,Neurona H2_2,0.1628951808315281,0.1628951808315281,0.03337399475500907
Capa 2 - Oculta 1 a Oculta 2,Neurona H1_19,Neurona H2_3,0.1986116506582867,0.1986116506582867,0.04069159169422418
Capa 2 - Oculta 1 a Oculta 2,Neurona H1_19,Neurona H2_4,-0.20322285284845407,0.20322285284845407,0.04163633565118687
Capa 2 - Oculta 1 a Oculta 2,Neurona H1_19,Neurona H2_5,0.15113150846466922,0.15113150846466922,0.030963851386328112
Capa 2 - Oculta 1 a Oculta 2,Neurona H1_19,Neurona H2_6,0.1527423624842951,0.1527423624842951,0.03129388345558669
Capa 2 - Oculta 1 a Oculta 2,Neurona H1_19,Neurona H2_7,0.0740958486512811,0.0740958486512811,0.01518077116605024
Capa 2 - Oculta 1 a Oculta 2,Neurona H1_19,Neurona H2_8,0.12037764026170564,0.12037764026170564,0.02466299318498289
Capa 2 - Oculta 1 a Oculta 2,Neurona H1_19,Neurona H2_9,-0.06956067156935519,0.06956067156935519,0.014251603247314993
Capa 2 - Oculta 1 a Oculta 2,Neurona H1_19,Neurona H2_10,-0.011951886308655794,0.011951886308655794,0.0024487046758619652
Capa 2 - Oculta 1 a Oculta 2,Neurona H1_19,Neurona H2_11,-0.19617683644365097,0.19617683644365097,0.04019274650792787
Capa 2 - Oculta 1 a Oculta 2,Neurona H1_19,Neurona H2_12,0.03702304313350345,0.03702304313350345,0.007585287919781536
Capa 2 - Oculta 1 a Oculta 2,Neurona H1_19,Neurona H2_13,0.1217177004669722,0.1217177004669722,0.024937544967507486
Capa 2 - Oculta 1 a Oculta 2,Neurona H1_19,Neurona H2_14,0.07081278744421318,0.07081278744421318,0.014508136979171632
Capa 2 - Oculta 1 a Oculta 2,Neurona H1_19,Neurona H2_15,-0.18176045707837926,0.18176045707837926,0.037239116039139465
Capa 2 - Oculta 1 a Oculta 2,Neurona H1_19,Neurona H2_16,0.1868935825730829,0.1868935825730829,0.038290791739197284
Capa 2 - Oculta 1 a Oculta 2,Neurona H1_19,Neurona H2_17,0.07438389420399028,0.07438389420399028,0.0152397859921258
Capa 2 - Oculta 1 a Oculta 2,Neurona H1_19,Neurona H2_18,-0.25962968526594216,0.25962968526594216,0.053192977901978154
Capa 2 - Oculta 1 a Oculta 2,Neurona H1_19,Neurona H2_19,0.11414584479924503,0.11414584479924503,0.02338622177887512
Capa 2 - Oculta 1 a Oculta 2,Neurona H1_19,Neurona H2_20,0.20114336850754763,0.20114336850754763,0.0412102905150922
Capa 2 - Oculta 1 a Oculta 2,Neurona H1_19,Neurona H2_21,-0.012763135889470152,0.012763135889470152,0.0026149136399141507
Capa 2 - Oculta 1 a Oculta 2,Neurona H1_19,Neurona H2_22,-0.009512887960150169,0.009512887960150169,0.0019490022434450827
Capa 2 - Oculta 1 a Oculta 2,Neurona H1_19,Neurona H2_23,-0.25669708373785305,0.25669708373785305,0.0525921459589006
Capa 2 - Oculta 1 a Oculta 2,Neurona H1_19,Neurona H2_24,0.16480070945905162,0.16480070945905162,0.0337643998123954
Capa 2 - Oculta 1 a Oculta 2,Neurona H1_19,Neurona H2_25,-0.24189423612158764,0.24189423612158764,0.04955933580342163
Capa 2 - Oculta 1 a Oculta 2,Neurona H1_19,Neurona H2_26,-0.05858402231094161,0.05858402231094161,0.012002705318549715
Capa 2 - Oculta 1 a Oculta 2,Neurona H1_19,Neurona H2_27,-0.05560887033135435,0.05560887033135435,0.011393155631105049
Capa 2 - Oculta 1 a Oculta 2,Neurona H1_19,Neurona H2_28,0.22026023652383372,0.22026023652383372,0.04512695796744355
Capa 2 - Oculta 1 a Oculta 2,Neurona H1_19,Neurona H2_29,-0.04435856054784996,0.04435856054784996,0.009088190083381298
Capa 2 - Oculta 1 a Oculta 2,Neurona H1_19,Neurona H2_30,0.1819178096029733,0.1819178096029733,0.037271354453460144
Capa 2 - Oculta 1 a Oculta 2,Neurona H1_19,Neurona H2_31,-0.1786402470307951,0.1786402470307951,0.03659984682791399
Capa 2 - Oculta 1 a Oculta 2,Neurona H1_19,Neurona H2_32,0.1527614184016012,0.1527614184016012,0.03129778763544627
Capa 2 - Oculta 1 a Oculta 2,Neurona H1_20,Neurona H2_1,0.10442537997022697,0.10442537997022697,0.02139469114817208
Capa 2 - Oculta 1 a Oculta 2,Neurona H1_20,Neurona H2_2,0.0020024965703662532,0.0020024965703662532,0.0004102718674375411
Capa 2 - Oculta 1 a Oculta 2,Neurona H1_20,Neurona H2_3,-0.16510776411879668,0.16510776411879668,0.03382730922783374
Capa 2 - Oculta 1 a Oculta 2,Neurona H1_20,Neurona H2_4,-0.01827315805890421,0.01827315805890421,0.0037438080003486863
Capa 2 - Oculta 1 a Oculta 2,Neurona H1_20,Neurona H2_5,-0.08365026199615377,0.08365026199615377,0.01713828113799198
Capa 2 - Oculta 1 a Oculta 2,Neurona H1_20,Neurona H2_6,-0.020919371949874546,0.020919371949874546,0.004285964791403262
Capa 2 - Oculta 1 a Oculta 2,Neurona H1_20,Neurona H2_7,0.08221978289531277,0.08221978289531277,0.016845204315430896
Capa 2 - Oculta 1 a Oculta 2,Neurona H1_20,Neurona H2_8,0.07867870543241437,0.07867870543241437,0.01611970771037124
Capa 2 - Oculta 1 a Oculta 2,Neurona H1_20,Neurona H2_9,0.15608140769084441,0.15608140769084441,0.03197798765462599
Capa 2 - Oculta 1 a Oculta 2,Neurona H1_20,Neurona H2_10,0.2571416841901633,0.2571416841901633,0.05268323578174086
Capa 2 - Oculta 1 a Oculta 2,Neurona H1_20,Neurona H2_11,-0.20591396341140944,0.20591396341140944,0.04218769088069554
Capa 2 - Oculta 1 a Oculta 2,Neurona H1_20,Neurona H2_12,-0.2019733267757691,0.2019733267757691,0.04138033251847809
Capa 2 - Oculta 1 a Oculta 2,Neurona H1_20,Neurona H2_13,0.12746354807513846,0.12746354807513846,0.026114755287414672
Capa 2 - Oculta 1 a Oculta 2,Neurona H1_20,Neurona H2_14,-0.09354940022182368,0.09354940022182368,0.01916641840722342
Capa 2 - Oculta 1 a Oculta 2,Neurona H1_20,Neurona H2_15,0.06154371769335804,0.06154371769335804,0.012609088255509335
Capa 2 - Oculta 1 a Oculta 2,Neurona H1_20,Neurona H2_16,0.142890637562377,0.142890637562377,0.02927546023279083
Capa 2 - Oculta 1 a Oculta 2,Neurona H1_20,Neurona H2_17,0.17479799059572987,0.17479799059572987,0.03581264461937298
Capa 2 - Oculta 1 a Oculta 2,Neurona H1_20,Neurona H2_18,0.17335856195672245,0.17335856195672245,0.03551773421377831
Capa 2 - Oculta 1 a Oculta 2,Neurona H1_20,Neurona H2_19,-0.09633541854592481,0.09633541854592481,0.019737218356376453
Capa 2 - Oculta 1 a Oculta 2,Neurona H1_20,Neurona H2_20,0.11360976667852009,0.11360976667852009,0.02327638999442317
Capa 2 - Oculta 1 a Oculta 2,Neurona H1_20,Neurona H2_21,0.17797573689460752,0.17797573689460752,0.03646370186839729
Capa 2 - Oculta 1 a Oculta 2,Neurona H1_20,Neurona H2_22,-0.18509423020727356,0.18509423020727356,0.03792214009393442
Capa 2 - Oculta 1 a Oculta 2,Neurona H1_20,Neurona H2_23,-0.19765727593488627,0.19765727593488627,0.04049605922450661
Capa 2 - Oculta 1 a Oculta 2,Neurona H1_20,Neurona H2_24,-0.2926938244565554,0.2926938244565554,0.05996716485025673
Capa 2 - Oculta 1 a Oculta 2,Neurona H1_20,Neurona H2_25,-0.003262054234520306,0.003262054234520306,0.0006683302744605482
Capa 2 - Oculta 1 a Oculta 2,Neurona H1_20,Neurona H2_26,0.23080091742684908,0.23080091742684908,0.047286534618979276
Capa 2 - Oculta 1 a Oculta 2,Neurona H1_20,Neurona H2_27,-0.07169657920287852,0.07169657920287852,0.014689208398029154
Capa 2 - Oculta 1 a Oculta 2,Neurona H1_20,Neurona H2_28,-0.17109264051422696,0.17109264051422696,0.035053491809852816
Capa 2 - Oculta 1 a Oculta 2,Neurona H1_20,Neurona H2_29,-0.1700883733028638,0.1700883733028638,0.034847737357980316
Capa 2 - Oculta 1 a Oculta 2,Neurona H1_20,Neurona H2_30,0.27316641312467144,0.27316641312467144,0.05596638520752919
Capa 2 - Oculta 1 a Oculta 2,Neurona H1_20,Neurona H2_31,-0.20477280590185246,0.20477280590185246,0.04195389031922907
Capa 2 - Oculta 1 a Oculta 2,Neurona H1_20,Neurona H2_32,0.2514513757453469,0.2514513757453469,0.051517404335885524
Capa 2 - Oculta 1 a Oculta 2,Neurona H1_21,Neurona H2_1,-0.15433273606010048,0.15433273606010048,0.03161971948773013
Capa 2 - Oculta 1 a Oculta 2,Neurona H1_21,Neurona H2_2,0.08469618537312343,0.08469618537312343,0.017352570112772813
Capa 2 - Oculta 1 a Oculta 2,Neurona H1_21,Neurona H2_3,-0.0538583098476007,0.0538583098476007,0.01103450047565546
Capa 2 - Oculta 1 a Oculta 2,Neurona H1_21,Neurona H2_4,-0.16619954054001762,0.16619954054001762,0.03405099258279532
Capa 2 - Oculta 1 a Oculta 2,Neurona H1_21,Neurona H2_5,0.006127051246103407,0.006127051246103407,0.001255311391701708
Capa 2 - Oculta 1 a Oculta 2,Neurona H1_21,Neurona H2_6,0.2494473330320333,0.2494473330320333,0.05110681569439518
Capa 2 - Oculta 1 a Oculta 2,Neurona H1_21,Neurona H2_7,0.04711492303666299,0.04711492303666299,0.009652914139519521
Capa 2 - Oculta 1 a Oculta 2,Neurona H1_21,Neurona H2_8,-0.0665977279223248,0.0665977279223248,0.013644554805300918
Capa 2 - Oculta 1 a Oculta 2,Neurona H1_21,Neurona H2_9,-0.06991789966457555,0.06991789966457555,0.014324792205486546
Capa 2 - Oculta 1 a Oculta 2,Neurona H1_21,Neurona H2_10,-0.0835707443193865,0.0835707443193865,0.017121989541679466
Capa 2 - Oculta 1 a Oculta 2,Neurona H1_21,Neurona H2_11,0.06527183601551131,0.06527183601551131,0.01337290582638197
Capa 2 - Oculta 1 a Oculta 2,Neurona H1_21,Neurona H2_12,0.10858856043188342,0.10858856043188342,0.0222476443305942
Capa 2 - Oculta 1 a Oculta 2,Neurona H1_21,Neurona H2_13,-0.1737526274333031,0.1737526274333031,0.03559847042145124
Capa 2 - Oculta 1 a Oculta 2,Neurona H1_21,Neurona H2_14,-0.16997927977789776,0.16997927977789776,0.03482538625642264
Capa 2 - Oculta 1 a Oculta 2,Neurona H1_21,Neurona H2_15,-0.11113091424449369,0.11113091424449369,0.022768522249598973
Capa 2 - Oculta 1 a Oculta 2,Neurona H1_21,Neurona H2_16,0.08000501451269303,0.08000501451269303,0.016391442159866838
Capa 2 - Oculta 1 a Oculta 2,Neurona H1_21,Neurona H2_17,0.29494895274526634,0.29494895274526634,0.060429195950840064
Capa 2 - Oculta 1 a Oculta 2,Neurona H1_21,Neurona H2_18,0.03189786906581908,0.03189786906581908,0.006535241309561004
Capa 2 - Oculta 1 a Oculta 2,Neurona H1_21,Neurona H2_19,0.02799502057741223,0.02799502057741223,0.00573562498993275
Capa 2 - Oculta 1 a Oculta 2,Neurona H1_21,Neurona H2_20,-0.2254756302910406,0.2254756302910406,0.046195488806376625
Capa 2 - Oculta 1 a Oculta 2,Neurona H1_21,Neurona H2_21,-0.12881509261676571,0.12881509261676571,0.02639165998289538
Capa 2 - Oculta 1 a Oculta 2,Neurona H1_21,Neurona H2_22,-0.16732130891529376,0.16732130891529376,0.03428082069484684
Capa 2 - Oculta 1 a Oculta 2,Neurona H1_21,Neurona H2_23,-0.009650811886738738,0.009650811886738738,0.0019772601230156135
Capa 2 - Oculta 1 a Oculta 2,Neurona H1_21,Neurona H2_24,0.07897555086252896,0.07897555086252896,0.016180525456956012
Capa 2 - Oculta 1 a Oculta 2,Neurona H1_21,Neurona H2_25,-0.12498119845667915,0.12498119845667915,0.025606171038797507
Capa 2 - Oculta 1 a Oculta 2,Neurona H1_21,Neurona H2_26,-0.29093144028464996,0.29093144028464996,0.059606087255393354
Capa 2 - Oculta 1 a Oculta 2,Neurona H1_21,Neurona H2_27,0.30561971968134394,0.30561971968134394,0.06261542465287205
Capa 2 - Oculta 1 a Oculta 2,Neurona H1_21,Neurona H2_28,-0.15157788516547785,0.15157788516547785,0.03105530512728901
Capa 2 - Oculta 1 a Oculta 2,Neurona H1_21,Neurona H2_29,0.06680242565465988,0.06680242565465988,0.013686493314533916
Capa 2 - Oculta 1 a Oculta 2,Neurona H1_21,Neurona H2_30,-0.19217731229268836,0.19217731229268836,0.039373323260687626
Capa 2 - Oculta 1 a Oculta 2,Neurona H1_21,Neurona H2_31,0.32196195655742893,0.32196195655742893,0.06596362516441238
Capa 2 - Oculta 1 a Oculta 2,Neurona H1_21,Neurona H2_32,0.13758341333641874,0.13758341333641874,0.02818811515249668
Capa 2 - Oculta 1 a Oculta 2,Neurona H1_22,Neurona H2_1,-0.02399461099211105,0.02399461099211105,0.004916020334741569
Capa 2 - Oculta 1 a Oculta 2,Neurona H1_22,Neurona H2_2,0.07846516395336765,0.07846516395336765,0.016075957292677467
Capa 2 - Oculta 1 a Oculta 2,Neurona H1_22,Neurona H2_3,-0.14471272775706642,0.14471272775706642,0.029648770408637042
Capa 2 - Oculta 1 a Oculta 2,Neurona H1_22,Neurona H2_4,-0.1282049975071955,0.1282049975071955,0.026266663584089012
Capa 2 - Oculta 1 a Oculta 2,Neurona H1_22,Neurona H2_5,0.11733946907035739,0.11733946907035739,0.024040532109785438
Capa 2 - Oculta 1 a Oculta 2,Neurona H1_22,Neurona H2_6,0.0593254132140865,0.0593254132140865,0.012154601623809717
Capa 2 - Oculta 1 a Oculta 2,Neurona H1_22,Neurona H2_7,-0.0832794510514873,0.0832794510514873,0.017062309323115532
Capa 2 - Oculta 1 a Oculta 2,Neurona H1_22,Neurona H2_8,-0.15278042614100845,0.15278042614100845,0.031301681944609035
Capa 2 - Oculta 1 a Oculta 2,Neurona H1_22,Neurona H2_9,-0.15456642478887347,0.15456642478887347,0.03166759767767143
Capa 2 - Oculta 1 a Oculta 2,Neurona H1_22,Neurona H2_10,0.03154267934282066,0.03154267934282066,0.006462469973467013
Capa 2 - Oculta 1 a Oculta 2,Neurona H1_22,Neurona H2_11,-0.0049384400525619345,0.0049384400525619345,0.0010117885106901148
Capa 2 - Oculta 1 a Oculta 2,Neurona H1_22,Neurona H2_12,0.09336013622010726,0.09336013622010726,0.019127641963572035
Capa 2 - Oculta 1 a Oculta 2,Neurona H1_22,Neurona H2_13,0.15962443027554812,0.15962443027554812,0.032703882776600614
Capa 2 - Oculta 1 a Oculta 2,Neurona H1_22,Neurona H2_14,0.24775299952247984,0.24775299952247984,0.05075968033181158
Capa 2 - Oculta 1 a Oculta 2,Neurona H1_22,Neurona H2_15,0.1852606402271971,0.1852606402271971,0.03795623420957221
Capa 2 - Oculta 1 a Oculta 2,Neurona H1_22,Neurona H2_16,0.1486964358000467,0.1486964358000467,0.03046495324875075
Capa 2 - Oculta 1 a Oculta 2,Neurona H1_22,Neurona H2_17,-0.11414260649519509,0.11414260649519509,0.023385558314542865
Capa 2 - Oculta 1 a Oculta 2,Neurona H1_22,Neurona H2_18,-0.08578538385557234,0.08578538385557234,0.017575725299162334
Capa 2 - Oculta 1 a Oculta 2,Neurona H1_22,Neurona H2_19,0.12517087100547705,0.12517087100547705,0.025645031185650456
Capa 2 - Oculta 1 a Oculta 2,Neurona H1_22,Neurona H2_20,-0.19424281315910566,0.19424281315910566,0.03979650345994454
Capa 2 - Oculta 1 a Oculta 2,Neurona H1_22,Neurona H2_21,0.00225379204061056,0.00225379204061056,0.0004617573298255592
Capa 2 - Oculta 1 a Oculta 2,Neurona H1_22,Neurona H2_22,0.1708710446824829,0.1708710446824829,0.035008091214889805
Capa 2 - Oculta 1 a Oculta 2,Neurona H1_22,Neurona H2_23,-0.2193343604045728,0.2193343604045728,0.04493726429700918
Capa 2 - Oculta 1 a Oculta 2,Neurona H1_22,Neurona H2_24,0.2914039538023291,0.2914039538023291,0.05970289591222529
Capa 2 - Oculta 1 a Oculta 2,Neurona H1_22,Neurona H2_25,0.2158434620560758,0.2158434620560758,0.04422204839818218
Capa 2 - Oculta 1 a Oculta 2,Neurona H1_22,Neurona H2_26,-0.22811207513499804,0.22811207513499804,0.046735644113273696
Capa 2 - Oculta 1 a Oculta 2,Neurona H1_22,Neurona H2_27,-0.008527629477832014,0.008527629477832014,0.0017471423034925188
Capa 2 - Oculta 1 a Oculta 2,Neurona H1_22,Neurona H2_28,0.14519484492431306,0.14519484492431306,0.029747546662967306
Capa 2 - Oculta 1 a Oculta 2,Neurona H1_22,Neurona H2_29,-0.1773530587251783,0.1773530587251783,0.03633612744996141
Capa 2 - Oculta 1 a Oculta 2,Neurona H1_22,Neurona H2_30,-0.21008407510029806,0.21008407510029806,0.04304206413423401
Capa 2 - Oculta 1 a Oculta 2,Neurona H1_22,Neurona H2_31,0.203761315846655,0.203761315846655,0.04174665604977688
Capa 2 - Oculta 1 a Oculta 2,Neurona H1_22,Neurona H2_32,-0.21747656116932396,0.21747656116932396,0.044556638046333426
Capa 2 - Oculta 1 a Oculta 2,Neurona H1_23,Neurona H2_1,0.046768487783098674,0.046768487783098674,0.009581936420741188
Capa 2 - Oculta 1 a Oculta 2,Neurona H1_23,Neurona H2_2,0.1030334756231592,0.1030334756231592,0.02110951752829343
Capa 2 - Oculta 1 a Oculta 2,Neurona H1_23,Neurona H2_3,0.07677686689792249,0.07677686689792249,0.01573005867992723
Capa 2 - Oculta 1 a Oculta 2,Neurona H1_23,Neurona H2_4,-0.13136769759584857,0.13136769759584857,0.026914638162781675
Capa 2 - Oculta 1 a Oculta 2,Neurona H1_23,Neurona H2_5,0.11047475683214218,0.11047475683214218,0.02263408859768555
Capa 2 - Oculta 1 a Oculta 2,Neurona H1_23,Neurona H2_6,0.24686359115465167,0.24686359115465167,0.05057745818103072
Capa 2 - Oculta 1 a Oculta 2,Neurona H1_23,Neurona H2_7,-0.0752806265021865,0.0752806265021865,0.015423508671114078
Capa 2 - Oculta 1 a Oculta 2,Neurona H1_23,Neurona H2_8,0.21529236240430705,0.21529236240430705,0.044109138999673704
Capa 2 - Oculta 1 a Oculta 2,Neurona H1_23,Neurona H2_9,-0.12932468199932304,0.12932468199932304,0.026496064749775904
Capa 2 - Oculta 1 a Oculta 2,Neurona H1_23,Neurona H2_10,-0.08639180054500532,0.08639180054500532,0.017699968062571136
Capa 2 - Oculta 1 a Oculta 2,Neurona H1_23,Neurona H2_11,0.11551908482129604,0.11551908482129604,0.0236675714483948
Capa 2 - Oculta 1 a Oculta 2,Neurona H1_23,Neurona H2_12,-0.131526337841018,0.131526337841018,0.026947140405531835
Capa 2 - Oculta 1 a Oculta 2,Neurona H1_23,Neurona H2_13,-0.2436193911719627,0.2436193911719627,0.0499127858889852
Capa 2 - Oculta 1 a Oculta 2,Neurona H1_23,Neurona H2_14,-0.008914853409789425,0.008914853409789425,0.001826476814238581
Capa 2 - Oculta 1 a Oculta 2,Neurona H1_23,Neurona H2_15,-0.1956150672527567,0.1956150672527567,0.04007765113227142
Capa 2 - Oculta 1 a Oculta 2,Neurona H1_23,Neurona H2_16,-0.17590699432935256,0.17590699432935256,0.03603985750928339
Capa 2 - Oculta 1 a Oculta 2,Neurona H1_23,Neurona H2_17,-0.0009991479840136069,0.0009991479840136069,0.00020470562362698223
Capa 2 - Oculta 1 a Oculta 2,Neurona H1_23,Neurona H2_18,-0.1303975622119161,0.1303975622119161,0.026715876646021416
Capa 2 - Oculta 1 a Oculta 2,Neurona H1_23,Neurona H2_19,-0.11137632523639915,0.11137632523639915,0.022818802098977357
Capa 2 - Oculta 1 a Oculta 2,Neurona H1_23,Neurona H2_20,0.12303724228108925,0.12303724228108925,0.02520789293826117
Capa 2 - Oculta 1 a Oculta 2,Neurona H1_23,Neurona H2_21,-0.23005564330209735,0.23005564330209735,0.04713384271855877
Capa 2 - Oculta 1 a Oculta 2,Neurona H1_23,Neurona H2_22,0.29059828923031006,0.29059828923031006,0.0595378312058073
Capa 2 - Oculta 1 a Oculta 2,Neurona H1_23,Neurona H2_23,-0.15912237767888796,0.15912237767888796,0.03260102214780765
Capa 2 - Oculta 1 a Oculta 2,Neurona H1_23,Neurona H2_24,0.04574466964474812,0.04574466964474812,0.00937217637133412
Capa 2 - Oculta 1 a Oculta 2,Neurona H1_23,Neurona H2_25,0.1406798714223685,0.1406798714223685,0.02882251805743266
Capa 2 - Oculta 1 a Oculta 2,Neurona H1_23,Neurona H2_26,-0.1598547963223588,0.1598547963223588,0.032751080214847385
Capa 2 - Oculta 1 a Oculta 2,Neurona H1_23,Neurona H2_27,-0.008647326038570043,0.008647326038570043,0.0017716657569788138
Capa 2 - Oculta 1 a Oculta 2,Neurona H1_23,Neurona H2_28,-0.1414140386350106,0.1414140386350106,0.028972934371647364
Capa 2 - Oculta 1 a Oculta 2,Neurona H1_23,Neurona H2_29,-0.08178411173760416,0.08178411173760416,0.016755943928118924
Capa 2 - Oculta 1 a Oculta 2,Neurona H1_23,Neurona H2_30,0.08706800564636193,0.08706800564636193,0.017838509088713133
Capa 2 - Oculta 1 a Oculta 2,Neurona H1_23,Neurona H2_31,0.1919453131089856,0.1919453131089856,0.03932579122505257
Capa 2 - Oculta 1 a Oculta 2,Neurona H1_23,Neurona H2_32,-0.1766147857568638,0.1766147857568638,0.036184869947765715
Capa 2 - Oculta 1 a Oculta 2,Neurona H1_24,Neurona H2_1,-0.05370957808776175,0.05370957808776175,0.011004028285211092
Capa 2 - Oculta 1 a Oculta 2,Neurona H1_24,Neurona H2_2,0.1830207333607664,0.1830207333607664,0.03749732167679888
Capa 2 - Oculta 1 a Oculta 2,Neurona H1_24,Neurona H2_3,0.16813205349775895,0.16813205349775895,0.03444692619474391
Capa 2 - Oculta 1 a Oculta 2,Neurona H1_24,Neurona H2_4,0.08142235162216692,0.08142235162216692,0.016681826448807727
Capa 2 - Oculta 1 a Oculta 2,Neurona H1_24,Neurona H2_5,-0.175247310376881,0.175247310376881,0.03590470133917839
Capa 2 - Oculta 1 a Oculta 2,Neurona H1_24,Neurona H2_6,0.18220289537733933,0.18220289537733933,0.037329762879601734
Capa 2 - Oculta 1 a Oculta 2,Neurona H1_24,Neurona H2_7,-0.04156990922889615,0.04156990922889615,0.008516850685756219
Capa 2 - Oculta 1 a Oculta 2,Neurona H1_24,Neurona H2_8,-0.07631993542991461,0.07631993542991461,0.01563644247631182
Capa 2 - Oculta 1 a Oculta 2,Neurona H1_24,Neurona H2_9,-0.05739951554063598,0.05739951554063598,0.011760023352529259
Capa 2 - Oculta 1 a Oculta 2,Neurona H1_24,Neurona H2_10,0.16080658751931903,0.16080658751931903,0.0329460833711904
Capa 2 - Oculta 1 a Oculta 2,Neurona H1_24,Neurona H2_11,0.0581162141832726,0.0581162141832726,0.01190686070289271
Capa 2 - Oculta 1 a Oculta 2,Neurona H1_24,Neurona H2_12,0.1701503419033313,0.1701503419033313,0.034860433496297125
Capa 2 - Oculta 1 a Oculta 2,Neurona H1_24,Neurona H2_13,-0.15759396697425138,0.15759396697425138,0.03228788108016123
Capa 2 - Oculta 1 a Oculta 2,Neurona H1_24,Neurona H2_14,-0.03194753968600836,0.03194753968600836,0.006545417835405494
Capa 2 - Oculta 1 a Oculta 2,Neurona H1_24,Neurona H2_15,-0.1671754257495829,0.1671754257495829,0.03425093212489391
Capa 2 - Oculta 1 a Oculta 2,Neurona H1_24,Neurona H2_16,0.1513447569601794,0.1513447569601794,0.03100754177750077
Capa 2 - Oculta 1 a Oculta 2,Neurona H1_24,Neurona H2_17,0.19703771622896296,0.19703771622896296,0.040369123717450175
Capa 2 - Oculta 1 a Oculta 2,Neurona H1_24,Neurona H2_18,0.1579998064913149,0.1579998064913149,0.03237102955542436
Capa 2 - Oculta 1 a Oculta 2,Neurona H1_24,Neurona H2_19,-0.26992686946468464,0.26992686946468464,0.05530266690373946
Capa 2 - Oculta 1 a Oculta 2,Neurona H1_24,Neurona H2_20,0.12652960357787946,0.12652960357787946,0.025923408566204863
Capa 2 - Oculta 1 a Oculta 2,Neurona H1_24,Neurona H2_21,-0.07516113456943897,0.07516113456943897,0.015399027141848294
Capa 2 - Oculta 1 a Oculta 2,Neurona H1_24,Neurona H2_22,-0.2379957061218733,0.2379957061218733,0.048760604256554846
Capa 2 - Oculta 1 a Oculta 2,Neurona H1_24,Neurona H2_23,0.1486538636889514,0.1486538636889514,0.030456231066761368
Capa 2 - Oculta 1 a Oculta 2,Neurona H1_24,Neurona H2_24,0.16189471829989877,0.16189471829989877,0.03316901980662362
Capa 2 - Oculta 1 a Oculta 2,Neurona H1_24,Neurona H2_25,0.08591997904562321,0.08591997904562321,0.0176033011865758
Capa 2 - Oculta 1 a Oculta 2,Neurona H1_24,Neurona H2_26,0.09710235011145939,0.09710235011145939,0.019894347437267274
Capa 2 - Oculta 1 a Oculta 2,Neurona H1_24,Neurona H2_27,0.003940135949416089,0.003940135949416089,0.0008072557815312853
Capa 2 - Oculta 1 a Oculta 2,Neurona H1_24,Neurona H2_28,0.01621383141923611,0.01621383141923611,0.003321892777809264
Capa 2 - Oculta 1 a Oculta 2,Neurona H1_24,Neurona H2_29,0.011382372488187848,0.011382372488187848,0.002332022579067094
Capa 2 - Oculta 1 a Oculta 2,Neurona H1_24,Neurona H2_30,-0.23181613006008106,0.23181613006008106,0.04749453157090718
Capa 2 - Oculta 1 a Oculta 2,Neurona H1_24,Neurona H2_31,0.16079038335743334,0.16079038335743334,0.03294276345950841
Capa 2 - Oculta 1 a Oculta 2,Neurona H1_24,Neurona H2_32,0.04542794841971661,0.04542794841971661,0.00930728646821333
Capa 2 - Oculta 1 a Oculta 2,Neurona H1_25,Neurona H2_1,0.04523932708130795,0.04523932708130795,0.009268641693539217
Capa 2 - Oculta 1 a Oculta 2,Neurona H1_25,Neurona H2_2,-0.33395932663030564,0.33395932663030564,0.06842164856229423
Capa 2 - Oculta 1 a Oculta 2,Neurona H1_25,Neurona H2_3,-0.4515978362812858,0.4515978362812858,0.09252344816150626
Capa 2 - Oculta 1 a Oculta 2,Neurona H1_25,Neurona H2_4,0.06025383225540928,0.06025383225540928,0.012344816288586096
Capa 2 - Oculta 1 a Oculta 2,Neurona H1_25,Neurona H2_5,0.3572932861030904,0.3572932861030904,0.07320231449165478
Capa 2 - Oculta 1 a Oculta 2,Neurona H1_25,Neurona H2_6,0.20696440860663415,0.20696440860663415,0.04240290628643619
Capa 2 - Oculta 1 a Oculta 2,Neurona H1_25,Neurona H2_7,-0.19345428973848808,0.19345428973848808,0.03963495063579371
Capa 2 - Oculta 1 a Oculta 2,Neurona H1_25,Neurona H2_8,0.20119930366295177,0.20119930366295177,0.04122175052006932
Capa 2 - Oculta 1 a Oculta 2,Neurona H1_25,Neurona H2_9,0.28748165806553366,0.28748165806553366,0.05889929523675294
Capa 2 - Oculta 1 a Oculta 2,Neurona H1_25,Neurona H2_10,0.11050456112331304,0.11050456112331304,0.02264019490636906
Capa 2 - Oculta 1 a Oculta 2,Neurona H1_25,Neurona H2_11,0.01562505959229995,0.01562505959229995,0.0032012650970899247
Capa 2 - Oculta 1 a Oculta 2,Neurona H1_25,Neurona H2_12,-0.24579320511487118,0.24579320511487118,0.05035815729137202
Capa 2 - Oculta 1 a Oculta 2,Neurona H1_25,Neurona H2_13,-0.14850001590226342,0.14850001590226342,0.03042471070379063
Capa 2 - Oculta 1 a Oculta 2,Neurona H1_25,Neurona H2_14,-0.434103584071537,0.434103584071537,0.0889392225354897
Capa 2 - Oculta 1 a Oculta 2,Neurona H1_25,Neurona H2_15,-0.14040606626415686,0.14040606626415686,0.02876642080601366
Capa 2 - Oculta 1 a Oculta 2,Neurona H1_25,Neurona H2_16,-0.2963706028536908,0.2963706028536908,0.060720463887803076
Capa 2 - Oculta 1 a Oculta 2,Neurona H1_25,Neurona H2_17,0.35087272971032457,0.35087272971032457,0.07188686971125932
Capa 2 - Oculta 1 a Oculta 2,Neurona H1_25,Neurona H2_18,-0.227607512463776,0.227607512463776,0.04663226921994058
Capa 2 - Oculta 1 a Oculta 2,Neurona H1_25,Neurona H2_19,0.3279410751468762,0.3279410751468762,0.0671886280860775
Capa 2 - Oculta 1 a Oculta 2,Neurona H1_25,Neurona H2_20,0.07678252675970813,0.07678252675970813,0.01573121827345593
Capa 2 - Oculta 1 a Oculta 2,Neurona H1_25,Neurona H2_21,0.19076779638902125,0.19076779638902125,0.03908454138183794
Capa 2 - Oculta 1 a Oculta 2,Neurona H1_25,Neurona H2_22,-0.18896342490494913,0.18896342490494913,0.03871486141869777
Capa 2 - Oculta 1 a Oculta 2,Neurona H1_25,Neurona H2_23,0.22161402698318705,0.22161402698318705,0.04540432280696306
Capa 2 - Oculta 1 a Oculta 2,Neurona H1_25,Neurona H2_24,0.042519907628560345,0.042519907628560345,0.00871148653345788
Capa 2 - Oculta 1 a Oculta 2,Neurona H1_25,Neurona H2_25,-0.09717441630318352,0.09717441630318352,0.01990911237194697
Capa 2 - Oculta 1 a Oculta 2,Neurona H1_25,Neurona H2_26,0.28906313271232353,0.28906313271232353,0.05922330805467499
Capa 2 - Oculta 1 a Oculta 2,Neurona H1_25,Neurona H2_27,-0.009571421556759902,0.009571421556759902,0.001960994617536649
Capa 2 - Oculta 1 a Oculta 2,Neurona H1_25,Neurona H2_28,-0.11203803177395714,0.11203803177395714,0.022954372656688673
Capa 2 - Oculta 1 a Oculta 2,Neurona H1_25,Neurona H2_29,-0.22346472885070143,0.22346472885070143,0.04578349494762565
Capa 2 - Oculta 1 a Oculta 2,Neurona H1_25,Neurona H2_30,0.26408812829432105,0.26408812829432105,0.054106424533640715
Capa 2 - Oculta 1 a Oculta 2,Neurona H1_25,Neurona H2_31,-0.07429040569215353,0.07429040569215353,0.015220632048542168
Capa 2 - Oculta 1 a Oculta 2,Neurona H1_25,Neurona H2_32,0.4161125649700152,0.4161125649700152,0.08525321921687438
Capa 2 - Oculta 1 a Oculta 2,Neurona H1_26,Neurona H2_1,-0.24156472964639472,0.24156472964639472,0.049491826455884805
Capa 2 - Oculta 1 a Oculta 2,Neurona H1_26,Neurona H2_2,0.20370281586610592,0.20370281586610592,0.04173467056295003
Capa 2 - Oculta 1 a Oculta 2,Neurona H1_26,Neurona H2_3,-0.03626410846074055,0.03626410846074055,0.007429797243759761
Capa 2 - Oculta 1 a Oculta 2,Neurona H1_26,Neurona H2_4,-0.1282501087693335,0.1282501087693335,0.026275905987813295
Capa 2 - Oculta 1 a Oculta 2,Neurona H1_26,Neurona H2_5,0.060164013296226865,0.060164013296226865,0.012326414163628487
Capa 2 - Oculta 1 a Oculta 2,Neurona H1_26,Neurona H2_6,-0.034313846817577126,0.034313846817577126,0.007030227277861581
Capa 2 - Oculta 1 a Oculta 2,Neurona H1_26,Neurona H2_7,0.0439169982493971,0.0439169982493971,0.008997722718064845
Capa 2 - Oculta 1 a Oculta 2,Neurona H1_26,Neurona H2_8,0.16965210789525792,0.16965210789525792,0.03475835522063957
Capa 2 - Oculta 1 a Oculta 2,Neurona H1_26,Neurona H2_9,-0.24606784659593384,0.24606784659593384,0.0504144258887713
Capa 2 - Oculta 1 a Oculta 2,Neurona H1_26,Neurona H2_10,-0.011853091902301603,0.011853091902301603,0.0024284636596289618
Capa 2 - Oculta 1 a Oculta 2,Neurona H1_26,Neurona H2_11,0.1517641337296163,0.1517641337296163,0.03109346376753211
Capa 2 - Oculta 1 a Oculta 2,Neurona H1_26,Neurona H2_12,-0.09945912277816167,0.09945912277816167,0.02037720345679936
Capa 2 - Oculta 1 a Oculta 2,Neurona H1_26,Neurona H2_13,0.02887029620272867,0.02887029620272867,0.005914951621815798
Capa 2 - Oculta 1 a Oculta 2,Neurona H1_26,Neurona H2_14,0.2320596180014837,0.2320596180014837,0.047544417425343134
Capa 2 - Oculta 1 a Oculta 2,Neurona H1_26,Neurona H2_15,0.14546181945748196,0.14546181945748196,0.029802244454665117
Capa 2 - Oculta 1 a Oculta 2,Neurona H1_26,Neurona H2_16,0.23407045257655093,0.23407045257655093,0.04795639758472484
Capa 2 - Oculta 1 a Oculta 2,Neurona H1_26,Neurona H2_17,-0.29560885613041143,0.29560885613041143,0.06056439707835176
Capa 2 - Oculta 1 a Oculta 2,Neurona H1_26,Neurona H2_18,0.16447925004385947,0.16447925004385947,0.03369853914799879
Capa 2 - Oculta 1 a Oculta 2,Neurona H1_26,Neurona H2_19,-0.2600332547917023,0.2600332547917023,0.05327566130100351
Capa 2 - Oculta 1 a Oculta 2,Neurona H1_26,Neurona H2_20,0.0540282847187525,0.0540282847187525,0.011069324958671753
Capa 2 - Oculta 1 a Oculta 2,Neurona H1_26,Neurona H2_21,0.09455870201865846,0.09455870201865846,0.019373204345897833
Capa 2 - Oculta 1 a Oculta 2,Neurona H1_26,Neurona H2_22,-0.05942232199173307,0.05942232199173307,0.012174456312084601
Capa 2 - Oculta 1 a Oculta 2,Neurona H1_26,Neurona H2_23,-0.03126794724623168,0.03126794724623168,0.0064061828107419465
Capa 2 - Oculta 1 a Oculta 2,Neurona H1_26,Neurona H2_24,0.24190946852872577,0.24190946852872577,0.04956245662181135
Capa 2 - Oculta 1 a Oculta 2,Neurona H1_26,Neurona H2_25,0.24657570062502626,0.24657570062502626,0.05051847511611321
Capa 2 - Oculta 1 a Oculta 2,Neurona H1_26,Neurona H2_26,-0.08907283514013585,0.08907283514013585,0.018249258925929605
Capa 2 - Oculta 1 a Oculta 2,Neurona H1_26,Neurona H2_27,0.0706577873335051,0.0706577873335051,0.01447638052784268
Capa 2 - Oculta 1 a Oculta 2,Neurona H1_26,Neurona H2_28,-0.13430129584132075,0.13430129584132075,0.027515674313500892
Capa 2 - Oculta 1 a Oculta 2,Neurona H1_26,Neurona H2_29,0.24329165313199308,0.24329165313199308,0.04984563885878376
Capa 2 - Oculta 1 a Oculta 2,Neurona H1_26,Neurona H2_30,-0.20795983456450576,0.20795983456450576,0.042606849340659295
Capa 2 - Oculta 1 a Oculta 2,Neurona H1_26,Neurona H2_31,0.38965133405125446,0.38965133405125446,0.07983183733568076
Capa 2 - Oculta 1 a Oculta 2,Neurona H1_26,Neurona H2_32,-0.2583905640646391,0.2583905640646391,0.052939106521241126
Capa 2 - Oculta 1 a Oculta 2,Neurona H1_27,Neurona H2_1,0.2203350254190119,0.2203350254190119,0.04514228073011012
Capa 2 - Oculta 1 a Oculta 2,Neurona H1_27,Neurona H2_2,-0.10612977477524,0.10612977477524,0.021743887870828957
Capa 2 - Oculta 1 a Oculta 2,Neurona H1_27,Neurona H2_3,0.24114584552465615,0.24114584552465615,0.049406005399604956
Capa 2 - Oculta 1 a Oculta 2,Neurona H1_27,Neurona H2_4,0.03103684754353333,0.03103684754353333,0.006358835060941321
Capa 2 - Oculta 1 a Oculta 2,Neurona H1_27,Neurona H2_5,0.024028036164234157,0.024028036164234157,0.004922868490183783
Capa 2 - Oculta 1 a Oculta 2,Neurona H1_27,Neurona H2_6,0.2358674329091202,0.2358674329091202,0.04832456324737908
Capa 2 - Oculta 1 a Oculta 2,Neurona H1_27,Neurona H2_7,0.2694331851145673,0.2694331851145673,0.055201520762844805
Capa 2 - Oculta 1 a Oculta 2,Neurona H1_27,Neurona H2_8,0.14702961633607614,0.14702961633607614,0.030123454968911306
Capa 2 - Oculta 1 a Oculta 2,Neurona H1_27,Neurona H2_9,0.02280845624584258,0.02280845624584258,0.004673000731101269
Capa 2 - Oculta 1 a Oculta 2,Neurona H1_27,Neurona H2_10,0.08537787930808864,0.08537787930808864,0.017492235692158985
Capa 2 - Oculta 1 a Oculta 2,Neurona H1_27,Neurona H2_11,-0.19902380091751232,0.19902380091751232,0.04077603311550783
Capa 2 - Oculta 1 a Oculta 2,Neurona H1_27,Neurona H2_12,0.04022201573232347,0.04022201573232347,0.008240694017061078
Capa 2 - Oculta 1 a Oculta 2,Neurona H1_27,Neurona H2_13,-0.04667776343996568,0.04667776343996568,0.009563348800552452
Capa 2 - Oculta 1 a Oculta 2,Neurona H1_27,Neurona H2_14,-0.16194211426289287,0.16194211426289287,0.03317873030028157
Capa 2 - Oculta 1 a Oculta 2,Neurona H1_27,Neurona H2_15,-0.23656883192802097,0.23656883192802097,0.04846826600800386
Capa 2 - Oculta 1 a Oculta 2,Neurona H1_27,Neurona H2_16,-0.21646393619886234,0.21646393619886234,0.044349171255232155
Capa 2 - Oculta 1 a Oculta 2,Neurona H1_27,Neurona H2_17,0.10180457000788047,0.10180457000788047,0.0208577391187091
Capa 2 - Oculta 1 a Oculta 2,Neurona H1_27,Neurona H2_18,-0.008867013828227042,0.008867013828227042,0.001816675431926381
Capa 2 - Oculta 1 a Oculta 2,Neurona H1_27,Neurona H2_19,-0.07753078821922713,0.07753078821922713,0.015884522219575675
Capa 2 - Oculta 1 a Oculta 2,Neurona H1_27,Neurona H2_20,-0.09734362207673285,0.09734362207673285,0.019943779282104324
Capa 2 - Oculta 1 a Oculta 2,Neurona H1_27,Neurona H2_21,-0.00623389355481836,0.00623389355481836,0.0012772012636577956
Capa 2 - Oculta 1 a Oculta 2,Neurona H1_27,Neurona H2_22,-0.19362959359344264,0.19362959359344264,0.039670866921996416
Capa 2 - Oculta 1 a Oculta 2,Neurona H1_27,Neurona H2_23,-0.2530779736077344,0.2530779736077344,0.05185066200655888
Capa 2 - Oculta 1 a Oculta 2,Neurona H1_27,Neurona H2_24,0.18181137101644904,0.18181137101644904,0.037249547296181094
Capa 2 - Oculta 1 a Oculta 2,Neurona H1_27,Neurona H2_25,-0.22094460095775734,0.22094460095775734,0.04526717067914988
Capa 2 - Oculta 1 a Oculta 2,Neurona H1_27,Neurona H2_26,0.16626308704644918,0.16626308704644918,0.03406401200277767
Capa 2 - Oculta 1 a Oculta 2,Neurona H1_27,Neurona H2_27,0.010685522404315142,0.010685522404315142,0.0021892518050916
Capa 2 - Oculta 1 a Oculta 2,Neurona H1_27,Neurona H2_28,0.1827203235630488,0.1827203235630488,0.037435773661920836
Capa 2 - Oculta 1 a Oculta 2,Neurona H1_27,Neurona H2_29,-0.20509178951238102,0.20509178951238102,0.042019243740308625
Capa 2 - Oculta 1 a Oculta 2,Neurona H1_27,Neurona H2_30,-0.12078579146946568,0.12078579146946568,0.024746615279863167
Capa 2 - Oculta 1 a Oculta 2,Neurona H1_27,Neurona H2_31,0.16569579082694555,0.16569579082694555,0.03394778424847822
Capa 2 - Oculta 1 a Oculta 2,Neurona H1_27,Neurona H2_32,0.2024576835158084,0.2024576835158084,0.04147956761689603
Capa 2 - Oculta 1 a Oculta 2,Neurona H1_28,Neurona H2_1,-0.18473481867402297,0.18473481867402297,0.0378485037925757
Capa 2 - Oculta 1 a Oculta 2,Neurona H1_28,Neurona H2_2,0.19246283386265656,0.19246283386265656,0.03943182097271273
Capa 2 - Oculta 1 a Oculta 2,Neurona H1_28,Neurona H2_3,0.0984327082916734,0.0984327082916734,0.020166911467105978
Capa 2 - Oculta 1 a Oculta 2,Neurona H1_28,Neurona H2_4,0.07024268547458193,0.07024268547458193,0.014391334382267484
Capa 2 - Oculta 1 a Oculta 2,Neurona H1_28,Neurona H2_5,0.21888416779749778,0.21888416779749778,0.04484502875246717
Capa 2 - Oculta 1 a Oculta 2,Neurona H1_28,Neurona H2_6,-0.08967139582987566,0.08967139582987566,0.018371892150669332
Capa 2 - Oculta 1 a Oculta 2,Neurona H1_28,Neurona H2_7,-0.020790997828369587,0.020790997828369587,0.004259663477663254
Capa 2 - Oculta 1 a Oculta 2,Neurona H1_28,Neurona H2_8,0.03641765905203589,0.03641765905203589,0.007461256717283531
Capa 2 - Oculta 1 a Oculta 2,Neurona H1_28,Neurona H2_9,0.03376574876319464,0.03376574876319464,0.006917932847180354
Capa 2 - Oculta 1 a Oculta 2,Neurona H1_28,Neurona H2_10,-0.1029736613438107,0.1029736613438107,0.02109726276768565
Capa 2 - Oculta 1 a Oculta 2,Neurona H1_28,Neurona H2_11,0.06739328108394665,0.06739328108394665,0.013807547884087936
Capa 2 - Oculta 1 a Oculta 2,Neurona H1_28,Neurona H2_12,-0.14347154076061197,0.14347154076061197,0.02939447578740759
Capa 2 - Oculta 1 a Oculta 2,Neurona H1_28,Neurona H2_13,-0.1757613515139235,0.1757613515139235,0.03601001818234061
Capa 2 - Oculta 1 a Oculta 2,Neurona H1_28,Neurona H2_14,-0.1979304091803931,0.1979304091803931,0.04055201881432646
Capa 2 - Oculta 1 a Oculta 2,Neurona H1_28,Neurona H2_15,0.11664959469195152,0.11664959469195152,0.02389919051963524
Capa 2 - Oculta 1 a Oculta 2,Neurona H1_28,Neurona H2_16,0.25338569645430126,0.25338569645430126,0.05191370832023676
Capa 2 - Oculta 1 a Oculta 2,Neurona H1_28,Neurona H2_17,0.10482516860225342,0.10482516860225342,0.021476599916990493
Capa 2 - Oculta 1 a Oculta 2,Neurona H1_28,Neurona H2_18,-0.15067479517950016,0.15067479517950016,0.030870279884053047
Capa 2 - Oculta 1 a Oculta 2,Neurona H1_28,Neurona H2_19,-0.12637574568178822,0.12637574568178822,0.025891886132017716
Capa 2 - Oculta 1 a Oculta 2,Neurona H1_28,Neurona H2_20,0.11116647978773939,0.11116647978773939,0.022775808924672365
Capa 2 - Oculta 1 a Oculta 2,Neurona H1_28,Neurona H2_21,-0.13390403586622654,0.13390403586622654,0.027434283616382102
Capa 2 - Oculta 1 a Oculta 2,Neurona H1_28,Neurona H2_22,-0.025332112267982387,0.025332112267982387,0.005190047843338732
Capa 2 - Oculta 1 a Oculta 2,Neurona H1_28,Neurona H2_23,-0.18845015945108562,0.18845015945108562,0.03860970349764862
Capa 2 - Oculta 1 a Oculta 2,Neurona H1_28,Neurona H2_24,0.032108769876826884,0.032108769876826884,0.006578450706698917
Capa 2 - Oculta 1 a Oculta 2,Neurona H1_28,Neurona H2_25,0.18698370307313453,0.18698370307313453,0.03830925564390391
Capa 2 - Oculta 1 a Oculta 2,Neurona H1_28,Neurona H2_26,-0.14767607317150594,0.14767607317150594,0.03025590116483215
Capa 2 - Oculta 1 a Oculta 2,Neurona H1_28,Neurona H2_27,0.06653092915324306,0.06653092915324306,0.013630869061145722
Capa 2 - Oculta 1 a Oculta 2,Neurona H1_28,Neurona H2_28,0.06941360034437292,0.06941360034437292,0.014221471267558959
Capa 2 - Oculta 1 a Oculta 2,Neurona H1_28,Neurona H2_29,-0.27965203208160017,0.27965203208160017,0.057295160018095176
Capa 2 - Oculta 1 a Oculta 2,Neurona H1_28,Neurona H2_30,-0.13711634980814225,0.13711634980814225,0.028092423090500834
Capa 2 - Oculta 1 a Oculta 2,Neurona H1_28,Neurona H2_31,0.10457350103172912,0.10457350103172912,0.021425038218628335
Capa 2 - Oculta 1 a Oculta 2,Neurona H1_28,Neurona H2_32,0.13986015390416115,0.13986015390416115,0.028654574180802358
Capa 2 - Oculta 1 a Oculta 2,Neurona H1_29,Neurona H2_1,-0.22412218909702392,0.22412218909702392,0.04591819552440384
Capa 2 - Oculta 1 a Oculta 2,Neurona H1_29,Neurona H2_2,0.18763762537319684,0.18763762537319684,0.03844323136559843
Capa 2 - Oculta 1 a Oculta 2,Neurona H1_29,Neurona H2_3,-0.026453791832313205,0.026453791832313205,0.00541985775978736
Capa 2 - Oculta 1 a Oculta 2,Neurona H1_29,Neurona H2_4,-0.04275814278143685,0.04275814278143685,0.008760296195609777
Capa 2 - Oculta 1 a Oculta 2,Neurona H1_29,Neurona H2_5,0.36167451797478345,0.36167451797478345,0.0740999420872654
Capa 2 - Oculta 1 a Oculta 2,Neurona H1_29,Neurona H2_6,0.1649286652584076,0.1649286652584076,0.03379061542021622
Capa 2 - Oculta 1 a Oculta 2,Neurona H1_29,Neurona H2_7,-0.18365862495910074,0.18365862495910074,0.037628013025360584
Capa 2 - Oculta 1 a Oculta 2,Neurona H1_29,Neurona H2_8,-0.2812523829460882,0.2812523829460882,0.05762304019898792
Capa 2 - Oculta 1 a Oculta 2,Neurona H1_29,Neurona H2_9,-0.23117546612078288,0.23117546612078288,0.04736327222461643
Capa 2 - Oculta 1 a Oculta 2,Neurona H1_29,Neurona H2_10,0.2999708709964207,0.2999708709964207,0.061458087490286216
Capa 2 - Oculta 1 a Oculta 2,Neurona H1_29,Neurona H2_11,0.08460859403979089,0.08460859403979089,0.017334624384211034
Capa 2 - Oculta 1 a Oculta 2,Neurona H1_29,Neurona H2_12,-0.03470351952439426,0.03470351952439426,0.0071100634940534846
Capa 2 - Oculta 1 a Oculta 2,Neurona H1_29,Neurona H2_13,0.020215627566660177,0.020215627566660177,0.004141781512104445
Capa 2 - Oculta 1 a Oculta 2,Neurona H1_29,Neurona H2_14,-0.04698928577662832,0.04698928577662832,0.009627173554463372
Capa 2 - Oculta 1 a Oculta 2,Neurona H1_29,Neurona H2_15,0.19908514583318324,0.19908514583318324,0.04078860147316824
Capa 2 - Oculta 1 a Oculta 2,Neurona H1_29,Neurona H2_16,0.050854990122488876,0.050854990122488876,0.01041917977530177
Capa 2 - Oculta 1 a Oculta 2,Neurona H1_29,Neurona H2_17,0.29521181721991124,0.29521181721991124,0.06048305167298785
Capa 2 - Oculta 1 a Oculta 2,Neurona H1_29,Neurona H2_18,0.23041400586040572,0.23041400586040572,0.047207264105737466
Capa 2 - Oculta 1 a Oculta 2,Neurona H1_29,Neurona H2_19,0.2516294318090046,0.2516294318090046,0.051553884495116
Capa 2 - Oculta 1 a Oculta 2,Neurona H1_29,Neurona H2_20,-0.13057525273333265,0.13057525273333265,0.026752281912889954
Capa 2 - Oculta 1 a Oculta 2,Neurona H1_29,Neurona H2_21,0.22097228339485023,0.22097228339485023,0.04527284226197773
Capa 2 - Oculta 1 a Oculta 2,Neurona H1_29,Neurona H2_22,-0.2681313623084522,0.2681313623084522,0.05493480306572538
Capa 2 - Oculta 1 a Oculta 2,Neurona H1_29,Neurona H2_23,0.06883963123304161,0.06883963123304161,0.014103876369948577
Capa 2 - Oculta 1 a Oculta 2,Neurona H1_29,Neurona H2_24,0.12533056738189635,0.12533056738189635,0.025677749808766283
Capa 2 - Oculta 1 a Oculta 2,Neurona H1_29,Neurona H2_25,0.01349198071515006,0.01349198071515006,0.002764239502504364
Capa 2 - Oculta 1 a Oculta 2,Neurona H1_29,Neurona H2_26,0.1298018806704639,0.1298018806704639,0.02659383330171498
Capa 2 - Oculta 1 a Oculta 2,Neurona H1_29,Neurona H2_27,-0.24469683762131067,0.24469683762131067,0.050133533316660976
Capa 2 - Oculta 1 a Oculta 2,Neurona H1_29,Neurona H2_28,0.14811314751732266,0.14811314751732266,0.03034544903758305
Capa 2 - Oculta 1 a Oculta 2,Neurona H1_29,Neurona H2_29,0.34558462417119296,0.34558462417119296,0.07080344167105573
Capa 2 - Oculta 1 a Oculta 2,Neurona H1_29,Neurona H2_30,0.00833897906737905,0.00833897906737905,0.0017084915725325948
Capa 2 - Oculta 1 a Oculta 2,Neurona H1_29,Neurona H2_31,0.08780589115543144,0.08780589115543144,0.017989687208187104
Capa 2 - Oculta 1 a Oculta 2,Neurona H1_29,Neurona H2_32,0.336951743377051,0.336951743377051,0.06903473545842512
Capa 2 - Oculta 1 a Oculta 2,Neurona H1_30,Neurona H2_1,-0.2071009174931165,0.2071009174931165,0.04243087425232823
Capa 2 - Oculta 1 a Oculta 2,Neurona H1_30,Neurona H2_2,0.00553454568914868,0.00553454568914868,0.0011339187436860982
Capa 2 - Oculta 1 a Oculta 2,Neurona H1_30,Neurona H2_3,-0.1553802228205372,0.1553802228205372,0.03183432876880464
Capa 2 - Oculta 1 a Oculta 2,Neurona H1_30,Neurona H2_4,0.12882808742311175,0.12882808742311175,0.026394322361221252
Capa 2 - Oculta 1 a Oculta 2,Neurona H1_30,Neurona H2_5,-0.020644935487041098,0.020644935487041098,0.004229738198176668
Capa 2 - Oculta 1 a Oculta 2,Neurona H1_30,Neurona H2_6,-0.2564241108932642,0.2564241108932642,0.05253621923205047
Capa 2 - Oculta 1 a Oculta 2,Neurona H1_30,Neurona H2_7,-0.11919537129182467,0.11919537129182467,0.024420769699927028
Capa 2 - Oculta 1 a Oculta 2,Neurona H1_30,Neurona H2_8,-0.1676665091789847,0.1676665091789847,0.03435154538867166
Capa 2 - Oculta 1 a Oculta 2,Neurona H1_30,Neurona H2_9,-0.2269983971500176,0.2269983971500176,0.04650747356188122
Capa 2 - Oculta 1 a Oculta 2,Neurona H1_30,Neurona H2_10,0.04857949844813819,0.04857949844813819,0.009952976620505012
Capa 2 - Oculta 1 a Oculta 2,Neurona H1_30,Neurona H2_11,-0.059603387350500546,0.059603387350500546,0.012211553016253335
Capa 2 - Oculta 1 a Oculta 2,Neurona H1_30,Neurona H2_12,-0.14754517745781237,0.14754517745781237,0.030229083226818502
Capa 2 - Oculta 1 a Oculta 2,Neurona H1_30,Neurona H2_13,0.2335301854239969,0.2335301854239969,0.047845707550657535
Capa 2 - Oculta 1 a Oculta 2,Neurona H1_30,Neurona H2_14,-0.12381586058832127,0.12381586058832127,0.0253674164009509
Capa 2 - Oculta 1 a Oculta 2,Neurona H1_30,Neurona H2_15,-0.1747705622634955,0.1747705622634955,0.03580702509759551
Capa 2 - Oculta 1 a Oculta 2,Neurona H1_30,Neurona H2_16,-0.019608498268054865,0.019608498268054865,0.004017392749196708
Capa 2 - Oculta 1 a Oculta 2,Neurona H1_30,Neurona H2_17,0.23066227509597265,0.23066227509597265,0.04725812955260548
Capa 2 - Oculta 1 a Oculta 2,Neurona H1_30,Neurona H2_18,0.12825137163320635,0.12825137163320635,0.02627616472359697
Capa 2 - Oculta 1 a Oculta 2,Neurona H1_30,Neurona H2_19,-0.20157736986043848,0.20157736986043848,0.0412992087924845
Capa 2 - Oculta 1 a Oculta 2,Neurona H1_30,Neurona H2_20,-0.09432183647978731,0.09432183647978731,0.019324675290516482
Capa 2 - Oculta 1 a Oculta 2,Neurona H1_30,Neurona H2_21,-0.09174890566262313,0.09174890566262313,0.01879753274916747
Capa 2 - Oculta 1 a Oculta 2,Neurona H1_30,Neurona H2_22,0.20353155114491536,0.20353155114491536,0.041699581815219405
Capa 2 - Oculta 1 a Oculta 2,Neurona H1_30,Neurona H2_23,-0.14556692131243412,0.14556692131243412,0.02982377774213261
Capa 2 - Oculta 1 a Oculta 2,Neurona H1_30,Neurona H2_24,-0.17127026741107346,0.17127026741107346,0.03508988404130768
Capa 2 - Oculta 1 a Oculta 2,Neurona H1_30,Neurona H2_25,-0.00964306451538464,0.00964306451538464,0.0019756728401407186
Capa 2 - Oculta 1 a Oculta 2,Neurona H1_30,Neurona H2_26,0.05327914247867006,0.05327914247867006,0.010915840558067387
Capa 2 - Oculta 1 a Oculta 2,Neurona H1_30,Neurona H2_27,-0.1348595805781772,0.1348595805781772,0.027630055793570085
Capa 2 - Oculta 1 a Oculta 2,Neurona H1_30,Neurona H2_28,-0.24101010822983182,0.24101010822983182,0.049378195517554416
Capa 2 - Oculta 1 a Oculta 2,Neurona H1_30,Neurona H2_29,-0.15811437447869414,0.15811437447869414,0.03239450226585305
Capa 2 - Oculta 1 a Oculta 2,Neurona H1_30,Neurona H2_30,0.07546115417603867,0.07546115417603867,0.015460495214297989
Capa 2 - Oculta 1 a Oculta 2,Neurona H1_30,Neurona H2_31,-0.1292506500298581,0.1292506500298581,0.02648089706618936
Capa 2 - Oculta 1 a Oculta 2,Neurona H1_30,Neurona H2_32,-0.07851675377278064,0.07851675377278064,0.016086527024413617
Capa 2 - Oculta 1 a Oculta 2,Neurona H1_31,Neurona H2_1,0.02443842144648172,0.02443842144648172,0.005006948302657967
Capa 2 - Oculta 1 a Oculta 2,Neurona H1_31,Neurona H2_2,0.22906313606790057,0.22906313606790057,0.0469304976529816
Capa 2 - Oculta 1 a Oculta 2,Neurona H1_31,Neurona H2_3,0.1537411467998576,0.1537411467998576,0.03149851457075419
Capa 2 - Oculta 1 a Oculta 2,Neurona H1_31,Neurona H2_4,-0.04962661670082356,0.04962661670082356,0.010167510401643317
Capa 2 - Oculta 1 a Oculta 2,Neurona H1_31,Neurona H2_5,-0.0599948486502566,0.0599948486502566,0.012291755679697133
Capa 2 - Oculta 1 a Oculta 2,Neurona H1_31,Neurona H2_6,0.1234444794483217,0.1234444794483217,0.025291327764349218
Capa 2 - Oculta 1 a Oculta 2,Neurona H1_31,Neurona H2_7,0.10082262534136796,0.10082262534136796,0.020656558113951257
Capa 2 - Oculta 1 a Oculta 2,Neurona H1_31,Neurona H2_8,0.20450937138503705,0.20450937138503705,0.04189991780673603
Capa 2 - Oculta 1 a Oculta 2,Neurona H1_31,Neurona H2_9,-0.26448394287625293,0.26448394287625293,0.05418751909834127
Capa 2 - Oculta 1 a Oculta 2,Neurona H1_31,Neurona H2_10,0.23251086483553016,0.23251086483553016,0.0476368689601019
Capa 2 - Oculta 1 a Oculta 2,Neurona H1_31,Neurona H2_11,-0.13352329101623273,0.13352329101623273,0.027356276541146207
Capa 2 - Oculta 1 a Oculta 2,Neurona H1_31,Neurona H2_12,0.10415543139241405,0.10415543139241405,0.02133938403365794
Capa 2 - Oculta 1 a Oculta 2,Neurona H1_31,Neurona H2_13,0.2682824873148046,0.2682824873148046,0.05496576558495775
Capa 2 - Oculta 1 a Oculta 2,Neurona H1_31,Neurona H2_14,-0.1835243729631488,0.1835243729631488,0.037600507451617526
Capa 2 - Oculta 1 a Oculta 2,Neurona H1_31,Neurona H2_15,0.14488927940122778,0.14488927940122778,0.029684942342123054
Capa 2 - Oculta 1 a Oculta 2,Neurona H1_31,Neurona H2_16,0.09277450624556119,0.09277450624556119,0.019007657986151057
Capa 2 - Oculta 1 a Oculta 2,Neurona H1_31,Neurona H2_17,-0.022882842378647697,0.022882842378647697,0.004688240975738407
Capa 2 - Oculta 1 a Oculta 2,Neurona H1_31,Neurona H2_18,0.27034463125593466,0.27034463125593466,0.05538825801674139
Capa 2 - Oculta 1 a Oculta 2,Neurona H1_31,Neurona H2_19,-0.21103573755560856,0.21103573755560856,0.04323704091396404
Capa 2 - Oculta 1 a Oculta 2,Neurona H1_31,Neurona H2_20,-0.13607110375478657,0.13607110375478657,0.027878272885907215
Capa 2 - Oculta 1 a Oculta 2,Neurona H1_31,Neurona H2_21,-0.03850479942386243,0.03850479942386243,0.0078888704224081
Capa 2 - Oculta 1 a Oculta 2,Neurona H1_31,Neurona H2_22,-0.286192756270851,0.286192756270851,0.05863522479884385
Capa 2 - Oculta 1 a Oculta 2,Neurona H1_31,Neurona H2_23,-0.19461016581576257,0.19461016581576257,0.03987176674013443
Capa 2 - Oculta 1 a Oculta 2,Neurona H1_31,Neurona H2_24,0.12771695677336237,0.12771695677336237,0.026166673708341717
Capa 2 - Oculta 1 a Oculta 2,Neurona H1_31,Neurona H2_25,-0.10159830824861762,0.10159830824861762,0.020815480171350084
Capa 2 - Oculta 1 a Oculta 2,Neurona H1_31,Neurona H2_26,-0.07210286229032455,0.07210286229032455,0.014772447752074234
Capa 2 - Oculta 1 a Oculta 2,Neurona H1_31,Neurona H2_27,-0.12087937461538958,0.12087937461538958,0.024765788612096072
Capa 2 - Oculta 1 a Oculta 2,Neurona H1_31,Neurona H2_28,0.0012486490388377391,0.0012486490388377391,0.0002558234458520715
Capa 2 - Oculta 1 a Oculta 2,Neurona H1_31,Neurona H2_29,0.1130055069772924,0.1130055069772924,0.02315258915515652
Capa 2 - Oculta 1 a Oculta 2,Neurona H1_31,Neurona H2_30,-0.10869479301260979,0.10869479301260979,0.022269409281367294
Capa 2 - Oculta 1 a Oculta 2,Neurona H1_31,Neurona H2_31,-0.14851376198959496,0.14851376198959496,0.03042752700470366
Capa 2 - Oculta 1 a Oculta 2,Neurona H1_31,Neurona H2_32,0.16590130011297138,0.16590130011297138,0.03398988902898137
Capa 2 - Oculta 1 a Oculta 2,Neurona H1_32,Neurona H2_1,0.09650612923796835,0.09650612923796835,0.01977219359451304
Capa 2 - Oculta 1 a Oculta 2,Neurona H1_32,Neurona H2_2,0.1258874199716947,0.1258874199716947,0.025791837870281525
Capa 2 - Oculta 1 a Oculta 2,Neurona H1_32,Neurona H2_3,0.4064295479757664,0.4064295479757664,0.08326936090547998
Capa 2 - Oculta 1 a Oculta 2,Neurona H1_32,Neurona H2_4,0.2430063353471247,0.2430063353471247,0.04978718289828756
Capa 2 - Oculta 1 a Oculta 2,Neurona H1_32,Neurona H2_5,-0.07988246934796821,0.07988246934796821,0.01636633508386925
Capa 2 - Oculta 1 a Oculta 2,Neurona H1_32,Neurona H2_6,0.2397055296717834,0.2397055296717834,0.04911091322146958
Capa 2 - Oculta 1 a Oculta 2,Neurona H1_32,Neurona H2_7,-0.04783671133789818,0.04783671133789818,0.009800794260077315
Capa 2 - Oculta 1 a Oculta 2,Neurona H1_32,Neurona H2_8,-0.10365167150109757,0.10365167150109757,0.021236173614020245
Capa 2 - Oculta 1 a Oculta 2,Neurona H1_32,Neurona H2_9,0.1889049888043689,0.1889049888043689,0.03870288901961074
Capa 2 - Oculta 1 a Oculta 2,Neurona H1_32,Neurona H2_10,-0.15952058363825292,0.15952058363825292,0.03268260665835866
Capa 2 - Oculta 1 a Oculta 2,Neurona H1_32,Neurona H2_11,-0.05814058622741117,0.05814058622741117,0.011911854051800255
Capa 2 - Oculta 1 a Oculta 2,Neurona H1_32,Neurona H2_12,0.3954396891005607,0.3954396891005607,0.08101775658798493
Capa 2 - Oculta 1 a Oculta 2,Neurona H1_32,Neurona H2_13,-0.029804561240490683,0.029804561240490683,0.006106364015423105
Capa 2 - Oculta 1 a Oculta 2,Neurona H1_32,Neurona H2_14,0.37978547012894925,0.37978547012894925,0.07781051731187243
Capa 2 - Oculta 1 a Oculta 2,Neurona H1_32,Neurona H2_15,0.0885604320895102,0.0885604320895102,0.018144277694215224
Capa 2 - Oculta 1 a Oculta 2,Neurona H1_32,Neurona H2_16,0.33341555115880817,0.33341555115880817,0.06831023974319338
Capa 2 - Oculta 1 a Oculta 2,Neurona H1_32,Neurona H2_17,-0.2312700053436525,0.2312700053436525,0.04738264143807067
Capa 2 - Oculta 1 a Oculta 2,Neurona H1_32,Neurona H2_18,0.2422744498878029,0.2422744498878029,0.04963723407011482
Capa 2 - Oculta 1 a Oculta 2,Neurona H1_32,Neurona H2_19,-0.3362777389342808,0.3362777389342808,0.06889664530362102
Capa 2 - Oculta 1 a Oculta 2,Neurona H1_32,Neurona H2_20,0.19639920543937192,0.19639920543937192,0.04023830550886936
Capa 2 - Oculta 1 a Oculta 2,Neurona H1_32,Neurona H2_21,-0.3096132913467466,0.3096132913467466,0.06343362835377064
Capa 2 - Oculta 1 a Oculta 2,Neurona H1_32,Neurona H2_22,0.15749253006955619,0.15749253006955619,0.03226709866837974
Capa 2 - Oculta 1 a Oculta 2,Neurona H1_32,Neurona H2_23,0.0075278217885567595,0.0075278217885567595,0.0015423015193296035
Capa 2 - Oculta 1 a Oculta 2,Neurona H1_32,Neurona H2_24,0.20697425554312515,0.20697425554312515,0.042404923728604375
Capa 2 - Oculta 1 a Oculta 2,Neurona H1_32,Neurona H2_25,-0.0236901979954662,0.0236901979954662,0.00485365214372744
Capa 2 - Oculta 1 a Oculta 2,Neurona H1_32,Neurona H2_26,0.14412436483761687,0.14412436483761687,0.029528226504959135
Capa 2 - Oculta 1 a Oculta 2,Neurona H1_32,Neurona H2_27,-0.03772205543753588,0.03772205543753588,0.0077285016898229735
Capa 2 - Oculta 1 a Oculta 2,Neurona H1_32,Neurona H2_28,0.08430466586371085,0.08430466586371085,0.01727235552332383
Capa 2 - Oculta 1 a Oculta 2,Neurona H1_32,Neurona H2_29,-0.19523913596275924,0.19523913596275924,0.04000063026009721
Capa 2 - Oculta 1 a Oculta 2,Neurona H1_32,Neurona H2_30,-0.03475140575967965,0.03475140575967965,0.007119874434789078
Capa 2 - Oculta 1 a Oculta 2,Neurona H1_32,Neurona H2_31,0.038680472821885886,0.038680472821885886,0.00792486242066306
Capa 2 - Oculta 1 a Oculta 2,Neurona H1_32,Neurona H2_32,-0.38575185062036366,0.38575185062036366,0.07903291044965832
Capa 2 - Oculta 1 a Oculta 2,Neurona H1_33,Neurona H2_1,0.1390690320854999,0.1390690320854999,0.028492488996380103
Capa 2 - Oculta 1 a Oculta 2,Neurona H1_33,Neurona H2_2,0.32764141775944033,0.32764141775944033,0.06712723422515704
Capa 2 - Oculta 1 a Oculta 2,Neurona H1_33,Neurona H2_3,0.03399700422966677,0.03399700422966677,0.006965312509891741
Capa 2 - Oculta 1 a Oculta 2,Neurona H1_33,Neurona H2_4,0.16443933484926368,0.16443933484926368,0.03369036131555289
Capa 2 - Oculta 1 a Oculta 2,Neurona H1_33,Neurona H2_5,-0.2564025300633277,0.2564025300633277,0.05253179774762451
Capa 2 - Oculta 1 a Oculta 2,Neurona H1_33,Neurona H2_6,0.03848616661604992,0.03848616661604992,0.007885052929299764
Capa 2 - Oculta 1 a Oculta 2,Neurona H1_33,Neurona H2_7,0.18803414631672608,0.18803414631672608,0.0385244706497936
Capa 2 - Oculta 1 a Oculta 2,Neurona H1_33,Neurona H2_8,0.24869825865685566,0.24869825865685566,0.05095334519796505
Capa 2 - Oculta 1 a Oculta 2,Neurona H1_33,Neurona H2_9,-0.07030685125209905,0.07030685125209905,0.014404480678624293
Capa 2 - Oculta 1 a Oculta 2,Neurona H1_33,Neurona H2_10,0.08796292755139334,0.08796292755139334,0.018021860854015206
Capa 2 - Oculta 1 a Oculta 2,Neurona H1_33,Neurona H2_11,-0.11270009292216734,0.11270009292216734,0.023090015867095953
Capa 2 - Oculta 1 a Oculta 2,Neurona H1_33,Neurona H2_12,0.25157596619570816,0.25157596619570816,0.051542930450382315
Capa 2 - Oculta 1 a Oculta 2,Neurona H1_33,Neurona H2_13,-0.22051609836815564,0.22051609836815564,0.04517937898939654
Capa 2 - Oculta 1 a Oculta 2,Neurona H1_33,Neurona H2_14,0.27722882764042367,0.27722882764042367,0.05679869344433091
Capa 2 - Oculta 1 a Oculta 2,Neurona H1_33,Neurona H2_15,0.20795193462553116,0.20795193462553116,0.04260523079970211
Capa 2 - Oculta 1 a Oculta 2,Neurona H1_33,Neurona H2_16,0.09697362353571706,0.09697362353571706,0.019867973912637973
Capa 2 - Oculta 1 a Oculta 2,Neurona H1_33,Neurona H2_17,-0.1150630866571715,0.1150630866571715,0.0235741464602515
Capa 2 - Oculta 1 a Oculta 2,Neurona H1_33,Neurona H2_18,0.04829923547131537,0.04829923547131537,0.009895556290015421
Capa 2 - Oculta 1 a Oculta 2,Neurona H1_33,Neurona H2_19,-0.42567657504555895,0.42567657504555895,0.08721269536876969
Capa 2 - Oculta 1 a Oculta 2,Neurona H1_33,Neurona H2_20,0.25560820670799994,0.25560820670799994,0.05236905663177832
Capa 2 - Oculta 1 a Oculta 2,Neurona H1_33,Neurona H2_21,-0.010467028774185216,0.010467028774185216,0.002144486789768644
Capa 2 - Oculta 1 a Oculta 2,Neurona H1_33,Neurona H2_22,0.02345419476935455,0.02345419476935455,0.00480529975914363
Capa 2 - Oculta 1 a Oculta 2,Neurona H1_33,Neurona H2_23,-0.35174728050758397,0.35174728050758397,0.07206604784023608
Capa 2 - Oculta 1 a Oculta 2,Neurona H1_33,Neurona H2_24,0.048825158896144596,0.048825158896144596,0.010003307578495466
Capa 2 - Oculta 1 a Oculta 2,Neurona H1_33,Neurona H2_25,0.033743917946367885,0.033743917946367885,0.006913460145394124
Capa 2 - Oculta 1 a Oculta 2,Neurona H1_33,Neurona H2_26,-0.21272699381425664,0.21272699381425664,0.043583545808813406
Capa 2 - Oculta 1 a Oculta 2,Neurona H1_33,Neurona H2_27,0.32687914809098756,0.32687914809098756,0.06697106027460195
Capa 2 - Oculta 1 a Oculta 2,Neurona H1_33,Neurona H2_28,-0.16923862352524408,0.16923862352524408,0.03467364046649106
Capa 2 - Oculta 1 a Oculta 2,Neurona H1_33,Neurona H2_29,-0.17056343229793242,0.17056343229793242,0.034945067532690256
Capa 2 - Oculta 1 a Oculta 2,Neurona H1_33,Neurona H2_30,-0.31042852506067187,0.31042852506067187,0.06360065358775094
Capa 2 - Oculta 1 a Oculta 2,Neurona H1_33,Neurona H2_31,0.3507000555929529,0.3507000555929529,0.07185149220617863
Capa 2 - Oculta 1 a Oculta 2,Neurona H1_33,Neurona H2_32,-0.11727777286620145,0.11727777286620145,0.02402789178007529
Capa 2 - Oculta 1 a Oculta 2,Neurona H1_34,Neurona H2_1,0.15915482013939808,0.15915482013939808,0.03260766896511297
Capa 2 - Oculta 1 a Oculta 2,Neurona H1_34,Neurona H2_2,-0.22786896528270253,0.22786896528270253,0.04668583572180389
Capa 2 - Oculta 1 a Oculta 2,Neurona H1_34,Neurona H2_3,-0.24753512939006503,0.24753512939006503,0.05071504305881573
Capa 2 - Oculta 1 a Oculta 2,Neurona H1_34,Neurona H2_4,0.17675594426829624,0.17675594426829624,0.036213790529676874
Capa 2 - Oculta 1 a Oculta 2,Neurona H1_34,Neurona H2_5,0.05862261921424087,0.05862261921424087,0.012010613059231135
Capa 2 - Oculta 1 a Oculta 2,Neurona H1_34,Neurona H2_6,0.2002674736235779,0.2002674736235779,0.041030837009381815
Capa 2 - Oculta 1 a Oculta 2,Neurona H1_34,Neurona H2_7,0.11494348849806739,0.11494348849806739,0.023549643167310147
Capa 2 - Oculta 1 a Oculta 2,Neurona H1_34,Neurona H2_8,-0.24546944539732057,0.24546944539732057,0.050291825340603065
Capa 2 - Oculta 1 a Oculta 2,Neurona H1_34,Neurona H2_9,0.11512879897149882,0.11512879897149882,0.023587609611355812
Capa 2 - Oculta 1 a Oculta 2,Neurona H1_34,Neurona H2_10,0.18635042822782186,0.18635042822782186,0.03817951017655455
Capa 2 - Oculta 1 a Oculta 2,Neurona H1_34,Neurona H2_11,-0.1943158843987236,0.1943158843987236,0.039811474309022474
Capa 2 - Oculta 1 a Oculta 2,Neurona H1_34,Neurona H2_12,-0.2101664699824016,0.2101664699824016,0.04305894521290759
Capa 2 - Oculta 1 a Oculta 2,Neurona H1_34,Neurona H2_13,-0.18794526264441444,0.18794526264441444,0.038506260146582934
Capa 2 - Oculta 1 a Oculta 2,Neurona H1_34,Neurona H2_14,-0.08391814448629914,0.08391814448629914,0.017193164952082934
Capa 2 - Oculta 1 a Oculta 2,Neurona H1_34,Neurona H2_15,-0.0317138728044128,0.0317138728044128,0.006497544121517942
Capa 2 - Oculta 1 a Oculta 2,Neurona H1_34,Neurona H2_16,-0.2544794664162396,0.2544794664162396,0.052137800112188964
Capa 2 - Oculta 1 a Oculta 2,Neurona H1_34,Neurona H2_17,0.32282917083104135,0.32282917083104135,0.06614130018506842
Capa 2 - Oculta 1 a Oculta 2,Neurona H1_34,Neurona H2_18,-0.02912369160581716,0.02912369160581716,0.005966867318833042
Capa 2 - Oculta 1 a Oculta 2,Neurona H1_34,Neurona H2_19,0.1121038030145765,0.1121038030145765,0.022967847880622592
Capa 2 - Oculta 1 a Oculta 2,Neurona H1_34,Neurona H2_20,0.18152722456480125,0.18152722456480125,0.03719133131865163
Capa 2 - Oculta 1 a Oculta 2,Neurona H1_34,Neurona H2_21,0.40992799624085985,0.40992799624085985,0.08398612363261462
Capa 2 - Oculta 1 a Oculta 2,Neurona H1_34,Neurona H2_22,-0.14137420132014591,0.14137420132014591,0.02896477249521517
Capa 2 - Oculta 1 a Oculta 2,Neurona H1_34,Neurona H2_23,0.32882397146542663,0.32882397146542663,0.06736951604699878
Capa 2 - Oculta 1 a Oculta 2,Neurona H1_34,Neurona H2_24,-0.0978585912824573,0.0978585912824573,0.020049286268149627
Capa 2 - Oculta 1 a Oculta 2,Neurona H1_34,Neurona H2_25,0.15795997453018099,0.15795997453018099,0.032362868775865514
Capa 2 - Oculta 1 a Oculta 2,Neurona H1_34,Neurona H2_26,0.03692048182441403,0.03692048182441403,0.007564275139819939
Capa 2 - Oculta 1 a Oculta 2,Neurona H1_34,Neurona H2_27,-0.33793259708582873,0.33793259708582873,0.06923569294756063
Capa 2 - Oculta 1 a Oculta 2,Neurona H1_34,Neurona H2_28,-0.13245331437034832,0.13245331437034832,0.027137059528184602
Capa 2 - Oculta 1 a Oculta 2,Neurona H1_34,Neurona H2_29,-0.050762590641764714,0.050762590641764714,0.010400248952613754
Capa 2 - Oculta 1 a Oculta 2,Neurona H1_34,Neurona H2_30,-0.0988531863165402,0.0988531863165402,0.02025305908255333
Capa 2 - Oculta 1 a Oculta 2,Neurona H1_34,Neurona H2_31,-0.23472061271582162,0.23472061271582162,0.04808960251422105
Capa 2 - Oculta 1 a Oculta 2,Neurona H1_34,Neurona H2_32,0.2910732141168909,0.2910732141168909,0.05963513390434548
Capa 2 - Oculta 1 a Oculta 2,Neurona H1_35,Neurona H2_1,0.04893545476137045,0.04893545476137045,0.010025905015747792
Capa 2 - Oculta 1 a Oculta 2,Neurona H1_35,Neurona H2_2,0.2207359780736063,0.2207359780736063,0.04522442798408738
Capa 2 - Oculta 1 a Oculta 2,Neurona H1_35,Neurona H2_3,0.10770857823124572,0.10770857823124572,0.02206735341468946
Capa 2 - Oculta 1 a Oculta 2,Neurona H1_35,Neurona H2_4,0.23575075989091787,0.23575075989091787,0.04830065925784631
Capa 2 - Oculta 1 a Oculta 2,Neurona H1_35,Neurona H2_5,-0.1647624128920285,0.1647624128920285,0.03375655360466575
Capa 2 - Oculta 1 a Oculta 2,Neurona H1_35,Neurona H2_6,0.20536439513626012,0.20536439513626012,0.04207509523091188
Capa 2 - Oculta 1 a Oculta 2,Neurona H1_35,Neurona H2_7,0.30769155273432286,0.30769155273432286,0.06303990219168203
Capa 2 - Oculta 1 a Oculta 2,Neurona H1_35,Neurona H2_8,-0.24688456997838928,0.24688456997838928,0.050581756326315376
Capa 2 - Oculta 1 a Oculta 2,Neurona H1_35,Neurona H2_9,-0.11837962365974604,0.11837962365974604,0.02425363917430049
Capa 2 - Oculta 1 a Oculta 2,Neurona H1_35,Neurona H2_10,0.06646241150478499,0.06646241150478499,0.013616831152666218
Capa 2 - Oculta 1 a Oculta 2,Neurona H1_35,Neurona H2_11,0.03578634492625622,0.03578634492625622,0.007331912962514477
Capa 2 - Oculta 1 a Oculta 2,Neurona H1_35,Neurona H2_12,0.32353860748642577,0.32353860748642577,0.06628664969814146
Capa 2 - Oculta 1 a Oculta 2,Neurona H1_35,Neurona H2_13,0.060402615699385466,0.060402615699385466,0.012375299068086057
Capa 2 - Oculta 1 a Oculta 2,Neurona H1_35,Neurona H2_14,0.11585116558118892,0.11585116558118892,0.023735608215856734
Capa 2 - Oculta 1 a Oculta 2,Neurona H1_35,Neurona H2_15,0.2205756552012518,0.2205756552012518,0.04519158100436856
Capa 2 - Oculta 1 a Oculta 2,Neurona H1_35,Neurona H2_16,0.24276887615975418,0.24276887615975418,0.04973853221609194
Capa 2 - Oculta 1 a Oculta 2,Neurona H1_35,Neurona H2_17,0.12444407619491739,0.12444407619491739,0.025496125330536964
Capa 2 - Oculta 1 a Oculta 2,Neurona H1_35,Neurona H2_18,0.0005846627755928563,0.0005846627755928563,0.00011978581752068882
Capa 2 - Oculta 1 a Oculta 2,Neurona H1_35,Neurona H2_19,0.018155446617642772,0.018155446617642772,0.0037196912585076443
Capa 2 - Oculta 1 a Oculta 2,Neurona H1_35,Neurona H2_20,0.25462946454269536,0.25462946454269536,0.05216853175605984
Capa 2 - Oculta 1 a Oculta 2,Neurona H1_35,Neurona H2_21,-0.17603649964257723,0.17603649964257723,0.03606639058179199
Capa 2 - Oculta 1 a Oculta 2,Neurona H1_35,Neurona H2_22,-0.02043123432409024,0.02043123432409024,0.0041859550644151025
Capa 2 - Oculta 1 a Oculta 2,Neurona H1_35,Neurona H2_23,0.021837230971232066,0.021837230971232066,0.004474015917337461
Capa 2 - Oculta 1 a Oculta 2,Neurona H1_35,Neurona H2_24,0.10203279661709186,0.10203279661709186,0.020904498228585117
Capa 2 - Oculta 1 a Oculta 2,Neurona H1_35,Neurona H2_25,0.16009571634327588,0.16009571634327588,0.032800439953259646
Capa 2 - Oculta 1 a Oculta 2,Neurona H1_35,Neurona H2_26,-0.20324317014928917,0.20324317014928917,0.04164049826353701
Capa 2 - Oculta 1 a Oculta 2,Neurona H1_35,Neurona H2_27,-0.07107213465707408,0.07107213465707408,0.01456127208407506
Capa 2 - Oculta 1 a Oculta 2,Neurona H1_35,Neurona H2_28,-0.07357828937433364,0.07357828937433364,0.01507473352573407
Capa 2 - Oculta 1 a Oculta 2,Neurona H1_35,Neurona H2_29,0.10400573261848645,0.10400573261848645,0.021308713721188362
Capa 2 - Oculta 1 a Oculta 2,Neurona H1_35,Neurona H2_30,-0.004960354888838969,0.004960354888838969,0.0010162784263968478
Capa 2 - Oculta 1 a Oculta 2,Neurona H1_35,Neurona H2_31,0.20593836448836692,0.20593836448836692,0.042192690177852384
Capa 2 - Oculta 1 a Oculta 2,Neurona H1_35,Neurona H2_32,-0.23631573055874217,0.23631573055874217,0.04841641055268788
Capa 2 - Oculta 1 a Oculta 2,Neurona H1_36,Neurona H2_1,0.018841408439265957,0.018841408439265957,0.0038602312433010906
Capa 2 - Oculta 1 a Oculta 2,Neurona H1_36,Neurona H2_2,-0.18450870712459588,0.18450870712459588,0.03780217801653919
Capa 2 - Oculta 1 a Oculta 2,Neurona H1_36,Neurona H2_3,0.012071475168292458,0.012071475168292458,0.0024732060635267073
Capa 2 - Oculta 1 a Oculta 2,Neurona H1_36,Neurona H2_4,0.020712124551173296,0.020712124551173296,0.004243503906053939
Capa 2 - Oculta 1 a Oculta 2,Neurona H1_36,Neurona H2_5,0.12804227659046255,0.12804227659046255,0.026233325292594728
Capa 2 - Oculta 1 a Oculta 2,Neurona H1_36,Neurona H2_6,0.04422788984450241,0.04422788984450241,0.009061418245528927
Capa 2 - Oculta 1 a Oculta 2,Neurona H1_36,Neurona H2_7,-0.14943482898716057,0.14943482898716057,0.030616235381396274
Capa 2 - Oculta 1 a Oculta 2,Neurona H1_36,Neurona H2_8,-0.21765149848356077,0.21765149848356077,0.04459247923560613
Capa 2 - Oculta 1 a Oculta 2,Neurona H1_36,Neurona H2_9,-0.0010355679899887314,0.0010355679899887314,0.00021216736118230195
Capa 2 - Oculta 1 a Oculta 2,Neurona H1_36,Neurona H2_10,-0.03443099127443446,0.03443099127443446,0.00705422785583312
Capa 2 - Oculta 1 a Oculta 2,Neurona H1_36,Neurona H2_11,0.061365123732281146,0.061365123732281146,0.01257249789175621
Capa 2 - Oculta 1 a Oculta 2,Neurona H1_36,Neurona H2_12,-0.19742664576702051,0.19742664576702051,0.04044880767308926
Capa 2 - Oculta 1 a Oculta 2,Neurona H1_36,Neurona H2_13,-0.1123508289084129,0.1123508289084129,0.023018458591407054
Capa 2 - Oculta 1 a Oculta 2,Neurona H1_36,Neurona H2_14,-0.16254521106766914,0.16254521106766914,0.033302292885108324
Capa 2 - Oculta 1 a Oculta 2,Neurona H1_36,Neurona H2_15,-0.16747582544511624,0.16747582544511624,0.034312478070034576
Capa 2 - Oculta 1 a Oculta 2,Neurona H1_36,Neurona H2_16,-0.11684894071390596,0.11684894071390596,0.023940032569456347
Capa 2 - Oculta 1 a Oculta 2,Neurona H1_36,Neurona H2_17,0.25994897415022833,0.25994897415022833,0.05325839386760159
Capa 2 - Oculta 1 a Oculta 2,Neurona H1_36,Neurona H2_18,0.14999236745087455,0.14999236745087455,0.03073046396488611
Capa 2 - Oculta 1 a Oculta 2,Neurona H1_36,Neurona H2_19,-0.11395888363740762,0.11395888363740762,0.023347917141483758
Capa 2 - Oculta 1 a Oculta 2,Neurona H1_36,Neurona H2_20,-0.09532280029332818,0.09532280029332818,0.01952975294163261
Capa 2 - Oculta 1 a Oculta 2,Neurona H1_36,Neurona H2_21,0.14530364322011124,0.14530364322011124,0.02976983727791851
Capa 2 - Oculta 1 a Oculta 2,Neurona H1_36,Neurona H2_22,-0.13119235030797216,0.13119235030797216,0.026878712978033913
Capa 2 - Oculta 1 a Oculta 2,Neurona H1_36,Neurona H2_23,0.23074337417265012,0.23074337417265012,0.047274745146423866
Capa 2 - Oculta 1 a Oculta 2,Neurona H1_36,Neurona H2_24,0.03963991994521648,0.03963991994521648,0.008121434124615802
Capa 2 - Oculta 1 a Oculta 2,Neurona H1_36,Neurona H2_25,-0.1486062446644228,0.1486062446644228,0.030446474872215013
Capa 2 - Oculta 1 a Oculta 2,Neurona H1_36,Neurona H2_26,-0.12969786916921486,0.12969786916921486,0.026572523406115697
Capa 2 - Oculta 1 a Oculta 2,Neurona H1_36,Neurona H2_27,-0.24283677204590923,0.24283677204590923,0.049752442737795895
Capa 2 - Oculta 1 a Oculta 2,Neurona H1_36,Neurona H2_28,-0.10986617789900947,0.10986617789900947,0.022509402833387916
Capa 2 - Oculta 1 a Oculta 2,Neurona H1_36,Neurona H2_29,-0.04317599094060478,0.04317599094060478,0.008845905003686693
Capa 2 - Oculta 1 a Oculta 2,Neurona H1_36,Neurona H2_30,0.19065538703430734,0.19065538703430734,0.039061510932468686
Capa 2 - Oculta 1 a Oculta 2,Neurona H1_36,Neurona H2_31,-0.24147330364770628,0.24147330364770628,0.049473095080376187
Capa 2 - Oculta 1 a Oculta 2,Neurona H1_36,Neurona H2_32,-0.1366761825893536,0.1366761825893536,0.028002241549363826
Capa 2 - Oculta 1 a Oculta 2,Neurona H1_37,Neurona H2_1,0.27592770879859585,0.27592770879859585,0.056532119975544776
Capa 2 - Oculta 1 a Oculta 2,Neurona H1_37,Neurona H2_2,-0.1716826975969075,0.1716826975969075,0.035174382814006595
Capa 2 - Oculta 1 a Oculta 2,Neurona H1_37,Neurona H2_3,-0.2102310655682003,0.2102310655682003,0.04307217956846456
Capa 2 - Oculta 1 a Oculta 2,Neurona H1_37,Neurona H2_4,-0.008050950555558451,0.008050950555558451,0.001649480237797435
Capa 2 - Oculta 1 a Oculta 2,Neurona H1_37,Neurona H2_5,0.03705726227588194,0.03705726227588194,0.007592298743996414
Capa 2 - Oculta 1 a Oculta 2,Neurona H1_37,Neurona H2_6,-0.10367402720753206,0.10367402720753206,0.021240753855286322
Capa 2 - Oculta 1 a Oculta 2,Neurona H1_37,Neurona H2_7,0.024180945461311765,0.024180945461311765,0.004954196575229701
Capa 2 - Oculta 1 a Oculta 2,Neurona H1_37,Neurona H2_8,0.16375247915047972,0.16375247915047972,0.033549638193041534
Capa 2 - Oculta 1 a Oculta 2,Neurona H1_37,Neurona H2_9,0.2774767480388262,0.2774767480388262,0.056849487421376216
Capa 2 - Oculta 1 a Oculta 2,Neurona H1_37,Neurona H2_10,0.22460817939896155,0.22460817939896155,0.04601776530728542
Capa 2 - Oculta 1 a Oculta 2,Neurona H1_37,Neurona H2_11,0.1179758517204254,0.1179758517204254,0.02417091430474745
Capa 2 - Oculta 1 a Oculta 2,Neurona H1_37,Neurona H2_12,-0.24134439741552582,0.24134439741552582,0.04944668474770264
Capa 2 - Oculta 1 a Oculta 2,Neurona H1_37,Neurona H2_13,0.14238552139996402,0.14238552139996402,0.029171971940080223
Capa 2 - Oculta 1 a Oculta 2,Neurona H1_37,Neurona H2_14,-0.20425413899635209,0.20425413899635209,0.04184762574777027
Capa 2 - Oculta 1 a Oculta 2,Neurona H1_37,Neurona H2_15,0.08976067535008113,0.08976067535008113,0.01839018375526965
Capa 2 - Oculta 1 a Oculta 2,Neurona H1_37,Neurona H2_16,-0.2934946422507526,0.2934946422507526,0.060131236547938796
Capa 2 - Oculta 1 a Oculta 2,Neurona H1_37,Neurona H2_17,0.07302793565944071,0.07302793565944071,0.014961976954910576
Capa 2 - Oculta 1 a Oculta 2,Neurona H1_37,Neurona H2_18,-0.11562194556629016,0.11562194556629016,0.023688645576839893
Capa 2 - Oculta 1 a Oculta 2,Neurona H1_37,Neurona H2_19,-0.08121165877795823,0.08121165877795823,0.016638659659946056
Capa 2 - Oculta 1 a Oculta 2,Neurona H1_37,Neurona H2_20,0.1676678644660955,0.1676678644660955,0.034351823060145406
Capa 2 - Oculta 1 a Oculta 2,Neurona H1_37,Neurona H2_21,0.2050019638201604,0.2050019638201604,0.0420008402358849
Capa 2 - Oculta 1 a Oculta 2,Neurona H1_37,Neurona H2_22,0.2038552924578482,0.2038552924578482,0.041765909995246875
Capa 2 - Oculta 1 a Oculta 2,Neurona H1_37,Neurona H2_23,0.15279176762066088,0.15279176762066088,0.031304005589056355
Capa 2 - Oculta 1 a Oculta 2,Neurona H1_37,Neurona H2_24,-0.18612217069691475,0.18612217069691475,0.038132744731435804
Capa 2 - Oculta 1 a Oculta 2,Neurona H1_37,Neurona H2_25,-0.026990750834471604,0.026990750834471604,0.005529870019390198
Capa 2 - Oculta 1 a Oculta 2,Neurona H1_37,Neurona H2_26,-0.042201513778069064,0.042201513778069064,0.008646253942523757
Capa 2 - Oculta 1 a Oculta 2,Neurona H1_37,Neurona H2_27,-0.25579267043057485,0.25579267043057485,0.052406849593352
Capa 2 - Oculta 1 a Oculta 2,Neurona H1_37,Neurona H2_28,0.02424469072015115,0.02424469072015115,0.0049672567156420966
Capa 2 - Oculta 1 a Oculta 2,Neurona H1_37,Neurona H2_29,0.03303300922119519,0.03303300922119519,0.006767809034390773
Capa 2 - Oculta 1 a Oculta 2,Neurona H1_37,Neurona H2_30,0.1523783853958402,0.1523783853958402,0.031219311762433897
Capa 2 - Oculta 1 a Oculta 2,Neurona H1_37,Neurona H2_31,-0.025184475426325844,0.025184475426325844,0.005159799979933936
Capa 2 - Oculta 1 a Oculta 2,Neurona H1_37,Neurona H2_32,0.12996823587660083,0.12996823587660083,0.026627916187094043
Capa 2 - Oculta 1 a Oculta 2,Neurona H1_38,Neurona H2_1,0.19323942529387664,0.19323942529387664,0.039590929168670526
Capa 2 - Oculta 1 a Oculta 2,Neurona H1_38,Neurona H2_2,-0.38709659374064165,0.38709659374064165,0.07930842166867595
Capa 2 - Oculta 1 a Oculta 2,Neurona H1_38,Neurona H2_3,0.02065042178841881,0.02065042178841881,0.004230862232616911
Capa 2 - Oculta 1 a Oculta 2,Neurona H1_38,Neurona H2_4,0.14459591138964908,0.14459591138964908,0.02962483704969061
Capa 2 - Oculta 1 a Oculta 2,Neurona H1_38,Neurona H2_5,0.3513548639625468,0.3513548639625468,0.07198564946596253
Capa 2 - Oculta 1 a Oculta 2,Neurona H1_38,Neurona H2_6,-0.16248951080030308,0.16248951080030308,0.03329088100403586
Capa 2 - Oculta 1 a Oculta 2,Neurona H1_38,Neurona H2_7,-0.30785234814937923,0.30785234814937923,0.06307284598603694
Capa 2 - Oculta 1 a Oculta 2,Neurona H1_38,Neurona H2_8,0.04063888365423379,0.04063888365423379,0.008326101993947486
Capa 2 - Oculta 1 a Oculta 2,Neurona H1_38,Neurona H2_9,0.33850345565334483,0.33850345565334483,0.06935265055637925
Capa 2 - Oculta 1 a Oculta 2,Neurona H1_38,Neurona H2_10,0.24840855251871646,0.24840855251871646,0.050893990150839674
Capa 2 - Oculta 1 a Oculta 2,Neurona H1_38,Neurona H2_11,-0.08358731695900037,0.08358731695900037,0.017125384947146504
Capa 2 - Oculta 1 a Oculta 2,Neurona H1_38,Neurona H2_12,-0.1518272680867088,0.1518272680867088,0.031106398746281697
Capa 2 - Oculta 1 a Oculta 2,Neurona H1_38,Neurona H2_13,-0.08919612082203586,0.08919612082203586,0.01827451771922291
Capa 2 - Oculta 1 a Oculta 2,Neurona H1_38,Neurona H2_14,-0.1048723117765451,0.1048723117765451,0.02148625861925236
Capa 2 - Oculta 1 a Oculta 2,Neurona H1_38,Neurona H2_15,0.007735278337566121,0.007735278337566121,0.0015848052554327079
Capa 2 - Oculta 1 a Oculta 2,Neurona H1_38,Neurona H2_16,-0.34077244011745494,0.34077244011745494,0.06981752051273926
Capa 2 - Oculta 1 a Oculta 2,Neurona H1_38,Neurona H2_17,0.24332475742876183,0.24332475742876183,0.04985242127322406
Capa 2 - Oculta 1 a Oculta 2,Neurona H1_38,Neurona H2_18,-0.2778395183604807,0.2778395183604807,0.0569238118719239
Capa 2 - Oculta 1 a Oculta 2,Neurona H1_38,Neurona H2_19,-0.001327652346137867,0.001327652346137867,0.00027200965805309273
Capa 2 - Oculta 1 a Oculta 2,Neurona H1_38,Neurona H2_20,0.1353147539812477,0.1353147539812477,0.0277233118045162
Capa 2 - Oculta 1 a Oculta 2,Neurona H1_38,Neurona H2_21,0.04636919277208199,0.04636919277208199,0.009500128785086489
Capa 2 - Oculta 1 a Oculta 2,Neurona H1_38,Neurona H2_22,0.044968948969667986,0.044968948969667986,0.009213246576055207
Capa 2 - Oculta 1 a Oculta 2,Neurona H1_38,Neurona H2_23,0.33310199332701285,0.33310199332701285,0.06824599795666347
Capa 2 - Oculta 1 a Oculta 2,Neurona H1_38,Neurona H2_24,-0.10237621527747752,0.10237621527747752,0.020974857907195478
Capa 2 - Oculta 1 a Oculta 2,Neurona H1_38,Neurona H2_25,-0.10976225992058561,0.10976225992058561,0.022488112098762343
Capa 2 - Oculta 1 a Oculta 2,Neurona H1_38,Neurona H2_26,0.3678657672027014,0.3678657672027014,0.07536840637334632
Capa 2 - Oculta 1 a Oculta 2,Neurona H1_38,Neurona H2_27,-0.28641840427352927,0.28641840427352927,0.058681455603336784
Capa 2 - Oculta 1 a Oculta 2,Neurona H1_38,Neurona H2_28,0.15104514692431978,0.15104514692431978,0.030946157617980002
Capa 2 - Oculta 1 a Oculta 2,Neurona H1_38,Neurona H2_29,-0.03003532907073786,0.03003532907073786,0.006153643771134598
Capa 2 - Oculta 1 a Oculta 2,Neurona H1_38,Neurona H2_30,0.20941882608214002,0.20941882608214002,0.04290576779244264
Capa 2 - Oculta 1 a Oculta 2,Neurona H1_38,Neurona H2_31,-0.5079491708761993,0.5079491708761993,0.10406872000815136
Capa 2 - Oculta 1 a Oculta 2,Neurona H1_38,Neurona H2_32,0.0999139709230567,0.0999139709230567,0.02047039282879037
Capa 2 - Oculta 1 a Oculta 2,Neurona H1_39,Neurona H2_1,-0.08318235368708651,0.08318235368708651,0.01704241599715159
Capa 2 - Oculta 1 a Oculta 2,Neurona H1_39,Neurona H2_2,0.12249032401329665,0.12249032401329665,0.02509584022247453
Capa 2 - Oculta 1 a Oculta 2,Neurona H1_39,Neurona H2_3,0.2174107398168491,0.2174107398168491,0.04454315255547329
Capa 2 - Oculta 1 a Oculta 2,Neurona H1_39,Neurona H2_4,0.13537661661416195,0.13537661661416195,0.027735986232181105
Capa 2 - Oculta 1 a Oculta 2,Neurona H1_39,Neurona H2_5,0.18612628351220012,0.18612628351220012,0.0381335873657916
Capa 2 - Oculta 1 a Oculta 2,Neurona H1_39,Neurona H2_6,-0.140744501744697,0.140744501744697,0.02883575952981628
Capa 2 - Oculta 1 a Oculta 2,Neurona H1_39,Neurona H2_7,-0.09492215742463157,0.09492215742463157,0.019447669156647338
Capa 2 - Oculta 1 a Oculta 2,Neurona H1_39,Neurona H2_8,-0.18088279249232597,0.18088279249232597,0.03705929995653912
Capa 2 - Oculta 1 a Oculta 2,Neurona H1_39,Neurona H2_9,-0.06117446107738413,0.06117446107738413,0.012533434891782687
Capa 2 - Oculta 1 a Oculta 2,Neurona H1_39,Neurona H2_10,-0.1487513890999699,0.1487513890999699,0.030476212090995467
Capa 2 - Oculta 1 a Oculta 2,Neurona H1_39,Neurona H2_11,0.07831647788727081,0.07831647788727081,0.016045494463975424
Capa 2 - Oculta 1 a Oculta 2,Neurona H1_39,Neurona H2_12,0.16260167589063532,0.16260167589063532,0.03331386140847345
Capa 2 - Oculta 1 a Oculta 2,Neurona H1_39,Neurona H2_13,-0.219787841579657,0.219787841579657,0.045030173603972705
Capa 2 - Oculta 1 a Oculta 2,Neurona H1_39,Neurona H2_14,0.15346152710329167,0.15346152710329167,0.031441226035642526
Capa 2 - Oculta 1 a Oculta 2,Neurona H1_39,Neurona H2_15,-0.060957936127500945,0.060957936127500945,0.012489073220032534
Capa 2 - Oculta 1 a Oculta 2,Neurona H1_39,Neurona H2_16,-0.10913774985834894,0.10913774985834894,0.022360162361789504
Capa 2 - Oculta 1 a Oculta 2,Neurona H1_39,Neurona H2_17,-0.1506354172974545,0.1506354172974545,0.030862212136301716
Capa 2 - Oculta 1 a Oculta 2,Neurona H1_39,Neurona H2_18,0.26661019629841326,0.26661019629841326,0.0546231462924471
Capa 2 - Oculta 1 a Oculta 2,Neurona H1_39,Neurona H2_19,-0.07713247406996937,0.07713247406996937,0.015802915543059425
Capa 2 - Oculta 1 a Oculta 2,Neurona H1_39,Neurona H2_20,0.10879073866646675,0.10879073866646675,0.022289066644662164
Capa 2 - Oculta 1 a Oculta 2,Neurona H1_39,Neurona H2_21,-0.1776273037647227,0.1776273037647227,0.03639231482434917
Capa 2 - Oculta 1 a Oculta 2,Neurona H1_39,Neurona H2_22,-0.13498687381849328,0.13498687381849328,0.027656135656172344
Capa 2 - Oculta 1 a Oculta 2,Neurona H1_39,Neurona H2_23,0.018498918402768797,0.018498918402768797,0.003790061821324632
Capa 2 - Oculta 1 a Oculta 2,Neurona H1_39,Neurona H2_24,-0.002742504239125676,0.002742504239125676,0.0005618847753809995
Capa 2 - Oculta 1 a Oculta 2,Neurona H1_39,Neurona H2_25,0.19724333704845992,0.19724333704845992,0.0404112513489515
Capa 2 - Oculta 1 a Oculta 2,Neurona H1_39,Neurona H2_26,-0.29364812057270273,0.29364812057270273,0.06016268121490576
Capa 2 - Oculta 1 a Oculta 2,Neurona H1_39,Neurona H2_27,0.25395134254425006,0.25395134254425006,0.052029597995688036
Capa 2 - Oculta 1 a Oculta 2,Neurona H1_39,Neurona H2_28,-0.3029640363211985,0.3029640363211985,0.062071327755222734
Capa 2 - Oculta 1 a Oculta 2,Neurona H1_39,Neurona H2_29,0.24487687313814396,0.24487687313814396,0.050170419026623905
Capa 2 - Oculta 1 a Oculta 2,Neurona H1_39,Neurona H2_30,0.016207871370537325,0.016207871370537325,0.003320671681930322
Capa 2 - Oculta 1 a Oculta 2,Neurona H1_39,Neurona H2_31,0.44242157945761024,0.44242157945761024,0.09064341496751818
Capa 2 - Oculta 1 a Oculta 2,Neurona H1_39,Neurona H2_32,-0.25703817324425937,0.25703817324425937,0.0526620284400132
Capa 2 - Oculta 1 a Oculta 2,Neurona H1_40,Neurona H2_1,-0.15420128247857892,0.15420128247857892,0.031592787253652777
Capa 2 - Oculta 1 a Oculta 2,Neurona H1_40,Neurona H2_2,-0.3461395496705907,0.3461395496705907,0.07091713490993352
Capa 2 - Oculta 1 a Oculta 2,Neurona H1_40,Neurona H2_3,-0.46507445114584034,0.46507445114584034,0.0952845395057007
Capa 2 - Oculta 1 a Oculta 2,Neurona H1_40,Neurona H2_4,0.15823290214844743,0.15823290214844743,0.032418786236738356
Capa 2 - Oculta 1 a Oculta 2,Neurona H1_40,Neurona H2_5,0.23811509418438864,0.23811509418438864,0.04878506450486826
Capa 2 - Oculta 1 a Oculta 2,Neurona H1_40,Neurona H2_6,0.06848413248851523,0.06848413248851523,0.014031041721466825
Capa 2 - Oculta 1 a Oculta 2,Neurona H1_40,Neurona H2_7,-0.18842176226685609,0.18842176226685609,0.03860388547729531
Capa 2 - Oculta 1 a Oculta 2,Neurona H1_40,Neurona H2_8,-0.2538492480998615,0.2538492480998615,0.052008680867052626
Capa 2 - Oculta 1 a Oculta 2,Neurona H1_40,Neurona H2_9,0.06418681920254082,0.06418681920254082,0.013150607381208048
Capa 2 - Oculta 1 a Oculta 2,Neurona H1_40,Neurona H2_10,-0.030647735274416475,0.030647735274416475,0.006279113667329031
Capa 2 - Oculta 1 a Oculta 2,Neurona H1_40,Neurona H2_11,0.28749822688276694,0.28749822688276694,0.05890268985908994
Capa 2 - Oculta 1 a Oculta 2,Neurona H1_40,Neurona H2_12,0.03307769491756127,0.03307769491756127,0.006776964248121055
Capa 2 - Oculta 1 a Oculta 2,Neurona H1_40,Neurona H2_13,-0.03662603624022961,0.03662603624022961,0.0075039490741128775
Capa 2 - Oculta 1 a Oculta 2,Neurona H1_40,Neurona H2_14,-0.42045779960650587,0.42045779960650587,0.08614347169228374
Capa 2 - Oculta 1 a Oculta 2,Neurona H1_40,Neurona H2_15,-0.23892292848095784,0.23892292848095784,0.048950573744853086
Capa 2 - Oculta 1 a Oculta 2,Neurona H1_40,Neurona H2_16,-0.1483183687248857,0.1483183687248857,0.0303874947965175
Capa 2 - Oculta 1 a Oculta 2,Neurona H1_40,Neurona H2_17,0.3775500015270193,0.3775500015270193,0.07735251409155028
Capa 2 - Oculta 1 a Oculta 2,Neurona H1_40,Neurona H2_18,-0.1152701513712908,0.1152701513712908,0.023616569917149912
Capa 2 - Oculta 1 a Oculta 2,Neurona H1_40,Neurona H2_19,0.2689854063282722,0.2689854063282722,0.05510977976235031
Capa 2 - Oculta 1 a Oculta 2,Neurona H1_40,Neurona H2_20,0.14154781992184665,0.14154781992184665,0.02900034350641976
Capa 2 - Oculta 1 a Oculta 2,Neurona H1_40,Neurona H2_21,0.2719429615585446,0.2719429615585446,0.055715724224543114
Capa 2 - Oculta 1 a Oculta 2,Neurona H1_40,Neurona H2_22,-0.27238765159920153,0.27238765159920153,0.05580683240226041
Capa 2 - Oculta 1 a Oculta 2,Neurona H1_40,Neurona H2_23,0.1045636952393901,0.1045636952393901,0.021423029206081613
Capa 2 - Oculta 1 a Oculta 2,Neurona H1_40,Neurona H2_24,-0.3084407068699181,0.3084407068699181,0.06319338902944126
Capa 2 - Oculta 1 a Oculta 2,Neurona H1_40,Neurona H2_25,0.1310723575969802,0.1310723575969802,0.026854128849228855
Capa 2 - Oculta 1 a Oculta 2,Neurona H1_40,Neurona H2_26,0.07385422376599667,0.07385422376599667,0.015131267014896116
Capa 2 - Oculta 1 a Oculta 2,Neurona H1_40,Neurona H2_27,-0.13035889132621528,0.13035889132621528,0.026707953747811892
Capa 2 - Oculta 1 a Oculta 2,Neurona H1_40,Neurona H2_28,-0.010086020585405501,0.010086020585405501,0.00206642576163362
Capa 2 - Oculta 1 a Oculta 2,Neurona H1_40,Neurona H2_29,-0.1084031284238559,0.1084031284238559,0.022209652986518023
Capa 2 - Oculta 1 a Oculta 2,Neurona H1_40,Neurona H2_30,-0.009484957829157226,0.009484957829157226,0.001943279913045209
Capa 2 - Oculta 1 a Oculta 2,Neurona H1_40,Neurona H2_31,-0.23952997548924385,0.23952997548924385,0.049074945648104995
Capa 2 - Oculta 1 a Oculta 2,Neurona H1_40,Neurona H2_32,0.2135419170118139,0.2135419170118139,0.04375050742414283
Capa 2 - Oculta 1 a Oculta 2,Neurona H1_41,Neurona H2_1,0.19238751443908197,0.19238751443908197,0.03941638951529025
Capa 2 - Oculta 1 a Oculta 2,Neurona H1_41,Neurona H2_2,-0.15024154718439034,0.15024154718439034,0.030781515954742156
Capa 2 - Oculta 1 a Oculta 2,Neurona H1_41,Neurona H2_3,-0.3092883251904444,0.3092883251904444,0.06336704922760729
Capa 2 - Oculta 1 a Oculta 2,Neurona H1_41,Neurona H2_4,0.1559154258227087,0.1559154258227087,0.031943981258805626
Capa 2 - Oculta 1 a Oculta 2,Neurona H1_41,Neurona H2_5,0.31468938269842084,0.31468938269842084,0.06447361888806356
Capa 2 - Oculta 1 a Oculta 2,Neurona H1_41,Neurona H2_6,-0.20745589561468145,0.20745589561468145,0.04250360223548142
Capa 2 - Oculta 1 a Oculta 2,Neurona H1_41,Neurona H2_7,-0.007851259078752003,0.007851259078752003,0.0016085674111224022
Capa 2 - Oculta 1 a Oculta 2,Neurona H1_41,Neurona H2_8,0.16850456492362106,0.16850456492362106,0.034523246404522014
Capa 2 - Oculta 1 a Oculta 2,Neurona H1_41,Neurona H2_9,0.049294795676078834,0.049294795676078834,0.01009952684876654
Capa 2 - Oculta 1 a Oculta 2,Neurona H1_41,Neurona H2_10,0.12792077328969342,0.12792077328969342,0.026208431673876945
Capa 2 - Oculta 1 a Oculta 2,Neurona H1_41,Neurona H2_11,0.18309708652623619,0.18309708652623619,0.0375129649274519
Capa 2 - Oculta 1 a Oculta 2,Neurona H1_41,Neurona H2_12,-0.29729246728442754,0.29729246728442754,0.06090933564275117
Capa 2 - Oculta 1 a Oculta 2,Neurona H1_41,Neurona H2_13,0.008613177475871658,0.008613177475871658,0.00176466939314184
Capa 2 - Oculta 1 a Oculta 2,Neurona H1_41,Neurona H2_14,-0.287256365902816,0.287256365902816,0.05885313733681691
Capa 2 - Oculta 1 a Oculta 2,Neurona H1_41,Neurona H2_15,0.26078635218316043,0.26078635218316043,0.05342995603375272
Capa 2 - Oculta 1 a Oculta 2,Neurona H1_41,Neurona H2_16,-0.33215774073783205,0.33215774073783205,0.0680525393116756
Capa 2 - Oculta 1 a Oculta 2,Neurona H1_41,Neurona H2_17,0.0897242743940692,0.0897242743940692,0.018382725920674307
Capa 2 - Oculta 1 a Oculta 2,Neurona H1_41,Neurona H2_18,-0.047754728887727554,0.047754728887727554,0.009783997680534381
Capa 2 - Oculta 1 a Oculta 2,Neurona H1_41,Neurona H2_19,0.04695343650812386,0.04695343650812386,0.009619828749706523
Capa 2 - Oculta 1 a Oculta 2,Neurona H1_41,Neurona H2_20,0.16442167417927184,0.16442167417927184,0.03368674299422092
Capa 2 - Oculta 1 a Oculta 2,Neurona H1_41,Neurona H2_21,0.15964287360738333,0.15964287360738333,0.0327076614498357
Capa 2 - Oculta 1 a Oculta 2,Neurona H1_41,Neurona H2_22,0.020689214598593228,0.020689214598593228,0.004238810110735123
Capa 2 - Oculta 1 a Oculta 2,Neurona H1_41,Neurona H2_23,0.23115869756865262,0.23115869756865262,0.04735983668055682
Capa 2 - Oculta 1 a Oculta 2,Neurona H1_41,Neurona H2_24,-0.2400764118673785,0.2400764118673785,0.04918689963424945
Capa 2 - Oculta 1 a Oculta 2,Neurona H1_41,Neurona H2_25,0.1143584336939107,0.1143584336939107,0.023429777030904847
Capa 2 - Oculta 1 a Oculta 2,Neurona H1_41,Neurona H2_26,0.0263205909359542,0.0263205909359542,0.005392567535523172
Capa 2 - Oculta 1 a Oculta 2,Neurona H1_41,Neurona H2_27,-0.21810503619449703,0.21810503619449703,0.04468540012564547
Capa 2 - Oculta 1 a Oculta 2,Neurona H1_41,Neurona H2_28,0.23758715583395884,0.23758715583395884,0.04867690039805877
Capa 2 - Oculta 1 a Oculta 2,Neurona H1_41,Neurona H2_29,0.08354027367480739,0.08354027367480739,0.01711574671038652
Capa 2 - Oculta 1 a Oculta 2,Neurona H1_41,Neurona H2_30,0.1481508749664991,0.1481508749664991,0.030353178644343094
Capa 2 - Oculta 1 a Oculta 2,Neurona H1_41,Neurona H2_31,-0.29913766057459823,0.29913766057459823,0.06128737918506949
Capa 2 - Oculta 1 a Oculta 2,Neurona H1_41,Neurona H2_32,0.4053380796394704,0.4053380796394704,0.08304574067101474
Capa 2 - Oculta 1 a Oculta 2,Neurona H1_42,Neurona H2_1,0.05615998978906662,0.05615998978906662,0.011506069087458895
Capa 2 - Oculta 1 a Oculta 2,Neurona H1_42,Neurona H2_2,0.256041154845198,0.256041154845198,0.05245775912614482
Capa 2 - Oculta 1 a Oculta 2,Neurona H1_42,Neurona H2_3,-0.2644001957291295,0.2644001957291295,0.05417036096736049
Capa 2 - Oculta 1 a Oculta 2,Neurona H1_42,Neurona H2_4,-0.19098690218085212,0.19098690218085212,0.03912943181696332
Capa 2 - Oculta 1 a Oculta 2,Neurona H1_42,Neurona H2_5,0.2447449787274291,0.2447449787274291,0.050143396475379944
Capa 2 - Oculta 1 a Oculta 2,Neurona H1_42,Neurona H2_6,-0.025824190029274986,0.025824190029274986,0.005290864826018046
Capa 2 - Oculta 1 a Oculta 2,Neurona H1_42,Neurona H2_7,-0.034414739961776464,0.034414739961776464,0.007050898283892186
Capa 2 - Oculta 1 a Oculta 2,Neurona H1_42,Neurona H2_8,-0.15755935018682335,0.15755935018682335,0.03228078878635511
Capa 2 - Oculta 1 a Oculta 2,Neurona H1_42,Neurona H2_9,-0.004607617586522444,0.004607617586522444,0.0009440095427054204
Capa 2 - Oculta 1 a Oculta 2,Neurona H1_42,Neurona H2_10,0.019199115725622252,0.019199115725622252,0.003933518378241138
Capa 2 - Oculta 1 a Oculta 2,Neurona H1_42,Neurona H2_11,0.14137836170234547,0.14137836170234547,0.028965624875089135
Capa 2 - Oculta 1 a Oculta 2,Neurona H1_42,Neurona H2_12,0.044878356106836916,0.044878356106836916,0.009194685893575028
Capa 2 - Oculta 1 a Oculta 2,Neurona H1_42,Neurona H2_13,0.17098497530701945,0.17098497530701945,0.035031433342301486
Capa 2 - Oculta 1 a Oculta 2,Neurona H1_42,Neurona H2_14,0.0854803719732614,0.0854803719732614,0.017513234408342248
Capa 2 - Oculta 1 a Oculta 2,Neurona H1_42,Neurona H2_15,-0.03023444166568245,0.03023444166568245,0.006194437996386785
Capa 2 - Oculta 1 a Oculta 2,Neurona H1_42,Neurona H2_16,-0.1455474020142087,0.1455474020142087,0.02981977862470464
Capa 2 - Oculta 1 a Oculta 2,Neurona H1_42,Neurona H2_17,-0.028634140432223742,0.028634140432223742,0.0058665679839085
Capa 2 - Oculta 1 a Oculta 2,Neurona H1_42,Neurona H2_18,0.24199122201739592,0.24199122201739592,0.049579206291679744
Capa 2 - Oculta 1 a Oculta 2,Neurona H1_42,Neurona H2_19,-0.04271052864917701,0.04271052864917701,0.008750541003392351
Capa 2 - Oculta 1 a Oculta 2,Neurona H1_42,Neurona H2_20,0.1231199702298861,0.1231199702298861,0.025224842255700427
Capa 2 - Oculta 1 a Oculta 2,Neurona H1_42,Neurona H2_21,-0.14040535780115623,0.14040535780115623,0.028766275655983154
Capa 2 - Oculta 1 a Oculta 2,Neurona H1_42,Neurona H2_22,-0.056061873068303895,0.056061873068303895,0.011485966915575123
Capa 2 - Oculta 1 a Oculta 2,Neurona H1_42,Neurona H2_23,-0.12093839544410091,0.12093839544410091,0.024777880810390663
Capa 2 - Oculta 1 a Oculta 2,Neurona H1_42,Neurona H2_24,-0.19477588312769167,0.19477588312769167,0.0399057189336303
Capa 2 - Oculta 1 a Oculta 2,Neurona H1_42,Neurona H2_25,-0.23266081923155846,0.23266081923155846,0.04766759164447471
Capa 2 - Oculta 1 a Oculta 2,Neurona H1_42,Neurona H2_26,-0.11352893403357536,0.11352893403357536,0.02325982898718743
Capa 2 - Oculta 1 a Oculta 2,Neurona H1_42,Neurona H2_27,0.18298174043041757,0.18298174043041757,0.03748933279802234
Capa 2 - Oculta 1 a Oculta 2,Neurona H1_42,Neurona H2_28,-0.09176414304560021,0.09176414304560021,0.018800654587007984
Capa 2 - Oculta 1 a Oculta 2,Neurona H1_42,Neurona H2_29,0.22862412679439692,0.22862412679439692,0.046840553351888595
Capa 2 - Oculta 1 a Oculta 2,Neurona H1_42,Neurona H2_30,0.059707664335787836,0.059707664335787836,0.012232917304271439
Capa 2 - Oculta 1 a Oculta 2,Neurona H1_42,Neurona H2_31,0.17179026443499185,0.17179026443499185,0.0351964211276738
Capa 2 - Oculta 1 a Oculta 2,Neurona H1_42,Neurona H2_32,0.3034405772131888,0.3034405772131888,0.062168961541247875
Capa 2 - Oculta 1 a Oculta 2,Neurona H1_43,Neurona H2_1,0.0971074770125053,0.0971074770125053,0.019895397837701116
Capa 2 - Oculta 1 a Oculta 2,Neurona H1_43,Neurona H2_2,-0.16170786242344895,0.16170786242344895,0.03313073674012194
Capa 2 - Oculta 1 a Oculta 2,Neurona H1_43,Neurona H2_3,-0.20881082385470096,0.20881082385470096,0.042781200183714105
Capa 2 - Oculta 1 a Oculta 2,Neurona H1_43,Neurona H2_4,0.23874343706851855,0.23874343706851855,0.04891379951109896
Capa 2 - Oculta 1 a Oculta 2,Neurona H1_43,Neurona H2_5,0.23154477320294203,0.23154477320294203,0.04743893592786443
Capa 2 - Oculta 1 a Oculta 2,Neurona H1_43,Neurona H2_6,-0.016920805149976622,0.016920805149976622,0.003466737686426084
Capa 2 - Oculta 1 a Oculta 2,Neurona H1_43,Neurona H2_7,-0.2166817938832465,0.2166817938832465,0.04439380597787318
Capa 2 - Oculta 1 a Oculta 2,Neurona H1_43,Neurona H2_8,-0.04021778361020039,0.04021778361020039,0.008239826939098322
Capa 2 - Oculta 1 a Oculta 2,Neurona H1_43,Neurona H2_9,0.20397618565118905,0.20397618565118905,0.041790678615041994
Capa 2 - Oculta 1 a Oculta 2,Neurona H1_43,Neurona H2_10,0.3334435333399368,0.3334435333399368,0.06831597273763468
Capa 2 - Oculta 1 a Oculta 2,Neurona H1_43,Neurona H2_11,0.12989535751018377,0.12989535751018377,0.02661298485391315
Capa 2 - Oculta 1 a Oculta 2,Neurona H1_43,Neurona H2_12,-0.32911854203954516,0.32911854203954516,0.06742986772066664
Capa 2 - Oculta 1 a Oculta 2,Neurona H1_43,Neurona H2_13,0.027442096482802426,0.027442096482802426,0.005622341799237804
Capa 2 - Oculta 1 a Oculta 2,Neurona H1_43,Neurona H2_14,0.0426974596075312,0.0426974596075312,0.00874786341572454
Capa 2 - Oculta 1 a Oculta 2,Neurona H1_43,Neurona H2_15,0.015185942555180264,0.015185942555180264,0.003111298717367346
Capa 2 - Oculta 1 a Oculta 2,Neurona H1_43,Neurona H2_16,-0.17890471556159807,0.17890471556159807,0.036654031189383915
Capa 2 - Oculta 1 a Oculta 2,Neurona H1_43,Neurona H2_17,0.3249128337698793,0.3249128337698793,0.06656820143307958
Capa 2 - Oculta 1 a Oculta 2,Neurona H1_43,Neurona H2_18,-0.022324759879830645,0.022324759879830645,0.004573900930236105
Capa 2 - Oculta 1 a Oculta 2,Neurona H1_43,Neurona H2_19,0.09535940500256372,0.09535940500256372,0.01953725252122606
Capa 2 - Oculta 1 a Oculta 2,Neurona H1_43,Neurona H2_20,-0.013530369424281841,0.013530369424281841,0.0027721045883262745
Capa 2 - Oculta 1 a Oculta 2,Neurona H1_43,Neurona H2_21,0.21403902080757511,0.21403902080757511,0.04385235414169299
Capa 2 - Oculta 1 a Oculta 2,Neurona H1_43,Neurona H2_22,-0.04488456185776172,0.04488456185776172,0.009195957328971447
Capa 2 - Oculta 1 a Oculta 2,Neurona H1_43,Neurona H2_23,0.07924342331528064,0.07924342331528064,0.016235407214583896
Capa 2 - Oculta 1 a Oculta 2,Neurona H1_43,Neurona H2_24,-0.20383550049143814,0.20383550049143814,0.04176185501351083
Capa 2 - Oculta 1 a Oculta 2,Neurona H1_43,Neurona H2_25,-0.16369171676684788,0.16369171676684788,0.033537189184652955
Capa 2 - Oculta 1 a Oculta 2,Neurona H1_43,Neurona H2_26,0.25079938714218264,0.25079938714218264,0.05138382479036886
Capa 2 - Oculta 1 a Oculta 2,Neurona H1_43,Neurona H2_27,-0.17058446457126578,0.17058446457126578,0.034949376628737976
Capa 2 - Oculta 1 a Oculta 2,Neurona H1_43,Neurona H2_28,-0.13621807707918404,0.13621807707918404,0.02790838480777334
Capa 2 - Oculta 1 a Oculta 2,Neurona H1_43,Neurona H2_29,-0.14161343809264937,0.14161343809264937,0.029013787369381358
Capa 2 - Oculta 1 a Oculta 2,Neurona H1_43,Neurona H2_30,0.06414196334661204,0.06414196334661204,0.013141417305155112
Capa 2 - Oculta 1 a Oculta 2,Neurona H1_43,Neurona H2_31,-0.2345341123857728,0.2345341123857728,0.0480513922921317
Capa 2 - Oculta 1 a Oculta 2,Neurona H1_43,Neurona H2_32,0.22027797898771698,0.22027797898771698,0.04513059304672311
Capa 2 - Oculta 1 a Oculta 2,Neurona H1_44,Neurona H2_1,-0.1003219628483667,0.1003219628483667,0.020553982289852845
Capa 2 - Oculta 1 a Oculta 2,Neurona H1_44,Neurona H2_2,0.046186047457678805,0.046186047457678805,0.009462605939222695
Capa 2 - Oculta 1 a Oculta 2,Neurona H1_44,Neurona H2_3,-0.229061881974138,0.229061881974138,0.046930240714019744
Capa 2 - Oculta 1 a Oculta 2,Neurona H1_44,Neurona H2_4,-0.1792513712252254,0.1792513712252254,0.03672505406581669
Capa 2 - Oculta 1 a Oculta 2,Neurona H1_44,Neurona H2_5,0.28584742658526674,0.28584742658526674,0.058564473589037616
Capa 2 - Oculta 1 a Oculta 2,Neurona H1_44,Neurona H2_6,0.17664062734379712,0.17664062734379712,0.036190164376872655
Capa 2 - Oculta 1 a Oculta 2,Neurona H1_44,Neurona H2_7,0.1938543091003114,0.1938543091003114,0.039716906676575556
Capa 2 - Oculta 1 a Oculta 2,Neurona H1_44,Neurona H2_8,-0.033931730723452735,0.033931730723452735,0.006951939261874777
Capa 2 - Oculta 1 a Oculta 2,Neurona H1_44,Neurona H2_9,-0.24778213610340397,0.24778213610340397,0.05076564983989633
Capa 2 - Oculta 1 a Oculta 2,Neurona H1_44,Neurona H2_10,-0.054730421772800006,0.054730421772800006,0.011213178928073797
Capa 2 - Oculta 1 a Oculta 2,Neurona H1_44,Neurona H2_11,0.20910681766462402,0.20910681766462402,0.04284184345019665
Capa 2 - Oculta 1 a Oculta 2,Neurona H1_44,Neurona H2_12,-0.04840216633625984,0.04840216633625984,0.009916644784648902
Capa 2 - Oculta 1 a Oculta 2,Neurona H1_44,Neurona H2_13,-0.06524855963757926,0.06524855963757926,0.013368136957769318
Capa 2 - Oculta 1 a Oculta 2,Neurona H1_44,Neurona H2_14,-0.1491125758449243,0.1491125758449243,0.03055021209805616
Capa 2 - Oculta 1 a Oculta 2,Neurona H1_44,Neurona H2_15,0.03227149718533159,0.03227149718533159,0.006611790307740579
Capa 2 - Oculta 1 a Oculta 2,Neurona H1_44,Neurona H2_16,-0.06906986430372436,0.06906986430372436,0.014151046564021675
Capa 2 - Oculta 1 a Oculta 2,Neurona H1_44,Neurona H2_17,0.029140082894920795,0.029140082894920795,0.005970225569174029
Capa 2 - Oculta 1 a Oculta 2,Neurona H1_44,Neurona H2_18,-0.022427590257007683,0.022427590257007683,0.004594968836917221
Capa 2 - Oculta 1 a Oculta 2,Neurona H1_44,Neurona H2_19,-0.09086555525846939,0.09086555525846939,0.018616551755103856
Capa 2 - Oculta 1 a Oculta 2,Neurona H1_44,Neurona H2_20,-0.14433684127060115,0.14433684127060115,0.029571758715818793
Capa 2 - Oculta 1 a Oculta 2,Neurona H1_44,Neurona H2_21,-0.09988854263398556,0.09988854263398556,0.020465183076225822
Capa 2 - Oculta 1 a Oculta 2,Neurona H1_44,Neurona H2_22,-0.2865283014293246,0.2865283014293246,0.0587039713529273
Capa 2 - Oculta 1 a Oculta 2,Neurona H1_44,Neurona H2_23,0.1887707189945578,0.1887707189945578,0.03867537979616093
Capa 2 - Oculta 1 a Oculta 2,Neurona H1_44,Neurona H2_24,0.2075200054322378,0.2075200054322378,0.04251673706675113
Capa 2 - Oculta 1 a Oculta 2,Neurona H1_44,Neurona H2_25,-0.18751484222961667,0.18751484222961667,0.03841807553244897
Capa 2 - Oculta 1 a Oculta 2,Neurona H1_44,Neurona H2_26,-0.2305143437909372,0.2305143437909372,0.047227821359489185
Capa 2 - Oculta 1 a Oculta 2,Neurona H1_44,Neurona H2_27,-0.023279526974863792,0.023279526974863792,0.004769513789126306
Capa 2 - Oculta 1 a Oculta 2,Neurona H1_44,Neurona H2_28,0.10371968588016753,0.10371968588016753,0.0212501084125745
Capa 2 - Oculta 1 a Oculta 2,Neurona H1_44,Neurona H2_29,0.19620973387431814,0.19620973387431814,0.040199486539603056
Capa 2 - Oculta 1 a Oculta 2,Neurona H1_44,Neurona H2_30,-0.20529883081585804,0.20529883081585804,0.04206166240083031
Capa 2 - Oculta 1 a Oculta 2,Neurona H1_44,Neurona H2_31,-0.08545309627442679,0.08545309627442679,0.017507646158123925
Capa 2 - Oculta 1 a Oculta 2,Neurona H1_44,Neurona H2_32,0.08741104356498698,0.08741104356498698,0.017908790760881213
Capa 2 - Oculta 1 a Oculta 2,Neurona H1_45,Neurona H2_1,-0.22179492389193747,0.22179492389193747,0.045441384999061175
Capa 2 - Oculta 1 a Oculta 2,Neurona H1_45,Neurona H2_2,0.28192766550512405,0.28192766550512405,0.05776139221448874
Capa 2 - Oculta 1 a Oculta 2,Neurona H1_45,Neurona H2_3,-0.14874628883080784,0.14874628883080784,0.03047516714690691
Capa 2 - Oculta 1 a Oculta 2,Neurona H1_45,Neurona H2_4,0.02572956894073167,0.02572956894073167,0.005271478839909446
Capa 2 - Oculta 1 a Oculta 2,Neurona H1_45,Neurona H2_5,-0.14188235502912358,0.14188235502912358,0.02906888312102735
Capa 2 - Oculta 1 a Oculta 2,Neurona H1_45,Neurona H2_6,-0.08330468525469473,0.08330468525469473,0.017067479311332446
Capa 2 - Oculta 1 a Oculta 2,Neurona H1_45,Neurona H2_7,-0.1729209488056545,0.1729209488056545,0.03542807595050796
Capa 2 - Oculta 1 a Oculta 2,Neurona H1_45,Neurona H2_8,0.18105447445727083,0.18105447445727083,0.03709447418924724
Capa 2 - Oculta 1 a Oculta 2,Neurona H1_45,Neurona H2_9,0.17330209482810144,0.17330209482810144,0.0355061652180302
Capa 2 - Oculta 1 a Oculta 2,Neurona H1_45,Neurona H2_10,0.049700318071752805,0.049700318071752805,0.01018261035214077
Capa 2 - Oculta 1 a Oculta 2,Neurona H1_45,Neurona H2_11,-0.0628763470365366,0.0628763470365366,0.012882117601635974
Capa 2 - Oculta 1 a Oculta 2,Neurona H1_45,Neurona H2_12,-0.07778283982647406,0.07778283982647406,0.015936162599452536
Capa 2 - Oculta 1 a Oculta 2,Neurona H1_45,Neurona H2_13,0.22205747807859022,0.22205747807859022,0.04549517714934778
Capa 2 - Oculta 1 a Oculta 2,Neurona H1_45,Neurona H2_14,0.03262567858416196,0.03262567858416196,0.006684355058192662
Capa 2 - Oculta 1 a Oculta 2,Neurona H1_45,Neurona H2_15,-0.027635063966365322,0.027635063966365322,0.005661877012934371
Capa 2 - Oculta 1 a Oculta 2,Neurona H1_45,Neurona H2_16,0.11166762450583242,0.11166762450583242,0.022878483547136706
Capa 2 - Oculta 1 a Oculta 2,Neurona H1_45,Neurona H2_17,0.06845894356793289,0.06845894356793289,0.014025881010762504
Capa 2 - Oculta 1 a Oculta 2,Neurona H1_45,Neurona H2_18,-0.1075827670333631,0.1075827670333631,0.022041577193214878
Capa 2 - Oculta 1 a Oculta 2,Neurona H1_45,Neurona H2_19,-0.1512364377349748,0.1512364377349748,0.030985349314621324
Capa 2 - Oculta 1 a Oculta 2,Neurona H1_45,Neurona H2_20,-0.09984111820703254,0.09984111820703254,0.020455466750866718
Capa 2 - Oculta 1 a Oculta 2,Neurona H1_45,Neurona H2_21,-0.20993935043527634,0.20993935043527634,0.04301241291811639
Capa 2 - Oculta 1 a Oculta 2,Neurona H1_45,Neurona H2_22,-0.17597195583399622,0.17597195583399622,0.03605316683436095
Capa 2 - Oculta 1 a Oculta 2,Neurona H1_45,Neurona H2_23,-0.015112091143958558,0.015112091143958558,0.003096168026587044
Capa 2 - Oculta 1 a Oculta 2,Neurona H1_45,Neurona H2_24,0.12314745852167185,0.12314745852167185,0.025230474062001868
Capa 2 - Oculta 1 a Oculta 2,Neurona H1_45,Neurona H2_25,-0.17650781397003998,0.17650781397003998,0.036162953548310756
Capa 2 - Oculta 1 a Oculta 2,Neurona H1_45,Neurona H2_26,0.18379439561606395,0.18379439561606395,0.0376558297426523
Capa 2 - Oculta 1 a Oculta 2,Neurona H1_45,Neurona H2_27,0.0548579813270348,0.0548579813270348,0.011239313353120946
Capa 2 - Oculta 1 a Oculta 2,Neurona H1_45,Neurona H2_28,-0.25970705747530004,0.25970705747530004,0.053208829934531306
Capa 2 - Oculta 1 a Oculta 2,Neurona H1_45,Neurona H2_29,0.2585894609705924,0.2585894609705924,0.05297985655609291
Capa 2 - Oculta 1 a Oculta 2,Neurona H1_45,Neurona H2_30,-0.10046246336850824,0.10046246336850824,0.020582768062386715
Capa 2 - Oculta 1 a Oculta 2,Neurona H1_45,Neurona H2_31,-0.02044089589243366,0.02044089589243366,0.00418793452832295
Capa 2 - Oculta 1 a Oculta 2,Neurona H1_45,Neurona H2_32,0.012487390617688693,0.012487390617688693,0.0025584188976683947
Capa 2 - Oculta 1 a Oculta 2,Neurona H1_46,Neurona H2_1,-0.11370896204537176,0.11370896204537176,0.023296713159517007
Capa 2 - Oculta 1 a Oculta 2,Neurona H1_46,Neurona H2_2,0.02215138724521373,0.02215138724521373,0.004538380312813105
Capa 2 - Oculta 1 a Oculta 2,Neurona H1_46,Neurona H2_3,-0.02339766171622686,0.02339766171622686,0.004793717256770404
Capa 2 - Oculta 1 a Oculta 2,Neurona H1_46,Neurona H2_4,0.019807361514620855,0.019807361514620855,0.004058135887907002
Capa 2 - Oculta 1 a Oculta 2,Neurona H1_46,Neurona H2_5,-0.3566566744648195,0.3566566744648195,0.07307188538154744
Capa 2 - Oculta 1 a Oculta 2,Neurona H1_46,Neurona H2_6,0.10958956042334597,0.10958956042334597,0.022452729393849607
Capa 2 - Oculta 1 a Oculta 2,Neurona H1_46,Neurona H2_7,0.03523339210627957,0.03523339210627957,0.007218623886561063
Capa 2 - Oculta 1 a Oculta 2,Neurona H1_46,Neurona H2_8,0.2724478217369046,0.2724478217369046,0.05581916007119365
Capa 2 - Oculta 1 a Oculta 2,Neurona H1_46,Neurona H2_9,-0.32608805453952505,0.32608805453952505,0.0668089808815686
Capa 2 - Oculta 1 a Oculta 2,Neurona H1_46,Neurona H2_10,-0.29505542732435647,0.29505542732435647,0.060451010482282644
Capa 2 - Oculta 1 a Oculta 2,Neurona H1_46,Neurona H2_11,-0.17356418803895476,0.17356418803895476,0.03555986292350983
Capa 2 - Oculta 1 a Oculta 2,Neurona H1_46,Neurona H2_12,0.06548007953151475,0.06548007953151475,0.013415570796428267
Capa 2 - Oculta 1 a Oculta 2,Neurona H1_46,Neurona H2_13,0.10501175246727286,0.10501175246727286,0.021514827253740054
Capa 2 - Oculta 1 a Oculta 2,Neurona H1_46,Neurona H2_14,0.3015635203847722,0.3015635203847722,0.06178438979132472
Capa 2 - Oculta 1 a Oculta 2,Neurona H1_46,Neurona H2_15,0.11945122259454727,0.11945122259454727,0.02447318856211521
Capa 2 - Oculta 1 a Oculta 2,Neurona H1_46,Neurona H2_16,0.26686929941611476,0.26686929941611476,0.05467623138708915
Capa 2 - Oculta 1 a Oculta 2,Neurona H1_46,Neurona H2_17,-0.038268103073217,0.038268103073217,0.007840376030341706
Capa 2 - Oculta 1 a Oculta 2,Neurona H1_46,Neurona H2_18,0.227392475852606,0.227392475852606,0.046588212479301054
Capa 2 - Oculta 1 a Oculta 2,Neurona H1_46,Neurona H2_19,-0.19339107627634897,0.19339107627634897,0.03962199944998756
Capa 2 - Oculta 1 a Oculta 2,Neurona H1_46,Neurona H2_20,-0.07011782932104081,0.07011782932104081,0.014365753830454096
Capa 2 - Oculta 1 a Oculta 2,Neurona H1_46,Neurona H2_21,-0.05323685252815522,0.05323685252815522,0.010907176185189889
Capa 2 - Oculta 1 a Oculta 2,Neurona H1_46,Neurona H2_22,-0.0296419503797722,0.0296419503797722,0.006073048272225405
Capa 2 - Oculta 1 a Oculta 2,Neurona H1_46,Neurona H2_23,-0.3691485182904733,0.3691485182904733,0.07563121665328676
Capa 2 - Oculta 1 a Oculta 2,Neurona H1_46,Neurona H2_24,0.28064613291434914,0.28064613291434914,0.05749883158043825
Capa 2 - Oculta 1 a Oculta 2,Neurona H1_46,Neurona H2_25,0.19203754743821155,0.19203754743821155,0.039344688211471114
Capa 2 - Oculta 1 a Oculta 2,Neurona H1_46,Neurona H2_26,-0.10164186222431575,0.10164186222431575,0.02082440351794075
Capa 2 - Oculta 1 a Oculta 2,Neurona H1_46,Neurona H2_27,0.15682489663431698,0.15682489663431698,0.03213031380677609
Capa 2 - Oculta 1 a Oculta 2,Neurona H1_46,Neurona H2_28,-0.25662181710936405,0.25662181710936405,0.05257672531814501
Capa 2 - Oculta 1 a Oculta 2,Neurona H1_46,Neurona H2_29,-0.17496804040007805,0.17496804040007805,0.035847484454716395
Capa 2 - Oculta 1 a Oculta 2,Neurona H1_46,Neurona H2_30,0.027975252312239286,0.027975252312239286,0.005731574864110551
Capa 2 - Oculta 1 a Oculta 2,Neurona H1_46,Neurona H2_31,0.4134065853307874,0.4134065853307874,0.08469881760827093
Capa 2 - Oculta 1 a Oculta 2,Neurona H1_46,Neurona H2_32,-0.3543871289557123,0.3543871289557123,0.07260690047818473
Capa 2 - Oculta 1 a Oculta 2,Neurona H1_47,Neurona H2_1,0.24926243678501217,0.24926243678501217,0.051068934117133015
Capa 2 - Oculta 1 a Oculta 2,Neurona H1_47,Neurona H2_2,-0.06271934108560823,0.06271934108560823,0.012849950193391968
Capa 2 - Oculta 1 a Oculta 2,Neurona H1_47,Neurona H2_3,-0.10521790719413616,0.10521790719413616,0.021557064272281275
Capa 2 - Oculta 1 a Oculta 2,Neurona H1_47,Neurona H2_4,-0.033631994997454784,0.033631994997454784,0.006890529350935237
Capa 2 - Oculta 1 a Oculta 2,Neurona H1_47,Neurona H2_5,0.1271728418677378,0.1271728418677378,0.02605519534591418
Capa 2 - Oculta 1 a Oculta 2,Neurona H1_47,Neurona H2_6,-0.2504043794428916,0.2504043794428916,0.0513028955399329
Capa 2 - Oculta 1 a Oculta 2,Neurona H1_47,Neurona H2_7,-0.2812921828895532,0.2812921828895532,0.05763119441876084
Capa 2 - Oculta 1 a Oculta 2,Neurona H1_47,Neurona H2_8,0.21468051793756532,0.21468051793756532,0.04398378419224672
Capa 2 - Oculta 1 a Oculta 2,Neurona H1_47,Neurona H2_9,0.37437079262204065,0.37437079262204065,0.07670115718351768
Capa 2 - Oculta 1 a Oculta 2,Neurona H1_47,Neurona H2_10,-0.06571845097876779,0.06571845097876779,0.013464408382597222
Capa 2 - Oculta 1 a Oculta 2,Neurona H1_47,Neurona H2_11,-0.05519656883034943,0.05519656883034943,0.011308683223377703
Capa 2 - Oculta 1 a Oculta 2,Neurona H1_47,Neurona H2_12,0.04632351564528184,0.04632351564528184,0.009490770446905638
Capa 2 - Oculta 1 a Oculta 2,Neurona H1_47,Neurona H2_13,0.08793034503295513,0.08793034503295513,0.018015185341615694
Capa 2 - Oculta 1 a Oculta 2,Neurona H1_47,Neurona H2_14,0.10288617487480098,0.10288617487480098,0.021079338523745713
Capa 2 - Oculta 1 a Oculta 2,Neurona H1_47,Neurona H2_15,0.17594176974832498,0.17594176974832498,0.03604698230354964
Capa 2 - Oculta 1 a Oculta 2,Neurona H1_47,Neurona H2_16,-0.16939859882511787,0.16939859882511787,0.03470641623549579
Capa 2 - Oculta 1 a Oculta 2,Neurona H1_47,Neurona H2_17,0.0676238058370992,0.0676238058370992,0.013854777838119357
Capa 2 - Oculta 1 a Oculta 2,Neurona H1_47,Neurona H2_18,-0.25919639932887373,0.25919639932887373,0.05310420619911178
Capa 2 - Oculta 1 a Oculta 2,Neurona H1_47,Neurona H2_19,0.36751885312263477,0.36751885312263477,0.0752973305525057
Capa 2 - Oculta 1 a Oculta 2,Neurona H1_47,Neurona H2_20,0.11331068023864868,0.11331068023864868,0.023215113109345237
Capa 2 - Oculta 1 a Oculta 2,Neurona H1_47,Neurona H2_21,-0.08910203957806793,0.08910203957806793,0.01825524233657069
Capa 2 - Oculta 1 a Oculta 2,Neurona H1_47,Neurona H2_22,0.23654643433533928,0.23654643433533928,0.048463677185075715
Capa 2 - Oculta 1 a Oculta 2,Neurona H1_47,Neurona H2_23,0.2235836637660021,0.2235836637660021,0.04580786235505398
Capa 2 - Oculta 1 a Oculta 2,Neurona H1_47,Neurona H2_24,-0.2712306034374322,0.2712306034374322,0.055569776161031766
Capa 2 - Oculta 1 a Oculta 2,Neurona H1_47,Neurona H2_25,-0.03462191293168917,0.03462191293168917,0.007093343920257556
Capa 2 - Oculta 1 a Oculta 2,Neurona H1_47,Neurona H2_26,0.3130360743446731,0.3130360743446731,0.06413488876698371
Capa 2 - Oculta 1 a Oculta 2,Neurona H1_47,Neurona H2_27,-0.16341990729218195,0.16341990729218195,0.033481500809247645
Capa 2 - Oculta 1 a Oculta 2,Neurona H1_47,Neurona H2_28,-0.09694366075625586,0.09694366075625586,0.01986183513284425
Capa 2 - Oculta 1 a Oculta 2,Neurona H1_47,Neurona H2_29,-0.15648367217713982,0.15648367217713982,0.032060403676924615
Capa 2 - Oculta 1 a Oculta 2,Neurona H1_47,Neurona H2_30,0.21865694755928125,0.21865694755928125,0.04479847582806658
Capa 2 - Oculta 1 a Oculta 2,Neurona H1_47,Neurona H2_31,-0.35516318790037077,0.35516318790037077,0.07276589957819737
Capa 2 - Oculta 1 a Oculta 2,Neurona H1_47,Neurona H2_32,-0.023613973560875468,0.023613973560875468,0.00483803526748071
Capa 2 - Oculta 1 a Oculta 2,Neurona H1_48,Neurona H2_1,0.2580213136493814,0.2580213136493814,0.052863454427918365
Capa 2 - Oculta 1 a Oculta 2,Neurona H1_48,Neurona H2_2,-0.1473559450146888,0.1473559450146888,0.03019031324889745
Capa 2 - Oculta 1 a Oculta 2,Neurona H1_48,Neurona H2_3,-0.00038299380123236337,0.00038299380123236337,7.846784078130285e-05
Capa 2 - Oculta 1 a Oculta 2,Neurona H1_48,Neurona H2_4,0.016971933745756465,0.016971933745756465,0.0034772129225790318
Capa 2 - Oculta 1 a Oculta 2,Neurona H1_48,Neurona H2_5,-0.2265459994569501,0.2265459994569501,0.04641478623891353
Capa 2 - Oculta 1 a Oculta 2,Neurona H1_48,Neurona H2_6,0.10176199974295082,0.10176199974295082,0.02084901731496249
Capa 2 - Oculta 1 a Oculta 2,Neurona H1_48,Neurona H2_7,0.1698122499785728,0.1698122499785728,0.03479116516026654
Capa 2 - Oculta 1 a Oculta 2,Neurona H1_48,Neurona H2_8,0.12326044702517414,0.12326044702517414,0.025253623167481924
Capa 2 - Oculta 1 a Oculta 2,Neurona H1_48,Neurona H2_9,0.21527641069715917,0.21527641069715917,0.04410587081096505
Capa 2 - Oculta 1 a Oculta 2,Neurona H1_48,Neurona H2_10,-0.18853027900959074,0.18853027900959074,0.03862611840760282
Capa 2 - Oculta 1 a Oculta 2,Neurona H1_48,Neurona H2_11,-0.29698868619212426,0.29698868619212426,0.06084709691641533
Capa 2 - Oculta 1 a Oculta 2,Neurona H1_48,Neurona H2_12,-0.054961785081282966,0.054961785081282966,0.011260580685476295
Capa 2 - Oculta 1 a Oculta 2,Neurona H1_48,Neurona H2_13,0.13424619951014327,0.13424619951014327,0.02750438616698636
Capa 2 - Oculta 1 a Oculta 2,Neurona H1_48,Neurona H2_14,-0.11115814609130491,0.11115814609130491,0.022774101515406635
Capa 2 - Oculta 1 a Oculta 2,Neurona H1_48,Neurona H2_15,0.10377523194438872,0.10377523194438872,0.021261488700478146
Capa 2 - Oculta 1 a Oculta 2,Neurona H1_48,Neurona H2_16,0.2541089253926663,0.2541089253926663,0.05206188359879597
Capa 2 - Oculta 1 a Oculta 2,Neurona H1_48,Neurona H2_17,-0.03231399420318017,0.03231399420318017,0.006620497104611685
Capa 2 - Oculta 1 a Oculta 2,Neurona H1_48,Neurona H2_18,0.15659038112785578,0.15659038112785578,0.032082266226469223
Capa 2 - Oculta 1 a Oculta 2,Neurona H1_48,Neurona H2_19,-0.12539505779078253,0.12539505779078253,0.025690962615657988
Capa 2 - Oculta 1 a Oculta 2,Neurona H1_48,Neurona H2_20,0.12904603163404985,0.12904603163404985,0.026438974811438642
Capa 2 - Oculta 1 a Oculta 2,Neurona H1_48,Neurona H2_21,0.09524455491874062,0.09524455491874062,0.019513722014825822
Capa 2 - Oculta 1 a Oculta 2,Neurona H1_48,Neurona H2_22,0.10108502436079594,0.10108502436079594,0.020710318473548185
Capa 2 - Oculta 1 a Oculta 2,Neurona H1_48,Neurona H2_23,0.019061183417320927,0.019061183417320927,0.003905258781423748
Capa 2 - Oculta 1 a Oculta 2,Neurona H1_48,Neurona H2_24,-0.21274619873083087,0.21274619873083087,0.04358748051567059
Capa 2 - Oculta 1 a Oculta 2,Neurona H1_48,Neurona H2_25,-0.1281191197828405,0.1281191197828405,0.02624906894005126
Capa 2 - Oculta 1 a Oculta 2,Neurona H1_48,Neurona H2_26,-0.14580333143430527,0.14580333143430527,0.029872213491594832
Capa 2 - Oculta 1 a Oculta 2,Neurona H1_48,Neurona H2_27,-0.09781839171560498,0.09781839171560498,0.020041050173463252
Capa 2 - Oculta 1 a Oculta 2,Neurona H1_48,Neurona H2_28,0.24753289464691916,0.24753289464691916,0.05071458520422698
Capa 2 - Oculta 1 a Oculta 2,Neurona H1_48,Neurona H2_29,-0.3137503522207769,0.3137503522207769,0.06428123015025251
Capa 2 - Oculta 1 a Oculta 2,Neurona H1_48,Neurona H2_30,-0.011998652991741899,0.011998652991741899,0.0024582862425360525
Capa 2 - Oculta 1 a Oculta 2,Neurona H1_48,Neurona H2_31,0.02548827712735705,0.02548827712735705,0.005222042928589762
Capa 2 - Oculta 1 a Oculta 2,Neurona H1_48,Neurona H2_32,-0.1424248384509177,0.1424248384509177,0.029180027224746177
Capa 2 - Oculta 1 a Oculta 2,Neurona H1_49,Neurona H2_1,0.16996314432795556,0.16996314432795556,0.03482208042245633
Capa 2 - Oculta 1 a Oculta 2,Neurona H1_49,Neurona H2_2,0.05250308167750104,0.05250308167750104,0.01075684107769252
Capa 2 - Oculta 1 a Oculta 2,Neurona H1_49,Neurona H2_3,-0.17176066705514229,0.17176066705514229,0.03519035721102004
Capa 2 - Oculta 1 a Oculta 2,Neurona H1_49,Neurona H2_4,-0.018913788916844528,0.018913788916844528,0.00387506056892473
Capa 2 - Oculta 1 a Oculta 2,Neurona H1_49,Neurona H2_5,-0.2331932252115432,0.2331932252115432,0.047776671080053124
Capa 2 - Oculta 1 a Oculta 2,Neurona H1_49,Neurona H2_6,-0.237073678972056,0.237073678972056,0.04857169916369145
Capa 2 - Oculta 1 a Oculta 2,Neurona H1_49,Neurona H2_7,0.12467136805447022,0.12467136805447022,0.025542692928730168
Capa 2 - Oculta 1 a Oculta 2,Neurona H1_49,Neurona H2_8,-0.14282766084461793,0.14282766084461793,0.02926255755121701
Capa 2 - Oculta 1 a Oculta 2,Neurona H1_49,Neurona H2_9,0.23682864313182636,0.23682864313182636,0.04852149617545774
Capa 2 - Oculta 1 a Oculta 2,Neurona H1_49,Neurona H2_10,-0.04846379166642843,0.04846379166642843,0.009929270593683419
Capa 2 - Oculta 1 a Oculta 2,Neurona H1_49,Neurona H2_11,0.07994795788041169,0.07994795788041169,0.016379752386499843
Capa 2 - Oculta 1 a Oculta 2,Neurona H1_49,Neurona H2_12,-0.0009637931944557464,0.0009637931944557464,0.00019746212780810468
Capa 2 - Oculta 1 a Oculta 2,Neurona H1_49,Neurona H2_13,-0.05810599756652828,0.05810599756652828,0.0119047675205659
Capa 2 - Oculta 1 a Oculta 2,Neurona H1_49,Neurona H2_14,0.09554199310269502,0.09554199310269502,0.019574661204926846
Capa 2 - Oculta 1 a Oculta 2,Neurona H1_49,Neurona H2_15,0.0540570800777889,0.0540570800777889,0.011075224557153082
Capa 2 - Oculta 1 a Oculta 2,Neurona H1_49,Neurona H2_16,0.18475520926526473,0.18475520926526473,0.03785268142067789
Capa 2 - Oculta 1 a Oculta 2,Neurona H1_49,Neurona H2_17,-0.19472534200689834,0.19472534200689834,0.03989536405946116
Capa 2 - Oculta 1 a Oculta 2,Neurona H1_49,Neurona H2_18,0.013928394523538617,0.013928394523538617,0.0028536520442248997
Capa 2 - Oculta 1 a Oculta 2,Neurona H1_49,Neurona H2_19,0.08822761782267274,0.08822761782267274,0.01807609064571492
Capa 2 - Oculta 1 a Oculta 2,Neurona H1_49,Neurona H2_20,0.08246675095463238,0.08246675095463238,0.01689580317706887
Capa 2 - Oculta 1 a Oculta 2,Neurona H1_49,Neurona H2_21,0.07400999218726238,0.07400999218726238,0.015163180877834114
Capa 2 - Oculta 1 a Oculta 2,Neurona H1_49,Neurona H2_22,-0.04129545096337851,0.04129545096337851,0.00846061962559166
Capa 2 - Oculta 1 a Oculta 2,Neurona H1_49,Neurona H2_23,-0.2712950638993518,0.2712950638993518,0.05558298283238342
Capa 2 - Oculta 1 a Oculta 2,Neurona H1_49,Neurona H2_24,0.08226118926095947,0.08226118926095947,0.016853687659277305
Capa 2 - Oculta 1 a Oculta 2,Neurona H1_49,Neurona H2_25,-0.23598299608719767,0.23598299608719767,0.04834823985266194
Capa 2 - Oculta 1 a Oculta 2,Neurona H1_49,Neurona H2_26,-0.0006309281905173928,0.0006309281905173928,0.00012926468428118998
Capa 2 - Oculta 1 a Oculta 2,Neurona H1_49,Neurona H2_27,0.13732831366062437,0.13732831366062437,0.028135850283772475
Capa 2 - Oculta 1 a Oculta 2,Neurona H1_49,Neurona H2_28,-0.09648671506478113,0.09648671506478113,0.019768216015122318
Capa 2 - Oculta 1 a Oculta 2,Neurona H1_49,Neurona H2_29,-0.27011369588111295,0.27011369588111295,0.05534094393446651
Capa 2 - Oculta 1 a Oculta 2,Neurona H1_49,Neurona H2_30,-0.17470045281507895,0.17470045281507895,0.03579266106084632
Capa 2 - Oculta 1 a Oculta 2,Neurona H1_49,Neurona H2_31,-0.16678571705389061,0.16678571705389061,0.03417108853529461
Capa 2 - Oculta 1 a Oculta 2,Neurona H1_49,Neurona H2_32,0.09788393933386211,0.09788393933386211,0.020054479581606263
Capa 2 - Oculta 1 a Oculta 2,Neurona H1_50,Neurona H2_1,0.09795617642296893,0.09795617642296893,0.020069279529773307
Capa 2 - Oculta 1 a Oculta 2,Neurona H1_50,Neurona H2_2,0.2926358473835845,0.2926358473835845,0.05995528649683114
Capa 2 - Oculta 1 a Oculta 2,Neurona H1_50,Neurona H2_3,-0.0302038593337882,0.0302038593337882,0.006188172282576072
Capa 2 - Oculta 1 a Oculta 2,Neurona H1_50,Neurona H2_4,-0.184505472590935,0.184505472590935,0.037801515324684946
Capa 2 - Oculta 1 a Oculta 2,Neurona H1_50,Neurona H2_5,-0.21694454954874548,0.21694454954874548,0.044447639407183055
Capa 2 - Oculta 1 a Oculta 2,Neurona H1_50,Neurona H2_6,-0.23123937869151778,0.23123937869151778,0.047376366643920906
Capa 2 - Oculta 1 a Oculta 2,Neurona H1_50,Neurona H2_7,0.21492868633450574,0.21492868633450574,0.04403462897927829
Capa 2 - Oculta 1 a Oculta 2,Neurona H1_50,Neurona H2_8,-0.18326947040438235,0.18326947040438235,0.037548282968266435
Capa 2 - Oculta 1 a Oculta 2,Neurona H1_50,Neurona H2_9,0.16501747720926666,0.16501747720926666,0.033808811229122424
Capa 2 - Oculta 1 a Oculta 2,Neurona H1_50,Neurona H2_10,-0.24644427073510364,0.24644427073510364,0.05049154773597502
Capa 2 - Oculta 1 a Oculta 2,Neurona H1_50,Neurona H2_11,0.114414458708226,0.114414458708226,0.023441255446192293
Capa 2 - Oculta 1 a Oculta 2,Neurona H1_50,Neurona H2_12,-0.07702770635444625,0.07702770635444625,0.015781450714139906
Capa 2 - Oculta 1 a Oculta 2,Neurona H1_50,Neurona H2_13,-0.2705612165444406,0.2705612165444406,0.05543263205067973
Capa 2 - Oculta 1 a Oculta 2,Neurona H1_50,Neurona H2_14,0.17357745332771132,0.17357745332771132,0.035562580718321954
Capa 2 - Oculta 1 a Oculta 2,Neurona H1_50,Neurona H2_15,-0.258653762230449,0.258653762230449,0.05299303061009648
Capa 2 - Oculta 1 a Oculta 2,Neurona H1_50,Neurona H2_16,-0.05089080276932352,0.05089080276932352,0.010426517077004135
Capa 2 - Oculta 1 a Oculta 2,Neurona H1_50,Neurona H2_17,-0.2751710013013818,0.2751710013013818,0.05637708560366107
Capa 2 - Oculta 1 a Oculta 2,Neurona H1_50,Neurona H2_18,-0.17501850915958062,0.17501850915958062,0.03585782450349091
Capa 2 - Oculta 1 a Oculta 2,Neurona H1_50,Neurona H2_19,-0.22122402907061772,0.22122402907061772,0.04532441996255654
Capa 2 - Oculta 1 a Oculta 2,Neurona H1_50,Neurona H2_20,0.13642868412179224,0.13642868412179224,0.027951534017587248
Capa 2 - Oculta 1 a Oculta 2,Neurona H1_50,Neurona H2_21,0.17913432028016382,0.17913432028016382,0.036701072646559155
Capa 2 - Oculta 1 a Oculta 2,Neurona H1_50,Neurona H2_22,-0.09104681018590449,0.09104681018590449,0.01865368729813625
Capa 2 - Oculta 1 a Oculta 2,Neurona H1_50,Neurona H2_23,-0.12159300810791454,0.12159300810791454,0.024911997973938144
Capa 2 - Oculta 1 a Oculta 2,Neurona H1_50,Neurona H2_24,-0.03692940760448617,0.03692940760448617,0.007566103855290779
Capa 2 - Oculta 1 a Oculta 2,Neurona H1_50,Neurona H2_25,-0.12046196548803678,0.12046196548803678,0.024680269752938584
Capa 2 - Oculta 1 a Oculta 2,Neurona H1_50,Neurona H2_26,0.08305161620667605,0.08305161620667605,0.01701563047800222
Capa 2 - Oculta 1 a Oculta 2,Neurona H1_50,Neurona H2_27,-0.04860135918643964,0.04860135918643964,0.009957455452608508
Capa 2 - Oculta 1 a Oculta 2,Neurona H1_50,Neurona H2_28,-0.002653431830692242,0.002653431830692242,0.0005436356038788178
Capa 2 - Oculta 1 a Oculta 2,Neurona H1_50,Neurona H2_29,-0.22400353434240436,0.22400353434240436,0.04589388551634764
Capa 2 - Oculta 1 a Oculta 2,Neurona H1_50,Neurona H2_30,0.14567600797489674,0.14567600797489674,0.02984612743769932
Capa 2 - Oculta 1 a Oculta 2,Neurona H1_50,Neurona H2_31,0.1808626767654306,0.1808626767654306,0.037055178642695016
Capa 2 - Oculta 1 a Oculta 2,Neurona H1_50,Neurona H2_32,-0.01862506767726643,0.01862506767726643,0.0038159073079985836
Capa 2 - Oculta 1 a Oculta 2,Neurona H1_51,Neurona H2_1,0.043344465960717546,0.043344465960717546,0.008880422196944907
Capa 2 - Oculta 1 a Oculta 2,Neurona H1_51,Neurona H2_2,-0.10710274497640972,0.10710274497640972,0.021943230185468714
Capa 2 - Oculta 1 a Oculta 2,Neurona H1_51,Neurona H2_3,0.113093567792226,0.113093567792226,0.02317063107119549
Capa 2 - Oculta 1 a Oculta 2,Neurona H1_51,Neurona H2_4,-0.1897488559211586,0.1897488559211586,0.038875780670461914
Capa 2 - Oculta 1 a Oculta 2,Neurona H1_51,Neurona H2_5,0.25274347760774196,0.25274347760774196,0.05178213040425896
Capa 2 - Oculta 1 a Oculta 2,Neurona H1_51,Neurona H2_6,0.05395018050776009,0.05395018050776009,0.01105332295348843
Capa 2 - Oculta 1 a Oculta 2,Neurona H1_51,Neurona H2_7,0.18278344396536278,0.18278344396536278,0.03744870578161282
Capa 2 - Oculta 1 a Oculta 2,Neurona H1_51,Neurona H2_8,-0.12482013906433921,0.12482013906433921,0.025573173160727946
Capa 2 - Oculta 1 a Oculta 2,Neurona H1_51,Neurona H2_9,0.22513072347597704,0.22513072347597704,0.046124824234360824
Capa 2 - Oculta 1 a Oculta 2,Neurona H1_51,Neurona H2_10,0.12630219411505872,0.12630219411505872,0.025876816873432393
Capa 2 - Oculta 1 a Oculta 2,Neurona H1_51,Neurona H2_11,-0.20686578210153178,0.20686578210153178,0.04238269966984269
Capa 2 - Oculta 1 a Oculta 2,Neurona H1_51,Neurona H2_12,-0.24406404608570859,0.24406404608570859,0.05000388686989445
Capa 2 - Oculta 1 a Oculta 2,Neurona H1_51,Neurona H2_13,0.07392248232824157,0.07392248232824157,0.015145251841744383
Capa 2 - Oculta 1 a Oculta 2,Neurona H1_51,Neurona H2_14,-0.2680049719340395,0.2680049719340395,0.05490890818245628
Capa 2 - Oculta 1 a Oculta 2,Neurona H1_51,Neurona H2_15,0.13172125745761984,0.13172125745761984,0.026987075572606215
Capa 2 - Oculta 1 a Oculta 2,Neurona H1_51,Neurona H2_16,0.027088723993523647,0.027088723993523647,0.005549942778324155
Capa 2 - Oculta 1 a Oculta 2,Neurona H1_51,Neurona H2_17,-0.08043401672502914,0.08043401672502914,0.016479336212418337
Capa 2 - Oculta 1 a Oculta 2,Neurona H1_51,Neurona H2_18,0.054390882328691464,0.054390882328691464,0.011143614024011247
Capa 2 - Oculta 1 a Oculta 2,Neurona H1_51,Neurona H2_19,0.04765949494970077,0.04765949494970077,0.009764486133710342
Capa 2 - Oculta 1 a Oculta 2,Neurona H1_51,Neurona H2_20,-0.13548329821064484,0.13548329821064484,0.02775784317738539
Capa 2 - Oculta 1 a Oculta 2,Neurona H1_51,Neurona H2_21,0.18252395762230686,0.18252395762230686,0.03739554217168932
Capa 2 - Oculta 1 a Oculta 2,Neurona H1_51,Neurona H2_22,-0.13324224209130175,0.13324224209130175,0.02729869518546296
Capa 2 - Oculta 1 a Oculta 2,Neurona H1_51,Neurona H2_23,0.17270059664458365,0.17270059664458365,0.03538293015902234
Capa 2 - Oculta 1 a Oculta 2,Neurona H1_51,Neurona H2_24,-0.08399711002904116,0.08399711002904116,0.017209343427074312
Capa 2 - Oculta 1 a Oculta 2,Neurona H1_51,Neurona H2_25,0.0020386949568551556,0.0020386949568551556,0.00041768819955156396
Capa 2 - Oculta 1 a Oculta 2,Neurona H1_51,Neurona H2_26,0.10611794870918023,0.10611794870918023,0.021741464944228944
Capa 2 - Oculta 1 a Oculta 2,Neurona H1_51,Neurona H2_27,0.2134551163818253,0.2134551163818253,0.0437327236950283
Capa 2 - Oculta 1 a Oculta 2,Neurona H1_51,Neurona H2_28,-0.0009560676240195087,0.0009560676240195087,0.00019587931150929033
Capa 2 - Oculta 1 a Oculta 2,Neurona H1_51,Neurona H2_29,0.12641113807696272,0.12641113807696272,0.02589913733248228
Capa 2 - Oculta 1 a Oculta 2,Neurona H1_51,Neurona H2_30,0.07625377032965876,0.07625377032965876,0.015622886558342786
Capa 2 - Oculta 1 a Oculta 2,Neurona H1_51,Neurona H2_31,-0.20820209046141905,0.20820209046141905,0.04265648277359256
Capa 2 - Oculta 1 a Oculta 2,Neurona H1_51,Neurona H2_32,0.1449950536854823,0.1449950536854823,0.02970661339703029
Capa 2 - Oculta 1 a Oculta 2,Neurona H1_52,Neurona H2_1,-0.23756139744913185,0.23756139744913185,0.04867162301541476
Capa 2 - Oculta 1 a Oculta 2,Neurona H1_52,Neurona H2_2,0.06323029127688616,0.06323029127688616,0.012954633763014674
Capa 2 - Oculta 1 a Oculta 2,Neurona H1_52,Neurona H2_3,-0.16007681483984165,0.16007681483984165,0.032796567409742676
Capa 2 - Oculta 1 a Oculta 2,Neurona H1_52,Neurona H2_4,0.06061107960200957,0.06061107960200957,0.012418009190983927
Capa 2 - Oculta 1 a Oculta 2,Neurona H1_52,Neurona H2_5,0.09168528120973203,0.09168528120973203,0.018784497359500087
Capa 2 - Oculta 1 a Oculta 2,Neurona H1_52,Neurona H2_6,0.14278343302609042,0.14278343302609042,0.029253496147582925
Capa 2 - Oculta 1 a Oculta 2,Neurona H1_52,Neurona H2_7,0.09381653925159113,0.09381653925159113,0.019221149901014742
Capa 2 - Oculta 1 a Oculta 2,Neurona H1_52,Neurona H2_8,0.2484164517018151,0.2484164517018151,0.05089560853693284
Capa 2 - Oculta 1 a Oculta 2,Neurona H1_52,Neurona H2_9,-0.12319944035992138,0.12319944035992138,0.0252411241106297
Capa 2 - Oculta 1 a Oculta 2,Neurona H1_52,Neurona H2_10,-0.2516108946646147,0.2516108946646147,0.05155008660154736
Capa 2 - Oculta 1 a Oculta 2,Neurona H1_52,Neurona H2_11,0.13728960283862446,0.13728960283862446,0.028127919203406612
Capa 2 - Oculta 1 a Oculta 2,Neurona H1_52,Neurona H2_12,0.035719558531620836,0.035719558531620836,0.007318229753638134
Capa 2 - Oculta 1 a Oculta 2,Neurona H1_52,Neurona H2_13,0.005000372600435723,0.005000372600435723,0.0010244772625448541
Capa 2 - Oculta 1 a Oculta 2,Neurona H1_52,Neurona H2_14,0.21256512536807057,0.21256512536807057,0.043550382171642324
Capa 2 - Oculta 1 a Oculta 2,Neurona H1_52,Neurona H2_15,-0.11550182614728113,0.11550182614728113,0.02366403548807288
Capa 2 - Oculta 1 a Oculta 2,Neurona H1_52,Neurona H2_16,-0.06111779312884327,0.06111779312884327,0.01252182475201228
Capa 2 - Oculta 1 a Oculta 2,Neurona H1_52,Neurona H2_17,-0.22116241958171756,0.22116241958171756,0.04531179739908403
Capa 2 - Oculta 1 a Oculta 2,Neurona H1_52,Neurona H2_18,0.11685735790817438,0.11685735790817438,0.023941757085773722
Capa 2 - Oculta 1 a Oculta 2,Neurona H1_52,Neurona H2_19,-0.18727371309961935,0.18727371309961935,0.0383686729517297
Capa 2 - Oculta 1 a Oculta 2,Neurona H1_52,Neurona H2_20,0.20100176986211368,0.20100176986211368,0.04118127975844547
Capa 2 - Oculta 1 a Oculta 2,Neurona H1_52,Neurona H2_21,0.025118188006056343,0.025118188006056343,0.005146219001017896
Capa 2 - Oculta 1 a Oculta 2,Neurona H1_52,Neurona H2_22,0.19958837643463434,0.19958837643463434,0.04089170345180049
Capa 2 - Oculta 1 a Oculta 2,Neurona H1_52,Neurona H2_23,-0.30032712564037606,0.30032712564037606,0.061531077007582674
Capa 2 - Oculta 1 a Oculta 2,Neurona H1_52,Neurona H2_24,0.2700539569252817,0.2700539569252817,0.05532870460615486
Capa 2 - Oculta 1 a Oculta 2,Neurona H1_52,Neurona H2_25,-0.039139897502503886,0.039139897502503886,0.008018989434138828
Capa 2 - Oculta 1 a Oculta 2,Neurona H1_52,Neurona H2_26,-0.02341229934353382,0.02341229934353382,0.004796716216558377
Capa 2 - Oculta 1 a Oculta 2,Neurona H1_52,Neurona H2_27,0.14427475574921822,0.14427475574921822,0.02955903862272323
Capa 2 - Oculta 1 a Oculta 2,Neurona H1_52,Neurona H2_28,-0.04414295112504581,0.04414295112504581,0.009044015984988303
Capa 2 - Oculta 1 a Oculta 2,Neurona H1_52,Neurona H2_29,0.013114358164459003,0.013114358164459003,0.002686872124526677
Capa 2 - Oculta 1 a Oculta 2,Neurona H1_52,Neurona H2_30,-0.06312541117928853,0.06312541117928853,0.012933145909234958
Capa 2 - Oculta 1 a Oculta 2,Neurona H1_52,Neurona H2_31,-0.06185976506780764,0.06185976506780764,0.012673840099998364
Capa 2 - Oculta 1 a Oculta 2,Neurona H1_52,Neurona H2_32,0.21969690162425337,0.21969690162425337,0.045011541809102114
Capa 2 - Oculta 1 a Oculta 2,Neurona H1_53,Neurona H2_1,0.26243328627927304,0.26243328627927304,0.053767380195750204
Capa 2 - Oculta 1 a Oculta 2,Neurona H1_53,Neurona H2_2,-0.09874932792562949,0.09874932792562949,0.02023178055622846
Capa 2 - Oculta 1 a Oculta 2,Neurona H1_53,Neurona H2_3,-0.38062997987841696,0.38062997987841696,0.07798354062542545
Capa 2 - Oculta 1 a Oculta 2,Neurona H1_53,Neurona H2_4,0.17234688649405117,0.17234688649405117,0.03531046195800862
Capa 2 - Oculta 1 a Oculta 2,Neurona H1_53,Neurona H2_5,-0.12074750984124066,0.12074750984124066,0.024738772132797224
Capa 2 - Oculta 1 a Oculta 2,Neurona H1_53,Neurona H2_6,0.13947007569442627,0.13947007569442627,0.028574654885097715
Capa 2 - Oculta 1 a Oculta 2,Neurona H1_53,Neurona H2_7,-0.330052602880927,0.330052602880927,0.06762123827848185
Capa 2 - Oculta 1 a Oculta 2,Neurona H1_53,Neurona H2_8,0.15777750529261136,0.15777750529261136,0.03232548444474833
Capa 2 - Oculta 1 a Oculta 2,Neurona H1_53,Neurona H2_9,0.33314932327871405,0.33314932327871405,0.06825569492591553
Capa 2 - Oculta 1 a Oculta 2,Neurona H1_53,Neurona H2_10,0.08267007461046252,0.08267007461046252,0.016937460165253576
Capa 2 - Oculta 1 a Oculta 2,Neurona H1_53,Neurona H2_11,0.049311384568287125,0.049311384568287125,0.010102925584068131
Capa 2 - Oculta 1 a Oculta 2,Neurona H1_53,Neurona H2_12,0.05460145249471744,0.05460145249471744,0.011186755678544174
Capa 2 - Oculta 1 a Oculta 2,Neurona H1_53,Neurona H2_13,0.26185423058222723,0.26185423058222723,0.05364874315751854
Capa 2 - Oculta 1 a Oculta 2,Neurona H1_53,Neurona H2_14,-0.34638956366214924,0.34638956366214924,0.07096835782273156
Capa 2 - Oculta 1 a Oculta 2,Neurona H1_53,Neurona H2_15,-0.21126543527391886,0.21126543527391886,0.04328410142494413
Capa 2 - Oculta 1 a Oculta 2,Neurona H1_53,Neurona H2_16,0.07634037064032537,0.07634037064032537,0.015640629245997607
Capa 2 - Oculta 1 a Oculta 2,Neurona H1_53,Neurona H2_17,0.2212540209275816,0.2212540209275816,0.04533056469975439
Capa 2 - Oculta 1 a Oculta 2,Neurona H1_53,Neurona H2_18,-0.19659709226938468,0.19659709226938468,0.04027884859917577
Capa 2 - Oculta 1 a Oculta 2,Neurona H1_53,Neurona H2_19,0.17536393813948123,0.17536393813948123,0.03592859605673504
Capa 2 - Oculta 1 a Oculta 2,Neurona H1_53,Neurona H2_20,-0.22778844937920278,0.22778844937920278,0.046669339608613934
Capa 2 - Oculta 1 a Oculta 2,Neurona H1_53,Neurona H2_21,-0.09847611276641823,0.09847611276641823,0.020175804183913702
Capa 2 - Oculta 1 a Oculta 2,Neurona H1_53,Neurona H2_22,0.19891895611857405,0.19891895611857405,0.040754552493723964
Capa 2 - Oculta 1 a Oculta 2,Neurona H1_53,Neurona H2_23,0.21270765537021177,0.21270765537021177,0.04357958374482337
Capa 2 - Oculta 1 a Oculta 2,Neurona H1_53,Neurona H2_24,-0.04482184859053977,0.04482184859053977,0.009183108623192363
Capa 2 - Oculta 1 a Oculta 2,Neurona H1_53,Neurona H2_25,0.1511494988667167,0.1511494988667167,0.030967537263224577
Capa 2 - Oculta 1 a Oculta 2,Neurona H1_53,Neurona H2_26,0.07442356245458547,0.07442356245458547,0.01524791323063922
Capa 2 - Oculta 1 a Oculta 2,Neurona H1_53,Neurona H2_27,-0.17604273295378914,0.17604273295378914,0.03606766766374513
Capa 2 - Oculta 1 a Oculta 2,Neurona H1_53,Neurona H2_28,0.024443864721195026,0.024443864721195026,0.005008063521787253
Capa 2 - Oculta 1 a Oculta 2,Neurona H1_53,Neurona H2_29,-0.009587966859521539,0.009587966859521539,0.001964384422224352
Capa 2 - Oculta 1 a Oculta 2,Neurona H1_53,Neurona H2_30,0.21036709869755207,0.21036709869755207,0.04310005006114776
Capa 2 - Oculta 1 a Oculta 2,Neurona H1_53,Neurona H2_31,-0.2832900508323834,0.2832900508323834,0.05804051797213334
Capa 2 - Oculta 1 a Oculta 2,Neurona H1_53,Neurona H2_32,0.3476606090634908,0.3476606090634908,0.07122876983947271
Capa 2 - Oculta 1 a Oculta 2,Neurona H1_54,Neurona H2_1,-0.04936580686018499,0.04936580686018499,0.01011407563329048
Capa 2 - Oculta 1 a Oculta 2,Neurona H1_54,Neurona H2_2,0.366068918940875,0.366068918940875,0.07500026776937031
Capa 2 - Oculta 1 a Oculta 2,Neurona H1_54,Neurona H2_3,0.2494049087269596,0.2494049087269596,0.05109812379493083
Capa 2 - Oculta 1 a Oculta 2,Neurona H1_54,Neurona H2_4,0.23298036202505815,0.23298036202505815,0.04773305963106474
Capa 2 - Oculta 1 a Oculta 2,Neurona H1_54,Neurona H2_5,0.021345566655860546,0.021345566655860546,0.004373283641534871
Capa 2 - Oculta 1 a Oculta 2,Neurona H1_54,Neurona H2_6,-0.13485397790721085,0.13485397790721085,0.02762890791730701
Capa 2 - Oculta 1 a Oculta 2,Neurona H1_54,Neurona H2_7,0.20850247266180094,0.20850247266180094,0.042718025134323365
Capa 2 - Oculta 1 a Oculta 2,Neurona H1_54,Neurona H2_8,-0.11852301862754057,0.11852301862754057,0.024283017961804453
Capa 2 - Oculta 1 a Oculta 2,Neurona H1_54,Neurona H2_9,-0.2297680151454245,0.2297680151454245,0.047074913408660275
Capa 2 - Oculta 1 a Oculta 2,Neurona H1_54,Neurona H2_10,-0.20597970652623554,0.20597970652623554,0.04220116034221174
Capa 2 - Oculta 1 a Oculta 2,Neurona H1_54,Neurona H2_11,-0.04644589652905962,0.04644589652905962,0.009515843864992435
Capa 2 - Oculta 1 a Oculta 2,Neurona H1_54,Neurona H2_12,0.10044941947424141,0.10044941947424141,0.02058009562691856
Capa 2 - Oculta 1 a Oculta 2,Neurona H1_54,Neurona H2_13,0.16189114963847218,0.16189114963847218,0.03316828865861099
Capa 2 - Oculta 1 a Oculta 2,Neurona H1_54,Neurona H2_14,0.16120343147886726,0.16120343147886726,0.03302738883496724
Capa 2 - Oculta 1 a Oculta 2,Neurona H1_54,Neurona H2_15,-0.06352396409700045,0.06352396409700045,0.013014801504676224
Capa 2 - Oculta 1 a Oculta 2,Neurona H1_54,Neurona H2_16,0.1504355888329568,0.1504355888329568,0.030821271243563184
Capa 2 - Oculta 1 a Oculta 2,Neurona H1_54,Neurona H2_17,-0.19637862444671975,0.19637862444671975,0.040234088871291006
Capa 2 - Oculta 1 a Oculta 2,Neurona H1_54,Neurona H2_18,0.21777911440683895,0.21777911440683895,0.0446186252095533
Capa 2 - Oculta 1 a Oculta 2,Neurona H1_54,Neurona H2_19,-0.3558363207553322,0.3558363207553322,0.07290381116193012
Capa 2 - Oculta 1 a Oculta 2,Neurona H1_54,Neurona H2_20,-0.09686901691262853,0.09686901691262853,0.019846542088366226
Capa 2 - Oculta 1 a Oculta 2,Neurona H1_54,Neurona H2_21,-0.3165069762957614,0.3165069762957614,0.06484600780021388
Capa 2 - Oculta 1 a Oculta 2,Neurona H1_54,Neurona H2_22,0.19327950102299457,0.19327950102299457,0.039599139891459
Capa 2 - Oculta 1 a Oculta 2,Neurona H1_54,Neurona H2_23,-0.25090337575149974,0.25090337575149974,0.051405129995864905
Capa 2 - Oculta 1 a Oculta 2,Neurona H1_54,Neurona H2_24,0.3556838476403593,0.3556838476403593,0.07287257244195443
Capa 2 - Oculta 1 a Oculta 2,Neurona H1_54,Neurona H2_25,-0.14574609481230333,0.14574609481230333,0.029860486841900614
Capa 2 - Oculta 1 a Oculta 2,Neurona H1_54,Neurona H2_26,-0.20340510498040862,0.20340510498040862,0.041673675501665515
Capa 2 - Oculta 1 a Oculta 2,Neurona H1_54,Neurona H2_27,0.3477186062620404,0.3477186062620404,0.07124065231623057
Capa 2 - Oculta 1 a Oculta 2,Neurona H1_54,Neurona H2_28,-0.022498564263386645,0.022498564263386645,0.0046095100044615395
Capa 2 - Oculta 1 a Oculta 2,Neurona H1_54,Neurona H2_29,0.01705188975143191,0.01705188975143191,0.003493594323799266
Capa 2 - Oculta 1 a Oculta 2,Neurona H1_54,Neurona H2_30,-0.2849138587503187,0.2849138587503187,0.058373204038471696
Capa 2 - Oculta 1 a Oculta 2,Neurona H1_54,Neurona H2_31,0.3697269276412846,0.3697269276412846,0.07574972126798246
Capa 2 - Oculta 1 a Oculta 2,Neurona H1_54,Neurona H2_32,-0.1703497487100379,0.1703497487100379,0.03490128799970949
Capa 2 - Oculta 1 a Oculta 2,Neurona H1_55,Neurona H2_1,0.0785346643492479,0.0785346643492479,0.016090196546630457
Capa 2 - Oculta 1 a Oculta 2,Neurona H1_55,Neurona H2_2,0.24599002898628133,0.24599002898628133,0.05039848260252346
Capa 2 - Oculta 1 a Oculta 2,Neurona H1_55,Neurona H2_3,0.25720191990445346,0.25720191990445346,0.052695576886017385
Capa 2 - Oculta 1 a Oculta 2,Neurona H1_55,Neurona H2_4,-0.06569093026202988,0.06569093026202988,0.013458769933065586
Capa 2 - Oculta 1 a Oculta 2,Neurona H1_55,Neurona H2_5,-0.36334373689878835,0.36334373689878835,0.07444193196892014
Capa 2 - Oculta 1 a Oculta 2,Neurona H1_55,Neurona H2_6,0.04879566261449864,0.04879566261449864,0.009997264374860346
Capa 2 - Oculta 1 a Oculta 2,Neurona H1_55,Neurona H2_7,0.25855583222230155,0.25855583222230155,0.052972966691927824
Capa 2 - Oculta 1 a Oculta 2,Neurona H1_55,Neurona H2_8,0.05255698062687203,0.05255698062687203,0.010767883904401237
Capa 2 - Oculta 1 a Oculta 2,Neurona H1_55,Neurona H2_9,-0.09016779257932464,0.09016779257932464,0.01847359400844036
Capa 2 - Oculta 1 a Oculta 2,Neurona H1_55,Neurona H2_10,0.009562924764021527,0.009562924764021527,0.0019592537930700356
Capa 2 - Oculta 1 a Oculta 2,Neurona H1_55,Neurona H2_11,-0.2825262752311263,0.2825262752311263,0.057884035485786973
Capa 2 - Oculta 1 a Oculta 2,Neurona H1_55,Neurona H2_12,0.027314469594506396,0.027314469594506396,0.0055961935787757445
Capa 2 - Oculta 1 a Oculta 2,Neurona H1_55,Neurona H2_13,-0.002076468947458153,0.002076468947458153,0.00042542734172768535
Capa 2 - Oculta 1 a Oculta 2,Neurona H1_55,Neurona H2_14,-0.02258860253806606,0.02258860253806606,0.004627957062818709
Capa 2 - Oculta 1 a Oculta 2,Neurona H1_55,Neurona H2_15,-0.10164000894075284,0.10164000894075284,0.02082402381686186
Capa 2 - Oculta 1 a Oculta 2,Neurona H1_55,Neurona H2_16,-0.09695170997063773,0.09695170997063773,0.01986348425737446
Capa 2 - Oculta 1 a Oculta 2,Neurona H1_55,Neurona H2_17,-0.3185332332599594,0.3185332332599594,0.06526114770153106
Capa 2 - Oculta 1 a Oculta 2,Neurona H1_55,Neurona H2_18,-0.19303514790368703,0.19303514790368703,0.03954907677921399
Capa 2 - Oculta 1 a Oculta 2,Neurona H1_55,Neurona H2_19,-0.060717162219744415,0.060717162219744415,0.012439743417311605
Capa 2 - Oculta 1 a Oculta 2,Neurona H1_55,Neurona H2_20,0.09659035187975698,0.09659035187975698,0.0197894491449287
Capa 2 - Oculta 1 a Oculta 2,Neurona H1_55,Neurona H2_21,-0.1260759976957338,0.1260759976957338,0.02583047370923554
Capa 2 - Oculta 1 a Oculta 2,Neurona H1_55,Neurona H2_22,-0.22917183214893808,0.22917183214893808,0.04695276732615375
Capa 2 - Oculta 1 a Oculta 2,Neurona H1_55,Neurona H2_23,-0.0024497259713176607,0.0024497259713176607,0.0005019003097612889
Capa 2 - Oculta 1 a Oculta 2,Neurona H1_55,Neurona H2_24,-0.11808896563776561,0.11808896563776561,0.0241940891050378
Capa 2 - Oculta 1 a Oculta 2,Neurona H1_55,Neurona H2_25,0.17969528913657465,0.17969528913657465,0.03681600404953873
Capa 2 - Oculta 1 a Oculta 2,Neurona H1_55,Neurona H2_26,-0.27449248612767196,0.27449248612767196,0.05623807128946841
Capa 2 - Oculta 1 a Oculta 2,Neurona H1_55,Neurona H2_27,0.3596100460123577,0.3596100460123577,0.07367697269004843
Capa 2 - Oculta 1 a Oculta 2,Neurona H1_55,Neurona H2_28,-0.28754659496716056,0.28754659496716056,0.05891259952115988
Capa 2 - Oculta 1 a Oculta 2,Neurona H1_55,Neurona H2_29,0.05015821862018162,0.05015821862018162,0.010276425101131926
Capa 2 - Oculta 1 a Oculta 2,Neurona H1_55,Neurona H2_30,-0.3840104654247069,0.3840104654247069,0.0786761351289298
Capa 2 - Oculta 1 a Oculta 2,Neurona H1_55,Neurona H2_31,0.31977071294954323,0.31977071294954323,0.06551468276904367
Capa 2 - Oculta 1 a Oculta 2,Neurona H1_55,Neurona H2_32,-0.31575457165667664,0.31575457165667664,0.06469185499869896
Capa 2 - Oculta 1 a Oculta 2,Neurona H1_56,Neurona H2_1,0.22152934699200885,0.22152934699200885,0.04538697355471994
Capa 2 - Oculta 1 a Oculta 2,Neurona H1_56,Neurona H2_2,-0.2270903300090382,0.2270903300090382,0.04652630878302837
Capa 2 - Oculta 1 a Oculta 2,Neurona H1_56,Neurona H2_3,-0.3401025666202048,0.3401025666202048,0.0696802767068168
Capa 2 - Oculta 1 a Oculta 2,Neurona H1_56,Neurona H2_4,-0.25394676934813737,0.25394676934813737,0.05202866103842324
Capa 2 - Oculta 1 a Oculta 2,Neurona H1_56,Neurona H2_5,0.1310450721838041,0.1310450721838041,0.026848538608734457
Capa 2 - Oculta 1 a Oculta 2,Neurona H1_56,Neurona H2_6,0.08003421173212777,0.08003421173212777,0.016397424091580848
Capa 2 - Oculta 1 a Oculta 2,Neurona H1_56,Neurona H2_7,0.1040543630648203,0.1040543630648203,0.021318677136021112
Capa 2 - Oculta 1 a Oculta 2,Neurona H1_56,Neurona H2_8,-0.21069314320904753,0.21069314320904753,0.04316685012092242
Capa 2 - Oculta 1 a Oculta 2,Neurona H1_56,Neurona H2_9,0.054785403051995786,0.054785403051995786,0.011224443502717056
Capa 2 - Oculta 1 a Oculta 2,Neurona H1_56,Neurona H2_10,-0.06807279709128453,0.06807279709128453,0.013946767249259294
Capa 2 - Oculta 1 a Oculta 2,Neurona H1_56,Neurona H2_11,0.0337122289449495,0.0337122289449495,0.0069069676969267715
Capa 2 - Oculta 1 a Oculta 2,Neurona H1_56,Neurona H2_12,-0.2336172588312129,0.2336172588312129,0.047863547166420835
Capa 2 - Oculta 1 a Oculta 2,Neurona H1_56,Neurona H2_13,-0.010119386496671932,0.010119386496671932,0.0020732617757005657
Capa 2 - Oculta 1 a Oculta 2,Neurona H1_56,Neurona H2_14,-0.17394828183965952,0.17394828183965952,0.03563855613238633
Capa 2 - Oculta 1 a Oculta 2,Neurona H1_56,Neurona H2_15,0.07946013182722324,0.07946013182722324,0.016279806494562708
Capa 2 - Oculta 1 a Oculta 2,Neurona H1_56,Neurona H2_16,0.013310936890641032,0.013310936890641032,0.002727147210278481
Capa 2 - Oculta 1 a Oculta 2,Neurona H1_56,Neurona H2_17,0.09603646771000278,0.09603646771000278,0.019675969253860733
Capa 2 - Oculta 1 a Oculta 2,Neurona H1_56,Neurona H2_18,-0.1829593043494467,0.1829593043494467,0.0374847360896064
Capa 2 - Oculta 1 a Oculta 2,Neurona H1_56,Neurona H2_19,0.30830033077716157,0.30830033077716157,0.06316462874961302
Capa 2 - Oculta 1 a Oculta 2,Neurona H1_56,Neurona H2_20,0.14620755968305996,0.14620755968305996,0.029955031849909053
Capa 2 - Oculta 1 a Oculta 2,Neurona H1_56,Neurona H2_21,0.15499860352023329,0.15499860352023329,0.0317561425360276
Capa 2 - Oculta 1 a Oculta 2,Neurona H1_56,Neurona H2_22,-0.08237064245066109,0.08237064245066109,0.016876112449012482
Capa 2 - Oculta 1 a Oculta 2,Neurona H1_56,Neurona H2_23,0.21384933890468624,0.21384933890468624,0.04381349207837216
Capa 2 - Oculta 1 a Oculta 2,Neurona H1_56,Neurona H2_24,-0.18904080093162892,0.18904080093162892,0.03873071423334454
Capa 2 - Oculta 1 a Oculta 2,Neurona H1_56,Neurona H2_25,0.18086763159317673,0.18086763159317673,0.03705619378871939
Capa 2 - Oculta 1 a Oculta 2,Neurona H1_56,Neurona H2_26,0.019962942073113187,0.019962942073113187,0.00409001126148527
Capa 2 - Oculta 1 a Oculta 2,Neurona H1_56,Neurona H2_27,0.12687333691765465,0.12687333691765465,0.025993832716386715
Capa 2 - Oculta 1 a Oculta 2,Neurona H1_56,Neurona H2_28,0.07198279970643989,0.07198279970643989,0.014747849307698008
Capa 2 - Oculta 1 a Oculta 2,Neurona H1_56,Neurona H2_29,0.1010986960571053,0.1010986960571053,0.020713119533214842
Capa 2 - Oculta 1 a Oculta 2,Neurona H1_56,Neurona H2_30,-0.028795979759704975,0.028795979759704975,0.005899725655233959
Capa 2 - Oculta 1 a Oculta 2,Neurona H1_56,Neurona H2_31,-0.11375766769941552,0.11375766769941552,0.023306691982919257
Capa 2 - Oculta 1 a Oculta 2,Neurona H1_56,Neurona H2_32,0.1723501362795287,0.1723501362795287,0.03531112777465788
Capa 2 - Oculta 1 a Oculta 2,Neurona H1_57,Neurona H2_1,-0.1393596629040231,0.1393596629040231,0.028552033492193454
Capa 2 - Oculta 1 a Oculta 2,Neurona H1_57,Neurona H2_2,0.27822204395333655,0.27822204395333655,0.057002183786086486
Capa 2 - Oculta 1 a Oculta 2,Neurona H1_57,Neurona H2_3,0.24067062344046591,0.24067062344046591,0.04930864181116563
Capa 2 - Oculta 1 a Oculta 2,Neurona H1_57,Neurona H2_4,0.14105399575767266,0.14105399575767266,0.02889916872039534
Capa 2 - Oculta 1 a Oculta 2,Neurona H1_57,Neurona H2_5,0.1351605451061463,0.1351605451061463,0.027691717461684577
Capa 2 - Oculta 1 a Oculta 2,Neurona H1_57,Neurona H2_6,0.1167150860091255,0.1167150860091255,0.02391260839280193
Capa 2 - Oculta 1 a Oculta 2,Neurona H1_57,Neurona H2_7,-0.08765034821862722,0.08765034821862722,0.01795781954254725
Capa 2 - Oculta 1 a Oculta 2,Neurona H1_57,Neurona H2_8,0.09654194197985211,0.09654194197985211,0.019779530915689087
Capa 2 - Oculta 1 a Oculta 2,Neurona H1_57,Neurona H2_9,-0.30914866397279406,0.30914866397279406,0.06333843541152293
Capa 2 - Oculta 1 a Oculta 2,Neurona H1_57,Neurona H2_10,-0.2323929415378458,0.2323929415378458,0.04761270881307777
Capa 2 - Oculta 1 a Oculta 2,Neurona H1_57,Neurona H2_11,0.19458767408150335,0.19458767408150335,0.03986715862946248
Capa 2 - Oculta 1 a Oculta 2,Neurona H1_57,Neurona H2_12,0.1363048516503312,0.1363048516503312,0.027926163197947624
Capa 2 - Oculta 1 a Oculta 2,Neurona H1_57,Neurona H2_13,-0.17284861913954425,0.17284861913954425,0.03541325703514734
Capa 2 - Oculta 1 a Oculta 2,Neurona H1_57,Neurona H2_14,0.11251980455116105,0.11251980455116105,0.02305307835232333
Capa 2 - Oculta 1 a Oculta 2,Neurona H1_57,Neurona H2_15,-0.049035359322600516,0.049035359322600516,0.010046373480716943
Capa 2 - Oculta 1 a Oculta 2,Neurona H1_57,Neurona H2_16,-0.13669547012117628,0.13669547012117628,0.028006193182448368
Capa 2 - Oculta 1 a Oculta 2,Neurona H1_57,Neurona H2_17,0.1136148364214595,0.1136148364214595,0.023277428684293586
Capa 2 - Oculta 1 a Oculta 2,Neurona H1_57,Neurona H2_18,-0.1252668599485997,0.1252668599485997,0.025664697418058078
Capa 2 - Oculta 1 a Oculta 2,Neurona H1_57,Neurona H2_19,0.07223675320239122,0.07223675320239122,0.014799879346884134
Capa 2 - Oculta 1 a Oculta 2,Neurona H1_57,Neurona H2_20,0.17861017389417322,0.17861017389417322,0.036593685438124794
Capa 2 - Oculta 1 a Oculta 2,Neurona H1_57,Neurona H2_21,0.052942586587831304,0.052942586587831304,0.010846886924950169
Capa 2 - Oculta 1 a Oculta 2,Neurona H1_57,Neurona H2_22,-0.21783247209077833,0.21783247209077833,0.04462955714170036
Capa 2 - Oculta 1 a Oculta 2,Neurona H1_57,Neurona H2_23,-0.01959803496995488,0.01959803496995488,0.0040152490267481595
Capa 2 - Oculta 1 a Oculta 2,Neurona H1_57,Neurona H2_24,-0.15492726986340344,0.15492726986340344,0.03174152768323243
Capa 2 - Oculta 1 a Oculta 2,Neurona H1_57,Neurona H2_25,0.07351902136977997,0.07351902136977997,0.015062590686007219
Capa 2 - Oculta 1 a Oculta 2,Neurona H1_57,Neurona H2_26,-0.2481812002351621,0.2481812002351621,0.05084741017296586
Capa 2 - Oculta 1 a Oculta 2,Neurona H1_57,Neurona H2_27,0.32276863980225795,0.32276863980225795,0.06612889857670394
Capa 2 - Oculta 1 a Oculta 2,Neurona H1_57,Neurona H2_28,0.005912581264208406,0.005912581264208406,0.001211370742172773
Capa 2 - Oculta 1 a Oculta 2,Neurona H1_57,Neurona H2_29,0.08217096372774138,0.08217096372774138,0.016835202235356124
Capa 2 - Oculta 1 a Oculta 2,Neurona H1_57,Neurona H2_30,-0.09018737101159216,0.09018737101159216,0.01847760524126181
Capa 2 - Oculta 1 a Oculta 2,Neurona H1_57,Neurona H2_31,0.02902659236437723,0.02902659236437723,0.0059469736083009725
Capa 2 - Oculta 1 a Oculta 2,Neurona H1_57,Neurona H2_32,-0.16525700999694223,0.16525700999694223,0.03385788675093178
Capa 2 - Oculta 1 a Oculta 2,Neurona H1_58,Neurona H2_1,0.12538551240347606,0.12538551240347606,0.025689006954942462
Capa 2 - Oculta 1 a Oculta 2,Neurona H1_58,Neurona H2_2,-0.12753997092875055,0.12753997092875055,0.02613041281578717
Capa 2 - Oculta 1 a Oculta 2,Neurona H1_58,Neurona H2_3,0.22752171314979133,0.22752171314979133,0.04661469064063399
Capa 2 - Oculta 1 a Oculta 2,Neurona H1_58,Neurona H2_4,0.24025446373191553,0.24025446373191553,0.049223378933163295
Capa 2 - Oculta 1 a Oculta 2,Neurona H1_58,Neurona H2_5,-0.290042491699426,0.290042491699426,0.05942395930495742
Capa 2 - Oculta 1 a Oculta 2,Neurona H1_58,Neurona H2_6,-0.014029798450319165,0.014029798450319165,0.0028744276994851466
Capa 2 - Oculta 1 a Oculta 2,Neurona H1_58,Neurona H2_7,0.09424734959793213,0.09424734959793213,0.019309414404395348
Capa 2 - Oculta 1 a Oculta 2,Neurona H1_58,Neurona H2_8,0.1966292772808771,0.1966292772808771,0.04028544267027876
Capa 2 - Oculta 1 a Oculta 2,Neurona H1_58,Neurona H2_9,-0.1970738262723803,0.1970738262723803,0.04037652194981937
Capa 2 - Oculta 1 a Oculta 2,Neurona H1_58,Neurona H2_10,-0.09260302760504481,0.09260302760504481,0.01897252541058942
Capa 2 - Oculta 1 a Oculta 2,Neurona H1_58,Neurona H2_11,0.12849941937992562,0.12849941937992562,0.026326984791788934
Capa 2 - Oculta 1 a Oculta 2,Neurona H1_58,Neurona H2_12,0.08823227982854118,0.08823227982854118,0.018077045798338874
Capa 2 - Oculta 1 a Oculta 2,Neurona H1_58,Neurona H2_13,-0.20614193486498955,0.20614193486498955,0.04223439771423866
Capa 2 - Oculta 1 a Oculta 2,Neurona H1_58,Neurona H2_14,0.27187334813659636,0.27187334813659636,0.055701461813788426
Capa 2 - Oculta 1 a Oculta 2,Neurona H1_58,Neurona H2_15,0.2099899514674095,0.2099899514674095,0.0430227800669319
Capa 2 - Oculta 1 a Oculta 2,Neurona H1_58,Neurona H2_16,0.18014961248329805,0.18014961248329805,0.03690908590078334
Capa 2 - Oculta 1 a Oculta 2,Neurona H1_58,Neurona H2_17,0.14881069821121778,0.14881069821121778,0.030488363352669426
Capa 2 - Oculta 1 a Oculta 2,Neurona H1_58,Neurona H2_18,0.2259825511159056,0.2259825511159056,0.04629934683866395
Capa 2 - Oculta 1 a Oculta 2,Neurona H1_58,Neurona H2_19,-0.2536198142718759,0.2536198142718759,0.05196167442197105
Capa 2 - Oculta 1 a Oculta 2,Neurona H1_58,Neurona H2_20,-0.027268445613162093,0.027268445613162093,0.005586764176971783
Capa 2 - Oculta 1 a Oculta 2,Neurona H1_58,Neurona H2_21,-0.00921597894208883,0.00921597894208883,0.001888171468950027
Capa 2 - Oculta 1 a Oculta 2,Neurona H1_58,Neurona H2_22,0.1798290602645714,0.1798290602645714,0.036843411102966246
Capa 2 - Oculta 1 a Oculta 2,Neurona H1_58,Neurona H2_23,-0.06664971455111707,0.06664971455111707,0.013655205835416037
Capa 2 - Oculta 1 a Oculta 2,Neurona H1_58,Neurona H2_24,0.10551658644897068,0.10551658644897068,0.021618257733213592
Capa 2 - Oculta 1 a Oculta 2,Neurona H1_58,Neurona H2_25,-0.19255887081069173,0.19255887081069173,0.039451497040375705
Capa 2 - Oculta 1 a Oculta 2,Neurona H1_58,Neurona H2_26,-0.07173504285823323,0.07173504285823323,0.01469708883884707
Capa 2 - Oculta 1 a Oculta 2,Neurona H1_58,Neurona H2_27,-0.15127907927816542,0.15127907927816542,0.030994085721871213
Capa 2 - Oculta 1 a Oculta 2,Neurona H1_58,Neurona H2_28,0.08170563835780438,0.08170563835780438,0.016739866287562116
Capa 2 - Oculta 1 a Oculta 2,Neurona H1_58,Neurona H2_29,-0.2011475764479998,0.2011475764479998,0.04121115263870975
Capa 2 - Oculta 1 a Oculta 2,Neurona H1_58,Neurona H2_30,-0.09390577045731588,0.09390577045731588,0.01923943160693532
Capa 2 - Oculta 1 a Oculta 2,Neurona H1_58,Neurona H2_31,0.1030693066243345,0.1030693066243345,0.0211168585904365
Capa 2 - Oculta 1 a Oculta 2,Neurona H1_58,Neurona H2_32,0.024168216052459925,0.024168216052459925,0.004951588571591489
Capa 2 - Oculta 1 a Oculta 2,Neurona H1_59,Neurona H2_1,0.14880227198911494,0.14880227198911494,0.030486636986727662
Capa 2 - Oculta 1 a Oculta 2,Neurona H1_59,Neurona H2_2,0.1395013436076298,0.1395013436076298,0.02858106106093379
Capa 2 - Oculta 1 a Oculta 2,Neurona H1_59,Neurona H2_3,0.07234823366673206,0.07234823366673206,0.014822719485022078
Capa 2 - Oculta 1 a Oculta 2,Neurona H1_59,Neurona H2_4,0.018773561063044966,0.018773561063044966,0.0038463306603214
Capa 2 - Oculta 1 a Oculta 2,Neurona H1_59,Neurona H2_5,0.14579250764083507,0.14579250764083507,0.02986999591078821
Capa 2 - Oculta 1 a Oculta 2,Neurona H1_59,Neurona H2_6,0.1789914072276072,0.1789914072276072,0.0366717925939382
Capa 2 - Oculta 1 a Oculta 2,Neurona H1_59,Neurona H2_7,-0.16933025140894378,0.16933025140894378,0.03469241320423809
Capa 2 - Oculta 1 a Oculta 2,Neurona H1_59,Neurona H2_8,-0.1002540062996805,0.1002540062996805,0.020540059339598304
Capa 2 - Oculta 1 a Oculta 2,Neurona H1_59,Neurona H2_9,0.18013036870411417,0.18013036870411417,0.03690514323174751
Capa 2 - Oculta 1 a Oculta 2,Neurona H1_59,Neurona H2_10,0.035403319499815504,0.035403319499815504,0.007253438642354642
Capa 2 - Oculta 1 a Oculta 2,Neurona H1_59,Neurona H2_11,-0.219630751957938,0.219630751957938,0.044997989053241656
Capa 2 - Oculta 1 a Oculta 2,Neurona H1_59,Neurona H2_12,-0.15432569226886866,0.15432569226886866,0.03161827635448073
Capa 2 - Oculta 1 a Oculta 2,Neurona H1_59,Neurona H2_13,-0.2256959643996885,0.2256959643996885,0.04624063089927851
Capa 2 - Oculta 1 a Oculta 2,Neurona H1_59,Neurona H2_14,0.17541625908381422,0.17541625908381422,0.035939315581479926
Capa 2 - Oculta 1 a Oculta 2,Neurona H1_59,Neurona H2_15,-0.1430496100274576,0.1430496100274576,0.0293080305408178
Capa 2 - Oculta 1 a Oculta 2,Neurona H1_59,Neurona H2_16,-0.09852576393959472,0.09852576393959472,0.02018597672545062
Capa 2 - Oculta 1 a Oculta 2,Neurona H1_59,Neurona H2_17,-0.21315093584193798,0.21315093584193798,0.043670403129797614
Capa 2 - Oculta 1 a Oculta 2,Neurona H1_59,Neurona H2_18,0.05566018785355488,0.05566018785355488,0.011403669574537985
Capa 2 - Oculta 1 a Oculta 2,Neurona H1_59,Neurona H2_19,-0.015913709872373578,0.015913709872373578,0.003260403819819681
Capa 2 - Oculta 1 a Oculta 2,Neurona H1_59,Neurona H2_20,-0.08066182642819525,0.08066182642819525,0.01652600990650674
Capa 2 - Oculta 1 a Oculta 2,Neurona H1_59,Neurona H2_21,0.0399894475585446,0.0399894475585446,0.008193045406634071
Capa 2 - Oculta 1 a Oculta 2,Neurona H1_59,Neurona H2_22,0.16361924913041956,0.16361924913041956,0.033522342001908075
Capa 2 - Oculta 1 a Oculta 2,Neurona H1_59,Neurona H2_23,0.17932314653371853,0.17932314653371853,0.03673975940428626
Capa 2 - Oculta 1 a Oculta 2,Neurona H1_59,Neurona H2_24,0.005346920616893062,0.005346920616893062,0.0010954780842055492
Capa 2 - Oculta 1 a Oculta 2,Neurona H1_59,Neurona H2_25,-0.03674370106361385,0.03674370106361385,0.007528056264874624
Capa 2 - Oculta 1 a Oculta 2,Neurona H1_59,Neurona H2_26,-0.12233675064109097,0.12233675064109097,0.025064376081593634
Capa 2 - Oculta 1 a Oculta 2,Neurona H1_59,Neurona H2_27,0.1850267988585756,0.1850267988585756,0.03790832474675054
Capa 2 - Oculta 1 a Oculta 2,Neurona H1_59,Neurona H2_28,0.2171588506441274,0.2171588506441274,0.04449154545521197
Capa 2 - Oculta 1 a Oculta 2,Neurona H1_59,Neurona H2_29,0.02080947924005525,0.02080947924005525,0.004263449952705142
Capa 2 - Oculta 1 a Oculta 2,Neurona H1_59,Neurona H2_30,0.0569580367337255,0.0569580367337255,0.011669573092975439
Capa 2 - Oculta 1 a Oculta 2,Neurona H1_59,Neurona H2_31,0.164014744524361,0.164014744524361,0.03360337117131415
Capa 2 - Oculta 1 a Oculta 2,Neurona H1_59,Neurona H2_32,-0.0569725696693213,0.0569725696693213,0.01167255060350628
Capa 2 - Oculta 1 a Oculta 2,Neurona H1_60,Neurona H2_1,-0.1141425269725018,0.1141425269725018,0.023385542021918764
Capa 2 - Oculta 1 a Oculta 2,Neurona H1_60,Neurona H2_2,-0.06321181772468935,0.06321181772468935,0.012950848898226315
Capa 2 - Oculta 1 a Oculta 2,Neurona H1_60,Neurona H2_3,0.12124309669347041,0.12124309669347041,0.02484030805867629
Capa 2 - Oculta 1 a Oculta 2,Neurona H1_60,Neurona H2_4,0.07058646372397565,0.07058646372397565,0.014461767733540276
Capa 2 - Oculta 1 a Oculta 2,Neurona H1_60,Neurona H2_5,-0.08221312623311104,0.08221312623311104,0.01684384049724872
Capa 2 - Oculta 1 a Oculta 2,Neurona H1_60,Neurona H2_6,-0.22797596199400896,0.22797596199400896,0.046707757227791455
Capa 2 - Oculta 1 a Oculta 2,Neurona H1_60,Neurona H2_7,0.24022589035873126,0.24022589035873126,0.04921752481518439
Capa 2 - Oculta 1 a Oculta 2,Neurona H1_60,Neurona H2_8,-0.10376777241245363,0.10376777241245363,0.021259960390196616
Capa 2 - Oculta 1 a Oculta 2,Neurona H1_60,Neurona H2_9,0.016527169570785944,0.016527169570785944,0.003386089556209871
Capa 2 - Oculta 1 a Oculta 2,Neurona H1_60,Neurona H2_10,0.10755352940588002,0.10755352940588002,0.022035586982692455
Capa 2 - Oculta 1 a Oculta 2,Neurona H1_60,Neurona H2_11,-0.18996463262853652,0.18996463262853652,0.03891998904214931
Capa 2 - Oculta 1 a Oculta 2,Neurona H1_60,Neurona H2_12,0.05670048477364438,0.05670048477364438,0.011616805799793333
Capa 2 - Oculta 1 a Oculta 2,Neurona H1_60,Neurona H2_13,-0.27578383897438924,0.27578383897438924,0.05650264389937134
Capa 2 - Oculta 1 a Oculta 2,Neurona H1_60,Neurona H2_14,-0.16358362843448498,0.16358362843448498,0.03351504402714159
Capa 2 - Oculta 1 a Oculta 2,Neurona H1_60,Neurona H2_15,-0.13099312811595992,0.13099312811595992,0.02683789629851425
Capa 2 - Oculta 1 a Oculta 2,Neurona H1_60,Neurona H2_16,0.11362291428063075,0.11362291428063075,0.02327908367757354
Capa 2 - Oculta 1 a Oculta 2,Neurona H1_60,Neurona H2_17,0.13670322076477512,0.13670322076477512,0.028007781135741372
Capa 2 - Oculta 1 a Oculta 2,Neurona H1_60,Neurona H2_18,-0.040448825529705974,0.040448825529705974,0.008287162850267734
Capa 2 - Oculta 1 a Oculta 2,Neurona H1_60,Neurona H2_19,-0.2816206688856393,0.2816206688856393,0.05769849469034967
Capa 2 - Oculta 1 a Oculta 2,Neurona H1_60,Neurona H2_20,-0.07859035950660191,0.07859035950660191,0.016101607380762713
Capa 2 - Oculta 1 a Oculta 2,Neurona H1_60,Neurona H2_21,0.18545441022199732,0.18545441022199732,0.037995933841919405
Capa 2 - Oculta 1 a Oculta 2,Neurona H1_60,Neurona H2_22,-0.14808981822091027,0.14808981822091027,0.030340669327022365
Capa 2 - Oculta 1 a Oculta 2,Neurona H1_60,Neurona H2_23,0.05490710520877481,0.05490710520877481,0.011249377863090902
Capa 2 - Oculta 1 a Oculta 2,Neurona H1_60,Neurona H2_24,0.1466114593756554,0.1466114593756554,0.030037782893576642
Capa 2 - Oculta 1 a Oculta 2,Neurona H1_60,Neurona H2_25,0.049903562576802674,0.049903562576802674,0.010224251123898983
Capa 2 - Oculta 1 a Oculta 2,Neurona H1_60,Neurona H2_26,0.21251821875960514,0.21251821875960514,0.04354077193703065
Capa 2 - Oculta 1 a Oculta 2,Neurona H1_60,Neurona H2_27,0.13335073676206674,0.13335073676206674,0.027320923593661242
Capa 2 - Oculta 1 a Oculta 2,Neurona H1_60,Neurona H2_28,0.22607898430015705,0.22607898430015705,0.046319104087276144
Capa 2 - Oculta 1 a Oculta 2,Neurona H1_60,Neurona H2_29,0.14030782802733807,0.14030782802733807,0.028746293737897857
Capa 2 - Oculta 1 a Oculta 2,Neurona H1_60,Neurona H2_30,0.11517712271844478,0.11517712271844478,0.023597510189561285
Capa 2 - Oculta 1 a Oculta 2,Neurona H1_60,Neurona H2_31,0.29044758277785626,0.29044758277785626,0.059506954439975036
Capa 2 - Oculta 1 a Oculta 2,Neurona H1_60,Neurona H2_32,0.025532580720773405,0.025532580720773405,0.005231119856997084
Capa 2 - Oculta 1 a Oculta 2,Neurona H1_61,Neurona H2_1,-0.057823195569828054,0.057823195569828054,0.011846826995214567
Capa 2 - Oculta 1 a Oculta 2,Neurona H1_61,Neurona H2_2,-0.11006250671199781,0.11006250671199781,0.02254962671687841
Capa 2 - Oculta 1 a Oculta 2,Neurona H1_61,Neurona H2_3,0.20552412319061622,0.20552412319061622,0.04210782034420925
Capa 2 - Oculta 1 a Oculta 2,Neurona H1_61,Neurona H2_4,0.013115830837277978,0.013115830837277978,0.002687173846006008
Capa 2 - Oculta 1 a Oculta 2,Neurona H1_61,Neurona H2_5,-0.16765756169905482,0.16765756169905482,0.034349712227329965
Capa 2 - Oculta 1 a Oculta 2,Neurona H1_61,Neurona H2_6,0.22925235528056473,0.22925235528056473,0.046969264920243683
Capa 2 - Oculta 1 a Oculta 2,Neurona H1_61,Neurona H2_7,0.27761744535600424,0.27761744535600424,0.05687831351372329
Capa 2 - Oculta 1 a Oculta 2,Neurona H1_61,Neurona H2_8,-0.013249524030785472,0.013249524030785472,0.002714564932200965
Capa 2 - Oculta 1 a Oculta 2,Neurona H1_61,Neurona H2_9,0.18924448363041976,0.18924448363041976,0.03877244478231739
Capa 2 - Oculta 1 a Oculta 2,Neurona H1_61,Neurona H2_10,-0.07847593977592056,0.07847593977592056,0.01607816504519369
Capa 2 - Oculta 1 a Oculta 2,Neurona H1_61,Neurona H2_11,-0.20275807488257663,0.20275807488257663,0.04154111185563776
Capa 2 - Oculta 1 a Oculta 2,Neurona H1_61,Neurona H2_12,0.1621463169798442,0.1621463169798442,0.033220567390671245
Capa 2 - Oculta 1 a Oculta 2,Neurona H1_61,Neurona H2_13,-0.2507528373013139,0.2507528373013139,0.051374287650368354
Capa 2 - Oculta 1 a Oculta 2,Neurona H1_61,Neurona H2_14,-0.05292488843944154,0.05292488843944154,0.010843260925037108
Capa 2 - Oculta 1 a Oculta 2,Neurona H1_61,Neurona H2_15,0.14549592185965454,0.14549592185965454,0.02980923136112503
Capa 2 - Oculta 1 a Oculta 2,Neurona H1_61,Neurona H2_16,0.2429225471700766,0.2429225471700766,0.049770016361088236
Capa 2 - Oculta 1 a Oculta 2,Neurona H1_61,Neurona H2_17,-0.24065518772393144,0.24065518772393144,0.04930547933870923
Capa 2 - Oculta 1 a Oculta 2,Neurona H1_61,Neurona H2_18,0.1277614757136582,0.1277614757136582,0.026175794757057506
Capa 2 - Oculta 1 a Oculta 2,Neurona H1_61,Neurona H2_19,0.1608278282767864,0.1608278282767864,0.032950435181506026
Capa 2 - Oculta 1 a Oculta 2,Neurona H1_61,Neurona H2_20,0.25765983823291955,0.25765983823291955,0.05278939527778585
Capa 2 - Oculta 1 a Oculta 2,Neurona H1_61,Neurona H2_21,-0.12172103663821468,0.12172103663821468,0.024938228482888236
Capa 2 - Oculta 1 a Oculta 2,Neurona H1_61,Neurona H2_22,0.25991368839903106,0.25991368839903106,0.0532511645163748
Capa 2 - Oculta 1 a Oculta 2,Neurona H1_61,Neurona H2_23,-0.05496149313160973,0.05496149313160973,0.011260520870773285
Capa 2 - Oculta 1 a Oculta 2,Neurona H1_61,Neurona H2_24,0.08136310061431824,0.08136310061431824,0.016669687091368936
Capa 2 - Oculta 1 a Oculta 2,Neurona H1_61,Neurona H2_25,-0.12904615477748277,0.12904615477748277,0.026439000041087943
Capa 2 - Oculta 1 a Oculta 2,Neurona H1_61,Neurona H2_26,-0.08101377822965876,0.08101377822965876,0.016598117856638228
Capa 2 - Oculta 1 a Oculta 2,Neurona H1_61,Neurona H2_27,-0.05865198581946234,0.05865198581946234,0.012016629694736441
Capa 2 - Oculta 1 a Oculta 2,Neurona H1_61,Neurona H2_28,0.11996505317338817,0.11996505317338817,0.02457846226607417
Capa 2 - Oculta 1 a Oculta 2,Neurona H1_61,Neurona H2_29,0.021266217266307494,0.021266217266307494,0.004357026523937907
Capa 2 - Oculta 1 a Oculta 2,Neurona H1_61,Neurona H2_30,0.08773645484827176,0.08773645484827176,0.01797546108474303
Capa 2 - Oculta 1 a Oculta 2,Neurona H1_61,Neurona H2_31,0.17247668796594606,0.17247668796594606,0.03533705570756032
Capa 2 - Oculta 1 a Oculta 2,Neurona H1_61,Neurona H2_32,-0.18757268673462132,0.18757268673462132,0.03842992672532513
Capa 2 - Oculta 1 a Oculta 2,Neurona H1_62,Neurona H2_1,0.18961057768609274,0.18961057768609274,0.03884745020010508
Capa 2 - Oculta 1 a Oculta 2,Neurona H1_62,Neurona H2_2,0.03069842263693454,0.03069842263693454,0.006289498503529756
Capa 2 - Oculta 1 a Oculta 2,Neurona H1_62,Neurona H2_3,-0.18477322529938456,0.18477322529938456,0.03785637254907808
Capa 2 - Oculta 1 a Oculta 2,Neurona H1_62,Neurona H2_4,0.1431029010106041,0.1431029010106041,0.02931894880729408
Capa 2 - Oculta 1 a Oculta 2,Neurona H1_62,Neurona H2_5,0.05261486001987163,0.05261486001987163,0.010779742245136252
Capa 2 - Oculta 1 a Oculta 2,Neurona H1_62,Neurona H2_6,0.14554498497494686,0.14554498497494686,0.029819283421253957
Capa 2 - Oculta 1 a Oculta 2,Neurona H1_62,Neurona H2_7,-0.16722186832094932,0.16722186832094932,0.03426044728749896
Capa 2 - Oculta 1 a Oculta 2,Neurona H1_62,Neurona H2_8,-0.2728918279654674,0.2728918279654674,0.0559101281493627
Capa 2 - Oculta 1 a Oculta 2,Neurona H1_62,Neurona H2_9,0.1618722365107913,0.1618722365107913,0.03316441373351621
Capa 2 - Oculta 1 a Oculta 2,Neurona H1_62,Neurona H2_10,-0.03936452840033586,0.03936452840033586,0.008065011854002865
Capa 2 - Oculta 1 a Oculta 2,Neurona H1_62,Neurona H2_11,0.14740343296061056,0.14740343296061056,0.030200042588034614
Capa 2 - Oculta 1 a Oculta 2,Neurona H1_62,Neurona H2_12,-0.23558287432278066,0.23558287432278066,0.04826626283161779
Capa 2 - Oculta 1 a Oculta 2,Neurona H1_62,Neurona H2_13,0.15922526161948178,0.15922526161948178,0.03262210102857149
Capa 2 - Oculta 1 a Oculta 2,Neurona H1_62,Neurona H2_14,-0.35605051981162283,0.35605051981162283,0.07294769630417115
Capa 2 - Oculta 1 a Oculta 2,Neurona H1_62,Neurona H2_15,0.08680164589752921,0.08680164589752921,0.017783937254143744
Capa 2 - Oculta 1 a Oculta 2,Neurona H1_62,Neurona H2_16,-0.29317607006569496,0.29317607006569496,0.06006596741978575
Capa 2 - Oculta 1 a Oculta 2,Neurona H1_62,Neurona H2_17,0.2038356169022966,0.2038356169022966,0.04176187886378903
Capa 2 - Oculta 1 a Oculta 2,Neurona H1_62,Neurona H2_18,0.18071120566644874,0.18071120566644874,0.03702414521594076
Capa 2 - Oculta 1 a Oculta 2,Neurona H1_62,Neurona H2_19,0.07853060024783122,0.07853060024783122,0.01608936389278108
Capa 2 - Oculta 1 a Oculta 2,Neurona H1_62,Neurona H2_20,0.11528667614261466,0.11528667614261466,0.023619955515352845
Capa 2 - Oculta 1 a Oculta 2,Neurona H1_62,Neurona H2_21,-0.003250261128577991,0.003250261128577991,0.0006659141007354881
Capa 2 - Oculta 1 a Oculta 2,Neurona H1_62,Neurona H2_22,-0.008616552320642686,0.008616552320642686,0.0017653608319622663
Capa 2 - Oculta 1 a Oculta 2,Neurona H1_62,Neurona H2_23,-0.1508805109273149,0.1508805109273149,0.030912426964485654
Capa 2 - Oculta 1 a Oculta 2,Neurona H1_62,Neurona H2_24,0.03984573198167627,0.03984573198167627,0.008163600932683814
Capa 2 - Oculta 1 a Oculta 2,Neurona H1_62,Neurona H2_25,0.11493086990635022,0.11493086990635022,0.023547057867906968
Capa 2 - Oculta 1 a Oculta 2,Neurona H1_62,Neurona H2_26,-0.0175177288080087,0.0175177288080087,0.003589035515806974
Capa 2 - Oculta 1 a Oculta 2,Neurona H1_62,Neurona H2_27,-0.0505687110528341,0.0505687110528341,0.010360526866600875
Capa 2 - Oculta 1 a Oculta 2,Neurona H1_62,Neurona H2_28,-0.15231668326198938,0.15231668326198938,0.031206670217846767
Capa 2 - Oculta 1 a Oculta 2,Neurona H1_62,Neurona H2_29,0.1455986063567731,0.1455986063567731,0.029830269379872806
Capa 2 - Oculta 1 a Oculta 2,Neurona H1_62,Neurona H2_30,0.31728982320659016,0.31728982320659016,0.06500639761999004
Capa 2 - Oculta 1 a Oculta 2,Neurona H1_62,Neurona H2_31,-0.05219398585324843,0.05219398585324843,0.010693513468092634
Capa 2 - Oculta 1 a Oculta 2,Neurona H1_62,Neurona H2_32,0.07036044063851798,0.07036044063851798,0.014415460082018182
Capa 2 - Oculta 1 a Oculta 2,Neurona H1_63,Neurona H2_1,-0.12741110825345575,0.12741110825345575,0.026104011407056406
Capa 2 - Oculta 1 a Oculta 2,Neurona H1_63,Neurona H2_2,-0.20541479248111524,0.20541479248111524,0.042085420648240224
Capa 2 - Oculta 1 a Oculta 2,Neurona H1_63,Neurona H2_3,-0.3051619921220857,0.3051619921220857,0.06252164534593414
Capa 2 - Oculta 1 a Oculta 2,Neurona H1_63,Neurona H2_4,0.0038465237651854525,0.0038465237651854525,0.0007880764999247324
Capa 2 - Oculta 1 a Oculta 2,Neurona H1_63,Neurona H2_5,0.5154197498126161,0.5154197498126161,0.10559929360135492
Capa 2 - Oculta 1 a Oculta 2,Neurona H1_63,Neurona H2_6,-0.051983138650220105,0.051983138650220105,0.010650315054167464
Capa 2 - Oculta 1 a Oculta 2,Neurona H1_63,Neurona H2_7,0.0563562923889798,0.0563562923889798,0.011546287600409707
Capa 2 - Oculta 1 a Oculta 2,Neurona H1_63,Neurona H2_8,-0.2745822498932016,0.2745822498932016,0.05625646210634024
Capa 2 - Oculta 1 a Oculta 2,Neurona H1_63,Neurona H2_9,0.018149248174693402,0.018149248174693402,0.003718421320370583
Capa 2 - Oculta 1 a Oculta 2,Neurona H1_63,Neurona H2_10,0.2051652837895335,0.2051652837895335,0.04203430126139482
Capa 2 - Oculta 1 a Oculta 2,Neurona H1_63,Neurona H2_11,0.16005414869420156,0.16005414869420156,0.03279192356563478
Capa 2 - Oculta 1 a Oculta 2,Neurona H1_63,Neurona H2_12,-0.1817916630593543,0.1817916630593543,0.037245509526289106
Capa 2 - Oculta 1 a Oculta 2,Neurona H1_63,Neurona H2_13,0.2424331806466058,0.2424331806466058,0.04966975485731494
Capa 2 - Oculta 1 a Oculta 2,Neurona H1_63,Neurona H2_14,-0.4307435446401671,0.4307435446401671,0.08825081703578903
Capa 2 - Oculta 1 a Oculta 2,Neurona H1_63,Neurona H2_15,-0.1799072752295646,0.1799072752295646,0.03685943579944972
Capa 2 - Oculta 1 a Oculta 2,Neurona H1_63,Neurona H2_16,-0.3912480095285589,0.3912480095285589,0.08015896450256806
Capa 2 - Oculta 1 a Oculta 2,Neurona H1_63,Neurona H2_17,0.3600403583845571,0.3600403583845571,0.07376513516839488
Capa 2 - Oculta 1 a Oculta 2,Neurona H1_63,Neurona H2_18,-0.11132458285296963,0.11132458285296963,0.022808201109897307
Capa 2 - Oculta 1 a Oculta 2,Neurona H1_63,Neurona H2_19,0.2647834798353729,0.2647834798353729,0.05424888828588612
Capa 2 - Oculta 1 a Oculta 2,Neurona H1_63,Neurona H2_20,-0.2428570550938553,0.2428570550938553,0.049756598332407795
Capa 2 - Oculta 1 a Oculta 2,Neurona H1_63,Neurona H2_21,0.4548056367195116,0.4548056367195116,0.09318066290815481
Capa 2 - Oculta 1 a Oculta 2,Neurona H1_63,Neurona H2_22,0.06226288052607686,0.06226288052607686,0.012756430469592258
Capa 2 - Oculta 1 a Oculta 2,Neurona H1_63,Neurona H2_23,0.1954141001739037,0.1954141001739037,0.04003647696001333
Capa 2 - Oculta 1 a Oculta 2,Neurona H1_63,Neurona H2_24,0.06568983726386934,0.06568983726386934,0.013458545999400447
Capa 2 - Oculta 1 a Oculta 2,Neurona H1_63,Neurona H2_25,-0.04275336244077539,0.04275336244077539,0.008759316798531556
Capa 2 - Oculta 1 a Oculta 2,Neurona H1_63,Neurona H2_26,-0.15194026392803944,0.15194026392803944,0.03112954935513738
Capa 2 - Oculta 1 a Oculta 2,Neurona H1_63,Neurona H2_27,-0.20603371501359774,0.20603371501359774,0.04221222561108434
Capa 2 - Oculta 1 a Oculta 2,Neurona H1_63,Neurona H2_28,-0.013364334699486337,0.013364334699486337,0.0027380873632236766
Capa 2 - Oculta 1 a Oculta 2,Neurona H1_63,Neurona H2_29,0.22197749748909903,0.22197749748909903,0.04547879071139083
Capa 2 - Oculta 1 a Oculta 2,Neurona H1_63,Neurona H2_30,0.1953998879427263,0.1953998879427263,0.040033565155463004
Capa 2 - Oculta 1 a Oculta 2,Neurona H1_63,Neurona H2_31,-0.28476042169777965,0.28476042169777965,0.05834176782678929
Capa 2 - Oculta 1 a Oculta 2,Neurona H1_63,Neurona H2_32,0.37020501610783974,0.37020501610783974,0.07584767212137046
Capa 2 - Oculta 1 a Oculta 2,Neurona H1_64,Neurona H2_1,0.17220537597263758,0.17220537597263758,0.035281469256227466
Capa 2 - Oculta 1 a Oculta 2,Neurona H1_64,Neurona H2_2,-0.2577328906832943,0.2577328906832943,0.05280436227732018
Capa 2 - Oculta 1 a Oculta 2,Neurona H1_64,Neurona H2_3,-0.09466052297145731,0.09466052297145731,0.019394065441525783
Capa 2 - Oculta 1 a Oculta 2,Neurona H1_64,Neurona H2_4,-0.04115867990781023,0.04115867990781023,0.00843259794644884
Capa 2 - Oculta 1 a Oculta 2,Neurona H1_64,Neurona H2_5,-0.1496889374151695,0.1496889374151695,0.030668297163090996
Capa 2 - Oculta 1 a Oculta 2,Neurona H1_64,Neurona H2_6,-0.16251208024538297,0.16251208024538297,0.03329550503611511
Capa 2 - Oculta 1 a Oculta 2,Neurona H1_64,Neurona H2_7,0.10975969302433349,0.10975969302433349,0.022487586192583793
Capa 2 - Oculta 1 a Oculta 2,Neurona H1_64,Neurona H2_8,0.04594828240789739,0.04594828240789739,0.009413892591879802
Capa 2 - Oculta 1 a Oculta 2,Neurona H1_64,Neurona H2_9,-0.09381513320886327,0.09381513320886327,0.019220861830720797
Capa 2 - Oculta 1 a Oculta 2,Neurona H1_64,Neurona H2_10,0.035926660189408655,0.035926660189408655,0.0073606607795621785
Capa 2 - Oculta 1 a Oculta 2,Neurona H1_64,Neurona H2_11,0.19552821878037746,0.19552821878037746,0.040059857601199046
Capa 2 - Oculta 1 a Oculta 2,Neurona H1_64,Neurona H2_12,-0.2457993715328888,0.2457993715328888,0.05035942066823515
Capa 2 - Oculta 1 a Oculta 2,Neurona H1_64,Neurona H2_13,0.2461237942244804,0.2461237942244804,0.05042588844924815
Capa 2 - Oculta 1 a Oculta 2,Neurona H1_64,Neurona H2_14,-0.23213116854096397,0.23213116854096397,0.0475590767130958
Capa 2 - Oculta 1 a Oculta 2,Neurona H1_64,Neurona H2_15,-0.11300927575965711,0.11300927575965711,0.023153361303983946
Capa 2 - Oculta 1 a Oculta 2,Neurona H1_64,Neurona H2_16,-0.20798439758943074,0.20798439758943074,0.04261188181774566
Capa 2 - Oculta 1 a Oculta 2,Neurona H1_64,Neurona H2_17,0.06379931137081739,0.06379931137081739,0.013071214705025452
Capa 2 - Oculta 1 a Oculta 2,Neurona H1_64,Neurona H2_18,-0.12052753203611181,0.12052753203611181,0.024693703039426185
Capa 2 - Oculta 1 a Oculta 2,Neurona H1_64,Neurona H2_19,0.3132479555710873,0.3132479555710873,0.06417829903181128
Capa 2 - Oculta 1 a Oculta 2,Neurona H1_64,Neurona H2_20,-0.2547090230971169,0.2547090230971169,0.052184831727393716
Capa 2 - Oculta 1 a Oculta 2,Neurona H1_64,Neurona H2_21,-0.018371954287360492,0.018371954287360492,0.003764049389894303
Capa 2 - Oculta 1 a Oculta 2,Neurona H1_64,Neurona H2_22,0.0668437528307746,0.0668437528307746,0.013694960434014374
Capa 2 - Oculta 1 a Oculta 2,Neurona H1_64,Neurona H2_23,-0.05814256623653115,0.05814256623653115,0.0119122597164347
Capa 2 - Oculta 1 a Oculta 2,Neurona H1_64,Neurona H2_24,-0.07833790296805399,0.07833790296805399,0.01604988403848606
Capa 2 - Oculta 1 a Oculta 2,Neurona H1_64,Neurona H2_25,-0.05033503444372755,0.05033503444372755,0.010312651159739073
Capa 2 - Oculta 1 a Oculta 2,Neurona H1_64,Neurona H2_26,-0.14749290407690327,0.14749290407690327,0.03021837344687669
Capa 2 - Oculta 1 a Oculta 2,Neurona H1_64,Neurona H2_27,0.05392329360274576,0.05392329360274576,0.011047814359419861
Capa 2 - Oculta 1 a Oculta 2,Neurona H1_64,Neurona H2_28,0.22646214267232284,0.22646214267232284,0.0463976056453807
Capa 2 - Oculta 1 a Oculta 2,Neurona H1_64,Neurona H2_29,0.004017041075574214,0.004017041075574214,0.0008230121179921477
Capa 2 - Oculta 1 a Oculta 2,Neurona H1_64,Neurona H2_30,-0.12073808418296102,0.12073808418296102,0.024736841002186843
Capa 2 - Oculta 1 a Oculta 2,Neurona H1_64,Neurona H2_31,-0.05737097267079092,0.05737097267079092,0.011754175484080117
Capa 2 - Oculta 1 a Oculta 2,Neurona H1_64,Neurona H2_32,-0.16466880172269868,0.16466880172269868,0.03373737453099226
Capa 2 - Oculta 1 a Oculta 2,bias_w0,Neurona H2_1,0.004045038807105245,0.004045038807105245,0.0008287482984027589
Capa 2 - Oculta 1 a Oculta 2,bias_w0,Neurona H2_2,0.05298524884467078,0.05298524884467078,0.010855627576016269
Capa 2 - Oculta 1 a Oculta 2,bias_w0,Neurona H2_3,-0.04982978565749267,0.04982978565749267,0.01020913569503532
Capa 2 - Oculta 1 a Oculta 2,bias_w0,Neurona H2_4,-0.0006238507702945038,0.0006238507702945038,0.00012781466111787748
Capa 2 - Oculta 1 a Oculta 2,bias_w0,Neurona H2_5,0.04379094660181933,0.04379094660181933,0.008971897233212277
Capa 2 - Oculta 1 a Oculta 2,bias_w0,Neurona H2_6,-0.0007797301752321413,0.0007797301752321413,0.00015975126241109236
Capa 2 - Oculta 1 a Oculta 2,bias_w0,Neurona H2_7,-0.005429671072150532,0.005429671072150532,0.0011124320127726176
Capa 2 - Oculta 1 a Oculta 2,bias_w0,Neurona H2_8,-0.0010214778408444175,0.0010214778408444175,0.00020928056882147715
Capa 2 - Oculta 1 a Oculta 2,bias_w0,Neurona H2_9,-0.011713579136997311,0.011713579136997311,0.002399880258488705
Capa 2 - Oculta 1 a Oculta 2,bias_w0,Neurona H2_10,0.06021415582843969,0.06021415582843969,0.01233668737489558
Capa 2 - Oculta 1 a Oculta 2,bias_w0,Neurona H2_11,0.009357332410653223,0.009357332410653223,0.0019171319937144116
Capa 2 - Oculta 1 a Oculta 2,bias_w0,Neurona H2_12,-0.003378139491520973,0.003378139491520973,0.0006921138433696924
Capa 2 - Oculta 1 a Oculta 2,bias_w0,Neurona H2_13,0.008688309715362733,0.008688309715362733,0.001780062500254693
Capa 2 - Oculta 1 a Oculta 2,bias_w0,Neurona H2_14,-0.03318799159847096,0.03318799159847096,0.006799561852490837
Capa 2 - Oculta 1 a Oculta 2,bias_w0,Neurona H2_15,0.0031525621467682913,0.0031525621467682913,0.0006458975152856159
Capa 2 - Oculta 1 a Oculta 2,bias_w0,Neurona H2_16,-0.042106224304308014,0.042106224304308014,0.008626731017528217
Capa 2 - Oculta 1 a Oculta 2,bias_w0,Neurona H2_17,0.06524306946362869,0.06524306946362869,0.013367012129915633
Capa 2 - Oculta 1 a Oculta 2,bias_w0,Neurona H2_18,0.003423148820804515,0.003423148820804515,0.0007013353630719172
Capa 2 - Oculta 1 a Oculta 2,bias_w0,Neurona H2_19,0.02126819401898481,0.02126819401898481,0.004357431521391779
Capa 2 - Oculta 1 a Oculta 2,bias_w0,Neurona H2_20,0.00873570604660425,0.00873570604660425,0.0017897730693592325
Capa 2 - Oculta 1 a Oculta 2,bias_w0,Neurona H2_21,0.06367323986531215,0.06367323986531215,0.013045385151677033
Capa 2 - Oculta 1 a Oculta 2,bias_w0,Neurona H2_22,0.010340998397480924,0.010340998397480924,0.0021186656628965667
Capa 2 - Oculta 1 a Oculta 2,bias_w0,Neurona H2_23,-0.06547832780439018,0.06547832780439018,0.013415211902251232
Capa 2 - Oculta 1 a Oculta 2,bias_w0,Neurona H2_24,-0.034110532475810494,0.034110532475810494,0.006988572197943929
Capa 2 - Oculta 1 a Oculta 2,bias_w0,Neurona H2_25,0.0034639895111930326,0.0034639895111930326,0.0007097028112668827
Capa 2 - Oculta 1 a Oculta 2,bias_w0,Neurona H2_26,0.00862415796409918,0.00862415796409918,0.0017669190775993055
Capa 2 - Oculta 1 a Oculta 2,bias_w0,Neurona H2_27,0.05982804307410355,0.05982804307410355,0.01225758052242593
Capa 2 - Oculta 1 a Oculta 2,bias_w0,Neurona H2_28,0.016665400084496566,0.016665400084496566,0.0034144102494066313
Capa 2 - Oculta 1 a Oculta 2,bias_w0,Neurona H2_29,0.018677388911995135,0.018677388911995135,0.0038266268922397977
Capa 2 - Oculta 1 a Oculta 2,bias_w0,Neurona H2_30,0.033252229612707976,0.033252229612707976,0.0068127229487201695
Capa 2 - Oculta 1 a Oculta 2,bias_w0,Neurona H2_31,0.04726702805219645,0.04726702805219645,0.009684077443214026
Capa 2 - Oculta 1 a Oculta 2,bias_w0,Neurona H2_32,0.07459631392707707,0.07459631392707707,0.015283306584251182
Capa 3 - Oculta 2 a Salida,Neurona H2_1,Clase 0,0.6647989250192166,0.6647989250192166,0.13620412662590412
Capa 3 - Oculta 2 a Salida,Neurona H2_1,Clase 1,-0.5059495585138557,0.5059495585138557,0.10365903905778656
Capa 3 - Oculta 2 a Salida,Neurona H2_1,Clase 2,0.29694318235376954,0.29694318235376954,0.0608377740816032
Capa 3 - Oculta 2 a Salida,Neurona H2_2,Clase 0,-0.7723856587517798,0.7723856587517798,0.15824651651718424
Capa 3 - Oculta 2 a Salida,Neurona H2_2,Clase 1,0.7687621340659179,0.7687621340659179,0.15750412810984596
Capa 3 - Oculta 2 a Salida,Neurona H2_2,Clase 2,0.7627555993741084,0.7627555993741084,0.15627350817206184
Capa 3 - Oculta 2 a Salida,Neurona H2_3,Clase 0,-1.0203436988586032,1.0203436988586032,0.2090482056018117
Capa 3 - Oculta 2 a Salida,Neurona H2_3,Clase 1,-0.6944257515580228,0.6944257515580228,0.14227407632279723
Capa 3 - Oculta 2 a Salida,Neurona H2_3,Clase 2,1.1099951796197223,1.1099951796197223,0.2274160175495135
Capa 3 - Oculta 2 a Salida,Neurona H2_4,Clase 0,0.04275791717587126,0.04275791717587126,0.008760249973499805
Capa 3 - Oculta 2 a Salida,Neurona H2_4,Clase 1,0.11225837641437426,0.11225837641437426,0.022999516907341373
Capa 3 - Oculta 2 a Salida,Neurona H2_4,Clase 2,0.14461862516264262,0.14461862516264262,0.029629490651699477
Capa 3 - Oculta 2 a Salida,Neurona H2_5,Clase 0,0.14539655863058026,0.14539655863058026,0.029788873804388008
Capa 3 - Oculta 2 a Salida,Neurona H2_5,Clase 1,0.6146606804306499,0.6146606804306499,0.12593179380806105
Capa 3 - Oculta 2 a Salida,Neurona H2_5,Clase 2,-1.132746786231637,1.132746786231637,0.23207737091710864
Capa 3 - Oculta 2 a Salida,Neurona H2_6,Clase 0,0.041547072613186,0.041547072613186,0.008512171915708865
Capa 3 - Oculta 2 a Salida,Neurona H2_6,Clase 1,0.2009045400243731,0.2009045400243731,0.041161359291319186
Capa 3 - Oculta 2 a Salida,Neurona H2_6,Clase 2,0.2915401266991864,0.2915401266991864,0.05973079504050084
Capa 3 - Oculta 2 a Salida,Neurona H2_7,Clase 0,-0.7223699047658235,0.7223699047658235,0.1479992795966427
Capa 3 - Oculta 2 a Salida,Neurona H2_7,Clase 1,-0.21654872269801909,0.21654872269801909,0.04436654232884961
Capa 3 - Oculta 2 a Salida,Neurona H2_7,Clase 2,0.3117244583271562,0.3117244583271562,0.06386616463490229
Capa 3 - Oculta 2 a Salida,Neurona H2_8,Clase 0,-0.18434352257919764,0.18434352257919764,0.037768334976348635
Capa 3 - Oculta 2 a Salida,Neurona H2_8,Clase 1,-0.5464419097749533,0.5464419097749533,0.11195511946794623
Capa 3 - Oculta 2 a Salida,Neurona H2_8,Clase 2,0.15475656413485434,0.15475656413485434,0.0317065534620175
Capa 3 - Oculta 2 a Salida,Neurona H2_9,Clase 0,0.8588551144204098,0.8588551144204098,0.17596239457583582
Capa 3 - Oculta 2 a Salida,Neurona H2_9,Clase 1,-0.4664821909462609,0.4664821909462609,0.09557295749618898
Capa 3 - Oculta 2 a Salida,Neurona H2_9,Clase 2,-0.055510454163394306,0.055510454163394306,0.011372992108424145
Capa 3 - Oculta 2 a Salida,Neurona H2_10,Clase 0,0.48902834429393416,0.48902834429393416,0.10019221756103457
Capa 3 - Oculta 2 a Salida,Neurona H2_10,Clase 1,0.16752541100263893,0.16752541100263893,0.034322637168224215
Capa 3 - Oculta 2 a Salida,Neurona H2_10,Clase 2,-0.5778442721701688,0.5778442721701688,0.11838884127925454
Capa 3 - Oculta 2 a Salida,Neurona H2_11,Clase 0,0.06731079651400146,0.06731079651400146,0.01379064843015279
Capa 3 - Oculta 2 a Salida,Neurona H2_11,Clase 1,0.37775724707856545,0.37775724707856545,0.07739497459845412
Capa 3 - Oculta 2 a Salida,Neurona H2_11,Clase 2,-0.31332054167813966,0.31332054167813966,0.06419317048683951
Capa 3 - Oculta 2 a Salida,Neurona H2_12,Clase 0,-0.5912321245506431,0.5912321245506431,0.12113174694930558
Capa 3 - Oculta 2 a Salida,Neurona H2_12,Clase 1,-0.16838549131564182,0.16838549131564182,0.034498850581712065
Capa 3 - Oculta 2 a Salida,Neurona H2_12,Clase 2,0.7375912010051832,0.7375912010051832,0.15111782158335876
Capa 3 - Oculta 2 a Salida,Neurona H2_13,Clase 0,0.28491865648221654,0.28491865648221654,0.058374186998669635
Capa 3 - Oculta 2 a Salida,Neurona H2_13,Clase 1,0.364830855345867,0.364830855345867,0.07474661307120646
Capa 3 - Oculta 2 a Salida,Neurona H2_13,Clase 2,-0.26492402425571515,0.26492402425571515,0.05427768305270122
Capa 3 - Oculta 2 a Salida,Neurona H2_14,Clase 0,-0.3418262614029269,0.3418262614029269,0.07003342761247373
Capa 3 - Oculta 2 a Salida,Neurona H2_14,Clase 1,-0.5576675882677613,0.5576675882677613,0.11425503855227975
Capa 3 - Oculta 2 a Salida,Neurona H2_14,Clase 2,1.1477565288691538,1.1477565288691538,0.2351525697627799
Capa 3 - Oculta 2 a Salida,Neurona H2_15,Clase 0,-0.04415824496232665,0.04415824496232665,0.009047149389197007
Capa 3 - Oculta 2 a Salida,Neurona H2_15,Clase 1,0.20669603406792578,0.20669603406792578,0.042347921661344705
Capa 3 - Oculta 2 a Salida,Neurona H2_15,Clase 2,0.10621892744742097,0.10621892744742097,0.021762153486782572
Capa 3 - Oculta 2 a Salida,Neurona H2_16,Clase 0,-0.7351375433071282,0.7351375433071282,0.1506151157406969
Capa 3 - Oculta 2 a Salida,Neurona H2_16,Clase 1,-0.6613505375807447,0.6613505375807447,0.13549762037017993
Capa 3 - Oculta 2 a Salida,Neurona H2_16,Clase 2,0.7276281877109898,0.7276281877109898,0.14907659757828287
Capa 3 - Oculta 2 a Salida,Neurona H2_17,Clase 0,0.45329326453101076,0.45329326453101076,0.09287080781465852
Capa 3 - Oculta 2 a Salida,Neurona H2_17,Clase 1,0.7320531856629499,0.7320531856629499,0.14998319197650742
Capa 3 - Oculta 2 a Salida,Neurona H2_17,Clase 2,-1.206116778199905,1.206116778199905,0.2471094284317905
Capa 3 - Oculta 2 a Salida,Neurona H2_18,Clase 0,-0.39478099929355487,0.39478099929355487,0.08088280409858668
Capa 3 - Oculta 2 a Salida,Neurona H2_18,Clase 1,0.5645760643334105,0.5645760643334105,0.11567044840543274
Capa 3 - Oculta 2 a Salida,Neurona H2_18,Clase 2,0.25729533286378536,0.25729533286378536,0.05271471535038986
Capa 3 - Oculta 2 a Salida,Neurona H2_19,Clase 0,0.9559005788142667,0.9559005788142667,0.19584508725676708
Capa 3 - Oculta 2 a Salida,Neurona H2_19,Clase 1,-0.3064005380403275,0.3064005380403275,0.06277539886257125
Capa 3 - Oculta 2 a Salida,Neurona H2_19,Clase 2,-0.9520406656762549,0.9520406656762549,0.19505426753966307
Capa 3 - Oculta 2 a Salida,Neurona H2_20,Clase 0,-0.08445615015703421,0.08445615015703421,0.01730339165333721
Capa 3 - Oculta 2 a Salida,Neurona H2_20,Clase 1,-0.10222657168629845,0.10222657168629845,0.02094419890057762
Capa 3 - Oculta 2 a Salida,Neurona H2_20,Clase 2,0.1046857244842461,0.1046857244842461,0.021448030580321124
Capa 3 - Oculta 2 a Salida,Neurona H2_21,Clase 0,0.5848005107572047,0.5848005107572047,0.1198140367266167
Capa 3 - Oculta 2 a Salida,Neurona H2_21,Clase 1,0.4331186510069457,0.4331186510069457,0.08873742926718117
Capa 3 - Oculta 2 a Salida,Neurona H2_21,Clase 2,-0.8939724307439163,0.8939724307439163,0.18315723683456922
Capa 3 - Oculta 2 a Salida,Neurona H2_22,Clase 0,0.4755681121678578,0.4755681121678578,0.09743448271532738
Capa 3 - Oculta 2 a Salida,Neurona H2_22,Clase 1,-0.646590832530924,0.646590832530924,0.13247364927168775
Capa 3 - Oculta 2 a Salida,Neurona H2_22,Clase 2,0.48912234390880727,0.48912234390880727,0.10021147621950274
Capa 3 - Oculta 2 a Salida,Neurona H2_23,Clase 0,1.0340467125300394,1.0340467125300394,0.211855681575403
Capa 3 - Oculta 2 a Salida,Neurona H2_23,Clase 1,-0.031605083281319266,0.031605083281319266,0.006475255303920088
Capa 3 - Oculta 2 a Salida,Neurona H2_23,Clase 2,-0.39330371615995685,0.39330371615995685,0.08058013805714404
Capa 3 - Oculta 2 a Salida,Neurona H2_24,Clase 0,-0.6399843591102802,0.6399843591102802,0.13112011377625954
Capa 3 - Oculta 2 a Salida,Neurona H2_24,Clase 1,0.23105364311900245,0.23105364311900245,0.047338313105496355
Capa 3 - Oculta 2 a Salida,Neurona H2_24,Clase 2,0.6179733435966958,0.6179733435966958,0.1266104928497661
Capa 3 - Oculta 2 a Salida,Neurona H2_25,Clase 0,-0.26451812770613603,0.26451812770613603,0.054194522892605755
Capa 3 - Oculta 2 a Salida,Neurona H2_25,Clase 1,0.024044723515018154,0.024044723515018154,0.00492628739769656
Capa 3 - Oculta 2 a Salida,Neurona H2_25,Clase 2,-0.11520732902238195,0.11520732902238195,0.023603698862694655
Capa 3 - Oculta 2 a Salida,Neurona H2_26,Clase 0,0.916220022632867,0.916220022632867,0.18771532757257167
Capa 3 - Oculta 2 a Salida,Neurona H2_26,Clase 1,-0.6660373722847116,0.6660373722847116,0.13645785993054826
Capa 3 - Oculta 2 a Salida,Neurona H2_26,Clase 2,0.07204104057143959,0.07204104057143959,0.014759781706883208
Capa 3 - Oculta 2 a Salida,Neurona H2_27,Clase 0,-1.0817002804486961,1.0817002804486961,0.2216189533778976
Capa 3 - Oculta 2 a Salida,Neurona H2_27,Clase 1,0.3923489014511531,0.3923489014511531,0.08038451544313571
Capa 3 - Oculta 2 a Salida,Neurona H2_27,Clase 2,0.470634571986304,0.470634571986304,0.09642369809111499
Capa 3 - Oculta 2 a Salida,Neurona H2_28,Clase 0,0.5990495214625818,0.5990495214625818,0.12273337667343287
Capa 3 - Oculta 2 a Salida,Neurona H2_28,Clase 1,-0.45531060795375644,0.45531060795375644,0.09328412150795555
Capa 3 - Oculta 2 a Salida,Neurona H2_28,Clase 2,-0.03376357911440293,0.03376357911440293,0.006917488329134916
Capa 3 - Oculta 2 a Salida,Neurona H2_29,Clase 0,-0.4330017470138295,0.4330017470138295,0.08871347795546534
Capa 3 - Oculta 2 a Salida,Neurona H2_29,Clase 1,0.6561868858965908,0.6561868858965908,0.1344396904587857
Capa 3 - Oculta 2 a Salida,Neurona H2_29,Clase 2,-0.38832448566513034,0.38832448566513034,0.07955999239310386
Capa 3 - Oculta 2 a Salida,Neurona H2_30,Clase 0,1.0041131065260538,1.0041131065260538,0.20572287884498505
Capa 3 - Oculta 2 a Salida,Neurona H2_30,Clase 1,0.13306618097246897,0.13306618097246897,0.027262623750896924
Capa 3 - Oculta 2 a Salida,Neurona H2_30,Clase 2,-0.43078292194710427,0.43078292194710427,0.08825888466571201
Capa 3 - Oculta 2 a Salida,Neurona H2_31,Clase 0,-1.3594823781542966,1.3594823781542966,0.2785310008954372
Capa 3 - Oculta 2 a Salida,Neurona H2_31,Clase 1,0.818894156122508,0.818894156122508,0.16777518605418762
Capa 3 - Oculta 2 a Salida,Neurona H2_31,Clase 2,0.6766488520399713,0.6766488520399713,0.13863194186401684
Capa 3 - Oculta 2 a Salida,Neurona H2_32,Clase 0,0.5076622517222812,0.5076622517222812,0.10400993595886829
Capa 3 - Oculta 2 a Salida,Neurona H2_32,Clase 1,0.39549774471972904,0.39549774471972904,0.08102965103396996
Capa 3 - Oculta 2 a Salida,Neurona H2_32,Clase 2,-1.145739219452702,1.145739219452702,0.23473926303669868
Capa 3 - Oculta 2 a Salida,bias_w0,Clase 0,-0.025664480170922713,0.025664480170922713,0.005258143440721297
Capa 3 - Oculta 2 a Salida,bias_w0,Clase 1,0.030803114253574206,0.030803114253574206,0.006310947741295969
Capa 3 - Oculta 2 a Salida,bias_w0,Clase 2,-0.005138634082651502,0.005138634082651502,0.0010528043005746746
CONFIGURACIÓN_SISTEMA,Tipo de Modelo,Red Neuronal Artificial (MLP) de 3 Capas,,,
CONFIGURACIÓN_SISTEMA,Capas Ocultas (hidden_units),"Capa 1: 64 Neuronas, Capa 2: 32 Neuronas",,,
CONFIGURACIÓN_SISTEMA,Función de Activación Oculta,Sigmoide (Múltiples regresiones logísticas paralelas),,,
CONFIGURACIÓN_SISTEMA,Tasa de Aprendizaje Inicial,0.1,,,
CONFIGURACIÓN_SISTEMA,Regularización L2 (lambda),0.001,,,
CONFIGURACIÓN_SISTEMA,Épocas de Entrenamiento,1000,,,
CONFIGURACIÓN_SISTEMA,Muestras de Train Final (80%),3924,,,
CONFIGURACIÓN_SISTEMA,Muestras de Test Final (20%),780,,,
CONFIGURACIÓN_SISTEMA,Accuracy Promedio Folds (CV),89.8879,,,
CONFIGURACIÓN_SISTEMA,Accuracy Final Train Set,97.8084,,,
CONFIGURACIÓN_SISTEMA,Accuracy Final Test Set,97.0513,,,
CONFIGURACIÓN_SISTEMA,Loss Final Train Set,0.058084,,,
CONFIGURACIÓN_SISTEMA,Loss Final Test Set,0.052649,,,
