tipo_capa,origen,destino,peso,peso_absoluto,importancia_%
Capa 1 - Entrada a Oculta 1,tiempo_entrega_dias,Neurona H1_1,0.12095773978170817,0.12095773978170817,0.029310409779355708
Capa 1 - Entrada a Oculta 1,tiempo_entrega_dias,Neurona H1_2,-0.15607576437854348,0.15607576437854348,0.03782018925632304
Capa 1 - Entrada a Oculta 1,tiempo_entrega_dias,Neurona H1_3,-0.1346583365669065,0.1346583365669065,0.03263033049481053
Capa 1 - Entrada a Oculta 1,tiempo_entrega_dias,Neurona H1_4,-0.03920631431415677,0.03920631431415677,0.00950045148462616
Capa 1 - Entrada a Oculta 1,tiempo_entrega_dias,Neurona H1_5,0.1094048720272815,0.1094048720272815,0.026510925524606443
Capa 1 - Entrada a Oculta 1,tiempo_entrega_dias,Neurona H1_6,0.0027873453085084407,0.0027873453085084407,0.0006754279084280794
Capa 1 - Entrada a Oculta 1,tiempo_entrega_dias,Neurona H1_7,0.17818794767225254,0.17818794767225254,0.04317840076576833
Capa 1 - Entrada a Oculta 1,tiempo_entrega_dias,Neurona H1_8,0.09446772366398501,0.09446772366398501,0.02289136434354128
Capa 1 - Entrada a Oculta 1,tiempo_entrega_dias,Neurona H1_9,-0.00392045845258772,0.00392045845258772,0.000950003232332737
Capa 1 - Entrada a Oculta 1,tiempo_entrega_dias,Neurona H1_10,-0.09299393872043155,0.09299393872043155,0.022534237625563957
Capa 1 - Entrada a Oculta 1,tiempo_entrega_dias,Neurona H1_11,-0.05409135473037407,0.05409135473037407,0.013107385897992058
Capa 1 - Entrada a Oculta 1,tiempo_entrega_dias,Neurona H1_12,0.12276799731281511,0.12276799731281511,0.02974907034079366
Capa 1 - Entrada a Oculta 1,tiempo_entrega_dias,Neurona H1_13,-0.09477102337947838,0.09477102337947838,0.022964859755766374
Capa 1 - Entrada a Oculta 1,tiempo_entrega_dias,Neurona H1_14,-0.23391524848075856,0.23391524848075856,0.05668220817439305
Capa 1 - Entrada a Oculta 1,tiempo_entrega_dias,Neurona H1_15,-0.05773070046172186,0.05773070046172186,0.013989270057757783
Capa 1 - Entrada a Oculta 1,tiempo_entrega_dias,Neurona H1_16,0.07301170841713228,0.07301170841713228,0.017692155096970516
Capa 1 - Entrada a Oculta 1,tiempo_entrega_dias,Neurona H1_17,-0.1634955423974827,0.1634955423974827,0.03961814558883591
Capa 1 - Entrada a Oculta 1,tiempo_entrega_dias,Neurona H1_18,-0.11465027914651182,0.11465027914651182,0.02778198955409024
Capa 1 - Entrada a Oculta 1,tiempo_entrega_dias,Neurona H1_19,0.0070238466393096645,0.0070238466393096645,0.0017020144688306227
Capa 1 - Entrada a Oculta 1,tiempo_entrega_dias,Neurona H1_20,-0.061972400116259034,0.061972400116259034,0.015017116272971514
Capa 1 - Entrada a Oculta 1,tiempo_entrega_dias,Neurona H1_21,0.07429701125527553,0.07429701125527553,0.018003608939812944
Capa 1 - Entrada a Oculta 1,tiempo_entrega_dias,Neurona H1_22,0.1176105855928205,0.1176105855928205,0.02849932930572883
Capa 1 - Entrada a Oculta 1,tiempo_entrega_dias,Neurona H1_23,0.16502920488522227,0.16502920488522227,0.03998978179880476
Capa 1 - Entrada a Oculta 1,tiempo_entrega_dias,Neurona H1_24,0.05628997905689669,0.05628997905689669,0.013640155277426045
Capa 1 - Entrada a Oculta 1,tiempo_entrega_dias,Neurona H1_25,-0.007814785036733041,0.007814785036733041,0.0018936742053678947
Capa 1 - Entrada a Oculta 1,tiempo_entrega_dias,Neurona H1_26,-0.08882048438251236,0.08882048438251236,0.021522928576133953
Capa 1 - Entrada a Oculta 1,tiempo_entrega_dias,Neurona H1_27,-0.0616559684346733,0.0616559684346733,0.014940438730292672
Capa 1 - Entrada a Oculta 1,tiempo_entrega_dias,Neurona H1_28,-0.12704099846933448,0.12704099846933448,0.030784501517924362
Capa 1 - Entrada a Oculta 1,tiempo_entrega_dias,Neurona H1_29,-0.12557871074115323,0.12557871074115323,0.03043016079854861
Capa 1 - Entrada a Oculta 1,tiempo_entrega_dias,Neurona H1_30,0.07403094694558161,0.07403094694558161,0.017939136389657297
Capa 1 - Entrada a Oculta 1,tiempo_entrega_dias,Neurona H1_31,-0.18818117081976873,0.18818117081976873,0.0455999528384083
Capa 1 - Entrada a Oculta 1,tiempo_entrega_dias,Neurona H1_32,0.007167244965300765,0.007167244965300765,0.0017367626685246484
Capa 1 - Entrada a Oculta 1,cantidad_solicitada,Neurona H1_1,-0.016961615590047028,0.016961615590047028,0.004110128912473019
Capa 1 - Entrada a Oculta 1,cantidad_solicitada,Neurona H1_2,0.00031377089876864414,0.00031377089876864414,7.603278332038143e-05
Capa 1 - Entrada a Oculta 1,cantidad_solicitada,Neurona H1_3,-0.056500965842187,0.056500965842187,0.013691281473616947
Capa 1 - Entrada a Oculta 1,cantidad_solicitada,Neurona H1_4,-0.12280870143393609,0.12280870143393609,0.029758933739960317
Capa 1 - Entrada a Oculta 1,cantidad_solicitada,Neurona H1_5,-0.036145933583664774,0.036145933583664774,0.008758861790130816
Capa 1 - Entrada a Oculta 1,cantidad_solicitada,Neurona H1_6,0.2008131407150286,0.2008131407150286,0.04866092450188959
Capa 1 - Entrada a Oculta 1,cantidad_solicitada,Neurona H1_7,0.19849032913934914,0.19849032913934914,0.04809806213982608
Capa 1 - Entrada a Oculta 1,cantidad_solicitada,Neurona H1_8,0.0017263336509614707,0.0017263336509614707,0.00041832417517794797
Capa 1 - Entrada a Oculta 1,cantidad_solicitada,Neurona H1_9,0.07105735094947858,0.07105735094947858,0.01721857632197313
Capa 1 - Entrada a Oculta 1,cantidad_solicitada,Neurona H1_10,-0.22582816940963932,0.22582816940963932,0.05472255183557312
Capa 1 - Entrada a Oculta 1,cantidad_solicitada,Neurona H1_11,-0.08610256352504213,0.08610256352504213,0.02086432356066261
Capa 1 - Entrada a Oculta 1,cantidad_solicitada,Neurona H1_12,-0.016320329281885145,0.016320329281885145,0.003954732783940552
Capa 1 - Entrada a Oculta 1,cantidad_solicitada,Neurona H1_13,0.15532166077134077,0.15532166077134077,0.037637455304919104
Capa 1 - Entrada a Oculta 1,cantidad_solicitada,Neurona H1_14,-0.11375569832637823,0.11375569832637823,0.027565215245425184
Capa 1 - Entrada a Oculta 1,cantidad_solicitada,Neurona H1_15,-0.002766209876935092,0.002766209876935092,0.0006703063828324759
Capa 1 - Entrada a Oculta 1,cantidad_solicitada,Neurona H1_16,0.23016986992880212,0.23016986992880212,0.0557746302026587
Capa 1 - Entrada a Oculta 1,cantidad_solicitada,Neurona H1_17,0.005987183887337606,0.005987183887337606,0.0014508109483437875
Capa 1 - Entrada a Oculta 1,cantidad_solicitada,Neurona H1_18,0.06019734811105043,0.06019734811105043,0.014586986694275475
Capa 1 - Entrada a Oculta 1,cantidad_solicitada,Neurona H1_19,-0.1935457407554029,0.1935457407554029,0.04689989233287319
Capa 1 - Entrada a Oculta 1,cantidad_solicitada,Neurona H1_20,0.12319238992203148,0.12319238992203148,0.029851908913223254
Capa 1 - Entrada a Oculta 1,cantidad_solicitada,Neurona H1_21,0.05639986126372949,0.05639986126372949,0.01366678187044557
Capa 1 - Entrada a Oculta 1,cantidad_solicitada,Neurona H1_22,-0.020844289895835304,0.020844289895835304,0.005050976312133505
Capa 1 - Entrada a Oculta 1,cantidad_solicitada,Neurona H1_23,-0.055193312564982264,0.055193312564982264,0.013374411685264766
Capa 1 - Entrada a Oculta 1,cantidad_solicitada,Neurona H1_24,-0.10022037699810626,0.10022037699810626,0.02428534398342183
Capa 1 - Entrada a Oculta 1,cantidad_solicitada,Neurona H1_25,-0.07667602263098586,0.07667602263098586,0.018580089605024278
Capa 1 - Entrada a Oculta 1,cantidad_solicitada,Neurona H1_26,0.10772732165739385,0.10772732165739385,0.026104422485977802
Capa 1 - Entrada a Oculta 1,cantidad_solicitada,Neurona H1_27,0.19080692175493236,0.19080692175493236,0.046236223291436486
Capa 1 - Entrada a Oculta 1,cantidad_solicitada,Neurona H1_28,0.009867017785824774,0.009867017785824774,0.002390970062144385
Capa 1 - Entrada a Oculta 1,cantidad_solicitada,Neurona H1_29,0.05896051738571753,0.05896051738571753,0.014287278585868118
Capa 1 - Entrada a Oculta 1,cantidad_solicitada,Neurona H1_30,0.06123813997794598,0.06123813997794598,0.014839190779510396
Capa 1 - Entrada a Oculta 1,cantidad_solicitada,Neurona H1_31,0.06652682324842661,0.06652682324842661,0.016120741461019182
Capa 1 - Entrada a Oculta 1,cantidad_solicitada,Neurona H1_32,0.10317115045687057,0.10317115045687057,0.025000373707013836
Capa 1 - Entrada a Oculta 1,cantidad_recibida,Neurona H1_1,0.1359465735295769,0.1359465735295769,0.03294249533301704
Capa 1 - Entrada a Oculta 1,cantidad_recibida,Neurona H1_2,-0.22096621933687682,0.22096621933687682,0.05354440689655048
Capa 1 - Entrada a Oculta 1,cantidad_recibida,Neurona H1_3,0.2146582234716513,0.2146582234716513,0.052015856974652865
Capa 1 - Entrada a Oculta 1,cantidad_recibida,Neurona H1_4,-0.049333513751382764,0.049333513751382764,0.011954468614559692
Capa 1 - Entrada a Oculta 1,cantidad_recibida,Neurona H1_5,-0.15776581646754428,0.15776581646754428,0.038229721704320735
Capa 1 - Entrada a Oculta 1,cantidad_recibida,Neurona H1_6,-0.001453527833309733,0.001453527833309733,0.0003522180267000163
Capa 1 - Entrada a Oculta 1,cantidad_recibida,Neurona H1_7,-0.15859615876962171,0.15859615876962171,0.0384309297723199
Capa 1 - Entrada a Oculta 1,cantidad_recibida,Neurona H1_8,0.19300809437603764,0.19300809437603764,0.04676961017214481
Capa 1 - Entrada a Oculta 1,cantidad_recibida,Neurona H1_9,0.06212959113088248,0.06212959113088248,0.015055206709024311
Capa 1 - Entrada a Oculta 1,cantidad_recibida,Neurona H1_10,0.21905864295703828,0.21905864295703828,0.0530821640877861
Capa 1 - Entrada a Oculta 1,cantidad_recibida,Neurona H1_11,-0.2418194890088069,0.2418194890088069,0.05859755918285099
Capa 1 - Entrada a Oculta 1,cantidad_recibida,Neurona H1_12,-0.04749591492124749,0.04749591492124749,0.011509182725301744
Capa 1 - Entrada a Oculta 1,cantidad_recibida,Neurona H1_13,0.0015826742143871904,0.0015826742143871904,0.00038351270331792
Capa 1 - Entrada a Oculta 1,cantidad_recibida,Neurona H1_14,-0.18743370758198305,0.18743370758198305,0.04541882797749374
Capa 1 - Entrada a Oculta 1,cantidad_recibida,Neurona H1_15,-0.11809595272660724,0.11809595272660724,0.028616943189804334
Capa 1 - Entrada a Oculta 1,cantidad_recibida,Neurona H1_16,0.07280519864751744,0.07280519864751744,0.017642113768637373
Capa 1 - Entrada a Oculta 1,cantidad_recibida,Neurona H1_17,-0.07751562019107248,0.07751562019107248,0.018783540401809153
Capa 1 - Entrada a Oculta 1,cantidad_recibida,Neurona H1_18,-0.03537789758906709,0.03537789758906709,0.00857275175064447
Capa 1 - Entrada a Oculta 1,cantidad_recibida,Neurona H1_19,0.0038347318569028764,0.0038347318569028764,0.0009292300130823894
Capa 1 - Entrada a Oculta 1,cantidad_recibida,Neurona H1_20,-0.0885509073763106,0.0885509073763106,0.021457604831385372
Capa 1 - Entrada a Oculta 1,cantidad_recibida,Neurona H1_21,0.21277973317578705,0.21277973317578705,0.05156066228899083
Capa 1 - Entrada a Oculta 1,cantidad_recibida,Neurona H1_22,0.13906120193228064,0.13906120193228064,0.03369723029217235
Capa 1 - Entrada a Oculta 1,cantidad_recibida,Neurona H1_23,-0.26951444985438033,0.26951444985438033,0.06530858613054306
Capa 1 - Entrada a Oculta 1,cantidad_recibida,Neurona H1_24,-0.2357246517926875,0.2357246517926875,0.05712066174193219
Capa 1 - Entrada a Oculta 1,cantidad_recibida,Neurona H1_25,-0.033653092160379795,0.033653092160379795,0.008154797893407076
Capa 1 - Entrada a Oculta 1,cantidad_recibida,Neurona H1_26,-0.21139233109128236,0.21139233109128236,0.05122446781562391
Capa 1 - Entrada a Oculta 1,cantidad_recibida,Neurona H1_27,0.10664967538714258,0.10664967538714258,0.025843287862965976
Capa 1 - Entrada a Oculta 1,cantidad_recibida,Neurona H1_28,0.25252945925111764,0.25252945925111764,0.06119279299834185
Capa 1 - Entrada a Oculta 1,cantidad_recibida,Neurona H1_29,-0.05184688828396592,0.05184688828396592,0.01256350808249252
Capa 1 - Entrada a Oculta 1,cantidad_recibida,Neurona H1_30,0.12543868626287533,0.12543868626287533,0.03039623014768763
Capa 1 - Entrada a Oculta 1,cantidad_recibida,Neurona H1_31,0.05162267954570155,0.05162267954570155,0.01250917795027857
Capa 1 - Entrada a Oculta 1,cantidad_recibida,Neurona H1_32,0.12223681488133596,0.12223681488133596,0.029620354520190968
Capa 1 - Entrada a Oculta 1,ratio_entrega,Neurona H1_1,-0.31268547730824864,0.31268547730824864,0.07576976461777575
Capa 1 - Entrada a Oculta 1,ratio_entrega,Neurona H1_2,-0.019344640471375265,0.019344640471375265,0.0046875821280521505
Capa 1 - Entrada a Oculta 1,ratio_entrega,Neurona H1_3,0.0018167567057919048,0.0018167567057919048,0.000440235437701241
Capa 1 - Entrada a Oculta 1,ratio_entrega,Neurona H1_4,0.19320989825790613,0.19320989825790613,0.046818511172471905
Capa 1 - Entrada a Oculta 1,ratio_entrega,Neurona H1_5,0.0007606521725829413,0.0007606521725829413,0.00018432079599204593
Capa 1 - Entrada a Oculta 1,ratio_entrega,Neurona H1_6,0.008863942342585222,0.008863942342585222,0.002147905398948635
Capa 1 - Entrada a Oculta 1,ratio_entrega,Neurona H1_7,-0.028907357152547105,0.028907357152547105,0.00700481412192753
Capa 1 - Entrada a Oculta 1,ratio_entrega,Neurona H1_8,-0.1941845548454198,0.1941845548454198,0.04705468939492984
Capa 1 - Entrada a Oculta 1,ratio_entrega,Neurona H1_9,-0.10410439237914482,0.10410439237914482,0.025226516351663914
Capa 1 - Entrada a Oculta 1,ratio_entrega,Neurona H1_10,0.348520657332248,0.348520657332248,0.08445332478445838
Capa 1 - Entrada a Oculta 1,ratio_entrega,Neurona H1_11,0.14016945485432195,0.14016945485432195,0.03396578150140313
Capa 1 - Entrada a Oculta 1,ratio_entrega,Neurona H1_12,-0.17256597012273603,0.17256597012273603,0.041816086406686805
Capa 1 - Entrada a Oculta 1,ratio_entrega,Neurona H1_13,0.31069393171397247,0.31069393171397247,0.07528717443737183
Capa 1 - Entrada a Oculta 1,ratio_entrega,Neurona H1_14,-0.06148179628705717,0.06148179628705717,0.014898233435881644
Capa 1 - Entrada a Oculta 1,ratio_entrega,Neurona H1_15,0.011638325765275114,0.011638325765275114,0.0028201923906768776
Capa 1 - Entrada a Oculta 1,ratio_entrega,Neurona H1_16,0.032746181153236194,0.032746181153236194,0.00793503574093333
Capa 1 - Entrada a Oculta 1,ratio_entrega,Neurona H1_17,-0.1378461970337758,0.1378461970337758,0.033402811005540746
Capa 1 - Entrada a Oculta 1,ratio_entrega,Neurona H1_18,-0.054864106091701746,0.054864106091701746,0.013294638562426306
Capa 1 - Entrada a Oculta 1,ratio_entrega,Neurona H1_19,-0.16197893052606688,0.16197893052606688,0.039250641074386014
Capa 1 - Entrada a Oculta 1,ratio_entrega,Neurona H1_20,0.1836706894613986,0.1836706894613986,0.04450697559565756
Capa 1 - Entrada a Oculta 1,ratio_entrega,Neurona H1_21,0.026283494080388558,0.026283494080388558,0.006369001134774506
Capa 1 - Entrada a Oculta 1,ratio_entrega,Neurona H1_22,0.17183398144891093,0.17183398144891093,0.04163871133319105
Capa 1 - Entrada a Oculta 1,ratio_entrega,Neurona H1_23,-0.6761967406646457,0.6761967406646457,0.16385560441286212
Capa 1 - Entrada a Oculta 1,ratio_entrega,Neurona H1_24,0.2398987289806779,0.2398987289806779,0.05813212172003241
Capa 1 - Entrada a Oculta 1,ratio_entrega,Neurona H1_25,0.448205084615609,0.448205084615609,0.10860879774194451
Capa 1 - Entrada a Oculta 1,ratio_entrega,Neurona H1_26,-0.4594286507595605,0.4594286507595605,0.11132848582026517
Capa 1 - Entrada a Oculta 1,ratio_entrega,Neurona H1_27,-0.12047807136294611,0.12047807136294611,0.029194176804620036
Capa 1 - Entrada a Oculta 1,ratio_entrega,Neurona H1_28,-0.021650012634291782,0.021650012634291782,0.005246218581667673
Capa 1 - Entrada a Oculta 1,ratio_entrega,Neurona H1_29,0.2823651305359709,0.2823651305359709,0.06842255566569495
Capa 1 - Entrada a Oculta 1,ratio_entrega,Neurona H1_30,0.23484536205113735,0.23484536205113735,0.056907592758615115
Capa 1 - Entrada a Oculta 1,ratio_entrega,Neurona H1_31,-0.16842734286086294,0.16842734286086294,0.040813216634248674
Capa 1 - Entrada a Oculta 1,ratio_entrega,Neurona H1_32,-0.03725250191908484,0.03725250191908484,0.009027004791302591
Capa 1 - Entrada a Oculta 1,costo_unitario,Neurona H1_1,0.1569530833354548,0.1569530833354548,0.03803278068024246
Capa 1 - Entrada a Oculta 1,costo_unitario,Neurona H1_2,-0.036947695869787356,0.036947695869787356,0.008953144365138386
Capa 1 - Entrada a Oculta 1,costo_unitario,Neurona H1_3,0.12111558919867223,0.12111558919867223,0.029348659759084152
Capa 1 - Entrada a Oculta 1,costo_unitario,Neurona H1_4,-0.19962119215597623,0.19962119215597623,0.048372092214143576
Capa 1 - Entrada a Oculta 1,costo_unitario,Neurona H1_5,0.05229092037594777,0.05229092037594777,0.01267110568306492
Capa 1 - Entrada a Oculta 1,costo_unitario,Neurona H1_6,0.1858051945367765,0.1858051945367765,0.045024207635114874
Capa 1 - Entrada a Oculta 1,costo_unitario,Neurona H1_7,0.21483618334071508,0.21483618334071508,0.0520589801075417
Capa 1 - Entrada a Oculta 1,costo_unitario,Neurona H1_8,-0.215793433424993,0.215793433424993,0.05229094039616931
Capa 1 - Entrada a Oculta 1,costo_unitario,Neurona H1_9,-0.030396751811118162,0.030396751811118162,0.007365723377049896
Capa 1 - Entrada a Oculta 1,costo_unitario,Neurona H1_10,-0.18597038058527995,0.18597038058527995,0.04506423542316884
Capa 1 - Entrada a Oculta 1,costo_unitario,Neurona H1_11,-0.0179225088043066,0.0179225088043066,0.00434297200225775
Capa 1 - Entrada a Oculta 1,costo_unitario,Neurona H1_12,0.054741181226650296,0.054741181226650296,0.01326485147998551
Capa 1 - Entrada a Oculta 1,costo_unitario,Neurona H1_13,-0.2362233171391011,0.2362233171391011,0.057241498041225844
Capa 1 - Entrada a Oculta 1,costo_unitario,Neurona H1_14,-0.09305607815671796,0.09305607815671796,0.02254929521794539
Capa 1 - Entrada a Oculta 1,costo_unitario,Neurona H1_15,0.22006772037676697,0.22006772037676697,0.05332668314646493
Capa 1 - Entrada a Oculta 1,costo_unitario,Neurona H1_16,0.016809499544973062,0.016809499544973062,0.004073268240116052
Capa 1 - Entrada a Oculta 1,costo_unitario,Neurona H1_17,-0.03168694083178487,0.03168694083178487,0.007678361236824831
Capa 1 - Entrada a Oculta 1,costo_unitario,Neurona H1_18,0.11710290197285271,0.11710290197285271,0.028376307703585988
Capa 1 - Entrada a Oculta 1,costo_unitario,Neurona H1_19,0.1277505874087226,0.1277505874087226,0.03095644870068339
Capa 1 - Entrada a Oculta 1,costo_unitario,Neurona H1_20,-0.2531630417803819,0.2531630417803819,0.061346322351612595
Capa 1 - Entrada a Oculta 1,costo_unitario,Neurona H1_21,0.11033330600497639,0.11033330600497639,0.026735903110897533
Capa 1 - Entrada a Oculta 1,costo_unitario,Neurona H1_22,0.14207764700048583,0.14207764700048583,0.034428173522308515
Capa 1 - Entrada a Oculta 1,costo_unitario,Neurona H1_23,-0.14237704658932038,0.14237704658932038,0.03450072385808982
Capa 1 - Entrada a Oculta 1,costo_unitario,Neurona H1_24,0.14582659980514698,0.14582659980514698,0.035336617604897924
Capa 1 - Entrada a Oculta 1,costo_unitario,Neurona H1_25,-0.1452553545577797,0.1452553545577797,0.03519819378584293
Capa 1 - Entrada a Oculta 1,costo_unitario,Neurona H1_26,-0.09979116678911713,0.09979116678911713,0.02418133801299234
Capa 1 - Entrada a Oculta 1,costo_unitario,Neurona H1_27,0.08946598847252778,0.08946598847252778,0.02167934675513388
Capa 1 - Entrada a Oculta 1,costo_unitario,Neurona H1_28,-0.19387998195596395,0.19387998195596395,0.04698088546792407
Capa 1 - Entrada a Oculta 1,costo_unitario,Neurona H1_29,0.073814476770053,0.073814476770053,0.017886681461504676
Capa 1 - Entrada a Oculta 1,costo_unitario,Neurona H1_30,0.2017518313138966,0.2017518313138966,0.04888838746671105
Capa 1 - Entrada a Oculta 1,costo_unitario,Neurona H1_31,0.09414643221607982,0.09414643221607982,0.022813509185089256
Capa 1 - Entrada a Oculta 1,costo_unitario,Neurona H1_32,-0.03220428705403169,0.03220428705403169,0.0078037242751820435
Capa 1 - Entrada a Oculta 1,costo_logistico,Neurona H1_1,-0.015598037233792461,0.015598037233792461,0.003779707391202781
Capa 1 - Entrada a Oculta 1,costo_logistico,Neurona H1_2,0.14729971208537132,0.14729971208537132,0.03569358132348509
Capa 1 - Entrada a Oculta 1,costo_logistico,Neurona H1_3,0.01146632791086942,0.01146632791086942,0.002778513969743261
Capa 1 - Entrada a Oculta 1,costo_logistico,Neurona H1_4,-0.2420567430223396,0.2420567430223396,0.05865505043864818
Capa 1 - Entrada a Oculta 1,costo_logistico,Neurona H1_5,0.04270810969827905,0.04270810969827905,0.010349004523541344
Capa 1 - Entrada a Oculta 1,costo_logistico,Neurona H1_6,0.17149277141926503,0.17149277141926503,0.041556029515493434
Capa 1 - Entrada a Oculta 1,costo_logistico,Neurona H1_7,-0.11944517168623982,0.11944517168623982,0.028943885150362423
Capa 1 - Entrada a Oculta 1,costo_logistico,Neurona H1_8,0.21903174101900003,0.21903174101900003,0.05307564522566795
Capa 1 - Entrada a Oculta 1,costo_logistico,Neurona H1_9,0.137039279797043,0.137039279797043,0.03320727928587282
Capa 1 - Entrada a Oculta 1,costo_logistico,Neurona H1_10,-0.006737275903016208,0.006737275903016208,0.0016325728132020416
Capa 1 - Entrada a Oculta 1,costo_logistico,Neurona H1_11,0.13700947508664485,0.13700947508664485,0.033200057025629684
Capa 1 - Entrada a Oculta 1,costo_logistico,Neurona H1_12,-0.17372671919537988,0.17372671919537988,0.04209735845287085
Capa 1 - Entrada a Oculta 1,costo_logistico,Neurona H1_13,0.1489366441873354,0.1489366441873354,0.03609024176684437
Capa 1 - Entrada a Oculta 1,costo_logistico,Neurona H1_14,0.1820269463035765,0.1820269463035765,0.044108664701168906
Capa 1 - Entrada a Oculta 1,costo_logistico,Neurona H1_15,0.20971739299200265,0.20971739299200265,0.050818597780903176
Capa 1 - Entrada a Oculta 1,costo_logistico,Neurona H1_16,-0.2147820460795257,0.2147820460795257,0.052045861597617024
Capa 1 - Entrada a Oculta 1,costo_logistico,Neurona H1_17,-0.21870842115859235,0.21870842115859235,0.052997298543467575
Capa 1 - Entrada a Oculta 1,costo_logistico,Neurona H1_18,-0.1682383935149315,0.1682383935149315,0.04076743053766001
Capa 1 - Entrada a Oculta 1,costo_logistico,Neurona H1_19,-0.045869188483881926,0.045869188483881926,0.011114995312705047
Capa 1 - Entrada a Oculta 1,costo_logistico,Neurona H1_20,-0.0780349340384127,0.0780349340384127,0.018909380233944784
Capa 1 - Entrada a Oculta 1,costo_logistico,Neurona H1_21,0.03310776971778122,0.03310776971778122,0.008022655673460761
Capa 1 - Entrada a Oculta 1,costo_logistico,Neurona H1_22,-0.2267045537661683,0.2267045537661683,0.05493491678766662
Capa 1 - Entrada a Oculta 1,costo_logistico,Neurona H1_23,-0.11337653486862971,0.11337653486862971,0.027473336574907505
Capa 1 - Entrada a Oculta 1,costo_logistico,Neurona H1_24,0.16018878902727807,0.16018878902727807,0.038816855018303766
Capa 1 - Entrada a Oculta 1,costo_logistico,Neurona H1_25,-0.043599339271243064,0.043599339271243064,0.010564966759924053
Capa 1 - Entrada a Oculta 1,costo_logistico,Neurona H1_26,0.18353349790927323,0.18353349790927323,0.04447373141782886
Capa 1 - Entrada a Oculta 1,costo_logistico,Neurona H1_27,-0.25344225820594346,0.25344225820594346,0.061413981914903916
Capa 1 - Entrada a Oculta 1,costo_logistico,Neurona H1_28,0.0327960499695282,0.0327960499695282,0.007947119923750967
Capa 1 - Entrada a Oculta 1,costo_logistico,Neurona H1_29,0.1863333808056468,0.1863333808056468,0.04515219742732129
Capa 1 - Entrada a Oculta 1,costo_logistico,Neurona H1_30,0.06593034392890458,0.06593034392890458,0.015976202936145507
Capa 1 - Entrada a Oculta 1,costo_logistico,Neurona H1_31,-0.1612067325319749,0.1612067325319749,0.039063522501581335
Capa 1 - Entrada a Oculta 1,costo_logistico,Neurona H1_32,0.11362165267806583,0.11362165267806583,0.027532733381195027
Capa 1 - Entrada a Oculta 1,costo_total_orden,Neurona H1_1,-0.06008152867748585,0.06008152867748585,0.014558921395896741
Capa 1 - Entrada a Oculta 1,costo_total_orden,Neurona H1_2,0.10365956165618961,0.10365956165618961,0.02511872522729441
Capa 1 - Entrada a Oculta 1,costo_total_orden,Neurona H1_3,-0.2389845778183388,0.2389845778183388,0.05791060513732519
Capa 1 - Entrada a Oculta 1,costo_total_orden,Neurona H1_4,0.045742578798575614,0.045742578798575614,0.01108431532674416
Capa 1 - Entrada a Oculta 1,costo_total_orden,Neurona H1_5,-0.2389112115626415,0.2389112115626415,0.057892827068535664
Capa 1 - Entrada a Oculta 1,costo_total_orden,Neurona H1_6,0.12661355782536252,0.12661355782536252,0.030680924347469787
Capa 1 - Entrada a Oculta 1,costo_total_orden,Neurona H1_7,-0.04137114534288431,0.04137114534288431,0.010025032091618157
Capa 1 - Entrada a Oculta 1,costo_total_orden,Neurona H1_8,-0.19376356619437496,0.19376356619437496,0.04695267566768221
Capa 1 - Entrada a Oculta 1,costo_total_orden,Neurona H1_9,0.027974359336027852,0.027974359336027852,0.006778730628843288
Capa 1 - Entrada a Oculta 1,costo_total_orden,Neurona H1_10,-0.2458923031286456,0.2458923031286456,0.0595844811526485
Capa 1 - Entrada a Oculta 1,costo_total_orden,Neurona H1_11,0.0859746217088934,0.0859746217088934,0.020833320773523883
Capa 1 - Entrada a Oculta 1,costo_total_orden,Neurona H1_12,0.2790271258964545,0.2790271258964545,0.06761369230559759
Capa 1 - Entrada a Oculta 1,costo_total_orden,Neurona H1_13,0.10500844392156411,0.10500844392156411,0.025445585600293964
Capa 1 - Entrada a Oculta 1,costo_total_orden,Neurona H1_14,0.04544976112913218,0.04544976112913218,0.011013359917875642
Capa 1 - Entrada a Oculta 1,costo_total_orden,Neurona H1_15,-0.196390838787886,0.196390838787886,0.04758931484808399
Capa 1 - Entrada a Oculta 1,costo_total_orden,Neurona H1_16,0.07956464387624054,0.07956464387624054,0.019280058640065482
Capa 1 - Entrada a Oculta 1,costo_total_orden,Neurona H1_17,0.0743261993035463,0.0743261993035463,0.018010681770844836
Capa 1 - Entrada a Oculta 1,costo_total_orden,Neurona H1_18,-0.2516565008526061,0.2516565008526061,0.06098125822242028
Capa 1 - Entrada a Oculta 1,costo_total_orden,Neurona H1_19,0.14564112704107174,0.14564112704107174,0.035291673951620625
Capa 1 - Entrada a Oculta 1,costo_total_orden,Neurona H1_20,-0.019009527765546076,0.019009527765546076,0.004606377810347071
Capa 1 - Entrada a Oculta 1,costo_total_orden,Neurona H1_21,-0.035241961163044455,0.035241961163044455,0.008539811714249484
Capa 1 - Entrada a Oculta 1,costo_total_orden,Neurona H1_22,0.11147228727000197,0.11147228727000197,0.027011900394487295
Capa 1 - Entrada a Oculta 1,costo_total_orden,Neurona H1_23,-0.025400571669832762,0.025400571669832762,0.006155051885197998
Capa 1 - Entrada a Oculta 1,costo_total_orden,Neurona H1_24,-0.00787677547368768,0.00787677547368768,0.0019086956923171452
Capa 1 - Entrada a Oculta 1,costo_total_orden,Neurona H1_25,-0.19131729572950468,0.19131729572950468,0.046359896818756276
Capa 1 - Entrada a Oculta 1,costo_total_orden,Neurona H1_26,-0.11711265143175739,0.11711265143175739,0.028378670186847824
Capa 1 - Entrada a Oculta 1,costo_total_orden,Neurona H1_27,0.18041702789097053,0.18041702789097053,0.04371855019944318
Capa 1 - Entrada a Oculta 1,costo_total_orden,Neurona H1_28,-0.15567329206172556,0.15567329206172556,0.037722662396511765
Capa 1 - Entrada a Oculta 1,costo_total_orden,Neurona H1_29,-0.05571391012150078,0.05571391012150078,0.013500562585068505
Capa 1 - Entrada a Oculta 1,costo_total_orden,Neurona H1_30,0.2518808484616932,0.2518808484616932,0.06103562200573194
Capa 1 - Entrada a Oculta 1,costo_total_orden,Neurona H1_31,-0.13604166693454742,0.13604166693454742,0.03296553831209411
Capa 1 - Entrada a Oculta 1,costo_total_orden,Neurona H1_32,0.21887632125927292,0.21887632125927292,0.05303798399908062
Capa 1 - Entrada a Oculta 1,stock_minimo,Neurona H1_1,0.20957354271782488,0.20957354271782488,0.05078374006538508
Capa 1 - Entrada a Oculta 1,stock_minimo,Neurona H1_2,-0.19833310581692434,0.19833310581692434,0.04805996387496548
Capa 1 - Entrada a Oculta 1,stock_minimo,Neurona H1_3,-0.02468562316004278,0.02468562316004278,0.005981805974428649
Capa 1 - Entrada a Oculta 1,stock_minimo,Neurona H1_4,-0.042090367361253156,0.042090367361253156,0.010199313556522928
Capa 1 - Entrada a Oculta 1,stock_minimo,Neurona H1_5,-0.09357367000988957,0.09357367000988957,0.022674717777446708
Capa 1 - Entrada a Oculta 1,stock_minimo,Neurona H1_6,-0.23540037314916273,0.23540037314916273,0.05704208272795956
Capa 1 - Entrada a Oculta 1,stock_minimo,Neurona H1_7,-0.13095139245783305,0.13095139245783305,0.03173206593512055
Capa 1 - Entrada a Oculta 1,stock_minimo,Neurona H1_8,-0.20565591387743268,0.20565591387743268,0.04983442250304847
Capa 1 - Entrada a Oculta 1,stock_minimo,Neurona H1_9,-0.13153210948425315,0.13153210948425315,0.031872784950215734
Capa 1 - Entrada a Oculta 1,stock_minimo,Neurona H1_10,0.14027358384303218,0.14027358384303218,0.03399101397792356
Capa 1 - Entrada a Oculta 1,stock_minimo,Neurona H1_11,0.1967985931665284,0.1967985931665284,0.0476881216540718
Capa 1 - Entrada a Oculta 1,stock_minimo,Neurona H1_12,-0.21988321168699687,0.21988321168699687,0.05328197310711753
Capa 1 - Entrada a Oculta 1,stock_minimo,Neurona H1_13,-0.09711289018175134,0.09711289018175134,0.023532339569353883
Capa 1 - Entrada a Oculta 1,stock_minimo,Neurona H1_14,0.24252451571316033,0.24252451571316033,0.05876840084744626
Capa 1 - Entrada a Oculta 1,stock_minimo,Neurona H1_15,0.002513536716487639,0.002513536716487639,0.0006090787682430728
Capa 1 - Entrada a Oculta 1,stock_minimo,Neurona H1_16,0.06831237773615509,0.06831237773615509,0.016553415995225414
Capa 1 - Entrada a Oculta 1,stock_minimo,Neurona H1_17,-0.24451436367546833,0.24451436367546833,0.05925057965865023
Capa 1 - Entrada a Oculta 1,stock_minimo,Neurona H1_18,-0.04333866032577682,0.04333866032577682,0.010501799188123731
Capa 1 - Entrada a Oculta 1,stock_minimo,Neurona H1_19,0.2379615595809217,0.2379615595809217,0.0576627079477401
Capa 1 - Entrada a Oculta 1,stock_minimo,Neurona H1_20,-0.04898087767297271,0.04898087767297271,0.011869018043311943
Capa 1 - Entrada a Oculta 1,stock_minimo,Neurona H1_21,-0.204599489578082,0.204599489578082,0.04957843037579213
Capa 1 - Entrada a Oculta 1,stock_minimo,Neurona H1_22,-0.005303872060153634,0.005303872060153634,0.001285231220266963
Capa 1 - Entrada a Oculta 1,stock_minimo,Neurona H1_23,0.24108030628008556,0.24108030628008556,0.0584184408501197
Capa 1 - Entrada a Oculta 1,stock_minimo,Neurona H1_24,-0.08207715798881438,0.08207715798881438,0.019888889611517628
Capa 1 - Entrada a Oculta 1,stock_minimo,Neurona H1_25,0.18644497096507806,0.18644497096507806,0.04517923789042994
Capa 1 - Entrada a Oculta 1,stock_minimo,Neurona H1_26,0.11800035569794709,0.11800035569794709,0.028593778172925095
Capa 1 - Entrada a Oculta 1,stock_minimo,Neurona H1_27,-0.15825194765995873,0.15825194765995873,0.03834752073464247
Capa 1 - Entrada a Oculta 1,stock_minimo,Neurona H1_28,-0.03063936529055989,0.03063936529055989,0.007424513335536767
Capa 1 - Entrada a Oculta 1,stock_minimo,Neurona H1_29,0.12083179202314882,0.12083179202314882,0.029279890191102588
Capa 1 - Entrada a Oculta 1,stock_minimo,Neurona H1_30,-0.024446522398452984,0.024446522398452984,0.0059238672157067955
Capa 1 - Entrada a Oculta 1,stock_minimo,Neurona H1_31,-0.18098037817960347,0.18098037817960347,0.04385506091664862
Capa 1 - Entrada a Oculta 1,stock_minimo,Neurona H1_32,0.22011332722957921,0.22011332722957921,0.05333773457274891
Capa 1 - Entrada a Oculta 1,capacidad_almacenamiento,Neurona H1_1,0.06813423134228068,0.06813423134228068,0.016510247663751986
Capa 1 - Entrada a Oculta 1,capacidad_almacenamiento,Neurona H1_2,0.194092048210646,0.194092048210646,0.047032273240515725
Capa 1 - Entrada a Oculta 1,capacidad_almacenamiento,Neurona H1_3,-0.23683546129963967,0.23683546129963967,0.05738983246134485
Capa 1 - Entrada a Oculta 1,capacidad_almacenamiento,Neurona H1_4,-0.09893611144042332,0.09893611144042332,0.023974141493782613
Capa 1 - Entrada a Oculta 1,capacidad_almacenamiento,Neurona H1_5,0.0015347018503828417,0.0015347018503828417,0.0003718880677254442
Capa 1 - Entrada a Oculta 1,capacidad_almacenamiento,Neurona H1_6,-0.23041646100781318,0.23041646100781318,0.055834384010780384
Capa 1 - Entrada a Oculta 1,capacidad_almacenamiento,Neurona H1_7,0.2961281715007408,0.2961281715007408,0.0717576078187484
Capa 1 - Entrada a Oculta 1,capacidad_almacenamiento,Neurona H1_8,-0.13327214883177307,0.13327214883177307,0.03229443028188325
Capa 1 - Entrada a Oculta 1,capacidad_almacenamiento,Neurona H1_9,-0.07020991552286511,0.07020991552286511,0.017013226257889508
Capa 1 - Entrada a Oculta 1,capacidad_almacenamiento,Neurona H1_10,-0.1206852157655381,0.1206852157655381,0.029244371916850375
Capa 1 - Entrada a Oculta 1,capacidad_almacenamiento,Neurona H1_11,-0.2103268003397888,0.2103268003397888,0.050966269018133614
Capa 1 - Entrada a Oculta 1,capacidad_almacenamiento,Neurona H1_12,-0.16534146061255597,0.16534146061255597,0.04006544742665642
Capa 1 - Entrada a Oculta 1,capacidad_almacenamiento,Neurona H1_13,-0.06343240463694864,0.06343240463694864,0.015370903726824018
Capa 1 - Entrada a Oculta 1,capacidad_almacenamiento,Neurona H1_14,0.06538172767989966,0.06538172767989966,0.01584326256292948
Capa 1 - Entrada a Oculta 1,capacidad_almacenamiento,Neurona H1_15,-0.11272117247732931,0.11272117247732931,0.027314529538022894
Capa 1 - Entrada a Oculta 1,capacidad_almacenamiento,Neurona H1_16,-0.039812161187684714,0.039812161187684714,0.009647259949786742
Capa 1 - Entrada a Oculta 1,capacidad_almacenamiento,Neurona H1_17,-0.24788127768826654,0.24788127768826654,0.06006644832141681
Capa 1 - Entrada a Oculta 1,capacidad_almacenamiento,Neurona H1_18,-0.08264377286963333,0.08264377286963333,0.02002619140281975
Capa 1 - Entrada a Oculta 1,capacidad_almacenamiento,Neurona H1_19,-0.009987771342508228,0.009987771342508228,0.0024202309943930707
Capa 1 - Entrada a Oculta 1,capacidad_almacenamiento,Neurona H1_20,-0.13257435122331168,0.13257435122331168,0.03212534036763743
Capa 1 - Entrada a Oculta 1,capacidad_almacenamiento,Neurona H1_21,0.04845057575238209,0.04845057575238209,0.011740515587600208
Capa 1 - Entrada a Oculta 1,capacidad_almacenamiento,Neurona H1_22,-0.06275109202810798,0.06275109202810798,0.015205808448183722
Capa 1 - Entrada a Oculta 1,capacidad_almacenamiento,Neurona H1_23,0.030863766124637867,0.030863766124637867,0.007478890016297542
Capa 1 - Entrada a Oculta 1,capacidad_almacenamiento,Neurona H1_24,-0.24261779719312032,0.24261779719312032,0.05879100476189924
Capa 1 - Entrada a Oculta 1,capacidad_almacenamiento,Neurona H1_25,0.2334232894660181,0.2334232894660181,0.056562996949524644
Capa 1 - Entrada a Oculta 1,capacidad_almacenamiento,Neurona H1_26,-0.30172677862375746,0.30172677862375746,0.07311425906955206
Capa 1 - Entrada a Oculta 1,capacidad_almacenamiento,Neurona H1_27,-0.19651294075545458,0.19651294075545458,0.047618902526481086
Capa 1 - Entrada a Oculta 1,capacidad_almacenamiento,Neurona H1_28,0.13448043319038358,0.13448043319038358,0.03258722105116163
Capa 1 - Entrada a Oculta 1,capacidad_almacenamiento,Neurona H1_29,-0.2190750767789619,0.2190750767789619,0.05308614632204157
Capa 1 - Entrada a Oculta 1,capacidad_almacenamiento,Neurona H1_30,0.10906807998461776,0.10906807998461776,0.02642931427096765
Capa 1 - Entrada a Oculta 1,capacidad_almacenamiento,Neurona H1_31,0.23422757198893232,0.23422757198893232,0.05675789022685881
Capa 1 - Entrada a Oculta 1,capacidad_almacenamiento,Neurona H1_32,0.1841916097914692,0.1841916097914692,0.04463320470976238
Capa 1 - Entrada a Oculta 1,metros_cuadrados,Neurona H1_1,0.09629550969902043,0.09629550969902043,0.02333427240194709
Capa 1 - Entrada a Oculta 1,metros_cuadrados,Neurona H1_2,0.21819358732128524,0.21819358732128524,0.052872544304780715
Capa 1 - Entrada a Oculta 1,metros_cuadrados,Neurona H1_3,-0.01715256337880744,0.01715256337880744,0.004156399270576022
Capa 1 - Entrada a Oculta 1,metros_cuadrados,Neurona H1_4,0.22745058223930972,0.22745058223930972,0.05511569397723965
Capa 1 - Entrada a Oculta 1,metros_cuadrados,Neurona H1_5,-0.07170846194725726,0.07170846194725726,0.01737635316363022
Capa 1 - Entrada a Oculta 1,metros_cuadrados,Neurona H1_6,0.19650869271615257,0.19650869271615257,0.04761787314404615
Capa 1 - Entrada a Oculta 1,metros_cuadrados,Neurona H1_7,-0.15497829155473158,0.15497829155473158,0.03755425027428117
Capa 1 - Entrada a Oculta 1,metros_cuadrados,Neurona H1_8,0.22449897026314872,0.22449897026314872,0.05440046106459542
Capa 1 - Entrada a Oculta 1,metros_cuadrados,Neurona H1_9,0.16235902308560077,0.16235902308560077,0.03934274488431275
Capa 1 - Entrada a Oculta 1,metros_cuadrados,Neurona H1_10,0.2063160835493,0.2063160835493,0.04999439443738896
Capa 1 - Entrada a Oculta 1,metros_cuadrados,Neurona H1_11,-0.19922602528824965,0.19922602528824965,0.04827633560654498
Capa 1 - Entrada a Oculta 1,metros_cuadrados,Neurona H1_12,0.00941536037442455,0.00941536037442455,0.0022815246985660427
Capa 1 - Entrada a Oculta 1,metros_cuadrados,Neurona H1_13,-0.21281174713155968,0.21281174713155968,0.05156841989229962
Capa 1 - Entrada a Oculta 1,metros_cuadrados,Neurona H1_14,0.10082031892619861,0.10082031892619861,0.024430721565608285
Capa 1 - Entrada a Oculta 1,metros_cuadrados,Neurona H1_15,-0.2541299295538003,0.2541299295538003,0.06158061803951721
Capa 1 - Entrada a Oculta 1,metros_cuadrados,Neurona H1_16,-0.18439201868221375,0.18439201868221375,0.044681767676644446
Capa 1 - Entrada a Oculta 1,metros_cuadrados,Neurona H1_17,-0.13853795383188694,0.13853795383188694,0.03357043711410465
Capa 1 - Entrada a Oculta 1,metros_cuadrados,Neurona H1_18,0.19444760245230422,0.19444760245230422,0.04711843093939964
Capa 1 - Entrada a Oculta 1,metros_cuadrados,Neurona H1_19,-0.07756162149466711,0.07756162149466711,0.018794687411179338
Capa 1 - Entrada a Oculta 1,metros_cuadrados,Neurona H1_20,0.04694244013823847,0.04694244013823847,0.011375065034926484
Capa 1 - Entrada a Oculta 1,metros_cuadrados,Neurona H1_21,0.03097864189499211,0.03097864189499211,0.0075067266467511076
Capa 1 - Entrada a Oculta 1,metros_cuadrados,Neurona H1_22,-0.10008139673876125,0.10008139673876125,0.024251666367090745
Capa 1 - Entrada a Oculta 1,metros_cuadrados,Neurona H1_23,-6.020358334645408e-05,6.020358334645408e-05,1.4588497612924265e-05
Capa 1 - Entrada a Oculta 1,metros_cuadrados,Neurona H1_24,0.08171379266940433,0.08171379266940433,0.019800839136775498
Capa 1 - Entrada a Oculta 1,metros_cuadrados,Neurona H1_25,-0.10904764708200979,0.10904764708200979,0.026424362981785972
Capa 1 - Entrada a Oculta 1,metros_cuadrados,Neurona H1_26,-0.04057339188561465,0.04057339188561465,0.00983172093370739
Capa 1 - Entrada a Oculta 1,metros_cuadrados,Neurona H1_27,-0.02318637389616772,0.02318637389616772,0.005618508757029577
Capa 1 - Entrada a Oculta 1,metros_cuadrados,Neurona H1_28,0.21554845660611577,0.21554845660611577,0.05223157775463275
Capa 1 - Entrada a Oculta 1,metros_cuadrados,Neurona H1_29,0.07675281341143188,0.07675281341143188,0.01859869750267689
Capa 1 - Entrada a Oculta 1,metros_cuadrados,Neurona H1_30,0.21443591786215851,0.21443591786215851,0.05196198800750581
Capa 1 - Entrada a Oculta 1,metros_cuadrados,Neurona H1_31,0.04427247255112128,0.04427247255112128,0.01072808002828504
Capa 1 - Entrada a Oculta 1,metros_cuadrados,Neurona H1_32,-0.00673450441198633,0.00673450441198633,0.0016319012270932724
Capa 1 - Entrada a Oculta 1,numero_empleados,Neurona H1_1,-0.2644310257302356,0.2644310257302356,0.06407677372705538
Capa 1 - Entrada a Oculta 1,numero_empleados,Neurona H1_2,-0.006517584097554365,0.006517584097554365,0.0015793372215410697
Capa 1 - Entrada a Oculta 1,numero_empleados,Neurona H1_3,0.23880736719388584,0.23880736719388584,0.05786766356095856
Capa 1 - Entrada a Oculta 1,numero_empleados,Neurona H1_4,-0.10290423742847074,0.10290423742847074,0.0249356954958306
Capa 1 - Entrada a Oculta 1,numero_empleados,Neurona H1_5,-0.2284201651747496,0.2284201651747496,0.05535064275525171
Capa 1 - Entrada a Oculta 1,numero_empleados,Neurona H1_6,-0.06986505151516822,0.06986505151516822,0.01692965901033686
Capa 1 - Entrada a Oculta 1,numero_empleados,Neurona H1_7,-0.03147344774070474,0.03147344774070474,0.007626627714059668
Capa 1 - Entrada a Oculta 1,numero_empleados,Neurona H1_8,0.18009130296275425,0.18009130296275425,0.04363962072259779
Capa 1 - Entrada a Oculta 1,numero_empleados,Neurona H1_9,-0.25093988156067937,0.25093988156067937,0.06080760744868666
Capa 1 - Entrada a Oculta 1,numero_empleados,Neurona H1_10,0.24394463203452463,0.24394463203452463,0.059112522615831296
Capa 1 - Entrada a Oculta 1,numero_empleados,Neurona H1_11,0.08690212246603737,0.08690212246603737,0.02105807222234902
Capa 1 - Entrada a Oculta 1,numero_empleados,Neurona H1_12,0.16657061646392773,0.16657061646392773,0.040363295764029604
Capa 1 - Entrada a Oculta 1,numero_empleados,Neurona H1_13,0.06751950992055315,0.06751950992055315,0.0163612887231873
Capa 1 - Entrada a Oculta 1,numero_empleados,Neurona H1_14,0.11680104844104244,0.11680104844104244,0.028303162729757348
Capa 1 - Entrada a Oculta 1,numero_empleados,Neurona H1_15,-0.07912821933122054,0.07912821933122054,0.0191743044958876
Capa 1 - Entrada a Oculta 1,numero_empleados,Neurona H1_16,-0.07942319204903026,0.07942319204903026,0.019245782114833992
Capa 1 - Entrada a Oculta 1,numero_empleados,Neurona H1_17,-0.0579210840835439,0.0579210840835439,0.014035403707253485
Capa 1 - Entrada a Oculta 1,numero_empleados,Neurona H1_18,0.11747249874852139,0.11747249874852139,0.02846586818121667
Capa 1 - Entrada a Oculta 1,numero_empleados,Neurona H1_19,-0.06861260416944163,0.06861260416944163,0.016626166691477706
Capa 1 - Entrada a Oculta 1,numero_empleados,Neurona H1_20,-0.12571646381775062,0.12571646381775062,0.03046354104466368
Capa 1 - Entrada a Oculta 1,numero_empleados,Neurona H1_21,0.2259657377797819,0.2259657377797819,0.054755887323726535
Capa 1 - Entrada a Oculta 1,numero_empleados,Neurona H1_22,0.2349752739904373,0.2349752739904373,0.056939072944860204
Capa 1 - Entrada a Oculta 1,numero_empleados,Neurona H1_23,-0.11098408673366938,0.11098408673366938,0.02689359992194016
Capa 1 - Entrada a Oculta 1,numero_empleados,Neurona H1_24,0.07086111934803553,0.07086111934803553,0.017171025593426655
Capa 1 - Entrada a Oculta 1,numero_empleados,Neurona H1_25,-0.14641703852201146,0.14641703852201146,0.03547969237441765
Capa 1 - Entrada a Oculta 1,numero_empleados,Neurona H1_26,-0.16278273657607897,0.16278273657607897,0.03944541889308119
Capa 1 - Entrada a Oculta 1,numero_empleados,Neurona H1_27,-0.07097433658029947,0.07097433658029947,0.017198460327886224
Capa 1 - Entrada a Oculta 1,numero_empleados,Neurona H1_28,-0.08934549603511846,0.08934549603511846,0.021650149097157186
Capa 1 - Entrada a Oculta 1,numero_empleados,Neurona H1_29,0.23095420485080131,0.23095420485080131,0.05596468978883768
Capa 1 - Entrada a Oculta 1,numero_empleados,Neurona H1_30,0.13784438686636838,0.13784438686636838,0.033402372366818034
Capa 1 - Entrada a Oculta 1,numero_empleados,Neurona H1_31,0.12505341323318697,0.12505341323318697,0.030302871009219277
Capa 1 - Entrada a Oculta 1,numero_empleados,Neurona H1_32,0.23325701975039065,0.23325701975039065,0.056522706567877855
Capa 1 - Entrada a Oculta 1,margen_ganancia,Neurona H1_1,-0.05317417062651822,0.05317417062651822,0.0128851343746448
Capa 1 - Entrada a Oculta 1,margen_ganancia,Neurona H1_2,-0.1321747862058905,0.1321747862058905,0.032028518002940085
Capa 1 - Entrada a Oculta 1,margen_ganancia,Neurona H1_3,-0.17601028759497667,0.17601028759497667,0.042650711431127246
Capa 1 - Entrada a Oculta 1,margen_ganancia,Neurona H1_4,-0.06862842874319414,0.06862842874319414,0.016630001293067537
Capa 1 - Entrada a Oculta 1,margen_ganancia,Neurona H1_5,-0.18136085160135024,0.18136085160135024,0.04394725701688724
Capa 1 - Entrada a Oculta 1,margen_ganancia,Neurona H1_6,-0.2329610550830146,0.2329610550830146,0.056450988580284356
Capa 1 - Entrada a Oculta 1,margen_ganancia,Neurona H1_7,0.09454305466554566,0.09454305466554566,0.02290961850841586
Capa 1 - Entrada a Oculta 1,margen_ganancia,Neurona H1_8,-0.06915597055806103,0.06915597055806103,0.016757834921551328
Capa 1 - Entrada a Oculta 1,margen_ganancia,Neurona H1_9,0.024819730111981034,0.024819730111981034,0.006014302693718082
Capa 1 - Entrada a Oculta 1,margen_ganancia,Neurona H1_10,-0.12122621839196435,0.12122621839196435,0.029375467361431915
Capa 1 - Entrada a Oculta 1,margen_ganancia,Neurona H1_11,0.07986552857152596,0.07986552857152596,0.019352968845985894
Capa 1 - Entrada a Oculta 1,margen_ganancia,Neurona H1_12,-0.1790904292266776,0.1790904292266776,0.04339708957581261
Capa 1 - Entrada a Oculta 1,margen_ganancia,Neurona H1_13,-0.07045146082507978,0.07045146082507978,0.017071757376286453
Capa 1 - Entrada a Oculta 1,margen_ganancia,Neurona H1_14,0.112948889716349,0.112948889716349,0.027369709848117443
Capa 1 - Entrada a Oculta 1,margen_ganancia,Neurona H1_15,0.028800220350547596,0.028800220350547596,0.006978852793824653
Capa 1 - Entrada a Oculta 1,margen_ganancia,Neurona H1_16,-0.056923996491067476,0.056923996491067476,0.013793790016603037
Capa 1 - Entrada a Oculta 1,margen_ganancia,Neurona H1_17,0.032724349819981104,0.032724349819981104,0.007929745584843351
Capa 1 - Entrada a Oculta 1,margen_ganancia,Neurona H1_18,0.06621967750177696,0.06621967750177696,0.016046314080741288
Capa 1 - Entrada a Oculta 1,margen_ganancia,Neurona H1_19,0.19711229798312577,0.19711229798312577,0.047764138424398535
Capa 1 - Entrada a Oculta 1,margen_ganancia,Neurona H1_20,0.08204824019998927,0.08204824019998927,0.01988188226959882
Capa 1 - Entrada a Oculta 1,margen_ganancia,Neurona H1_21,-0.13855747238270394,0.13855747238270394,0.0335751668380874
Capa 1 - Entrada a Oculta 1,margen_ganancia,Neurona H1_22,0.15920531601214807,0.15920531601214807,0.038578540404187955
Capa 1 - Entrada a Oculta 1,margen_ganancia,Neurona H1_23,0.10675606789588533,0.10675606789588533,0.025869068834355913
Capa 1 - Entrada a Oculta 1,margen_ganancia,Neurona H1_24,-0.15616858299039285,0.15616858299039285,0.03784268100884228
Capa 1 - Entrada a Oculta 1,margen_ganancia,Neurona H1_25,0.20685655799415065,0.20685655799415065,0.05012536189331556
Capa 1 - Entrada a Oculta 1,margen_ganancia,Neurona H1_26,-0.07170560448981249,0.07170560448981249,0.017375660746189348
Capa 1 - Entrada a Oculta 1,margen_ganancia,Neurona H1_27,0.13833505181756967,0.13833505181756967,0.03352127001495557
Capa 1 - Entrada a Oculta 1,margen_ganancia,Neurona H1_28,-0.14168323389618884,0.14168323389618884,0.03433259956622967
Capa 1 - Entrada a Oculta 1,margen_ganancia,Neurona H1_29,-0.05906415208846255,0.05906415208846255,0.014312391287298387
Capa 1 - Entrada a Oculta 1,margen_ganancia,Neurona H1_30,0.2135804428103762,0.2135804428103762,0.05175468978608561
Capa 1 - Entrada a Oculta 1,margen_ganancia,Neurona H1_31,0.06855757396196174,0.06855757396196174,0.016612831803322643
Capa 1 - Entrada a Oculta 1,margen_ganancia,Neurona H1_32,0.1253800945575916,0.1253800945575916,0.030382032239437726
Capa 1 - Entrada a Oculta 1,precio_costo,Neurona H1_1,0.09638114845909469,0.09638114845909469,0.023355024336922915
Capa 1 - Entrada a Oculta 1,precio_costo,Neurona H1_2,-0.13402367280892008,0.13402367280892008,0.0324765391388191
Capa 1 - Entrada a Oculta 1,precio_costo,Neurona H1_3,-0.011875411697382756,0.011875411697382756,0.002877642917080037
Capa 1 - Entrada a Oculta 1,precio_costo,Neurona H1_4,0.13129042520555442,0.13129042520555442,0.031814220155117284
Capa 1 - Entrada a Oculta 1,precio_costo,Neurona H1_5,0.09025823973091873,0.09025823973091873,0.021871324623384033
Capa 1 - Entrada a Oculta 1,precio_costo,Neurona H1_6,-0.25335543050109394,0.25335543050109394,0.06139294187551551
Capa 1 - Entrada a Oculta 1,precio_costo,Neurona H1_7,-0.2428530313976875,0.2428530313976875,0.0588480065787522
Capa 1 - Entrada a Oculta 1,precio_costo,Neurona H1_8,-0.07920438881407345,0.07920438881407345,0.01919276184106559
Capa 1 - Entrada a Oculta 1,precio_costo,Neurona H1_9,0.23315903420735168,0.23315903420735168,0.05649896276757117
Capa 1 - Entrada a Oculta 1,precio_costo,Neurona H1_10,-0.039565409459151456,0.039565409459151456,0.009587467213165453
Capa 1 - Entrada a Oculta 1,precio_costo,Neurona H1_11,-0.11009237792458468,0.11009237792458468,0.026677521557336933
Capa 1 - Entrada a Oculta 1,precio_costo,Neurona H1_12,-0.04094245172390072,0.04094245172390072,0.009921151300981028
Capa 1 - Entrada a Oculta 1,precio_costo,Neurona H1_13,-0.17629922834979067,0.17629922834979067,0.042720727388277556
Capa 1 - Entrada a Oculta 1,precio_costo,Neurona H1_14,-0.02954992082363518,0.02954992082363518,0.0071605197803079525
Capa 1 - Entrada a Oculta 1,precio_costo,Neurona H1_15,-0.14233358317233652,0.14233358317233652,0.03449019182794023
Capa 1 - Entrada a Oculta 1,precio_costo,Neurona H1_16,0.15815864571604657,0.15815864571604657,0.03832491186137639
Capa 1 - Entrada a Oculta 1,precio_costo,Neurona H1_17,-0.03226990890587958,0.03226990890587958,0.007819625724494945
Capa 1 - Entrada a Oculta 1,precio_costo,Neurona H1_18,-0.12485111861143082,0.12485111861143082,0.030253851093085486
Capa 1 - Entrada a Oculta 1,precio_costo,Neurona H1_19,0.22531870170395585,0.22531870170395585,0.05459909791480806
Capa 1 - Entrada a Oculta 1,precio_costo,Neurona H1_20,-0.1174201084995147,0.1174201084995147,0.028453173006277064
Capa 1 - Entrada a Oculta 1,precio_costo,Neurona H1_21,0.21300266347560542,0.21300266347560542,0.05161468263073749
Capa 1 - Entrada a Oculta 1,precio_costo,Neurona H1_22,-0.26438926581688055,0.26438926581688055,0.06406665448892314
Capa 1 - Entrada a Oculta 1,precio_costo,Neurona H1_23,0.13402862683137426,0.13402862683137426,0.03247773959468451
Capa 1 - Entrada a Oculta 1,precio_costo,Neurona H1_24,-0.005921457819106882,0.005921457819106882,0.0014348842453770728
Capa 1 - Entrada a Oculta 1,precio_costo,Neurona H1_25,-0.06471819034368698,0.06471819034368698,0.015682474578106065
Capa 1 - Entrada a Oculta 1,precio_costo,Neurona H1_26,-0.23776816101337359,0.23776816101337359,0.05761584371833399
Capa 1 - Entrada a Oculta 1,precio_costo,Neurona H1_27,-0.22953670843125717,0.22953670843125717,0.05562120287355149
Capa 1 - Entrada a Oculta 1,precio_costo,Neurona H1_28,-0.08081985653543355,0.08081985653543355,0.01958422104808979
Capa 1 - Entrada a Oculta 1,precio_costo,Neurona H1_29,0.21797188166201034,0.21797188166201034,0.052818820717224636
Capa 1 - Entrada a Oculta 1,precio_costo,Neurona H1_30,0.06374909197990694,0.06374909197990694,0.01544764322121929
Capa 1 - Entrada a Oculta 1,precio_costo,Neurona H1_31,-0.07309137822347586,0.07309137822347586,0.01771146063851905
Capa 1 - Entrada a Oculta 1,precio_costo,Neurona H1_32,0.05546534208244079,0.05546534208244079,0.013440329721127367
Capa 1 - Entrada a Oculta 1,es_fin_semana,Neurona H1_1,-0.18230192977327309,0.18230192977327309,0.044175298537035064
Capa 1 - Entrada a Oculta 1,es_fin_semana,Neurona H1_2,-0.05415405768028144,0.05415405768028144,0.013122580040669296
Capa 1 - Entrada a Oculta 1,es_fin_semana,Neurona H1_3,-0.005641715025619535,0.005641715025619535,0.0013670971329133878
Capa 1 - Entrada a Oculta 1,es_fin_semana,Neurona H1_4,0.10561996356680348,0.10561996356680348,0.02559376868822566
Capa 1 - Entrada a Oculta 1,es_fin_semana,Neurona H1_5,0.002854206848757173,0.002854206848757173,0.0006916297583196693
Capa 1 - Entrada a Oculta 1,es_fin_semana,Neurona H1_6,-0.11394520455107889,0.11394520455107889,0.027611136284556196
Capa 1 - Entrada a Oculta 1,es_fin_semana,Neurona H1_7,0.06161099361105284,0.06161099361105284,0.014929540456958126
Capa 1 - Entrada a Oculta 1,es_fin_semana,Neurona H1_8,0.15797497152145737,0.15797497152145737,0.03828040403642018
Capa 1 - Entrada a Oculta 1,es_fin_semana,Neurona H1_9,-0.09450626021071079,0.09450626021071079,0.02290070249732997
Capa 1 - Entrada a Oculta 1,es_fin_semana,Neurona H1_10,0.11840946842534077,0.11840946842534077,0.02869291413319931
Capa 1 - Entrada a Oculta 1,es_fin_semana,Neurona H1_11,0.243216238450114,0.243216238450114,0.058936018702330104
Capa 1 - Entrada a Oculta 1,es_fin_semana,Neurona H1_12,-0.004810732599788816,0.004810732599788816,0.0011657339504953185
Capa 1 - Entrada a Oculta 1,es_fin_semana,Neurona H1_13,0.0787658081841834,0.0787658081841834,0.019086485235644855
Capa 1 - Entrada a Oculta 1,es_fin_semana,Neurona H1_14,0.04154018100029242,0.04154018100029242,0.01006599271468284
Capa 1 - Entrada a Oculta 1,es_fin_semana,Neurona H1_15,-0.03782721570847325,0.03782721570847325,0.009166269105460749
Capa 1 - Entrada a Oculta 1,es_fin_semana,Neurona H1_16,-0.12774411085134074,0.12774411085134074,0.030954879305031945
Capa 1 - Entrada a Oculta 1,es_fin_semana,Neurona H1_17,-0.10857260709848425,0.10857260709848425,0.026309251566808807
Capa 1 - Entrada a Oculta 1,es_fin_semana,Neurona H1_18,0.021773277823253393,0.021773277823253393,0.005276088131202203
Capa 1 - Entrada a Oculta 1,es_fin_semana,Neurona H1_19,-0.08601086262025022,0.08601086262025022,0.020842102650273253
Capa 1 - Entrada a Oculta 1,es_fin_semana,Neurona H1_20,-0.042068476882426535,0.042068476882426535,0.01019400906831215
Capa 1 - Entrada a Oculta 1,es_fin_semana,Neurona H1_21,0.23613010101981155,0.23613010101981155,0.05721890996493285
Capa 1 - Entrada a Oculta 1,es_fin_semana,Neurona H1_22,-0.055772977700356385,0.055772977700356385,0.013514875806728041
Capa 1 - Entrada a Oculta 1,es_fin_semana,Neurona H1_23,0.01608295550760716,0.01608295550760716,0.0038972125077885987
Capa 1 - Entrada a Oculta 1,es_fin_semana,Neurona H1_24,-0.024577332213722464,0.024577332213722464,0.005955564974739245
Capa 1 - Entrada a Oculta 1,es_fin_semana,Neurona H1_25,0.1236848031562538,0.1236848031562538,0.029971230204294673
Capa 1 - Entrada a Oculta 1,es_fin_semana,Neurona H1_26,-0.0344411019068713,0.0344411019068713,0.00834574796093872
Capa 1 - Entrada a Oculta 1,es_fin_semana,Neurona H1_27,0.1717679426892342,0.1717679426892342,0.04162270885901339
Capa 1 - Entrada a Oculta 1,es_fin_semana,Neurona H1_28,-0.12012463832629881,0.12012463832629881,0.029108533114911635
Capa 1 - Entrada a Oculta 1,es_fin_semana,Neurona H1_29,-0.19528807241720064,0.19528807241720064,0.04732209313681514
Capa 1 - Entrada a Oculta 1,es_fin_semana,Neurona H1_30,0.17882882266128017,0.17882882266128017,0.04333369722368528
Capa 1 - Entrada a Oculta 1,es_fin_semana,Neurona H1_31,0.1256448851959326,0.1256448851959326,0.030446196154285322
Capa 1 - Entrada a Oculta 1,es_fin_semana,Neurona H1_32,-0.09292186518158849,0.09292186518158849,0.022516772807177378
Capa 1 - Entrada a Oculta 1,es_feriado,Neurona H1_1,0.014855824866434898,0.014855824866434898,0.003599854918183558
Capa 1 - Entrada a Oculta 1,es_feriado,Neurona H1_2,-0.1681598614669755,0.1681598614669755,0.04074840069706811
Capa 1 - Entrada a Oculta 1,es_feriado,Neurona H1_3,-0.20861889108556061,0.20861889108556061,0.05055240943215157
Capa 1 - Entrada a Oculta 1,es_feriado,Neurona H1_4,0.1588691718164095,0.1588691718164095,0.03849708613644262
Capa 1 - Entrada a Oculta 1,es_feriado,Neurona H1_5,-0.04288962343645986,0.04288962343645986,0.010392988827946037
Capa 1 - Entrada a Oculta 1,es_feriado,Neurona H1_6,0.10215438464050967,0.10215438464050967,0.024753991600494966
Capa 1 - Entrada a Oculta 1,es_feriado,Neurona H1_7,0.15277575863884865,0.15277575863884865,0.03702053376772645
Capa 1 - Entrada a Oculta 1,es_feriado,Neurona H1_8,-0.10191647192349472,0.10191647192349472,0.024696340728049656
Capa 1 - Entrada a Oculta 1,es_feriado,Neurona H1_9,-0.2627771300624947,0.2627771300624947,0.06367600268221549
Capa 1 - Entrada a Oculta 1,es_feriado,Neurona H1_10,-0.17139057970969038,0.17139057970969038,0.04153126647933641
Capa 1 - Entrada a Oculta 1,es_feriado,Neurona H1_11,0.12110004183713191,0.12110004183713191,0.02934489233139778
Capa 1 - Entrada a Oculta 1,es_feriado,Neurona H1_12,0.19879077070362272,0.19879077070362272,0.04817086496649514
Capa 1 - Entrada a Oculta 1,es_feriado,Neurona H1_13,0.008864025394506363,0.008864025394506363,0.002147925524042291
Capa 1 - Entrada a Oculta 1,es_feriado,Neurona H1_14,-0.025779998922642714,0.025779998922642714,0.0062469944783829
Capa 1 - Entrada a Oculta 1,es_feriado,Neurona H1_15,0.010028597494175083,0.010028597494175083,0.0024301239639312683
Capa 1 - Entrada a Oculta 1,es_feriado,Neurona H1_16,0.17487423400494922,0.17487423400494922,0.04237542358005541
Capa 1 - Entrada a Oculta 1,es_feriado,Neurona H1_17,0.09505894689861118,0.09505894689861118,0.02303462921695279
Capa 1 - Entrada a Oculta 1,es_feriado,Neurona H1_18,-0.10444677423614869,0.10444677423614869,0.025309482125891437
Capa 1 - Entrada a Oculta 1,es_feriado,Neurona H1_19,0.11528766275362122,0.11528766275362122,0.02793643998235333
Capa 1 - Entrada a Oculta 1,es_feriado,Neurona H1_20,-0.1121993818822459,0.1121993818822459,0.02718808954180182
Capa 1 - Entrada a Oculta 1,es_feriado,Neurona H1_21,-0.16453172745443925,0.16453172745443925,0.03986923335454194
Capa 1 - Entrada a Oculta 1,es_feriado,Neurona H1_22,0.07049842529470357,0.07049842529470357,0.01708313777949362
Capa 1 - Entrada a Oculta 1,es_feriado,Neurona H1_23,-0.06636275106915891,0.06636275106915891,0.01608098358511635
Capa 1 - Entrada a Oculta 1,es_feriado,Neurona H1_24,0.10939351199501991,0.10939351199501991,0.02650817276813716
Capa 1 - Entrada a Oculta 1,es_feriado,Neurona H1_25,-0.033451142185303824,0.033451142185303824,0.008105861491858154
Capa 1 - Entrada a Oculta 1,es_feriado,Neurona H1_26,-0.09150836697877583,0.09150836697877583,0.022174254737464844
Capa 1 - Entrada a Oculta 1,es_feriado,Neurona H1_27,0.25018603509474047,0.25018603509474047,0.06062493580760552
Capa 1 - Entrada a Oculta 1,es_feriado,Neurona H1_28,-0.21297790506616762,0.21297790506616762,0.051608683187234196
Capa 1 - Entrada a Oculta 1,es_feriado,Neurona H1_29,0.08376557722745465,0.08376557722745465,0.020298026388157184
Capa 1 - Entrada a Oculta 1,es_feriado,Neurona H1_30,-0.18117429574945335,0.18117429574945335,0.04390205091039333
Capa 1 - Entrada a Oculta 1,es_feriado,Neurona H1_31,0.14400695776335515,0.14400695776335515,0.0348956829942404
Capa 1 - Entrada a Oculta 1,es_feriado,Neurona H1_32,-0.13594334981393807,0.13594334981393807,0.03294171416410171
Capa 1 - Entrada a Oculta 1,trimestre,Neurona H1_1,-0.2351195639430549,0.2351195639430549,0.056974037203004396
Capa 1 - Entrada a Oculta 1,trimestre,Neurona H1_2,0.09908317435699761,0.09908317435699761,0.02400977769495435
Capa 1 - Entrada a Oculta 1,trimestre,Neurona H1_3,0.10741302466967545,0.10741302466967545,0.026028262221086375
Capa 1 - Entrada a Oculta 1,trimestre,Neurona H1_4,0.13591695050236033,0.13591695050236033,0.03293531709813773
Capa 1 - Entrada a Oculta 1,trimestre,Neurona H1_5,-0.2289569876250153,0.2289569876250153,0.055480725261955625
Capa 1 - Entrada a Oculta 1,trimestre,Neurona H1_6,-0.10935679881098632,0.10935679881098632,0.026499276450544992
Capa 1 - Entrada a Oculta 1,trimestre,Neurona H1_7,0.014984484696385475,0.014984484696385475,0.0036310316940128618
Capa 1 - Entrada a Oculta 1,trimestre,Neurona H1_8,-0.11308546305268216,0.11308546305268216,0.027402804220251736
Capa 1 - Entrada a Oculta 1,trimestre,Neurona H1_9,0.15275795341014825,0.15275795341014825,0.03701621921497137
Capa 1 - Entrada a Oculta 1,trimestre,Neurona H1_10,-0.126626496015497,0.126626496015497,0.03068405952224512
Capa 1 - Entrada a Oculta 1,trimestre,Neurona H1_11,0.056628432756451116,0.056628432756451116,0.01372216918280475
Capa 1 - Entrada a Oculta 1,trimestre,Neurona H1_12,0.2261999214225606,0.2261999214225606,0.05481263456905249
Capa 1 - Entrada a Oculta 1,trimestre,Neurona H1_13,0.19920989365926653,0.19920989365926653,0.04827242659950866
Capa 1 - Entrada a Oculta 1,trimestre,Neurona H1_14,-0.12845231712176172,0.12845231712176172,0.031126491440243875
Capa 1 - Entrada a Oculta 1,trimestre,Neurona H1_15,-0.2044935621650392,0.2044935621650392,0.04955276210612411
Capa 1 - Entrada a Oculta 1,trimestre,Neurona H1_16,0.20984882025691076,0.20984882025691076,0.05085044515997614
Capa 1 - Entrada a Oculta 1,trimestre,Neurona H1_17,0.1944725819753897,0.1944725819753897,0.047124483963034584
Capa 1 - Entrada a Oculta 1,trimestre,Neurona H1_18,0.1051019830269987,0.1051019830269987,0.025468251942403455
Capa 1 - Entrada a Oculta 1,trimestre,Neurona H1_19,-0.0019663748424053294,0.0019663748424053294,0.0004764908183199377
Capa 1 - Entrada a Oculta 1,trimestre,Neurona H1_20,0.06401910976303037,0.06401910976303037,0.015513073774777448
Capa 1 - Entrada a Oculta 1,trimestre,Neurona H1_21,-0.1646382249495839,0.1646382249495839,0.039895039766176275
Capa 1 - Entrada a Oculta 1,trimestre,Neurona H1_22,-0.06340111013109043,0.06340111013109043,0.015363320460203772
Capa 1 - Entrada a Oculta 1,trimestre,Neurona H1_23,0.022212610142464256,0.022212610142464256,0.0053825468855458625
Capa 1 - Entrada a Oculta 1,trimestre,Neurona H1_24,-0.1914071105032492,0.1914071105032492,0.046381660682957467
Capa 1 - Entrada a Oculta 1,trimestre,Neurona H1_25,0.1982731869951314,0.1982731869951314,0.04804544438060806
Capa 1 - Entrada a Oculta 1,trimestre,Neurona H1_26,0.036269736021609746,0.036269736021609746,0.008788861525529304
Capa 1 - Entrada a Oculta 1,trimestre,Neurona H1_27,-0.033166467516729276,0.033166467516729276,0.008036879290266256
Capa 1 - Entrada a Oculta 1,trimestre,Neurona H1_28,-0.08823272889320746,0.08823272889320746,0.021380504004769752
Capa 1 - Entrada a Oculta 1,trimestre,Neurona H1_29,0.20062066684962085,0.20062066684962085,0.04861428434577309
Capa 1 - Entrada a Oculta 1,trimestre,Neurona H1_30,-0.02131663688793839,0.02131663688793839,0.00516543516298152
Capa 1 - Entrada a Oculta 1,trimestre,Neurona H1_31,0.21878434121139126,0.21878434121139126,0.05301569544689865
Capa 1 - Entrada a Oculta 1,trimestre,Neurona H1_32,0.10597080900426593,0.10597080900426593,0.025678785352391185
Capa 1 - Entrada a Oculta 1,score_riesgo,Neurona H1_1,0.2071386937657703,0.2071386937657703,0.05019372887086086
Capa 1 - Entrada a Oculta 1,score_riesgo,Neurona H1_2,-0.10307313672038199,0.10307313672038199,0.02497662307488669
Capa 1 - Entrada a Oculta 1,score_riesgo,Neurona H1_3,-0.07030140219229208,0.07030140219229208,0.017035395254888726
Capa 1 - Entrada a Oculta 1,score_riesgo,Neurona H1_4,0.07430610543480262,0.07430610543480262,0.018005812636153726
Capa 1 - Entrada a Oculta 1,score_riesgo,Neurona H1_5,-0.02978158687526061,0.02978158687526061,0.007216656964396884
Capa 1 - Entrada a Oculta 1,score_riesgo,Neurona H1_6,0.21003248020089332,0.21003248020089332,0.05089494953173356
Capa 1 - Entrada a Oculta 1,score_riesgo,Neurona H1_7,-0.024038349599763333,0.024038349599763333,0.0058249590184143284
Capa 1 - Entrada a Oculta 1,score_riesgo,Neurona H1_8,-0.011964286227118023,0.011964286227118023,0.002899178941894897
Capa 1 - Entrada a Oculta 1,score_riesgo,Neurona H1_9,0.051696910581692235,0.051696910581692235,0.012527165572130296
Capa 1 - Entrada a Oculta 1,score_riesgo,Neurona H1_10,-0.024885166627891364,0.024885166627891364,0.006030159232533428
Capa 1 - Entrada a Oculta 1,score_riesgo,Neurona H1_11,0.2420214003473506,0.2420214003473506,0.05864648622201767
Capa 1 - Entrada a Oculta 1,score_riesgo,Neurona H1_12,-0.23004968357417624,0.23004968357417624,0.05574550671448565
Capa 1 - Entrada a Oculta 1,score_riesgo,Neurona H1_13,-0.11167142826364763,0.11167142826364763,0.027060156125275226
Capa 1 - Entrada a Oculta 1,score_riesgo,Neurona H1_14,-0.1050963213188598,0.1050963213188598,0.025466880000550855
Capa 1 - Entrada a Oculta 1,score_riesgo,Neurona H1_15,-0.1817326498910702,0.1817326498910702,0.0440373509641338
Capa 1 - Entrada a Oculta 1,score_riesgo,Neurona H1_16,-0.09353501071084266,0.09353501071084266,0.022665349878386323
Capa 1 - Entrada a Oculta 1,score_riesgo,Neurona H1_17,0.14466696976236826,0.14466696976236826,0.03505561672138575
Capa 1 - Entrada a Oculta 1,score_riesgo,Neurona H1_18,0.0017090875831068258,0.0017090875831068258,0.0004141451179566865
Capa 1 - Entrada a Oculta 1,score_riesgo,Neurona H1_19,-0.23758990465387828,0.23758990465387828,0.057572648740054695
Capa 1 - Entrada a Oculta 1,score_riesgo,Neurona H1_20,0.27406698060759355,0.27406698060759355,0.06641175275841335
Capa 1 - Entrada a Oculta 1,score_riesgo,Neurona H1_21,0.05905833681123715,0.05905833681123715,0.014310982132673272
Capa 1 - Entrada a Oculta 1,score_riesgo,Neurona H1_22,-0.19752661211610503,0.19752661211610503,0.04786453478627596
Capa 1 - Entrada a Oculta 1,score_riesgo,Neurona H1_23,0.0557549992245785,0.0557549992245785,0.013510519272841009
Capa 1 - Entrada a Oculta 1,score_riesgo,Neurona H1_24,-0.06354439295621889,0.06354439295621889,0.015398040671795343
Capa 1 - Entrada a Oculta 1,score_riesgo,Neurona H1_25,-0.1665869195916592,0.1665869195916592,0.040367246328543764
Capa 1 - Entrada a Oculta 1,score_riesgo,Neurona H1_26,0.029792815391745085,0.029792815391745085,0.0072193778520388665
Capa 1 - Entrada a Oculta 1,score_riesgo,Neurona H1_27,0.11383592373230621,0.11383592373230621,0.02758465541954474
Capa 1 - Entrada a Oculta 1,score_riesgo,Neurona H1_28,0.08285121098282029,0.08285121098282029,0.02007645768683216
Capa 1 - Entrada a Oculta 1,score_riesgo,Neurona H1_29,-0.10963461012366692,0.10963461012366692,0.02656659552769296
Capa 1 - Entrada a Oculta 1,score_riesgo,Neurona H1_30,-0.004762346543358387,0.004762346543358387,0.0011540090691926227
Capa 1 - Entrada a Oculta 1,score_riesgo,Neurona H1_31,0.019438258218357252,0.019438258218357252,0.004710267526536068
Capa 1 - Entrada a Oculta 1,score_riesgo,Neurona H1_32,0.10261731576893728,0.10261731576893728,0.024866168804684785
Capa 1 - Entrada a Oculta 1,clase_riesgo,Neurona H1_1,-0.09534296442111143,0.09534296442111143,0.02310345217928677
Capa 1 - Entrada a Oculta 1,clase_riesgo,Neurona H1_2,0.1780197230143269,0.1780197230143269,0.04313763666363074
Capa 1 - Entrada a Oculta 1,clase_riesgo,Neurona H1_3,0.08675395369297957,0.08675395369297957,0.02102216805067165
Capa 1 - Entrada a Oculta 1,clase_riesgo,Neurona H1_4,-0.15210388093879543,0.15210388093879543,0.0368577247507449
Capa 1 - Entrada a Oculta 1,clase_riesgo,Neurona H1_5,0.025705452503558872,0.025705452503558872,0.0062289304330818375
Capa 1 - Entrada a Oculta 1,clase_riesgo,Neurona H1_6,0.14504090920696164,0.14504090920696164,0.03514622951204699
Capa 1 - Entrada a Oculta 1,clase_riesgo,Neurona H1_7,0.09708443702899786,0.09708443702899786,0.023525444817780117
Capa 1 - Entrada a Oculta 1,clase_riesgo,Neurona H1_8,-0.17114652103539804,0.17114652103539804,0.041472126322066406
Capa 1 - Entrada a Oculta 1,clase_riesgo,Neurona H1_9,-0.027069639621261493,0.027069639621261493,0.006559499469075256
Capa 1 - Entrada a Oculta 1,clase_riesgo,Neurona H1_10,0.1693863995466435,0.1693863995466435,0.04104561469751101
Capa 1 - Entrada a Oculta 1,clase_riesgo,Neurona H1_11,-0.23907725364350685,0.23907725364350685,0.05793306228985811
Capa 1 - Entrada a Oculta 1,clase_riesgo,Neurona H1_12,0.10190280776479732,0.10190280776479732,0.02469302963699063
Capa 1 - Entrada a Oculta 1,clase_riesgo,Neurona H1_13,-0.06200376100785406,0.06200376100785406,0.015024715626145234
Capa 1 - Entrada a Oculta 1,clase_riesgo,Neurona H1_14,-0.031567371793020896,0.031567371793020896,0.007649387336275595
Capa 1 - Entrada a Oculta 1,clase_riesgo,Neurona H1_15,-0.0670593208581372,0.0670593208581372,0.01624977597485279
Capa 1 - Entrada a Oculta 1,clase_riesgo,Neurona H1_16,-0.09528560749603594,0.09528560749603594,0.023089553482265147
Capa 1 - Entrada a Oculta 1,clase_riesgo,Neurona H1_17,0.07790629352774281,0.07790629352774281,0.01887820813955244
Capa 1 - Entrada a Oculta 1,clase_riesgo,Neurona H1_18,-0.27858512722615597,0.27858512722615597,0.06750658744259536
Capa 1 - Entrada a Oculta 1,clase_riesgo,Neurona H1_19,0.13709154776042756,0.13709154776042756,0.033219944828630964
Capa 1 - Entrada a Oculta 1,clase_riesgo,Neurona H1_20,0.09709992390834173,0.09709992390834173,0.023529197589455507
Capa 1 - Entrada a Oculta 1,clase_riesgo,Neurona H1_21,0.19240535642437048,0.19240535642437048,0.046623555059137435
Capa 1 - Entrada a Oculta 1,clase_riesgo,Neurona H1_22,0.11514646707090362,0.11514646707090362,0.027902225525907653
Capa 1 - Entrada a Oculta 1,clase_riesgo,Neurona H1_23,-0.3048311198675655,0.3048311198675655,0.07386650125029369
Capa 1 - Entrada a Oculta 1,clase_riesgo,Neurona H1_24,-0.18383537646734463,0.18383537646734463,0.04454688245600667
Capa 1 - Entrada a Oculta 1,clase_riesgo,Neurona H1_25,0.2234281017754166,0.2234281017754166,0.05414096882993668
Capa 1 - Entrada a Oculta 1,clase_riesgo,Neurona H1_26,0.03623877805956865,0.03623877805956865,0.008781359810012828
Capa 1 - Entrada a Oculta 1,clase_riesgo,Neurona H1_27,-0.03525582303842546,0.03525582303842546,0.008543170715901308
Capa 1 - Entrada a Oculta 1,clase_riesgo,Neurona H1_28,-0.10225798830889651,0.10225798830889651,0.024779096781697447
Capa 1 - Entrada a Oculta 1,clase_riesgo,Neurona H1_29,-0.0582151746400702,0.0582151746400702,0.014106667561386186
Capa 1 - Entrada a Oculta 1,clase_riesgo,Neurona H1_30,0.17734123596418194,0.17734123596418194,0.042973226072744834
Capa 1 - Entrada a Oculta 1,clase_riesgo,Neurona H1_31,-0.058134036517651116,0.058134036517651116,0.01408700621833263
Capa 1 - Entrada a Oculta 1,clase_riesgo,Neurona H1_32,0.08586313266461519,0.08586313266461519,0.020806304812580823
Capa 1 - Entrada a Oculta 1,origen_REAL,Neurona H1_1,0.01435679894464513,0.01435679894464513,0.003478931244472595
Capa 1 - Entrada a Oculta 1,origen_REAL,Neurona H1_2,0.0010727429330512548,0.0010727429330512548,0.0002599464491679855
Capa 1 - Entrada a Oculta 1,origen_REAL,Neurona H1_3,0.4097316553111771,0.4097316553111771,0.09928593853041268
Capa 1 - Entrada a Oculta 1,origen_REAL,Neurona H1_4,0.35271883248937635,0.35271883248937635,0.08547062416854916
Capa 1 - Entrada a Oculta 1,origen_REAL,Neurona H1_5,0.09912199843383285,0.09912199843383285,0.02401918552287342
Capa 1 - Entrada a Oculta 1,origen_REAL,Neurona H1_6,0.07710086274806068,0.07710086274806068,0.018683036617300176
Capa 1 - Entrada a Oculta 1,origen_REAL,Neurona H1_7,0.3256746736751887,0.3256746736751887,0.07891729919395593
Capa 1 - Entrada a Oculta 1,origen_REAL,Neurona H1_8,0.0481469088128473,0.0481469088128473,0.011666931189857075
Capa 1 - Entrada a Oculta 1,origen_REAL,Neurona H1_9,0.07545172930084433,0.07545172930084433,0.018283419550992674
Capa 1 - Entrada a Oculta 1,origen_REAL,Neurona H1_10,0.32459655219194566,0.32459655219194566,0.07865604941760587
Capa 1 - Entrada a Oculta 1,origen_REAL,Neurona H1_11,-0.21307950611763898,0.21307950611763898,0.05163330309546011
Capa 1 - Entrada a Oculta 1,origen_REAL,Neurona H1_12,-0.24666153986903955,0.24666153986903955,0.05977088215616404
Capa 1 - Entrada a Oculta 1,origen_REAL,Neurona H1_13,0.06335778048851748,0.06335778048851748,0.015352820846192317
Capa 1 - Entrada a Oculta 1,origen_REAL,Neurona H1_14,-0.3504794594931379,0.3504794594931379,0.08492798059495868
Capa 1 - Entrada a Oculta 1,origen_REAL,Neurona H1_15,0.06949718223867812,0.06949718223867812,0.016840517139311336
Capa 1 - Entrada a Oculta 1,origen_REAL,Neurona H1_16,-0.1818636959586289,0.1818636959586289,0.044069105971684785
Capa 1 - Entrada a Oculta 1,origen_REAL,Neurona H1_17,-0.008985147769004722,0.008985147769004722,0.0021772758280112843
Capa 1 - Entrada a Oculta 1,origen_REAL,Neurona H1_18,-0.3265196196609014,0.3265196196609014,0.07912204601815548
Capa 1 - Entrada a Oculta 1,origen_REAL,Neurona H1_19,0.10312593203088456,0.10312593203088456,0.02498941640409449
Capa 1 - Entrada a Oculta 1,origen_REAL,Neurona H1_20,-0.2329300530571949,0.2329300530571949,0.05644347618725846
Capa 1 - Entrada a Oculta 1,origen_REAL,Neurona H1_21,0.07961901117432046,0.07961901117432046,0.019293232892396876
Capa 1 - Entrada a Oculta 1,origen_REAL,Neurona H1_22,-0.23830990957730852,0.23830990957730852,0.05774711991806265
Capa 1 - Entrada a Oculta 1,origen_REAL,Neurona H1_23,-0.41738428862215216,0.41738428862215216,0.10114032022306518
Capa 1 - Entrada a Oculta 1,origen_REAL,Neurona H1_24,-0.23920153671426092,0.23920153671426092,0.057963178491921855
Capa 1 - Entrada a Oculta 1,origen_REAL,Neurona H1_25,-0.028362227312849195,0.028362227312849195,0.006872718573405083
Capa 1 - Entrada a Oculta 1,origen_REAL,Neurona H1_26,0.0839473207882248,0.0839473207882248,0.02034206638303925
Capa 1 - Entrada a Oculta 1,origen_REAL,Neurona H1_27,0.2918131470784465,0.2918131470784465,0.0707119935880789
Capa 1 - Entrada a Oculta 1,origen_REAL,Neurona H1_28,0.21959071454669404,0.21959071454669404,0.053211095368685596
Capa 1 - Entrada a Oculta 1,origen_REAL,Neurona H1_29,0.11305266242681195,0.11305266242681195,0.027394855991498365
Capa 1 - Entrada a Oculta 1,origen_REAL,Neurona H1_30,-0.12200819244439552,0.12200819244439552,0.029564954863058057
Capa 1 - Entrada a Oculta 1,origen_REAL,Neurona H1_31,0.22170453495784562,0.22170453495784562,0.053723315112231
Capa 1 - Entrada a Oculta 1,origen_REAL,Neurona H1_32,0.07071974067801215,0.07071974067801215,0.017136766795602526
Capa 1 - Entrada a Oculta 1,origen_SINTETICO,Neurona H1_1,-0.0016697335482960159,0.0016697335482960159,0.0004046088709264629
Capa 1 - Entrada a Oculta 1,origen_SINTETICO,Neurona H1_2,-0.020321911224528602,0.020321911224528602,0.004924393813620994
Capa 1 - Entrada a Oculta 1,origen_SINTETICO,Neurona H1_3,-0.14466487019038454,0.14466487019038454,0.03505510795431292
Capa 1 - Entrada a Oculta 1,origen_SINTETICO,Neurona H1_4,-0.2769532244312334,0.2769532244312334,0.06711114569801928
Capa 1 - Entrada a Oculta 1,origen_SINTETICO,Neurona H1_5,-0.010553011238257406,0.010553011238257406,0.002557199600105676
Capa 1 - Entrada a Oculta 1,origen_SINTETICO,Neurona H1_6,0.3176230540712642,0.3176230540712642,0.07696623537278646
Capa 1 - Entrada a Oculta 1,origen_SINTETICO,Neurona H1_7,-0.4458044473647561,0.4458044473647561,0.1080270767071346
Capa 1 - Entrada a Oculta 1,origen_SINTETICO,Neurona H1_8,-0.1722809747111747,0.1722809747111747,0.04174702648283924
Capa 1 - Entrada a Oculta 1,origen_SINTETICO,Neurona H1_9,-0.0673138037574446,0.0673138037574446,0.016311442124319533
Capa 1 - Entrada a Oculta 1,origen_SINTETICO,Neurona H1_10,0.011250185848693759,0.011250185848693759,0.0027261385498291925
Capa 1 - Entrada a Oculta 1,origen_SINTETICO,Neurona H1_11,0.18741416164035807,0.18741416164035807,0.04541409161618618
Capa 1 - Entrada a Oculta 1,origen_SINTETICO,Neurona H1_12,0.08225741714834475,0.08225741714834475,0.019932569907146938
Capa 1 - Entrada a Oculta 1,origen_SINTETICO,Neurona H1_13,0.331843990792741,0.331843990792741,0.08041224456165696
Capa 1 - Entrada a Oculta 1,origen_SINTETICO,Neurona H1_14,0.3472667013289678,0.3472667013289678,0.08414946688857047
Capa 1 - Entrada a Oculta 1,origen_SINTETICO,Neurona H1_15,-0.06687955842976671,0.06687955842976671,0.016206216046831815
Capa 1 - Entrada a Oculta 1,origen_SINTETICO,Neurona H1_16,0.3691495095922612,0.3691495095922612,0.08945209637286575
Capa 1 - Entrada a Oculta 1,origen_SINTETICO,Neurona H1_17,0.1537284942510884,0.1537284942510884,0.03725140011209208
Capa 1 - Entrada a Oculta 1,origen_SINTETICO,Neurona H1_18,0.07786456912134015,0.07786456912134015,0.01886809750544445
Capa 1 - Entrada a Oculta 1,origen_SINTETICO,Neurona H1_19,-0.010141666479423214,0.010141666479423214,0.0024575227752594193
Capa 1 - Entrada a Oculta 1,origen_SINTETICO,Neurona H1_20,0.2807532702289646,0.2807532702289646,0.06803197060523752
Capa 1 - Entrada a Oculta 1,origen_SINTETICO,Neurona H1_21,-0.08454214934658073,0.08454214934658073,0.020486204896418714
Capa 1 - Entrada a Oculta 1,origen_SINTETICO,Neurona H1_22,0.09979644632049449,0.09979644632049449,0.02418261734599238
Capa 1 - Entrada a Oculta 1,origen_SINTETICO,Neurona H1_23,0.15912551673436742,0.15912551673436742,0.03855920348919542
Capa 1 - Entrada a Oculta 1,origen_SINTETICO,Neurona H1_24,-0.12077482045791317,0.12077482045791317,0.029266084874255218
Capa 1 - Entrada a Oculta 1,origen_SINTETICO,Neurona H1_25,0.05718119962206364,0.05718119962206364,0.01385611533104456
Capa 1 - Entrada a Oculta 1,origen_SINTETICO,Neurona H1_26,0.25402807157722035,0.25402807157722035,0.06155593587334708
Capa 1 - Entrada a Oculta 1,origen_SINTETICO,Neurona H1_27,-0.07674851007591339,0.07674851007591339,0.01859765472089465
Capa 1 - Entrada a Oculta 1,origen_SINTETICO,Neurona H1_28,0.06724392679252365,0.06724392679252365,0.016294509578459574
Capa 1 - Entrada a Oculta 1,origen_SINTETICO,Neurona H1_29,-0.21301156269300273,0.21301156269300273,0.051616839083967365
Capa 1 - Entrada a Oculta 1,origen_SINTETICO,Neurona H1_30,0.43957533508202157,0.43957533508202157,0.10651764180947478
Capa 1 - Entrada a Oculta 1,origen_SINTETICO,Neurona H1_31,-0.1624835347160024,0.1624835347160024,0.03937291647081854
Capa 1 - Entrada a Oculta 1,origen_SINTETICO,Neurona H1_32,-0.36748750448193945,0.36748750448193945,0.08904936025257425
Capa 1 - Entrada a Oculta 1,calificacion_proveedor_A,Neurona H1_1,-0.22084557328308238,0.22084557328308238,0.05351517201433989
Capa 1 - Entrada a Oculta 1,calificacion_proveedor_A,Neurona H1_2,0.22739523461023164,0.22739523461023164,0.055102282171665885
Capa 1 - Entrada a Oculta 1,calificacion_proveedor_A,Neurona H1_3,0.24639176739115215,0.24639176739115215,0.059705511044829275
Capa 1 - Entrada a Oculta 1,calificacion_proveedor_A,Neurona H1_4,0.06218061196144476,0.06218061196144476,0.015067570047275854
Capa 1 - Entrada a Oculta 1,calificacion_proveedor_A,Neurona H1_5,-0.2433977597533615,0.2433977597533615,0.0589800048398974
Capa 1 - Entrada a Oculta 1,calificacion_proveedor_A,Neurona H1_6,-0.21777224121376038,0.21777224121376038,0.05277044395888489
Capa 1 - Entrada a Oculta 1,calificacion_proveedor_A,Neurona H1_7,0.16282005062705246,0.16282005062705246,0.03945446081240388
Capa 1 - Entrada a Oculta 1,calificacion_proveedor_A,Neurona H1_8,0.2063536230762818,0.2063536230762818,0.05000349099392801
Capa 1 - Entrada a Oculta 1,calificacion_proveedor_A,Neurona H1_9,-0.04720311047246225,0.04720311047246225,0.011438230520055498
Capa 1 - Entrada a Oculta 1,calificacion_proveedor_A,Neurona H1_10,-0.03806638576753862,0.03806638576753862,0.009224224656306935
Capa 1 - Entrada a Oculta 1,calificacion_proveedor_A,Neurona H1_11,-0.09419937032456498,0.09419937032456498,0.02282633711702188
Capa 1 - Entrada a Oculta 1,calificacion_proveedor_A,Neurona H1_12,-0.20649118671347585,0.20649118671347585,0.050036825335196065
Capa 1 - Entrada a Oculta 1,calificacion_proveedor_A,Neurona H1_13,-0.17214909546886298,0.17214909546886298,0.04171506958086237
Capa 1 - Entrada a Oculta 1,calificacion_proveedor_A,Neurona H1_14,0.15363989212325077,0.15363989212325077,0.03722993009554804
Capa 1 - Entrada a Oculta 1,calificacion_proveedor_A,Neurona H1_15,0.1443252926452244,0.1443252926452244,0.03497282171931487
Capa 1 - Entrada a Oculta 1,calificacion_proveedor_A,Neurona H1_16,-0.19039446804201296,0.19039446804201296,0.046136277745475546
Capa 1 - Entrada a Oculta 1,calificacion_proveedor_A,Neurona H1_17,-0.12685626025078303,0.12685626025078303,0.030739735859294966
Capa 1 - Entrada a Oculta 1,calificacion_proveedor_A,Neurona H1_18,-0.008976604313060044,0.008976604313060044,0.0021752055826915364
Capa 1 - Entrada a Oculta 1,calificacion_proveedor_A,Neurona H1_19,0.07665446665102679,0.07665446665102679,0.018574866172386267
Capa 1 - Entrada a Oculta 1,calificacion_proveedor_A,Neurona H1_20,0.18249143149633115,0.18249143149633115,0.04422121848533064
Capa 1 - Entrada a Oculta 1,calificacion_proveedor_A,Neurona H1_21,-0.1590374081456256,0.1590374081456256,0.038537853066760566
Capa 1 - Entrada a Oculta 1,calificacion_proveedor_A,Neurona H1_22,0.1547648283724741,0.1547648283724741,0.037502523999004674
Capa 1 - Entrada a Oculta 1,calificacion_proveedor_A,Neurona H1_23,-0.11902276854237762,0.11902276854237762,0.02884152866403064
Capa 1 - Entrada a Oculta 1,calificacion_proveedor_A,Neurona H1_24,0.04353015720477802,0.04353015720477802,0.010548202601457364
Capa 1 - Entrada a Oculta 1,calificacion_proveedor_A,Neurona H1_25,0.020281480167283056,0.020281480167283056,0.004914596583135221
Capa 1 - Entrada a Oculta 1,calificacion_proveedor_A,Neurona H1_26,0.12215882423444911,0.12215882423444911,0.029601455871594063
Capa 1 - Entrada a Oculta 1,calificacion_proveedor_A,Neurona H1_27,0.0915328598418937,0.0915328598418937,0.022180189833936968
Capa 1 - Entrada a Oculta 1,calificacion_proveedor_A,Neurona H1_28,0.07443380555078531,0.07443380555078531,0.018036756854647545
Capa 1 - Entrada a Oculta 1,calificacion_proveedor_A,Neurona H1_29,0.0605712903179863,0.0605712903179863,0.014677600154305954
Capa 1 - Entrada a Oculta 1,calificacion_proveedor_A,Neurona H1_30,0.07106711036603584,0.07106711036603584,0.017220941218167595
Capa 1 - Entrada a Oculta 1,calificacion_proveedor_A,Neurona H1_31,-0.13370881083471772,0.13370881083471772,0.03240024196672855
Capa 1 - Entrada a Oculta 1,calificacion_proveedor_A,Neurona H1_32,-0.24259645648705164,0.24259645648705164,0.05878583349430626
Capa 1 - Entrada a Oculta 1,calificacion_proveedor_A+,Neurona H1_1,0.2293748530963464,0.2293748530963464,0.055581982182095355
Capa 1 - Entrada a Oculta 1,calificacion_proveedor_A+,Neurona H1_2,0.03790426706913921,0.03790426706913921,0.00918494014676205
Capa 1 - Entrada a Oculta 1,calificacion_proveedor_A+,Neurona H1_3,-0.1544233795357917,0.1544233795357917,0.03741978431372362
Capa 1 - Entrada a Oculta 1,calificacion_proveedor_A+,Neurona H1_4,0.06017872159268043,0.06017872159268043,0.014582473127081077
Capa 1 - Entrada a Oculta 1,calificacion_proveedor_A+,Neurona H1_5,0.15542140385255956,0.15542140385255956,0.03766162499086441
Capa 1 - Entrada a Oculta 1,calificacion_proveedor_A+,Neurona H1_6,-0.012567646041350541,0.012567646041350541,0.0030453847442806436
Capa 1 - Entrada a Oculta 1,calificacion_proveedor_A+,Neurona H1_7,0.27418039946175843,0.27418039946175843,0.06643923634977572
Capa 1 - Entrada a Oculta 1,calificacion_proveedor_A+,Neurona H1_8,-0.0028093994529349775,0.0028093994529349775,0.0006807720559926873
Capa 1 - Entrada a Oculta 1,calificacion_proveedor_A+,Neurona H1_9,0.16174690832942645,0.16174690832942645,0.03919441758944234
Capa 1 - Entrada a Oculta 1,calificacion_proveedor_A+,Neurona H1_10,-0.12347777453913483,0.12347777453913483,0.02992106314913341
Capa 1 - Entrada a Oculta 1,calificacion_proveedor_A+,Neurona H1_11,-0.057281405909305645,0.057281405909305645,0.013880397260806405
Capa 1 - Entrada a Oculta 1,calificacion_proveedor_A+,Neurona H1_12,-0.048566064466452744,0.048566064466452744,0.011768500746221811
Capa 1 - Entrada a Oculta 1,calificacion_proveedor_A+,Neurona H1_13,0.07167654729850938,0.07167654729850938,0.017368619624342427
Capa 1 - Entrada a Oculta 1,calificacion_proveedor_A+,Neurona H1_14,0.27008087902364236,0.27008087902364236,0.06544584292032776
Capa 1 - Entrada a Oculta 1,calificacion_proveedor_A+,Neurona H1_15,0.20571448525182945,0.20571448525182945,0.04984861548472957
Capa 1 - Entrada a Oculta 1,calificacion_proveedor_A+,Neurona H1_16,0.1033102332940419,0.1033102332940419,0.025034076179944666
Capa 1 - Entrada a Oculta 1,calificacion_proveedor_A+,Neurona H1_17,-0.20865761880045203,0.20865761880045203,0.050561793909699955
Capa 1 - Entrada a Oculta 1,calificacion_proveedor_A+,Neurona H1_18,-0.1370670949393045,0.1370670949393045,0.033214019435111944
Capa 1 - Entrada a Oculta 1,calificacion_proveedor_A+,Neurona H1_19,-0.09302027207609251,0.09302027207609251,0.022540618709128192
Capa 1 - Entrada a Oculta 1,calificacion_proveedor_A+,Neurona H1_20,0.1072528498504974,0.1072528498504974,0.025989448751233886
Capa 1 - Entrada a Oculta 1,calificacion_proveedor_A+,Neurona H1_21,-0.0820398608799311,0.0820398608799311,0.01987985179759248
Capa 1 - Entrada a Oculta 1,calificacion_proveedor_A+,Neurona H1_22,0.3456999528314648,0.3456999528314648,0.08376981329578777
Capa 1 - Entrada a Oculta 1,calificacion_proveedor_A+,Neurona H1_23,-0.08586005514972153,0.08586005514972153,0.020805559070945785
Capa 1 - Entrada a Oculta 1,calificacion_proveedor_A+,Neurona H1_24,0.17649990718005265,0.17649990718005265,0.04276935576674788
Capa 1 - Entrada a Oculta 1,calificacion_proveedor_A+,Neurona H1_25,0.29848843881864595,0.29848843881864595,0.07232954643467716
Capa 1 - Entrada a Oculta 1,calificacion_proveedor_A+,Neurona H1_26,-0.016327063408144354,0.016327063408144354,0.003956364593533883
Capa 1 - Entrada a Oculta 1,calificacion_proveedor_A+,Neurona H1_27,0.020797524114638526,0.020797524114638526,0.0050396440549914405
Capa 1 - Entrada a Oculta 1,calificacion_proveedor_A+,Neurona H1_28,0.16287398792296037,0.16287398792296037,0.03946753086685681
Capa 1 - Entrada a Oculta 1,calificacion_proveedor_A+,Neurona H1_29,0.23947120459320878,0.23947120459320878,0.05802852425690189
Capa 1 - Entrada a Oculta 1,calificacion_proveedor_A+,Neurona H1_30,-0.062470300329517045,0.062470300329517045,0.015137767165639962
Capa 1 - Entrada a Oculta 1,calificacion_proveedor_A+,Neurona H1_31,0.1265699730065375,0.1265699730065375,0.030670362899296023
Capa 1 - Entrada a Oculta 1,calificacion_proveedor_A+,Neurona H1_32,-0.33143414839618096,0.33143414839618096,0.08031293178837097
Capa 1 - Entrada a Oculta 1,calificacion_proveedor_B,Neurona H1_1,0.22690951787461777,0.22690951787461777,0.05498458357227716
Capa 1 - Entrada a Oculta 1,calificacion_proveedor_B,Neurona H1_2,-0.23674244873007802,0.23674244873007802,0.05736729370910458
Capa 1 - Entrada a Oculta 1,calificacion_proveedor_B,Neurona H1_3,0.14765712788897592,0.14765712788897592,0.03578019011498677
Capa 1 - Entrada a Oculta 1,calificacion_proveedor_B,Neurona H1_4,0.2310776606797646,0.2310776606797646,0.05599460553414752
Capa 1 - Entrada a Oculta 1,calificacion_proveedor_B,Neurona H1_5,0.009163886161726356,0.009163886161726356,0.002220587612304122
Capa 1 - Entrada a Oculta 1,calificacion_proveedor_B,Neurona H1_6,-0.18733186768126447,0.18733186768126447,0.04539415019145593
Capa 1 - Entrada a Oculta 1,calificacion_proveedor_B,Neurona H1_7,0.11429154371847525,0.11429154371847525,0.02769506099195688
Capa 1 - Entrada a Oculta 1,calificacion_proveedor_B,Neurona H1_8,0.08502240548421676,0.08502240548421676,0.020602580286853144
Capa 1 - Entrada a Oculta 1,calificacion_proveedor_B,Neurona H1_9,0.06666769229796868,0.06666769229796868,0.016154876767902046
Capa 1 - Entrada a Oculta 1,calificacion_proveedor_B,Neurona H1_10,-0.14688064187811636,0.14688064187811636,0.03559203247243075
Capa 1 - Entrada a Oculta 1,calificacion_proveedor_B,Neurona H1_11,0.21630035500939765,0.21630035500939765,0.05241377734229376
Capa 1 - Entrada a Oculta 1,calificacion_proveedor_B,Neurona H1_12,0.035888472561617334,0.035888472561617334,0.008696473983678408
Capa 1 - Entrada a Oculta 1,calificacion_proveedor_B,Neurona H1_13,-0.22661951487213974,0.22661951487213974,0.05491431021188521
Capa 1 - Entrada a Oculta 1,calificacion_proveedor_B,Neurona H1_14,0.07071462841673676,0.07071462841673676,0.01713552799539717
Capa 1 - Entrada a Oculta 1,calificacion_proveedor_B,Neurona H1_15,-0.14836526268921255,0.14836526268921255,0.035951784931584824
Capa 1 - Entrada a Oculta 1,calificacion_proveedor_B,Neurona H1_16,-0.23615840009341776,0.23615840009341776,0.05722576738013646
Capa 1 - Entrada a Oculta 1,calificacion_proveedor_B,Neurona H1_17,0.0628803982656499,0.0628803982656499,0.015237141861127946
Capa 1 - Entrada a Oculta 1,calificacion_proveedor_B,Neurona H1_18,0.11716203128282893,0.11716203128282893,0.02839063588389509
Capa 1 - Entrada a Oculta 1,calificacion_proveedor_B,Neurona H1_19,0.18612446963541693,0.18612446963541693,0.04510157419297536
Capa 1 - Entrada a Oculta 1,calificacion_proveedor_B,Neurona H1_20,-0.18943411863251455,0.18943411863251455,0.04590356643014707
Capa 1 - Entrada a Oculta 1,calificacion_proveedor_B,Neurona H1_21,0.06422622838556849,0.06422622838556849,0.015563262639999994
Capa 1 - Entrada a Oculta 1,calificacion_proveedor_B,Neurona H1_22,0.12440341436730845,0.12440341436730845,0.030145363658723157
Capa 1 - Entrada a Oculta 1,calificacion_proveedor_B,Neurona H1_23,-0.10697272858786533,0.10697272858786533,0.025921569928345215
Capa 1 - Entrada a Oculta 1,calificacion_proveedor_B,Neurona H1_24,0.24346044617609838,0.24346044617609838,0.05899519497772021
Capa 1 - Entrada a Oculta 1,calificacion_proveedor_B,Neurona H1_25,-0.026582193870058005,0.026582193870058005,0.0064413818956255186
Capa 1 - Entrada a Oculta 1,calificacion_proveedor_B,Neurona H1_26,-0.29061393313486444,0.29061393313486444,0.07042140075654169
Capa 1 - Entrada a Oculta 1,calificacion_proveedor_B,Neurona H1_27,0.02952262230778226,0.02952262230778226,0.007153904819682355
Capa 1 - Entrada a Oculta 1,calificacion_proveedor_B,Neurona H1_28,0.11250294203284722,0.11250294203284722,0.02726164806251215
Capa 1 - Entrada a Oculta 1,calificacion_proveedor_B,Neurona H1_29,-0.07617319408381396,0.07617319408381396,0.018458244481322692
Capa 1 - Entrada a Oculta 1,calificacion_proveedor_B,Neurona H1_30,-0.08506168352343745,0.08506168352343745,0.020612098118675776
Capa 1 - Entrada a Oculta 1,calificacion_proveedor_B,Neurona H1_31,0.07779354710055604,0.07779354710055604,0.018850887490307784
Capa 1 - Entrada a Oculta 1,calificacion_proveedor_B,Neurona H1_32,0.18486776238480374,0.18486776238480374,0.04479704961641966
Capa 1 - Entrada a Oculta 1,calificacion_proveedor_B+,Neurona H1_1,0.1741053687508153,0.1741053687508153,0.04218911259487626
Capa 1 - Entrada a Oculta 1,calificacion_proveedor_B+,Neurona H1_2,-0.2071373823084782,0.2071373823084782,0.050193411079285814
Capa 1 - Entrada a Oculta 1,calificacion_proveedor_B+,Neurona H1_3,-0.05603635120281086,0.05603635120281086,0.013578696322024512
Capa 1 - Entrada a Oculta 1,calificacion_proveedor_B+,Neurona H1_4,-0.14354537841981105,0.14354537841981105,0.03478383335378432
Capa 1 - Entrada a Oculta 1,calificacion_proveedor_B+,Neurona H1_5,0.13189513229726618,0.13189513229726618,0.031960752429005174
Capa 1 - Entrada a Oculta 1,calificacion_proveedor_B+,Neurona H1_6,0.1160353471626247,0.1160353471626247,0.028117618437349907
Capa 1 - Entrada a Oculta 1,calificacion_proveedor_B+,Neurona H1_7,-0.0905085043431121,0.0905085043431121,0.021931968599948885
Capa 1 - Entrada a Oculta 1,calificacion_proveedor_B+,Neurona H1_8,0.05330715808661334,0.05330715808661334,0.012917359819316122
Capa 1 - Entrada a Oculta 1,calificacion_proveedor_B+,Neurona H1_9,0.09854346972605435,0.09854346972605435,0.02387899677989004
Capa 1 - Entrada a Oculta 1,calificacion_proveedor_B+,Neurona H1_10,-0.033236902767800766,0.033236902767800766,0.008053947119704396
Capa 1 - Entrada a Oculta 1,calificacion_proveedor_B+,Neurona H1_11,0.25267689079563294,0.25267689079563294,0.06122851852522376
Capa 1 - Entrada a Oculta 1,calificacion_proveedor_B+,Neurona H1_12,0.2341482917240274,0.2341482917240274,0.056738679078767146
Capa 1 - Entrada a Oculta 1,calificacion_proveedor_B+,Neurona H1_13,0.1182747223376053,0.1182747223376053,0.02866026253889192
Capa 1 - Entrada a Oculta 1,calificacion_proveedor_B+,Neurona H1_14,0.12823936458685398,0.12823936458685398,0.031074888904738807
Capa 1 - Entrada a Oculta 1,calificacion_proveedor_B+,Neurona H1_15,-0.218822129326723,0.218822129326723,0.053024852241223365
Capa 1 - Entrada a Oculta 1,calificacion_proveedor_B+,Neurona H1_16,-0.17025752946355055,0.17025752946355055,0.04125670639682419
Capa 1 - Entrada a Oculta 1,calificacion_proveedor_B+,Neurona H1_17,-0.10311759584679264,0.10311759584679264,0.024987396384770624
Capa 1 - Entrada a Oculta 1,calificacion_proveedor_B+,Neurona H1_18,0.17425057856051165,0.17425057856051165,0.042224299752257534
Capa 1 - Entrada a Oculta 1,calificacion_proveedor_B+,Neurona H1_19,-0.0925570226489992,0.0925570226489992,0.02242836437498917
Capa 1 - Entrada a Oculta 1,calificacion_proveedor_B+,Neurona H1_20,0.09618543490795457,0.09618543490795457,0.023307599142027225
Capa 1 - Entrada a Oculta 1,calificacion_proveedor_B+,Neurona H1_21,-0.19109336645717187,0.19109336645717187,0.046305634406565765
Capa 1 - Entrada a Oculta 1,calificacion_proveedor_B+,Neurona H1_22,0.11488518012026683,0.11488518012026683,0.027838910622644878
Capa 1 - Entrada a Oculta 1,calificacion_proveedor_B+,Neurona H1_23,0.04373889136172533,0.04373889136172533,0.010598782942046692
Capa 1 - Entrada a Oculta 1,calificacion_proveedor_B+,Neurona H1_24,0.18521352862447713,0.18521352862447713,0.04488083549230477
Capa 1 - Entrada a Oculta 1,calificacion_proveedor_B+,Neurona H1_25,-0.00637699814276516,0.00637699814276516,0.0015452705140155318
Capa 1 - Entrada a Oculta 1,calificacion_proveedor_B+,Neurona H1_26,0.09764774600491322,0.09764774600491322,0.023661945524111647
Capa 1 - Entrada a Oculta 1,calificacion_proveedor_B+,Neurona H1_27,0.04545497762597689,0.04545497762597689,0.011014623976384069
Capa 1 - Entrada a Oculta 1,calificacion_proveedor_B+,Neurona H1_28,0.26010068374084155,0.26010068374084155,0.06302744775235587
Capa 1 - Entrada a Oculta 1,calificacion_proveedor_B+,Neurona H1_29,0.2041210351694725,0.2041210351694725,0.04946249157929683
Capa 1 - Entrada a Oculta 1,calificacion_proveedor_B+,Neurona H1_30,0.008996704745028188,0.008996704745028188,0.002180076307779419
Capa 1 - Entrada a Oculta 1,calificacion_proveedor_B+,Neurona H1_31,-0.17309283114685073,0.17309283114685073,0.04194375506634796
Capa 1 - Entrada a Oculta 1,calificacion_proveedor_B+,Neurona H1_32,0.2703692293701945,0.2703692293701945,0.06551571581008837
Capa 1 - Entrada a Oculta 1,calificacion_proveedor_C,Neurona H1_1,-0.06997539480721879,0.06997539480721879,0.01695639733326057
Capa 1 - Entrada a Oculta 1,calificacion_proveedor_C,Neurona H1_2,0.1703959061955695,0.1703959061955695,0.04129023776676151
Capa 1 - Entrada a Oculta 1,calificacion_proveedor_C,Neurona H1_3,0.03155016994624922,0.03155016994624922,0.007645218994681667
Capa 1 - Entrada a Oculta 1,calificacion_proveedor_C,Neurona H1_4,-0.17092127382933442,0.17092127382933442,0.04141754454893395
Capa 1 - Entrada a Oculta 1,calificacion_proveedor_C,Neurona H1_5,-0.1356542197182282,0.1356542197182282,0.032871652325974644
Capa 1 - Entrada a Oculta 1,calificacion_proveedor_C,Neurona H1_6,0.19095134252314075,0.19095134252314075,0.04627121924873923
Capa 1 - Entrada a Oculta 1,calificacion_proveedor_C,Neurona H1_7,0.042662912417478785,0.042662912417478785,0.01033805234451122
Capa 1 - Entrada a Oculta 1,calificacion_proveedor_C,Neurona H1_8,-0.04216192367314969,0.04216192367314969,0.010216653040773972
Capa 1 - Entrada a Oculta 1,calificacion_proveedor_C,Neurona H1_9,-0.07047168928484684,0.07047168928484684,0.01707665912499677
Capa 1 - Entrada a Oculta 1,calificacion_proveedor_C,Neurona H1_10,-0.2635026706728689,0.2635026706728689,0.06385181526469272
Capa 1 - Entrada a Oculta 1,calificacion_proveedor_C,Neurona H1_11,0.2792517139822071,0.2792517139822071,0.06766811436107621
Capa 1 - Entrada a Oculta 1,calificacion_proveedor_C,Neurona H1_12,0.28763751667187165,0.28763751667187165,0.06970015723494663
Capa 1 - Entrada a Oculta 1,calificacion_proveedor_C,Neurona H1_13,0.17063512416931353,0.17063512416931353,0.04134820492826501
Capa 1 - Entrada a Oculta 1,calificacion_proveedor_C,Neurona H1_14,0.16522067914080352,0.16522067914080352,0.040036179730044315
Capa 1 - Entrada a Oculta 1,calificacion_proveedor_C,Neurona H1_15,-0.16898399102517606,0.16898399102517606,0.04094810329655228
Capa 1 - Entrada a Oculta 1,calificacion_proveedor_C,Neurona H1_16,-0.18160061042950915,0.18160061042950915,0.04400535523792079
Capa 1 - Entrada a Oculta 1,calificacion_proveedor_C,Neurona H1_17,-0.10116068181280835,0.10116068181280835,0.024513198104093713
Capa 1 - Entrada a Oculta 1,calificacion_proveedor_C,Neurona H1_18,0.300871909188575,0.300871909188575,0.07290710760079724
Capa 1 - Entrada a Oculta 1,calificacion_proveedor_C,Neurona H1_19,0.16896084080577795,0.16896084080577795,0.04094249354873238
Capa 1 - Entrada a Oculta 1,calificacion_proveedor_C,Neurona H1_20,0.15375685751672213,0.15375685751672213,0.03725827308227081
Capa 1 - Entrada a Oculta 1,calificacion_proveedor_C,Neurona H1_21,-0.1741708459860606,0.1741708459860606,0.04220497900077738
Capa 1 - Entrada a Oculta 1,calificacion_proveedor_C,Neurona H1_22,-0.03205029481379036,0.03205029481379036,0.00776640896429363
Capa 1 - Entrada a Oculta 1,calificacion_proveedor_C,Neurona H1_23,-0.003429574773523975,0.003429574773523975,0.000831052582185652
Capa 1 - Entrada a Oculta 1,calificacion_proveedor_C,Neurona H1_24,-0.1494510084299352,0.1494510084299352,0.03621488221361244
Capa 1 - Entrada a Oculta 1,calificacion_proveedor_C,Neurona H1_25,0.014543772608861133,0.014543772608861133,0.003524238595006831
Capa 1 - Entrada a Oculta 1,calificacion_proveedor_C,Neurona H1_26,-0.03908230472364158,0.03908230472364158,0.00947040155213627
Capa 1 - Entrada a Oculta 1,calificacion_proveedor_C,Neurona H1_27,-0.11055428319678713,0.11055428319678713,0.026789450176637624
Capa 1 - Entrada a Oculta 1,calificacion_proveedor_C,Neurona H1_28,-0.18111750135683602,0.18111750135683602,0.04388828852591271
Capa 1 - Entrada a Oculta 1,calificacion_proveedor_C,Neurona H1_29,-0.1206206597786091,0.1206206597786091,0.029228728747310213
Capa 1 - Entrada a Oculta 1,calificacion_proveedor_C,Neurona H1_30,0.07086275353254624,0.07086275353254624,0.017171421588075286
Capa 1 - Entrada a Oculta 1,calificacion_proveedor_C,Neurona H1_31,-0.1306294830966531,0.1306294830966531,0.031654061044279966
Capa 1 - Entrada a Oculta 1,calificacion_proveedor_C,Neurona H1_32,-0.2033798014765855,0.2033798014765855,0.04928287625811117
Capa 1 - Entrada a Oculta 1,tipo_contrato_CONSIGNACION,Neurona H1_1,-0.018025615396503686,0.018025615396503686,0.004367956732244466
Capa 1 - Entrada a Oculta 1,tipo_contrato_CONSIGNACION,Neurona H1_2,0.04009794616935523,0.04009794616935523,0.00971651120180803
Capa 1 - Entrada a Oculta 1,tipo_contrato_CONSIGNACION,Neurona H1_3,-0.2449178062361862,0.2449178062361862,0.05934834162740405
Capa 1 - Entrada a Oculta 1,tipo_contrato_CONSIGNACION,Neurona H1_4,0.15423517663283115,0.15423517663283115,0.03737417909476538
Capa 1 - Entrada a Oculta 1,tipo_contrato_CONSIGNACION,Neurona H1_5,0.22116468717301296,0.22116468717301296,0.05359249950819873
Capa 1 - Entrada a Oculta 1,tipo_contrato_CONSIGNACION,Neurona H1_6,-0.06627211297345058,0.06627211297345058,0.016059020214011482
Capa 1 - Entrada a Oculta 1,tipo_contrato_CONSIGNACION,Neurona H1_7,-0.0991341739184701,0.0991341739184701,0.024022135879292316
Capa 1 - Entrada a Oculta 1,tipo_contrato_CONSIGNACION,Neurona H1_8,0.2763710682062182,0.2763710682062182,0.06697007793715014
Capa 1 - Entrada a Oculta 1,tipo_contrato_CONSIGNACION,Neurona H1_9,-0.07917762892276152,0.07917762892276152,0.019186277399628287
Capa 1 - Entrada a Oculta 1,tipo_contrato_CONSIGNACION,Neurona H1_10,0.08356630792442195,0.08356630792442195,0.020249739565512553
Capa 1 - Entrada a Oculta 1,tipo_contrato_CONSIGNACION,Neurona H1_11,0.09929032256451056,0.09929032256451056,0.024059973729190946
Capa 1 - Entrada a Oculta 1,tipo_contrato_CONSIGNACION,Neurona H1_12,-0.06482785920885333,0.06482785920885333,0.015709049474295956
Capa 1 - Entrada a Oculta 1,tipo_contrato_CONSIGNACION,Neurona H1_13,-0.104986620062634,0.104986620062634,0.025440297255378108
Capa 1 - Entrada a Oculta 1,tipo_contrato_CONSIGNACION,Neurona H1_14,0.21389694938603146,0.21389694938603146,0.05183138547705221
Capa 1 - Entrada a Oculta 1,tipo_contrato_CONSIGNACION,Neurona H1_15,-0.1973982303477189,0.1973982303477189,0.04783342539016467
Capa 1 - Entrada a Oculta 1,tipo_contrato_CONSIGNACION,Neurona H1_16,-0.02540516919852526,0.02540516919852526,0.006156165955700578
Capa 1 - Entrada a Oculta 1,tipo_contrato_CONSIGNACION,Neurona H1_17,-0.1432905186684493,0.1432905186684493,0.034722075885744996
Capa 1 - Entrada a Oculta 1,tipo_contrato_CONSIGNACION,Neurona H1_18,-0.2013441229148903,0.2013441229148903,0.04878959180248215
Capa 1 - Entrada a Oculta 1,tipo_contrato_CONSIGNACION,Neurona H1_19,0.1066582967931346,0.1066582967931346,0.025845376997096266
Capa 1 - Entrada a Oculta 1,tipo_contrato_CONSIGNACION,Neurona H1_20,-0.0689175882133842,0.0689175882133842,0.016700070249201702
Capa 1 - Entrada a Oculta 1,tipo_contrato_CONSIGNACION,Neurona H1_21,-0.2049694997001786,0.2049694997001786,0.04966809101529096
Capa 1 - Entrada a Oculta 1,tipo_contrato_CONSIGNACION,Neurona H1_22,-0.17186880384641967,0.17186880384641967,0.041647149476482445
Capa 1 - Entrada a Oculta 1,tipo_contrato_CONSIGNACION,Neurona H1_23,0.1926405365654703,0.1926405365654703,0.04668054377536215
Capa 1 - Entrada a Oculta 1,tipo_contrato_CONSIGNACION,Neurona H1_24,0.2450217693409122,0.2450217693409122,0.059373533907013054
Capa 1 - Entrada a Oculta 1,tipo_contrato_CONSIGNACION,Neurona H1_25,-0.15333190820490858,0.15333190820490858,0.037155299609988764
Capa 1 - Entrada a Oculta 1,tipo_contrato_CONSIGNACION,Neurona H1_26,0.08326346802236938,0.08326346802236938,0.020176355575015376
Capa 1 - Entrada a Oculta 1,tipo_contrato_CONSIGNACION,Neurona H1_27,-0.18375291485058126,0.18375291485058126,0.04452690040456653
Capa 1 - Entrada a Oculta 1,tipo_contrato_CONSIGNACION,Neurona H1_28,0.13549541179694238,0.13549541179694238,0.032833170082031474
Capa 1 - Entrada a Oculta 1,tipo_contrato_CONSIGNACION,Neurona H1_29,-0.02721873157868728,0.02721873157868728,0.006595627346256514
Capa 1 - Entrada a Oculta 1,tipo_contrato_CONSIGNACION,Neurona H1_30,0.20755588455087978,0.20755588455087978,0.050294822301424284
Capa 1 - Entrada a Oculta 1,tipo_contrato_CONSIGNACION,Neurona H1_31,-0.07458580609006879,0.07458580609006879,0.018073589537707945
Capa 1 - Entrada a Oculta 1,tipo_contrato_CONSIGNACION,Neurona H1_32,0.1885518746138557,0.1885518746138557,0.04568978156810398
Capa 1 - Entrada a Oculta 1,tipo_contrato_CONTRATO ANUAL,Neurona H1_1,0.007149491675090371,0.007149491675090371,0.0017324607014745238
Capa 1 - Entrada a Oculta 1,tipo_contrato_CONTRATO ANUAL,Neurona H1_2,-0.016298125929799873,0.016298125929799873,0.003949352480462088
Capa 1 - Entrada a Oculta 1,tipo_contrato_CONTRATO ANUAL,Neurona H1_3,-0.0028949303283453405,0.0028949303283453405,0.0007014978484189432
Capa 1 - Entrada a Oculta 1,tipo_contrato_CONTRATO ANUAL,Neurona H1_4,0.0024880848101440658,0.0024880848101440658,0.0006029112769693252
Capa 1 - Entrada a Oculta 1,tipo_contrato_CONTRATO ANUAL,Neurona H1_5,-0.13431069228854262,0.13431069228854262,0.03254608953367251
Capa 1 - Entrada a Oculta 1,tipo_contrato_CONTRATO ANUAL,Neurona H1_6,-0.1257880995062769,0.1257880995062769,0.030480899763413886
Capa 1 - Entrada a Oculta 1,tipo_contrato_CONTRATO ANUAL,Neurona H1_7,0.36338294877210736,0.36338294877210736,0.08805474667898658
Capa 1 - Entrada a Oculta 1,tipo_contrato_CONTRATO ANUAL,Neurona H1_8,0.018180153082816897,0.018180153082816897,0.0044054042153106035
Capa 1 - Entrada a Oculta 1,tipo_contrato_CONTRATO ANUAL,Neurona H1_9,0.11040252450496553,0.11040252450496553,0.026752676097914777
Capa 1 - Entrada a Oculta 1,tipo_contrato_CONTRATO ANUAL,Neurona H1_10,0.0667647184920029,0.0667647184920029,0.016178388099310905
Capa 1 - Entrada a Oculta 1,tipo_contrato_CONTRATO ANUAL,Neurona H1_11,-0.006841639030502199,0.006841639030502199,0.001657862026095652
Capa 1 - Entrada a Oculta 1,tipo_contrato_CONTRATO ANUAL,Neurona H1_12,-0.0019641723883906262,0.0019641723883906262,0.00047595712093267137
Capa 1 - Entrada a Oculta 1,tipo_contrato_CONTRATO ANUAL,Neurona H1_13,0.4344199639650273,0.4344199639650273,0.10526839525215272
Capa 1 - Entrada a Oculta 1,tipo_contrato_CONTRATO ANUAL,Neurona H1_14,0.09062989417856925,0.09062989417856925,0.021961383714903235
Capa 1 - Entrada a Oculta 1,tipo_contrato_CONTRATO ANUAL,Neurona H1_15,-0.1379393164529651,0.1379393164529651,0.033425375649521194
Capa 1 - Entrada a Oculta 1,tipo_contrato_CONTRATO ANUAL,Neurona H1_16,-0.05379033889682429,0.05379033889682429,0.013034443914723018
Capa 1 - Entrada a Oculta 1,tipo_contrato_CONTRATO ANUAL,Neurona H1_17,-0.1325229999896014,0.1325229999896014,0.03211289696628552
Capa 1 - Entrada a Oculta 1,tipo_contrato_CONTRATO ANUAL,Neurona H1_18,-0.015455435264293582,0.015455435264293582,0.0037451521641549005
Capa 1 - Entrada a Oculta 1,tipo_contrato_CONTRATO ANUAL,Neurona H1_19,-0.0861868325593717,0.0861868325593717,0.02088474358448554
Capa 1 - Entrada a Oculta 1,tipo_contrato_CONTRATO ANUAL,Neurona H1_20,0.32750432906242694,0.32750432906242694,0.07936066023270998
Capa 1 - Entrada a Oculta 1,tipo_contrato_CONTRATO ANUAL,Neurona H1_21,0.14002565183022084,0.14002565183022084,0.03393093523549637
Capa 1 - Entrada a Oculta 1,tipo_contrato_CONTRATO ANUAL,Neurona H1_22,0.06855125795964058,0.06855125795964058,0.016611301313280955
Capa 1 - Entrada a Oculta 1,tipo_contrato_CONTRATO ANUAL,Neurona H1_23,0.14617979056685843,0.14617979056685843,0.035422202586683535
Capa 1 - Entrada a Oculta 1,tipo_contrato_CONTRATO ANUAL,Neurona H1_24,0.0005753132747524754,0.0005753132747524754,0.00013940958110601344
Capa 1 - Entrada a Oculta 1,tipo_contrato_CONTRATO ANUAL,Neurona H1_25,0.07552268261678409,0.07552268261678409,0.01830061291761106
Capa 1 - Entrada a Oculta 1,tipo_contrato_CONTRATO ANUAL,Neurona H1_26,-0.04462186757878418,0.04462186757878418,0.010812745229984004
Capa 1 - Entrada a Oculta 1,tipo_contrato_CONTRATO ANUAL,Neurona H1_27,0.026866710251953814,0.026866710251953814,0.006510325741280668
Capa 1 - Entrada a Oculta 1,tipo_contrato_CONTRATO ANUAL,Neurona H1_28,0.1696797264453072,0.1696797264453072,0.04111669350251065
Capa 1 - Entrada a Oculta 1,tipo_contrato_CONTRATO ANUAL,Neurona H1_29,0.11298423967975355,0.11298423967975355,0.027378275830872597
Capa 1 - Entrada a Oculta 1,tipo_contrato_CONTRATO ANUAL,Neurona H1_30,0.3114850798830553,0.3114850798830553,0.0754788850056567
Capa 1 - Entrada a Oculta 1,tipo_contrato_CONTRATO ANUAL,Neurona H1_31,0.06896835392998492,0.06896835392998492,0.01671237176838514
Capa 1 - Entrada a Oculta 1,tipo_contrato_CONTRATO ANUAL,Neurona H1_32,0.009790202626214696,0.009790202626214696,0.002372356256946791
Capa 1 - Entrada a Oculta 1,tipo_contrato_CONTRATO MENSUAL,Neurona H1_1,-0.22804509131110262,0.22804509131110262,0.05525975507281933
Capa 1 - Entrada a Oculta 1,tipo_contrato_CONTRATO MENSUAL,Neurona H1_2,0.02312762527687142,0.02312762527687142,0.005604272825466591
Capa 1 - Entrada a Oculta 1,tipo_contrato_CONTRATO MENSUAL,Neurona H1_3,0.13524908454007725,0.13524908454007725,0.03277348020314012
Capa 1 - Entrada a Oculta 1,tipo_contrato_CONTRATO MENSUAL,Neurona H1_4,-0.29678245673083126,0.29678245673083126,0.07191615383854955
Capa 1 - Entrada a Oculta 1,tipo_contrato_CONTRATO MENSUAL,Neurona H1_5,0.16648290940729824,0.16648290940729824,0.040342042640624756
Capa 1 - Entrada a Oculta 1,tipo_contrato_CONTRATO MENSUAL,Neurona H1_6,0.06134086708342454,0.06134086708342454,0.01486408355249423
Capa 1 - Entrada a Oculta 1,tipo_contrato_CONTRATO MENSUAL,Neurona H1_7,-0.2782586203405689,0.2782586203405689,0.06742746848229063
Capa 1 - Entrada a Oculta 1,tipo_contrato_CONTRATO MENSUAL,Neurona H1_8,0.05070209098455392,0.05070209098455392,0.01228610146080282
Capa 1 - Entrada a Oculta 1,tipo_contrato_CONTRATO MENSUAL,Neurona H1_9,-0.04783760656239139,0.04783760656239139,0.01159198124681994
Capa 1 - Entrada a Oculta 1,tipo_contrato_CONTRATO MENSUAL,Neurona H1_10,-0.10763914303140454,0.10763914303140454,0.026083055092157522
Capa 1 - Entrada a Oculta 1,tipo_contrato_CONTRATO MENSUAL,Neurona H1_11,-0.18940048727223255,0.18940048727223255,0.0458954168983099
Capa 1 - Entrada a Oculta 1,tipo_contrato_CONTRATO MENSUAL,Neurona H1_12,-0.13463625883218414,0.13463625883218414,0.032624980630859036
Capa 1 - Entrada a Oculta 1,tipo_contrato_CONTRATO MENSUAL,Neurona H1_13,-0.05940184107779177,0.05940184107779177,0.01439421988853613
Capa 1 - Entrada a Oculta 1,tipo_contrato_CONTRATO MENSUAL,Neurona H1_14,-0.103570459841608,0.103570459841608,0.025097134126946603
Capa 1 - Entrada a Oculta 1,tipo_contrato_CONTRATO MENSUAL,Neurona H1_15,-0.16249516626363317,0.16249516626363317,0.03937573502073556
Capa 1 - Entrada a Oculta 1,tipo_contrato_CONTRATO MENSUAL,Neurona H1_16,-0.0353475452142424,0.0353475452142424,0.00856539678067319
Capa 1 - Entrada a Oculta 1,tipo_contrato_CONTRATO MENSUAL,Neurona H1_17,0.1513164523460046,0.1513164523460046,0.036666915508043005
Capa 1 - Entrada a Oculta 1,tipo_contrato_CONTRATO MENSUAL,Neurona H1_18,0.1437068274424202,0.1437068274424202,0.03482295558787774
Capa 1 - Entrada a Oculta 1,tipo_contrato_CONTRATO MENSUAL,Neurona H1_19,-0.1868046027143558,0.1868046027143558,0.04526638364860979
Capa 1 - Entrada a Oculta 1,tipo_contrato_CONTRATO MENSUAL,Neurona H1_20,-0.015965996385973735,0.015965996385973735,0.003868871040853983
Capa 1 - Entrada a Oculta 1,tipo_contrato_CONTRATO MENSUAL,Neurona H1_21,0.004533809960997642,0.004533809960997642,0.001098630216291968
Capa 1 - Entrada a Oculta 1,tipo_contrato_CONTRATO MENSUAL,Neurona H1_22,0.01505079390874653,0.01505079390874653,0.003647099704129092
Capa 1 - Entrada a Oculta 1,tipo_contrato_CONTRATO MENSUAL,Neurona H1_23,0.18919114527491265,0.18919114527491265,0.04584468926619187
Capa 1 - Entrada a Oculta 1,tipo_contrato_CONTRATO MENSUAL,Neurona H1_24,-0.05274095015172198,0.05274095015172198,0.012780156638916596
Capa 1 - Entrada a Oculta 1,tipo_contrato_CONTRATO MENSUAL,Neurona H1_25,0.039921497050729886,0.039921497050729886,0.009673754153094584
Capa 1 - Entrada a Oculta 1,tipo_contrato_CONTRATO MENSUAL,Neurona H1_26,0.022812786778830495,0.022812786778830495,0.005527981342105954
Capa 1 - Entrada a Oculta 1,tipo_contrato_CONTRATO MENSUAL,Neurona H1_27,0.11798724439384117,0.11798724439384117,0.028590601049271993
Capa 1 - Entrada a Oculta 1,tipo_contrato_CONTRATO MENSUAL,Neurona H1_28,0.051732798877844884,0.051732798877844884,0.012535862003366656
Capa 1 - Entrada a Oculta 1,tipo_contrato_CONTRATO MENSUAL,Neurona H1_29,-0.0030810135738418595,0.0030810135738418595,0.000746589433202344
Capa 1 - Entrada a Oculta 1,tipo_contrato_CONTRATO MENSUAL,Neurona H1_30,-0.25083610003355633,0.25083610003355633,0.06078245916885773
Capa 1 - Entrada a Oculta 1,tipo_contrato_CONTRATO MENSUAL,Neurona H1_31,-0.10499780724713947,0.10499780724713947,0.025443008127478767
Capa 1 - Entrada a Oculta 1,tipo_contrato_CONTRATO MENSUAL,Neurona H1_32,-0.08048984893396925,0.08048984893396925,0.01950425379633164
Capa 1 - Entrada a Oculta 1,tipo_contrato_CONTRATO SEMESTRAL,Neurona H1_1,-0.1649615994348091,0.1649615994348091,0.039973399685030934
Capa 1 - Entrada a Oculta 1,tipo_contrato_CONTRATO SEMESTRAL,Neurona H1_2,0.20066293608371372,0.20066293608371372,0.04862452700221291
Capa 1 - Entrada a Oculta 1,tipo_contrato_CONTRATO SEMESTRAL,Neurona H1_3,-0.09867773266367529,0.09867773266367529,0.023911531297540183
Capa 1 - Entrada a Oculta 1,tipo_contrato_CONTRATO SEMESTRAL,Neurona H1_4,-0.28525172006236893,0.28525172006236893,0.06912203237579398
Capa 1 - Entrada a Oculta 1,tipo_contrato_CONTRATO SEMESTRAL,Neurona H1_5,0.20367973108624213,0.20367973108624213,0.04935555502823256
Capa 1 - Entrada a Oculta 1,tipo_contrato_CONTRATO SEMESTRAL,Neurona H1_6,-0.1151026632023296,0.1151026632023296,0.027891610997724983
Capa 1 - Entrada a Oculta 1,tipo_contrato_CONTRATO SEMESTRAL,Neurona H1_7,-0.13392996578100186,0.13392996578100186,0.03245383210583017
Capa 1 - Entrada a Oculta 1,tipo_contrato_CONTRATO SEMESTRAL,Neurona H1_8,-0.12713894079543187,0.12713894079543187,0.030808234845926676
Capa 1 - Entrada a Oculta 1,tipo_contrato_CONTRATO SEMESTRAL,Neurona H1_9,0.22538834167470487,0.22538834167470487,0.0546159730323769
Capa 1 - Entrada a Oculta 1,tipo_contrato_CONTRATO SEMESTRAL,Neurona H1_10,-0.1790005850287452,0.1790005850287452,0.04337531858155917
Capa 1 - Entrada a Oculta 1,tipo_contrato_CONTRATO SEMESTRAL,Neurona H1_11,0.1502458600507929,0.1502458600507929,0.03640749020019659
Capa 1 - Entrada a Oculta 1,tipo_contrato_CONTRATO SEMESTRAL,Neurona H1_12,0.23087056737022266,0.23087056737022266,0.055944422802755626
Capa 1 - Entrada a Oculta 1,tipo_contrato_CONTRATO SEMESTRAL,Neurona H1_13,0.11106812546398513,0.11106812546398513,0.026913964138627216
Capa 1 - Entrada a Oculta 1,tipo_contrato_CONTRATO SEMESTRAL,Neurona H1_14,0.22849970718608664,0.22849970718608664,0.055369917329587924
Capa 1 - Entrada a Oculta 1,tipo_contrato_CONTRATO SEMESTRAL,Neurona H1_15,-0.14389536236093767,0.14389536236093767,0.034868641260654344
Capa 1 - Entrada a Oculta 1,tipo_contrato_CONTRATO SEMESTRAL,Neurona H1_16,0.10831564724485153,0.10831564724485153,0.02624698520319776
Capa 1 - Entrada a Oculta 1,tipo_contrato_CONTRATO SEMESTRAL,Neurona H1_17,0.12436257341342488,0.12436257341342488,0.030135467102320342
Capa 1 - Entrada a Oculta 1,tipo_contrato_CONTRATO SEMESTRAL,Neurona H1_18,0.07736877021167494,0.07736877021167494,0.018747955799451342
Capa 1 - Entrada a Oculta 1,tipo_contrato_CONTRATO SEMESTRAL,Neurona H1_19,0.1540958592644619,0.1540958592644619,0.03734041979036987
Capa 1 - Entrada a Oculta 1,tipo_contrato_CONTRATO SEMESTRAL,Neurona H1_20,0.11425162628423834,0.11425162628423834,0.02768538822230249
Capa 1 - Entrada a Oculta 1,tipo_contrato_CONTRATO SEMESTRAL,Neurona H1_21,0.21219759037833175,0.21219759037833175,0.051419597781880266
Capa 1 - Entrada a Oculta 1,tipo_contrato_CONTRATO SEMESTRAL,Neurona H1_22,0.12511918036741246,0.12511918036741246,0.030318807663274175
Capa 1 - Entrada a Oculta 1,tipo_contrato_CONTRATO SEMESTRAL,Neurona H1_23,0.05517973720241619,0.05517973720241619,0.013371122111233098
Capa 1 - Entrada a Oculta 1,tipo_contrato_CONTRATO SEMESTRAL,Neurona H1_24,0.00015494150824504232,0.00015494150824504232,3.754533696388054e-05
Capa 1 - Entrada a Oculta 1,tipo_contrato_CONTRATO SEMESTRAL,Neurona H1_25,-0.02209007985294252,0.02209007985294252,0.005352855416419979
Capa 1 - Entrada a Oculta 1,tipo_contrato_CONTRATO SEMESTRAL,Neurona H1_26,-0.1893262539553619,0.1893262539553619,0.04587742872375666
Capa 1 - Entrada a Oculta 1,tipo_contrato_CONTRATO SEMESTRAL,Neurona H1_27,0.01786466364614881,0.01786466364614881,0.004328954996877059
Capa 1 - Entrada a Oculta 1,tipo_contrato_CONTRATO SEMESTRAL,Neurona H1_28,-0.01600064701981789,0.01600064701981789,0.003877267562473182
Capa 1 - Entrada a Oculta 1,tipo_contrato_CONTRATO SEMESTRAL,Neurona H1_29,-0.16432627360286448,0.16432627360286448,0.0398194478956596
Capa 1 - Entrada a Oculta 1,tipo_contrato_CONTRATO SEMESTRAL,Neurona H1_30,-0.17430319320089918,0.17430319320089918,0.0422370493015872
Capa 1 - Entrada a Oculta 1,tipo_contrato_CONTRATO SEMESTRAL,Neurona H1_31,-0.001781425453692866,0.001781425453692866,0.00043167398905885195
Capa 1 - Entrada a Oculta 1,tipo_contrato_CONTRATO SEMESTRAL,Neurona H1_32,-0.31583306017122675,0.31583306017122675,0.07653248508274858
Capa 1 - Entrada a Oculta 1,tipo_contrato_ORDEN DE COMPRA,Neurona H1_1,0.29413754473068127,0.29413754473068127,0.07127524028729902
Capa 1 - Entrada a Oculta 1,tipo_contrato_ORDEN DE COMPRA,Neurona H1_2,-0.0331096321721594,0.0331096321721594,0.008023106982332093
Capa 1 - Entrada a Oculta 1,tipo_contrato_ORDEN DE COMPRA,Neurona H1_3,-0.14211327319139608,0.14211327319139608,0.034436806440353615
Capa 1 - Entrada a Oculta 1,tipo_contrato_ORDEN DE COMPRA,Neurona H1_4,-0.26121063997041866,0.26121063997041866,0.06329641170608687
Capa 1 - Entrada a Oculta 1,tipo_contrato_ORDEN DE COMPRA,Neurona H1_5,-0.028705362524161445,0.028705362524161445,0.0069558669000143476
Capa 1 - Entrada a Oculta 1,tipo_contrato_ORDEN DE COMPRA,Neurona H1_6,-0.2161333656612897,0.2161333656612897,0.05237331257971913
Capa 1 - Entrada a Oculta 1,tipo_contrato_ORDEN DE COMPRA,Neurona H1_7,-0.30402179000528373,0.30402179000528373,0.07367038490459345
Capa 1 - Entrada a Oculta 1,tipo_contrato_ORDEN DE COMPRA,Neurona H1_8,-0.06022910675064847,0.06022910675064847,0.014594682429516009
Capa 1 - Entrada a Oculta 1,tipo_contrato_ORDEN DE COMPRA,Neurona H1_9,0.21216124632053238,0.21216124632053238,0.051410790910744394
Capa 1 - Entrada a Oculta 1,tipo_contrato_ORDEN DE COMPRA,Neurona H1_10,-0.11465264673095274,0.11465264673095274,0.027782563265787198
Capa 1 - Entrada a Oculta 1,tipo_contrato_ORDEN DE COMPRA,Neurona H1_11,-0.22547956820050863,0.22547956820050863,0.05463807899152329
Capa 1 - Entrada a Oculta 1,tipo_contrato_ORDEN DE COMPRA,Neurona H1_12,0.013766342143165397,0.013766342143165397,0.0033358520926993255
Capa 1 - Entrada a Oculta 1,tipo_contrato_ORDEN DE COMPRA,Neurona H1_13,0.07534389726928059,0.07534389726928059,0.018257289755262546
Capa 1 - Entrada a Oculta 1,tipo_contrato_ORDEN DE COMPRA,Neurona H1_14,0.21178075734813748,0.21178075734813748,0.051318591042281675
Capa 1 - Entrada a Oculta 1,tipo_contrato_ORDEN DE COMPRA,Neurona H1_15,0.11709277130475484,0.11709277130475484,0.02837385284593221
Capa 1 - Entrada a Oculta 1,tipo_contrato_ORDEN DE COMPRA,Neurona H1_16,-0.05418832959773342,0.05418832959773342,0.013130884791950652
Capa 1 - Entrada a Oculta 1,tipo_contrato_ORDEN DE COMPRA,Neurona H1_17,-0.075614203485461,0.075614203485461,0.01832279020175281
Capa 1 - Entrada a Oculta 1,tipo_contrato_ORDEN DE COMPRA,Neurona H1_18,0.17383628063516274,0.17383628063516274,0.04212390731780374
Capa 1 - Entrada a Oculta 1,tipo_contrato_ORDEN DE COMPRA,Neurona H1_19,-0.03583634369204908,0.03583634369204908,0.008683842146053649
Capa 1 - Entrada a Oculta 1,tipo_contrato_ORDEN DE COMPRA,Neurona H1_20,0.056571910583595286,0.056571910583595286,0.013708472762459812
Capa 1 - Entrada a Oculta 1,tipo_contrato_ORDEN DE COMPRA,Neurona H1_21,0.05473189589269535,0.05473189589269535,0.01326260146321396
Capa 1 - Entrada a Oculta 1,tipo_contrato_ORDEN DE COMPRA,Neurona H1_22,-0.10337936852704531,0.10337936852704531,0.025050828989753922
Capa 1 - Entrada a Oculta 1,tipo_contrato_ORDEN DE COMPRA,Neurona H1_23,-0.09608718020021745,0.09608718020021745,0.02328379011788604
Capa 1 - Entrada a Oculta 1,tipo_contrato_ORDEN DE COMPRA,Neurona H1_24,-0.19610538166441546,0.19610538166441546,0.04752014304247273
Capa 1 - Entrada a Oculta 1,tipo_contrato_ORDEN DE COMPRA,Neurona H1_25,0.18593680794859194,0.18593680794859194,0.04505610012119912
Capa 1 - Entrada a Oculta 1,tipo_contrato_ORDEN DE COMPRA,Neurona H1_26,-0.0397336717492806,0.0397336717492806,0.009628240434316895
Capa 1 - Entrada a Oculta 1,tipo_contrato_ORDEN DE COMPRA,Neurona H1_27,0.22779472548954577,0.22779472548954577,0.05519908657125985
Capa 1 - Entrada a Oculta 1,tipo_contrato_ORDEN DE COMPRA,Neurona H1_28,-0.04647876065764631,0.04647876065764631,0.01126270649047152
Capa 1 - Entrada a Oculta 1,tipo_contrato_ORDEN DE COMPRA,Neurona H1_29,-0.2039203956162019,0.2039203956162019,0.04941387271840441
Capa 1 - Entrada a Oculta 1,tipo_contrato_ORDEN DE COMPRA,Neurona H1_30,0.04640185517016875,0.04640185517016875,0.011244070797077146
Capa 1 - Entrada a Oculta 1,tipo_contrato_ORDEN DE COMPRA,Neurona H1_31,-0.10685522100192837,0.10685522100192837,0.02589309555785672
Capa 1 - Entrada a Oculta 1,tipo_contrato_ORDEN DE COMPRA,Neurona H1_32,0.08196185049131705,0.08196185049131705,0.019860948365191616
Capa 1 - Entrada a Oculta 1,region_natural_COSTA,Neurona H1_1,-0.2635050597513545,0.2635050597513545,0.0638523941848142
Capa 1 - Entrada a Oculta 1,region_natural_COSTA,Neurona H1_2,0.12420796329167152,0.12420796329167152,0.0300980020667401
Capa 1 - Entrada a Oculta 1,region_natural_COSTA,Neurona H1_3,-0.08295118138041085,0.08295118138041085,0.02010068245594964
Capa 1 - Entrada a Oculta 1,region_natural_COSTA,Neurona H1_4,0.09231769696629025,0.09231769696629025,0.022370371113511377
Capa 1 - Entrada a Oculta 1,region_natural_COSTA,Neurona H1_5,-0.00447095668094701,0.00447095668094701,0.001083399645701071
Capa 1 - Entrada a Oculta 1,region_natural_COSTA,Neurona H1_6,-0.07939511825202106,0.07939511825202106,0.019238979288525505
Capa 1 - Entrada a Oculta 1,region_natural_COSTA,Neurona H1_7,0.09310811374895088,0.09310811374895088,0.022561904452660018
Capa 1 - Entrada a Oculta 1,region_natural_COSTA,Neurona H1_8,-0.056155102033205236,0.056155102033205236,0.013607471954793272
Capa 1 - Entrada a Oculta 1,region_natural_COSTA,Neurona H1_9,-0.03891731888789822,0.03891731888789822,0.00943042227952292
Capa 1 - Entrada a Oculta 1,region_natural_COSTA,Neurona H1_10,0.05619208539248154,0.05619208539248154,0.01361643374109452
Capa 1 - Entrada a Oculta 1,region_natural_COSTA,Neurona H1_11,-0.02706565340183531,0.02706565340183531,0.006558533530681708
Capa 1 - Entrada a Oculta 1,region_natural_COSTA,Neurona H1_12,-0.021974888242635004,0.021974888242635004,0.0053249422518109974
Capa 1 - Entrada a Oculta 1,region_natural_COSTA,Neurona H1_13,0.037380329926104724,0.037380329926104724,0.009057980000278824
Capa 1 - Entrada a Oculta 1,region_natural_COSTA,Neurona H1_14,-0.03987660198470946,0.03987660198470946,0.009662875206575702
Capa 1 - Entrada a Oculta 1,region_natural_COSTA,Neurona H1_15,0.05755548224597535,0.05755548224597535,0.013946811280720397
Capa 1 - Entrada a Oculta 1,region_natural_COSTA,Neurona H1_16,-0.15158274680189815,0.15158274680189815,0.036731443827093084
Capa 1 - Entrada a Oculta 1,region_natural_COSTA,Neurona H1_17,0.025437209737794335,0.025437209737794335,0.006163930000706899
Capa 1 - Entrada a Oculta 1,region_natural_COSTA,Neurona H1_18,-0.07509149744644447,0.07509149744644447,0.01819612837568556
Capa 1 - Entrada a Oculta 1,region_natural_COSTA,Neurona H1_19,-0.029101426391036946,0.029101426391036946,0.007051840867929649
Capa 1 - Entrada a Oculta 1,region_natural_COSTA,Neurona H1_20,0.2824757415430685,0.2824757415430685,0.06844935886117454
Capa 1 - Entrada a Oculta 1,region_natural_COSTA,Neurona H1_21,-0.08539787785452821,0.08539787785452821,0.020693564535190754
Capa 1 - Entrada a Oculta 1,region_natural_COSTA,Neurona H1_22,0.10075037957542834,0.10075037957542834,0.024413773902445285
Capa 1 - Entrada a Oculta 1,region_natural_COSTA,Neurona H1_23,-0.31741738645640116,0.31741738645640116,0.07691639811490734
Capa 1 - Entrada a Oculta 1,region_natural_COSTA,Neurona H1_24,-0.11008804510298456,0.11008804510298456,0.026676471630504392
Capa 1 - Entrada a Oculta 1,region_natural_COSTA,Neurona H1_25,0.08272711768472801,0.08272711768472801,0.02004638747037044
Capa 1 - Entrada a Oculta 1,region_natural_COSTA,Neurona H1_26,-0.006938845241599749,0.006938845241599749,0.0016814169791355288
Capa 1 - Entrada a Oculta 1,region_natural_COSTA,Neurona H1_27,-0.12689825774930308,0.12689825774930308,0.030749912668927425
Capa 1 - Entrada a Oculta 1,region_natural_COSTA,Neurona H1_28,-0.12327856508525299,0.12327856508525299,0.029872790829100517
Capa 1 - Entrada a Oculta 1,region_natural_COSTA,Neurona H1_29,0.26942007755475833,0.26942007755475833,0.06528571788929838
Capa 1 - Entrada a Oculta 1,region_natural_COSTA,Neurona H1_30,-0.29079493612161217,0.29079493612161217,0.07046526129595354
Capa 1 - Entrada a Oculta 1,region_natural_COSTA,Neurona H1_31,0.005605602279619832,0.005605602279619832,0.0013583463131194718
Capa 1 - Entrada a Oculta 1,region_natural_COSTA,Neurona H1_32,-0.2776774399273774,0.2776774399273774,0.0672866371795801
Capa 1 - Entrada a Oculta 1,region_natural_INSULAR,Neurona H1_1,0.0673929128336219,0.0673929128336219,0.0163306117900574
Capa 1 - Entrada a Oculta 1,region_natural_INSULAR,Neurona H1_2,-0.16990574684834067,0.16990574684834067,0.04117146263628713
Capa 1 - Entrada a Oculta 1,region_natural_INSULAR,Neurona H1_3,0.027584537886079435,0.027584537886079435,0.006684269319799396
Capa 1 - Entrada a Oculta 1,region_natural_INSULAR,Neurona H1_4,-0.14669151921261642,0.14669151921261642,0.035546204377144154
Capa 1 - Entrada a Oculta 1,region_natural_INSULAR,Neurona H1_5,0.09788949552961353,0.09788949552961353,0.02372052612958359
Capa 1 - Entrada a Oculta 1,region_natural_INSULAR,Neurona H1_6,-0.06942698158721558,0.06942698158721558,0.016823506157915204
Capa 1 - Entrada a Oculta 1,region_natural_INSULAR,Neurona H1_7,-0.22111008081787162,0.22111008081787162,0.053579267327698014
Capa 1 - Entrada a Oculta 1,region_natural_INSULAR,Neurona H1_8,-0.07385751029938963,0.07385751029938963,0.017897109321527396
Capa 1 - Entrada a Oculta 1,region_natural_INSULAR,Neurona H1_9,-0.22700698027252408,0.22700698027252408,0.055008200604356856
Capa 1 - Entrada a Oculta 1,region_natural_INSULAR,Neurona H1_10,0.013139102389483924,0.013139102389483924,0.003183859717151595
Capa 1 - Entrada a Oculta 1,region_natural_INSULAR,Neurona H1_11,-0.083273972074672,0.083273972074672,0.020178900910914423
Capa 1 - Entrada a Oculta 1,region_natural_INSULAR,Neurona H1_12,0.08858636260347573,0.08858636260347573,0.021466196321594314
Capa 1 - Entrada a Oculta 1,region_natural_INSULAR,Neurona H1_13,0.04422548062352075,0.04422548062352075,0.010716692971476779
Capa 1 - Entrada a Oculta 1,region_natural_INSULAR,Neurona H1_14,-0.19788767465084373,0.19788767465084373,0.04795202725156395
Capa 1 - Entrada a Oculta 1,region_natural_INSULAR,Neurona H1_15,-0.12158345908245878,0.12158345908245878,0.02946203371962568
Capa 1 - Entrada a Oculta 1,region_natural_INSULAR,Neurona H1_16,0.049208982920795244,0.049208982920795244,0.011924292375475935
Capa 1 - Entrada a Oculta 1,region_natural_INSULAR,Neurona H1_17,0.08898644806140743,0.08898644806140743,0.021563144799136156
Capa 1 - Entrada a Oculta 1,region_natural_INSULAR,Neurona H1_18,-0.23159681707370405,0.23159681707370405,0.05612040721226585
Capa 1 - Entrada a Oculta 1,region_natural_INSULAR,Neurona H1_19,0.0609316468067996,0.0609316468067996,0.014764921530952286
Capa 1 - Entrada a Oculta 1,region_natural_INSULAR,Neurona H1_20,-0.044764949325226976,0.044764949325226976,0.010847416716304372
Capa 1 - Entrada a Oculta 1,region_natural_INSULAR,Neurona H1_21,-0.1706131954346887,0.1706131954346887,0.04134289116993126
Capa 1 - Entrada a Oculta 1,region_natural_INSULAR,Neurona H1_22,0.1784452121031133,0.1784452121031133,0.0432407409343577
Capa 1 - Entrada a Oculta 1,region_natural_INSULAR,Neurona H1_23,-0.20160107185973591,0.20160107185973591,0.048851855522682196
Capa 1 - Entrada a Oculta 1,region_natural_INSULAR,Neurona H1_24,0.22402246293162745,0.22402246293162745,0.05428499408269777
Capa 1 - Entrada a Oculta 1,region_natural_INSULAR,Neurona H1_25,0.1784457957515003,0.1784457957515003,0.043240882363698406
Capa 1 - Entrada a Oculta 1,region_natural_INSULAR,Neurona H1_26,0.01660382192547214,0.01660382192547214,0.004023428557918832
Capa 1 - Entrada a Oculta 1,region_natural_INSULAR,Neurona H1_27,-0.25626051772060277,0.25626051772060277,0.06209690093594638
Capa 1 - Entrada a Oculta 1,region_natural_INSULAR,Neurona H1_28,-0.036665050046922144,0.036665050046922144,0.008884653792269272
Capa 1 - Entrada a Oculta 1,region_natural_INSULAR,Neurona H1_29,0.08739749035908949,0.08739749035908949,0.021178109484644894
Capa 1 - Entrada a Oculta 1,region_natural_INSULAR,Neurona H1_30,0.21450433702500263,0.21450433702500263,0.05197856729960684
Capa 1 - Entrada a Oculta 1,region_natural_INSULAR,Neurona H1_31,0.05738031144262419,0.05738031144262419,0.01390436399262732
Capa 1 - Entrada a Oculta 1,region_natural_INSULAR,Neurona H1_32,-0.08238741447927393,0.08238741447927393,0.01996407078544239
Capa 1 - Entrada a Oculta 1,region_natural_ORIENTE,Neurona H1_1,0.02207870522981865,0.02207870522981865,0.00535009912430136
Capa 1 - Entrada a Oculta 1,region_natural_ORIENTE,Neurona H1_2,0.2601832374761859,0.2601832374761859,0.06304745212591746
Capa 1 - Entrada a Oculta 1,region_natural_ORIENTE,Neurona H1_3,-0.18149845584100247,0.18149845584100247,0.04398060119691956
Capa 1 - Entrada a Oculta 1,region_natural_ORIENTE,Neurona H1_4,-0.26188389298485637,0.26188389298485637,0.06345955398845729
Capa 1 - Entrada a Oculta 1,region_natural_ORIENTE,Neurona H1_5,-0.028909349201305577,0.028909349201305577,0.007005296834034393
Capa 1 - Entrada a Oculta 1,region_natural_ORIENTE,Neurona H1_6,0.33477636650146536,0.33477636650146536,0.08112281615306444
Capa 1 - Entrada a Oculta 1,region_natural_ORIENTE,Neurona H1_7,-0.1642936239594288,0.1642936239594288,0.03981153625288273
Capa 1 - Entrada a Oculta 1,region_natural_ORIENTE,Neurona H1_8,-0.12732359580815994,0.12732359580815994,0.030852980342168906
Capa 1 - Entrada a Oculta 1,region_natural_ORIENTE,Neurona H1_9,-0.18848474260948272,0.18848474260948272,0.04567351417950171
Capa 1 - Entrada a Oculta 1,region_natural_ORIENTE,Neurona H1_10,-0.16109954367992316,0.16109954367992316,0.03903754856073981
Capa 1 - Entrada a Oculta 1,region_natural_ORIENTE,Neurona H1_11,-0.06430705281428245,0.06430705281428245,0.01558284796897575
Capa 1 - Entrada a Oculta 1,region_natural_ORIENTE,Neurona H1_12,0.1921147113018309,0.1921147113018309,0.046553126100582314
Capa 1 - Entrada a Oculta 1,region_natural_ORIENTE,Neurona H1_13,0.03892439884827697,0.03892439884827697,0.009432137891440746
Capa 1 - Entrada a Oculta 1,region_natural_ORIENTE,Neurona H1_14,-0.10670960113109441,0.10670960113109441,0.025857809034696953
Capa 1 - Entrada a Oculta 1,region_natural_ORIENTE,Neurona H1_15,0.20227331899753873,0.20227331899753873,0.049014754061606276
Capa 1 - Entrada a Oculta 1,region_natural_ORIENTE,Neurona H1_16,-0.11874385730819753,0.11874385730819753,0.02877394305453895
Capa 1 - Entrada a Oculta 1,region_natural_ORIENTE,Neurona H1_17,-0.20331642599810376,0.20331642599810376,0.04926751914869747
Capa 1 - Entrada a Oculta 1,region_natural_ORIENTE,Neurona H1_18,0.08204281544354253,0.08204281544354253,0.019880567745743677
Capa 1 - Entrada a Oculta 1,region_natural_ORIENTE,Neurona H1_19,0.04727660194850533,0.04727660194850533,0.011456038932167033
Capa 1 - Entrada a Oculta 1,region_natural_ORIENTE,Neurona H1_20,-0.1149622552128495,0.1149622552128495,0.02785758741465056
Capa 1 - Entrada a Oculta 1,region_natural_ORIENTE,Neurona H1_21,0.10090568745267033,0.10090568745267033,0.024451408017733312
Capa 1 - Entrada a Oculta 1,region_natural_ORIENTE,Neurona H1_22,-0.1258772035972466,0.1258772035972466,0.03050249141537475
Capa 1 - Entrada a Oculta 1,region_natural_ORIENTE,Neurona H1_23,0.3072487954586962,0.3072487954586962,0.07445235100589818
Capa 1 - Entrada a Oculta 1,region_natural_ORIENTE,Neurona H1_24,0.19381752864518373,0.19381752864518373,0.046965751817656214
Capa 1 - Entrada a Oculta 1,region_natural_ORIENTE,Neurona H1_25,-0.2096393127191924,0.2096393127191924,0.05079967741420417
Capa 1 - Entrada a Oculta 1,region_natural_ORIENTE,Neurona H1_26,-0.1705717794433221,0.1705717794433221,0.04133285527077703
Capa 1 - Entrada a Oculta 1,region_natural_ORIENTE,Neurona H1_27,0.07205337753858,0.07205337753858,0.01745993291089735
Capa 1 - Entrada a Oculta 1,region_natural_ORIENTE,Neurona H1_28,-0.23478936362128786,0.23478936362128786,0.05689402325137358
Capa 1 - Entrada a Oculta 1,region_natural_ORIENTE,Neurona H1_29,0.03133439123560127,0.03133439123560127,0.007592931621900345
Capa 1 - Entrada a Oculta 1,region_natural_ORIENTE,Neurona H1_30,0.058927561411190474,0.058927561411190474,0.014279292713117776
Capa 1 - Entrada a Oculta 1,region_natural_ORIENTE,Neurona H1_31,0.15560840250835814,0.15560840250835814,0.037706938397344535
Capa 1 - Entrada a Oculta 1,region_natural_ORIENTE,Neurona H1_32,-0.2910374444355139,0.2910374444355139,0.07052402577078737
Capa 1 - Entrada a Oculta 1,region_natural_SIERRA,Neurona H1_1,-0.13449460136842445,0.13449460136842445,0.03259065427589743
Capa 1 - Entrada a Oculta 1,region_natural_SIERRA,Neurona H1_2,-0.2489879247358357,0.2489879247358357,0.06033461039607117
Capa 1 - Entrada a Oculta 1,region_natural_SIERRA,Neurona H1_3,-0.06992935729849521,0.06992935729849521,0.016945241550684408
Capa 1 - Entrada a Oculta 1,region_natural_SIERRA,Neurona H1_4,-0.17264095874986735,0.17264095874986735,0.04183425760758703
Capa 1 - Entrada a Oculta 1,region_natural_SIERRA,Neurona H1_5,-0.0029442861128754425,0.0029442861128754425,0.0007134577136757646
Capa 1 - Entrada a Oculta 1,region_natural_SIERRA,Neurona H1_6,0.17559892851375564,0.17559892851375564,0.04255103113568846
Capa 1 - Entrada a Oculta 1,region_natural_SIERRA,Neurona H1_7,0.038117240158810864,0.038117240158810864,0.00923654766308566
Capa 1 - Entrada a Oculta 1,region_natural_SIERRA,Neurona H1_8,0.08994961247357486,0.08994961247357486,0.021796538244288715
Capa 1 - Entrada a Oculta 1,region_natural_SIERRA,Neurona H1_9,-0.25512906081819303,0.25512906081819303,0.06182272695156836
Capa 1 - Entrada a Oculta 1,region_natural_SIERRA,Neurona H1_10,-0.22404171521188182,0.22404171521188182,0.05428965928415128
Capa 1 - Entrada a Oculta 1,region_natural_SIERRA,Neurona H1_11,0.28122890410490126,0.28122890410490126,0.06814722593188141
Capa 1 - Entrada a Oculta 1,region_natural_SIERRA,Neurona H1_12,-0.019621846884031586,0.019621846884031586,0.004754754626174925
Capa 1 - Entrada a Oculta 1,region_natural_SIERRA,Neurona H1_13,0.04237451806464291,0.04237451806464291,0.01026816879117328
Capa 1 - Entrada a Oculta 1,region_natural_SIERRA,Neurona H1_14,-0.29435505597453465,0.29435505597453465,0.07132794748652799
Capa 1 - Entrada a Oculta 1,region_natural_SIERRA,Neurona H1_15,-0.21812818302935644,0.21812818302935644,0.052856695574462
Capa 1 - Entrada a Oculta 1,region_natural_SIERRA,Neurona H1_16,-0.33016286134570655,0.33016286134570655,0.08000487424311722
Capa 1 - Entrada a Oculta 1,region_natural_SIERRA,Neurona H1_17,-0.2563485601371156,0.2563485601371156,0.062118235323564835
Capa 1 - Entrada a Oculta 1,region_natural_SIERRA,Neurona H1_18,0.16182996780218184,0.16182996780218184,0.03921454451300185
Capa 1 - Entrada a Oculta 1,region_natural_SIERRA,Neurona H1_19,-0.14970611255518185,0.14970611255518185,0.03627669889819069
Capa 1 - Entrada a Oculta 1,region_natural_SIERRA,Neurona H1_20,0.18479931199674288,0.18479931199674288,0.0447804627578421
Capa 1 - Entrada a Oculta 1,region_natural_SIERRA,Neurona H1_21,0.1131333164628921,0.1131333164628921,0.027414400031029316
Capa 1 - Entrada a Oculta 1,region_natural_SIERRA,Neurona H1_22,-0.16279681593072654,0.16279681593072654,0.03944883059418352
Capa 1 - Entrada a Oculta 1,region_natural_SIERRA,Neurona H1_23,0.25224060758189915,0.25224060758189915,0.061122798628361695
Capa 1 - Entrada a Oculta 1,region_natural_SIERRA,Neurona H1_24,0.198648018701822,0.198648018701822,0.048136273383706366
Capa 1 - Entrada a Oculta 1,region_natural_SIERRA,Neurona H1_25,-0.22738454002671415,0.22738454002671415,0.05509969066635268
Capa 1 - Entrada a Oculta 1,region_natural_SIERRA,Neurona H1_26,-0.32452983250072276,0.32452983250072276,0.07863988194048846
Capa 1 - Entrada a Oculta 1,region_natural_SIERRA,Neurona H1_27,0.09834122305709854,0.09834122305709854,0.02382998848365118
Capa 1 - Entrada a Oculta 1,region_natural_SIERRA,Neurona H1_28,-0.1923884918104446,0.1923884918104446,0.04661946843561231
Capa 1 - Entrada a Oculta 1,region_natural_SIERRA,Neurona H1_29,0.15755534089544687,0.15755534089544687,0.03817871938501605
Capa 1 - Entrada a Oculta 1,region_natural_SIERRA,Neurona H1_30,-0.22973110407319258,0.22973110407319258,0.05566830871344838
Capa 1 - Entrada a Oculta 1,region_natural_SIERRA,Neurona H1_31,-0.16670909260422279,0.16670909260422279,0.040396851222523095
Capa 1 - Entrada a Oculta 1,region_natural_SIERRA,Neurona H1_32,0.2847120469236444,0.2847120469236444,0.06899125909190594
Capa 1 - Entrada a Oculta 1,tipo_sucursal_DISTRIBUIDOR,Neurona H1_1,0.0040305934751908995,0.0040305934751908995,0.000976691087524009
Capa 1 - Entrada a Oculta 1,tipo_sucursal_DISTRIBUIDOR,Neurona H1_2,0.1618705886135827,0.1618705886135827,0.03922438772460516
Capa 1 - Entrada a Oculta 1,tipo_sucursal_DISTRIBUIDOR,Neurona H1_3,-0.22494223485568163,0.22494223485568163,0.054507872685143774
Capa 1 - Entrada a Oculta 1,tipo_sucursal_DISTRIBUIDOR,Neurona H1_4,0.09521873697662848,0.09521873697662848,0.02307334945654899
Capa 1 - Entrada a Oculta 1,tipo_sucursal_DISTRIBUIDOR,Neurona H1_5,-0.18374907983772293,0.18374907983772293,0.04452597110646134
Capa 1 - Entrada a Oculta 1,tipo_sucursal_DISTRIBUIDOR,Neurona H1_6,-0.045715842303749185,0.045715842303749185,0.011077836554729732
Capa 1 - Entrada a Oculta 1,tipo_sucursal_DISTRIBUIDOR,Neurona H1_7,-0.09902224051956471,0.09902224051956471,0.023995012242592144
Capa 1 - Entrada a Oculta 1,tipo_sucursal_DISTRIBUIDOR,Neurona H1_8,-0.19676255411143445,0.19676255411143445,0.04767938869101569
Capa 1 - Entrada a Oculta 1,tipo_sucursal_DISTRIBUIDOR,Neurona H1_9,0.07965437580314416,0.07965437580314416,0.01930180242886794
Capa 1 - Entrada a Oculta 1,tipo_sucursal_DISTRIBUIDOR,Neurona H1_10,-0.1561987361015805,0.1561987361015805,0.037849987693363896
Capa 1 - Entrada a Oculta 1,tipo_sucursal_DISTRIBUIDOR,Neurona H1_11,-0.041044525481967575,0.041044525481967575,0.009945885755196672
Capa 1 - Entrada a Oculta 1,tipo_sucursal_DISTRIBUIDOR,Neurona H1_12,-0.11630677642256394,0.11630677642256394,0.028183391019156442
Capa 1 - Entrada a Oculta 1,tipo_sucursal_DISTRIBUIDOR,Neurona H1_13,0.10947603368962334,0.10947603368962334,0.02652816937760489
Capa 1 - Entrada a Oculta 1,tipo_sucursal_DISTRIBUIDOR,Neurona H1_14,0.13037646486398005,0.13037646486398005,0.03159274981198777
Capa 1 - Entrada a Oculta 1,tipo_sucursal_DISTRIBUIDOR,Neurona H1_15,-0.10947777763064319,0.10947777763064319,0.02652859196838754
Capa 1 - Entrada a Oculta 1,tipo_sucursal_DISTRIBUIDOR,Neurona H1_16,0.22255139353057085,0.22255139353057085,0.05392852539341295
Capa 1 - Entrada a Oculta 1,tipo_sucursal_DISTRIBUIDOR,Neurona H1_17,-0.1625899665390989,0.1625899665390989,0.03939870696884001
Capa 1 - Entrada a Oculta 1,tipo_sucursal_DISTRIBUIDOR,Neurona H1_18,-0.22421632586196885,0.22421632586196885,0.05433197083622829
Capa 1 - Entrada a Oculta 1,tipo_sucursal_DISTRIBUIDOR,Neurona H1_19,-0.30973706867823075,0.30973706867823075,0.07505530793812241
Capa 1 - Entrada a Oculta 1,tipo_sucursal_DISTRIBUIDOR,Neurona H1_20,0.07973786603354607,0.07973786603354607,0.019322033733372056
Capa 1 - Entrada a Oculta 1,tipo_sucursal_DISTRIBUIDOR,Neurona H1_21,0.020111131508553495,0.020111131508553495,0.004873317794347187
Capa 1 - Entrada a Oculta 1,tipo_sucursal_DISTRIBUIDOR,Neurona H1_22,0.4430510759040303,0.4430510759040303,0.10735988132191741
Capa 1 - Entrada a Oculta 1,tipo_sucursal_DISTRIBUIDOR,Neurona H1_23,0.10396592428178807,0.10396592428178807,0.0251929628421306
Capa 1 - Entrada a Oculta 1,tipo_sucursal_DISTRIBUIDOR,Neurona H1_24,0.22067463228125014,0.22067463228125014,0.053473749689312663
Capa 1 - Entrada a Oculta 1,tipo_sucursal_DISTRIBUIDOR,Neurona H1_25,0.05825936843544906,0.05825936843544906,0.01411737657640744
Capa 1 - Entrada a Oculta 1,tipo_sucursal_DISTRIBUIDOR,Neurona H1_26,-0.3326296685691686,0.3326296685691686,0.08060262954754696
Capa 1 - Entrada a Oculta 1,tipo_sucursal_DISTRIBUIDOR,Neurona H1_27,-0.06869918045942804,0.06869918045942804,0.01664714580816141
Capa 1 - Entrada a Oculta 1,tipo_sucursal_DISTRIBUIDOR,Neurona H1_28,0.1565029661347308,0.1565029661347308,0.03792370853962735
Capa 1 - Entrada a Oculta 1,tipo_sucursal_DISTRIBUIDOR,Neurona H1_29,0.15216403831400993,0.15216403831400993,0.03687230205122992
Capa 1 - Entrada a Oculta 1,tipo_sucursal_DISTRIBUIDOR,Neurona H1_30,0.11572546102878661,0.11572546102878661,0.02804252700802817
Capa 1 - Entrada a Oculta 1,tipo_sucursal_DISTRIBUIDOR,Neurona H1_31,-0.2766983807759526,0.2766983807759526,0.06704939213037302
Capa 1 - Entrada a Oculta 1,tipo_sucursal_DISTRIBUIDOR,Neurona H1_32,-0.24422589603436085,0.24422589603436085,0.059180678346140554
Capa 1 - Entrada a Oculta 1,tipo_sucursal_EXPRESS,Neurona H1_1,0.12238033924015801,0.12238033924015801,0.029655133260087944
Capa 1 - Entrada a Oculta 1,tipo_sucursal_EXPRESS,Neurona H1_2,-0.11074279899134132,0.11074279899134132,0.02683513121530647
Capa 1 - Entrada a Oculta 1,tipo_sucursal_EXPRESS,Neurona H1_3,-0.2399883970214371,0.2399883970214371,0.05815385002798119
Capa 1 - Entrada a Oculta 1,tipo_sucursal_EXPRESS,Neurona H1_4,0.03628119962410026,0.03628119962410026,0.008791639379076758
Capa 1 - Entrada a Oculta 1,tipo_sucursal_EXPRESS,Neurona H1_5,0.11171648445897435,0.11171648445897435,0.027071074116554725
Capa 1 - Entrada a Oculta 1,tipo_sucursal_EXPRESS,Neurona H1_6,0.14415498859653547,0.14415498859653547,0.03493155374040617
Capa 1 - Entrada a Oculta 1,tipo_sucursal_EXPRESS,Neurona H1_7,-0.13406689934511612,0.13406689934511612,0.03248701376815273
Capa 1 - Entrada a Oculta 1,tipo_sucursal_EXPRESS,Neurona H1_8,-0.050460777650380546,0.050460777650380546,0.012227626552767924
Capa 1 - Entrada a Oculta 1,tipo_sucursal_EXPRESS,Neurona H1_9,-0.06288638801294089,0.06288638801294089,0.015238593293238784
Capa 1 - Entrada a Oculta 1,tipo_sucursal_EXPRESS,Neurona H1_10,0.0637530567150019,0.0637530567150019,0.015448603953542077
Capa 1 - Entrada a Oculta 1,tipo_sucursal_EXPRESS,Neurona H1_11,-0.17342037277025416,0.17342037277025416,0.04202312476372388
Capa 1 - Entrada a Oculta 1,tipo_sucursal_EXPRESS,Neurona H1_12,-0.07397989119554817,0.07397989119554817,0.017926764589739626
Capa 1 - Entrada a Oculta 1,tipo_sucursal_EXPRESS,Neurona H1_13,0.009591733262993916,0.009591733262993916,0.0023242632752562675
Capa 1 - Entrada a Oculta 1,tipo_sucursal_EXPRESS,Neurona H1_14,0.07174981359842354,0.07174981359842354,0.017386373471904203
Capa 1 - Entrada a Oculta 1,tipo_sucursal_EXPRESS,Neurona H1_15,0.021931436041697356,0.021931436041697356,0.005314412939527255
Capa 1 - Entrada a Oculta 1,tipo_sucursal_EXPRESS,Neurona H1_16,-0.08569997831985703,0.08569997831985703,0.02076676934580727
Capa 1 - Entrada a Oculta 1,tipo_sucursal_EXPRESS,Neurona H1_17,0.23326331327817257,0.23326331327817257,0.056524231611902155
Capa 1 - Entrada a Oculta 1,tipo_sucursal_EXPRESS,Neurona H1_18,0.08486944644945199,0.08486944644945199,0.020565515341720235
Capa 1 - Entrada a Oculta 1,tipo_sucursal_EXPRESS,Neurona H1_19,0.23140028278774388,0.23140028278774388,0.05607278313738166
Capa 1 - Entrada a Oculta 1,tipo_sucursal_EXPRESS,Neurona H1_20,0.18591668668600148,0.18591668668600148,0.04505122434844685
Capa 1 - Entrada a Oculta 1,tipo_sucursal_EXPRESS,Neurona H1_21,0.09197955665568401,0.09197955665568401,0.022288433148361948
Capa 1 - Entrada a Oculta 1,tipo_sucursal_EXPRESS,Neurona H1_22,0.18927299280428633,0.18927299280428633,0.04586452251232974
Capa 1 - Entrada a Oculta 1,tipo_sucursal_EXPRESS,Neurona H1_23,0.20358602210642235,0.20358602210642235,0.04933284752225998
Capa 1 - Entrada a Oculta 1,tipo_sucursal_EXPRESS,Neurona H1_24,-0.14405701857913708,0.14405701857913708,0.03490781370226376
Capa 1 - Entrada a Oculta 1,tipo_sucursal_EXPRESS,Neurona H1_25,0.06654535858209443,0.06654535858209443,0.01612523293238911
Capa 1 - Entrada a Oculta 1,tipo_sucursal_EXPRESS,Neurona H1_26,0.12714070458150728,0.12714070458150728,0.030808662245551757
Capa 1 - Entrada a Oculta 1,tipo_sucursal_EXPRESS,Neurona H1_27,-0.21639508100860322,0.21639508100860322,0.05243673129181766
Capa 1 - Entrada a Oculta 1,tipo_sucursal_EXPRESS,Neurona H1_28,0.17907953318976536,0.17907953318976536,0.043394449254428924
Capa 1 - Entrada a Oculta 1,tipo_sucursal_EXPRESS,Neurona H1_29,-0.14832852156378323,0.14832852156378323,0.035942881843249744
Capa 1 - Entrada a Oculta 1,tipo_sucursal_EXPRESS,Neurona H1_30,0.1792023796276145,0.1792023796276145,0.04342421733243526
Capa 1 - Entrada a Oculta 1,tipo_sucursal_EXPRESS,Neurona H1_31,0.09502709316677826,0.09502709316677826,0.023026910439016716
Capa 1 - Entrada a Oculta 1,tipo_sucursal_EXPRESS,Neurona H1_32,-0.07515490530290676,0.07515490530290676,0.018211493330912855
Capa 1 - Entrada a Oculta 1,tipo_sucursal_MAYORISTA,Neurona H1_1,-0.21517237611108708,0.21517237611108708,0.05214044614586421
Capa 1 - Entrada a Oculta 1,tipo_sucursal_MAYORISTA,Neurona H1_2,0.14367562364885997,0.14367562364885997,0.03481539430260926
Capa 1 - Entrada a Oculta 1,tipo_sucursal_MAYORISTA,Neurona H1_3,-0.09958323454435428,0.09958323454435428,0.024130951991301296
Capa 1 - Entrada a Oculta 1,tipo_sucursal_MAYORISTA,Neurona H1_4,0.08449408841974582,0.08449408841974582,0.020474558800332186
Capa 1 - Entrada a Oculta 1,tipo_sucursal_MAYORISTA,Neurona H1_5,-0.20802807070708332,0.20802807070708332,0.05040924217860983
Capa 1 - Entrada a Oculta 1,tipo_sucursal_MAYORISTA,Neurona H1_6,0.2543054641624083,0.2543054641624083,0.061623153484690406
Capa 1 - Entrada a Oculta 1,tipo_sucursal_MAYORISTA,Neurona H1_7,-0.1469176943540081,0.1469176943540081,0.035601011007030406
Capa 1 - Entrada a Oculta 1,tipo_sucursal_MAYORISTA,Neurona H1_8,0.1850584323401442,0.1850584323401442,0.0448432526500885
Capa 1 - Entrada a Oculta 1,tipo_sucursal_MAYORISTA,Neurona H1_9,0.10559582102863012,0.10559582102863012,0.025587918482292155
Capa 1 - Entrada a Oculta 1,tipo_sucursal_MAYORISTA,Neurona H1_10,0.19846129900923032,0.19846129900923032,0.04809102757542973
Capa 1 - Entrada a Oculta 1,tipo_sucursal_MAYORISTA,Neurona H1_11,0.04665466524473986,0.04665466524473986,0.01130533158861807
Capa 1 - Entrada a Oculta 1,tipo_sucursal_MAYORISTA,Neurona H1_12,0.08464887359342785,0.08464887359342785,0.020512066254394876
Capa 1 - Entrada a Oculta 1,tipo_sucursal_MAYORISTA,Neurona H1_13,-0.21234196230711128,0.21234196230711128,0.051454581904440765
Capa 1 - Entrada a Oculta 1,tipo_sucursal_MAYORISTA,Neurona H1_14,-0.2305218932493178,0.2305218932493178,0.05585993229076671
Capa 1 - Entrada a Oculta 1,tipo_sucursal_MAYORISTA,Neurona H1_15,-0.19644334821235956,0.19644334821235956,0.04760203890155404
Capa 1 - Entrada a Oculta 1,tipo_sucursal_MAYORISTA,Neurona H1_16,-0.36048476573161164,0.36048476573161164,0.08735246063523434
Capa 1 - Entrada a Oculta 1,tipo_sucursal_MAYORISTA,Neurona H1_17,-0.07501795715650164,0.07501795715650164,0.018178308135017977
Capa 1 - Entrada a Oculta 1,tipo_sucursal_MAYORISTA,Neurona H1_18,0.08617323762173823,0.08617323762173823,0.020881449267034828
Capa 1 - Entrada a Oculta 1,tipo_sucursal_MAYORISTA,Neurona H1_19,-0.30885495346183367,0.30885495346183367,0.07484155428736915
Capa 1 - Entrada a Oculta 1,tipo_sucursal_MAYORISTA,Neurona H1_20,-0.2824672147422079,0.2824672147422079,0.06844729265170517
Capa 1 - Entrada a Oculta 1,tipo_sucursal_MAYORISTA,Neurona H1_21,0.0980752558867721,0.0980752558867721,0.023765539472251063
Capa 1 - Entrada a Oculta 1,tipo_sucursal_MAYORISTA,Neurona H1_22,-0.22743559089158893,0.22743559089158893,0.055112061282501526
Capa 1 - Entrada a Oculta 1,tipo_sucursal_MAYORISTA,Neurona H1_23,-0.21113257176598182,0.21113257176598182,0.05116152308565204
Capa 1 - Entrada a Oculta 1,tipo_sucursal_MAYORISTA,Neurona H1_24,0.009574246017782532,0.009574246017782532,0.0023200257760769443
Capa 1 - Entrada a Oculta 1,tipo_sucursal_MAYORISTA,Neurona H1_25,0.03685410180372864,0.03685410180372864,0.008930464705002146
Capa 1 - Entrada a Oculta 1,tipo_sucursal_MAYORISTA,Neurona H1_26,0.20455116999259568,0.20455116999259568,0.0495667216016903
Capa 1 - Entrada a Oculta 1,tipo_sucursal_MAYORISTA,Neurona H1_27,-0.06594060426332059,0.06594060426332059,0.015978689214466754
Capa 1 - Entrada a Oculta 1,tipo_sucursal_MAYORISTA,Neurona H1_28,-0.1713199883763906,0.1713199883763906,0.04151416082814268
Capa 1 - Entrada a Oculta 1,tipo_sucursal_MAYORISTA,Neurona H1_29,-0.10310249354542182,0.10310249354542182,0.024983736803807978
Capa 1 - Entrada a Oculta 1,tipo_sucursal_MAYORISTA,Neurona H1_30,-0.1905512079231092,0.1905512079231092,0.04617425886311208
Capa 1 - Entrada a Oculta 1,tipo_sucursal_MAYORISTA,Neurona H1_31,-0.1552702546906772,0.1552702546906772,0.03762499861308508
Capa 1 - Entrada a Oculta 1,tipo_sucursal_MAYORISTA,Neurona H1_32,-0.181175812318652,0.181175812318652,0.043902418404567344
Capa 1 - Entrada a Oculta 1,tipo_sucursal_MINORISTA,Neurona H1_1,-0.04296171414313726,0.04296171414313726,0.010410457806432334
Capa 1 - Entrada a Oculta 1,tipo_sucursal_MINORISTA,Neurona H1_2,-0.09997606039591067,0.09997606039591067,0.024226141325210986
Capa 1 - Entrada a Oculta 1,tipo_sucursal_MINORISTA,Neurona H1_3,-0.36670718037973143,0.36670718037973143,0.0888602725659351
Capa 1 - Entrada a Oculta 1,tipo_sucursal_MINORISTA,Neurona H1_4,-0.11885714488075501,0.11885714488075501,0.028801394833817905
Capa 1 - Entrada a Oculta 1,tipo_sucursal_MINORISTA,Neurona H1_5,0.16758881392032485,0.16758881392032485,0.0406100247847368
Capa 1 - Entrada a Oculta 1,tipo_sucursal_MINORISTA,Neurona H1_6,-0.12176707406445968,0.12176707406445968,0.02950652719622162
Capa 1 - Entrada a Oculta 1,tipo_sucursal_MINORISTA,Neurona H1_7,-0.008584575526803402,0.008584575526803402,0.002080209393185825
Capa 1 - Entrada a Oculta 1,tipo_sucursal_MINORISTA,Neurona H1_8,0.13912427865286775,0.13912427865286775,0.03371251500674525
Capa 1 - Entrada a Oculta 1,tipo_sucursal_MINORISTA,Neurona H1_9,-0.20630612470380932,0.20630612470380932,0.049991981215690304
Capa 1 - Entrada a Oculta 1,tipo_sucursal_MINORISTA,Neurona H1_10,0.08693890754288991,0.08693890754288991,0.021066985960967632
Capa 1 - Entrada a Oculta 1,tipo_sucursal_MINORISTA,Neurona H1_11,-0.1694590297756246,0.1694590297756246,0.04106321441273094
Capa 1 - Entrada a Oculta 1,tipo_sucursal_MINORISTA,Neurona H1_12,0.24872908427646803,0.24872908427646803,0.06027188832516248
Capa 1 - Entrada a Oculta 1,tipo_sucursal_MINORISTA,Neurona H1_13,-0.08644959717136352,0.08644959717136352,0.020948416553796086
Capa 1 - Entrada a Oculta 1,tipo_sucursal_MINORISTA,Neurona H1_14,0.24183459335165725,0.24183459335165725,0.05860121925850378
Capa 1 - Entrada a Oculta 1,tipo_sucursal_MINORISTA,Neurona H1_15,0.24109156028270481,0.24109156028270481,0.058421167913547165
Capa 1 - Entrada a Oculta 1,tipo_sucursal_MINORISTA,Neurona H1_16,-0.13327755291947316,0.13327755291947316,0.03229573979729962
Capa 1 - Entrada a Oculta 1,tipo_sucursal_MINORISTA,Neurona H1_17,0.163742908216448,0.163742908216448,0.0396780871314967
Capa 1 - Entrada a Oculta 1,tipo_sucursal_MINORISTA,Neurona H1_18,-0.0487763629230132,0.0487763629230132,0.011819460146991674
Capa 1 - Entrada a Oculta 1,tipo_sucursal_MINORISTA,Neurona H1_19,0.23568726855306177,0.23568726855306177,0.05711160305685517
Capa 1 - Entrada a Oculta 1,tipo_sucursal_MINORISTA,Neurona H1_20,-0.005275470090999794,0.005275470090999794,0.0012783488714735577
Capa 1 - Entrada a Oculta 1,tipo_sucursal_MINORISTA,Neurona H1_21,0.050502028411594416,0.050502028411594416,0.012237622413446793
Capa 1 - Entrada a Oculta 1,tipo_sucursal_MINORISTA,Neurona H1_22,-0.14144946652279433,0.14144946652279433,0.03427595319106094
Capa 1 - Entrada a Oculta 1,tipo_sucursal_MINORISTA,Neurona H1_23,0.26659444200343374,0.26659444200343374,0.064601011511303
Capa 1 - Entrada a Oculta 1,tipo_sucursal_MINORISTA,Neurona H1_24,-0.09772190541782495,0.09772190541782495,0.02367991579030017
Capa 1 - Entrada a Oculta 1,tipo_sucursal_MINORISTA,Neurona H1_25,0.1852656313797914,0.1852656313797914,0.04489346100193856
Capa 1 - Entrada a Oculta 1,tipo_sucursal_MINORISTA,Neurona H1_26,0.2405096271895541,0.2405096271895541,0.05828015422186281
Capa 1 - Entrada a Oculta 1,tipo_sucursal_MINORISTA,Neurona H1_27,-0.2741728780715626,0.2741728780715626,0.06643741377083909
Capa 1 - Entrada a Oculta 1,tipo_sucursal_MINORISTA,Neurona H1_28,0.26019866494171934,0.26019866494171934,0.06305119050047256
Capa 1 - Entrada a Oculta 1,tipo_sucursal_MINORISTA,Neurona H1_29,-0.1954640552979008,0.1954640552979008,0.04736473720702331
Capa 1 - Entrada a Oculta 1,tipo_sucursal_MINORISTA,Neurona H1_30,0.05275678076932517,0.05275678076932517,0.012783992705048843
Capa 1 - Entrada a Oculta 1,tipo_sucursal_MINORISTA,Neurona H1_31,0.21999361130581724,0.21999361130581724,0.05330872507911163
Capa 1 - Entrada a Oculta 1,tipo_sucursal_MINORISTA,Neurona H1_32,-0.009939705778668137,0.009939705778668137,0.0024085837746701216
Capa 1 - Entrada a Oculta 1,tipo_sucursal_PRINCIPAL,Neurona H1_1,-0.09512243720009542,0.09512243720009542,0.02305001415021028
Capa 1 - Entrada a Oculta 1,tipo_sucursal_PRINCIPAL,Neurona H1_2,-0.17141049247118254,0.17141049247118254,0.04153609172822273
Capa 1 - Entrada a Oculta 1,tipo_sucursal_PRINCIPAL,Neurona H1_3,0.1390456844451112,0.1390456844451112,0.03369347010362631
Capa 1 - Entrada a Oculta 1,tipo_sucursal_PRINCIPAL,Neurona H1_4,0.10929098819374723,0.10929098819374723,0.026483329259711304
Capa 1 - Entrada a Oculta 1,tipo_sucursal_PRINCIPAL,Neurona H1_5,0.18928768856868058,0.18928768856868058,0.045868083581486564
Capa 1 - Entrada a Oculta 1,tipo_sucursal_PRINCIPAL,Neurona H1_6,-0.10708100875725286,0.10708100875725286,0.025947808316574474
Capa 1 - Entrada a Oculta 1,tipo_sucursal_PRINCIPAL,Neurona H1_7,0.0567947197934492,0.0567947197934492,0.013762463761756081
Capa 1 - Entrada a Oculta 1,tipo_sucursal_PRINCIPAL,Neurona H1_8,0.008291570331473274,0.008291570331473274,0.00200920854315254
Capa 1 - Entrada a Oculta 1,tipo_sucursal_PRINCIPAL,Neurona H1_9,-0.11344185092098208,0.11344185092098208,0.027489163923062925
Capa 1 - Entrada a Oculta 1,tipo_sucursal_PRINCIPAL,Neurona H1_10,-0.07434673845341071,0.07434673845341071,0.01801565880580045
Capa 1 - Entrada a Oculta 1,tipo_sucursal_PRINCIPAL,Neurona H1_11,0.13262296964385392,0.13262296964385392,0.03213712155527775
Capa 1 - Entrada a Oculta 1,tipo_sucursal_PRINCIPAL,Neurona H1_12,0.11397968524053534,0.11397968524053534,0.027619491625349334
Capa 1 - Entrada a Oculta 1,tipo_sucursal_PRINCIPAL,Neurona H1_13,0.15590821862818083,0.15590821862818083,0.03777958966667479
Capa 1 - Entrada a Oculta 1,tipo_sucursal_PRINCIPAL,Neurona H1_14,0.18333633786429449,0.18333633786429449,0.04442595570938001
Capa 1 - Entrada a Oculta 1,tipo_sucursal_PRINCIPAL,Neurona H1_15,0.11812579834649352,0.11812579834649352,0.02862417536321105
Capa 1 - Entrada a Oculta 1,tipo_sucursal_PRINCIPAL,Neurona H1_16,-0.07724793378501629,0.07724793378501629,0.018718674786198035
Capa 1 - Entrada a Oculta 1,tipo_sucursal_PRINCIPAL,Neurona H1_17,0.1303044422365406,0.1303044422365406,0.03157529733042317
Capa 1 - Entrada a Oculta 1,tipo_sucursal_PRINCIPAL,Neurona H1_18,0.23992185574059044,0.23992185574059044,0.058137725783163285
Capa 1 - Entrada a Oculta 1,tipo_sucursal_PRINCIPAL,Neurona H1_19,0.2695808874660992,0.2695808874660992,0.06532468525431767
Capa 1 - Entrada a Oculta 1,tipo_sucursal_PRINCIPAL,Neurona H1_20,0.21939428662804084,0.21939428662804084,0.053163497068665924
Capa 1 - Entrada a Oculta 1,tipo_sucursal_PRINCIPAL,Neurona H1_21,-0.24401885954159977,0.24401885954159977,0.05913050938255824
Capa 1 - Entrada a Oculta 1,tipo_sucursal_PRINCIPAL,Neurona H1_22,0.0574794316430428,0.0574794316430428,0.013928382742456181
Capa 1 - Entrada a Oculta 1,tipo_sucursal_PRINCIPAL,Neurona H1_23,-0.12482827118067238,0.12482827118067238,0.030248314716834212
Capa 1 - Entrada a Oculta 1,tipo_sucursal_PRINCIPAL,Neurona H1_24,-0.14395548716808873,0.14395548716808873,0.03488321066926501
Capa 1 - Entrada a Oculta 1,tipo_sucursal_PRINCIPAL,Neurona H1_25,0.1868322740698448,0.1868322740698448,0.045273088955521075
Capa 1 - Entrada a Oculta 1,tipo_sucursal_PRINCIPAL,Neurona H1_26,0.19771418851268752,0.19771418851268752,0.04790998819056981
Capa 1 - Entrada a Oculta 1,tipo_sucursal_PRINCIPAL,Neurona H1_27,-0.09859819339822774,0.09859819339822774,0.02389225738858633
Capa 1 - Entrada a Oculta 1,tipo_sucursal_PRINCIPAL,Neurona H1_28,0.03123593035094106,0.03123593035094106,0.007569072637086005
Capa 1 - Entrada a Oculta 1,tipo_sucursal_PRINCIPAL,Neurona H1_29,-0.17877997062520046,0.17877997062520046,0.043321859426462585
Capa 1 - Entrada a Oculta 1,tipo_sucursal_PRINCIPAL,Neurona H1_30,-0.2148956783762151,0.2148956783762151,0.05207339691024891
Capa 1 - Entrada a Oculta 1,tipo_sucursal_PRINCIPAL,Neurona H1_31,0.18750513116677822,0.18750513116677822,0.04543613529939009
Capa 1 - Entrada a Oculta 1,tipo_sucursal_PRINCIPAL,Neurona H1_32,0.09749480811434458,0.09749480811434458,0.023624885702628152
Capa 1 - Entrada a Oculta 1,tipo_sucursal_SECUNDARIA,Neurona H1_1,0.06864787881537347,0.06864787881537347,0.016634714423346287
Capa 1 - Entrada a Oculta 1,tipo_sucursal_SECUNDARIA,Neurona H1_2,-0.3074028178184264,0.3074028178184264,0.07448967361532377
Capa 1 - Entrada a Oculta 1,tipo_sucursal_SECUNDARIA,Neurona H1_3,-0.043461755074812536,0.043461755074812536,0.010531627436753664
Capa 1 - Entrada a Oculta 1,tipo_sucursal_SECUNDARIA,Neurona H1_4,-0.08468997656556058,0.08468997656556058,0.020522026302908798
Capa 1 - Entrada a Oculta 1,tipo_sucursal_SECUNDARIA,Neurona H1_5,-0.16447472232133328,0.16447472232133328,0.03985541990354759
Capa 1 - Entrada a Oculta 1,tipo_sucursal_SECUNDARIA,Neurona H1_6,-0.17128586721722774,0.17128586721722774,0.04150589260852305
Capa 1 - Entrada a Oculta 1,tipo_sucursal_SECUNDARIA,Neurona H1_7,-0.17626741481570926,0.17626741481570926,0.042713018351037454
Capa 1 - Entrada a Oculta 1,tipo_sucursal_SECUNDARIA,Neurona H1_8,0.07381818792641599,0.07381818792641599,0.01788758074677531
Capa 1 - Entrada a Oculta 1,tipo_sucursal_SECUNDARIA,Neurona H1_9,-0.20151515273101145,0.20151515273101145,0.04883103564893667
Capa 1 - Entrada a Oculta 1,tipo_sucursal_SECUNDARIA,Neurona H1_10,-0.1631433811502667,0.1631433811502667,0.039532810078409385
Capa 1 - Entrada a Oculta 1,tipo_sucursal_SECUNDARIA,Neurona H1_11,0.2460750131746677,0.2460750131746677,0.059628755345679706
Capa 1 - Entrada a Oculta 1,tipo_sucursal_SECUNDARIA,Neurona H1_12,-0.15712242720278807,0.15712242720278807,0.03807381598855855
Capa 1 - Entrada a Oculta 1,tipo_sucursal_SECUNDARIA,Neurona H1_13,0.16135409615946117,0.16135409615946117,0.03909923157084793
Capa 1 - Entrada a Oculta 1,tipo_sucursal_SECUNDARIA,Neurona H1_14,0.06346704983833809,0.06346704983833809,0.015379298932053923
Capa 1 - Entrada a Oculta 1,tipo_sucursal_SECUNDARIA,Neurona H1_15,-0.034094148209209967,0.034094148209209967,0.008261674340918462
Capa 1 - Entrada a Oculta 1,tipo_sucursal_SECUNDARIA,Neurona H1_16,-0.013467139554330404,0.013467139554330404,0.00326334949384435
Capa 1 - Entrada a Oculta 1,tipo_sucursal_SECUNDARIA,Neurona H1_17,-0.17390154123229185,0.17390154123229185,0.04213972122808143
Capa 1 - Entrada a Oculta 1,tipo_sucursal_SECUNDARIA,Neurona H1_18,0.036087987379235,0.036087987379235,0.008744820299275745
Capa 1 - Entrada a Oculta 1,tipo_sucursal_SECUNDARIA,Neurona H1_19,0.24282671710794088,0.24282671710794088,0.05884163011522933
Capa 1 - Entrada a Oculta 1,tipo_sucursal_SECUNDARIA,Neurona H1_20,-0.06442677125182475,0.06442677125182475,0.015611858071750832
Capa 1 - Entrada a Oculta 1,tipo_sucursal_SECUNDARIA,Neurona H1_21,-0.1247648875551709,0.1247648875551709,0.030232955633239373
Capa 1 - Entrada a Oculta 1,tipo_sucursal_SECUNDARIA,Neurona H1_22,0.0980856848658052,0.0980856848658052,0.023768066616438713
Capa 1 - Entrada a Oculta 1,tipo_sucursal_SECUNDARIA,Neurona H1_23,0.06114643920381627,0.06114643920381627,0.014816969900783027
Capa 1 - Entrada a Oculta 1,tipo_sucursal_SECUNDARIA,Neurona H1_24,0.12709301802877393,0.12709301802877393,0.030797106867581713
Capa 1 - Entrada a Oculta 1,tipo_sucursal_SECUNDARIA,Neurona H1_25,-0.04452422715466252,0.04452422715466252,0.01078908505869442
Capa 1 - Entrada a Oculta 1,tipo_sucursal_SECUNDARIA,Neurona H1_26,-0.12246814330048686,0.12246814330048686,0.029676409889373298
Capa 1 - Entrada a Oculta 1,tipo_sucursal_SECUNDARIA,Neurona H1_27,0.13720846976875517,0.13720846976875517,0.033248277302290706
Capa 1 - Entrada a Oculta 1,tipo_sucursal_SECUNDARIA,Neurona H1_28,0.26641841542130534,0.26641841542130534,0.06455835685138993
Capa 1 - Entrada a Oculta 1,tipo_sucursal_SECUNDARIA,Neurona H1_29,0.12203744848485136,0.12203744848485136,0.02957204416991704
Capa 1 - Entrada a Oculta 1,tipo_sucursal_SECUNDARIA,Neurona H1_30,0.19998149277411806,0.19998149277411806,0.048459400052241
Capa 1 - Entrada a Oculta 1,tipo_sucursal_SECUNDARIA,Neurona H1_31,0.26325614074654846,0.26325614074654846,0.06379207627505579
Capa 1 - Entrada a Oculta 1,tipo_sucursal_SECUNDARIA,Neurona H1_32,0.26450486664714,0.26450486664714,0.06409466681547499
Capa 1 - Entrada a Oculta 1,categoria_producto_AGROINDUSTRIA,Neurona H1_1,-0.0678369137743381,0.0678369137743381,0.016438201842073064
Capa 1 - Entrada a Oculta 1,categoria_producto_AGROINDUSTRIA,Neurona H1_2,-0.029427287263252083,0.029427287263252083,0.007130803286646474
Capa 1 - Entrada a Oculta 1,categoria_producto_AGROINDUSTRIA,Neurona H1_3,-0.008834763418280786,0.008834763418280786,0.0021408347788310026
Capa 1 - Entrada a Oculta 1,categoria_producto_AGROINDUSTRIA,Neurona H1_4,-0.19749173947076687,0.19749173947076687,0.04785608446695951
Capa 1 - Entrada a Oculta 1,categoria_producto_AGROINDUSTRIA,Neurona H1_5,-0.006085368262048084,0.006085368262048084,0.0014746029294264986
Capa 1 - Entrada a Oculta 1,categoria_producto_AGROINDUSTRIA,Neurona H1_6,-0.10971602964872794,0.10971602964872794,0.0265863250600725
Capa 1 - Entrada a Oculta 1,categoria_producto_AGROINDUSTRIA,Neurona H1_7,0.1698414040248352,0.1698414040248352,0.041155871120384886
Capa 1 - Entrada a Oculta 1,categoria_producto_AGROINDUSTRIA,Neurona H1_8,-0.0444317464641839,0.0444317464641839,0.010766675191086957
Capa 1 - Entrada a Oculta 1,categoria_producto_AGROINDUSTRIA,Neurona H1_9,-0.2276027794446671,0.2276027794446671,0.05515257431630971
Capa 1 - Entrada a Oculta 1,categoria_producto_AGROINDUSTRIA,Neurona H1_10,-0.22887062685304332,0.22887062685304332,0.05545979836947295
Capa 1 - Entrada a Oculta 1,categoria_producto_AGROINDUSTRIA,Neurona H1_11,0.20730132254011327,0.20730132254011327,0.05023313698171437
Capa 1 - Entrada a Oculta 1,categoria_producto_AGROINDUSTRIA,Neurona H1_12,0.18903321532767559,0.18903321532767559,0.04580641977241409
Capa 1 - Entrada a Oculta 1,categoria_producto_AGROINDUSTRIA,Neurona H1_13,0.24591406383719655,0.24591406383719655,0.05958975419500088
Capa 1 - Entrada a Oculta 1,categoria_producto_AGROINDUSTRIA,Neurona H1_14,-0.19160689006036458,0.19160689006036458,0.04643007115007729
Capa 1 - Entrada a Oculta 1,categoria_producto_AGROINDUSTRIA,Neurona H1_15,-0.07508575276909016,0.07508575276909016,0.01819473632878051
Capa 1 - Entrada a Oculta 1,categoria_producto_AGROINDUSTRIA,Neurona H1_16,-0.019212927638559356,0.019212927638559356,0.004655665550328383
Capa 1 - Entrada a Oculta 1,categoria_producto_AGROINDUSTRIA,Neurona H1_17,0.20162602555142178,0.20162602555142178,0.04885790228686728
Capa 1 - Entrada a Oculta 1,categoria_producto_AGROINDUSTRIA,Neurona H1_18,-0.09275426479582104,0.09275426479582104,0.022476159978309318
Capa 1 - Entrada a Oculta 1,categoria_producto_AGROINDUSTRIA,Neurona H1_19,-0.12511391663218752,0.12511391663218752,0.03031753215798868
Capa 1 - Entrada a Oculta 1,categoria_producto_AGROINDUSTRIA,Neurona H1_20,0.14691024624704557,0.14691024624704557,0.03559920618604461
Capa 1 - Entrada a Oculta 1,categoria_producto_AGROINDUSTRIA,Neurona H1_21,-0.16355882636402497,0.16355882636402497,0.03963348052312919
Capa 1 - Entrada a Oculta 1,categoria_producto_AGROINDUSTRIA,Neurona H1_22,0.10393477649867516,0.10393477649867516,0.025185415129281425
Capa 1 - Entrada a Oculta 1,categoria_producto_AGROINDUSTRIA,Neurona H1_23,0.105855705678661,0.105855705678661,0.025650893580880442
Capa 1 - Entrada a Oculta 1,categoria_producto_AGROINDUSTRIA,Neurona H1_24,-0.16225420267489576,0.16225420267489576,0.0393173448628131
Capa 1 - Entrada a Oculta 1,categoria_producto_AGROINDUSTRIA,Neurona H1_25,-0.14167135283450405,0.14167135283450405,0.0343297205542109
Capa 1 - Entrada a Oculta 1,categoria_producto_AGROINDUSTRIA,Neurona H1_26,0.08466606016830835,0.08466606016830835,0.020516230895312938
Capa 1 - Entrada a Oculta 1,categoria_producto_AGROINDUSTRIA,Neurona H1_27,0.14925581599423837,0.14925581599423837,0.03616758329511058
Capa 1 - Entrada a Oculta 1,categoria_producto_AGROINDUSTRIA,Neurona H1_28,0.25482348420215223,0.25482348420215223,0.0617486798021151
Capa 1 - Entrada a Oculta 1,categoria_producto_AGROINDUSTRIA,Neurona H1_29,-0.06933181911367658,0.06933181911367658,0.01680044644218243
Capa 1 - Entrada a Oculta 1,categoria_producto_AGROINDUSTRIA,Neurona H1_30,0.051832631717080004,0.051832631717080004,0.01256005343942274
Capa 1 - Entrada a Oculta 1,categoria_producto_AGROINDUSTRIA,Neurona H1_31,-0.15964892207079262,0.15964892207079262,0.03868603476860764
Capa 1 - Entrada a Oculta 1,categoria_producto_AGROINDUSTRIA,Neurona H1_32,-0.05321570519732176,0.05321570519732176,0.01289519900789984
Capa 1 - Entrada a Oculta 1,categoria_producto_AGROQUIMICO,Neurona H1_1,-0.056851886988706635,0.056851886988706635,0.01377631648355756
Capa 1 - Entrada a Oculta 1,categoria_producto_AGROQUIMICO,Neurona H1_2,-0.08049375119737547,0.08049375119737547,0.01950519939055082
Capa 1 - Entrada a Oculta 1,categoria_producto_AGROQUIMICO,Neurona H1_3,0.11660359542348456,0.11660359542348456,0.028255316028362
Capa 1 - Entrada a Oculta 1,categoria_producto_AGROQUIMICO,Neurona H1_4,0.1275723788491071,0.1275723788491071,0.030913265305243413
Capa 1 - Entrada a Oculta 1,categoria_producto_AGROQUIMICO,Neurona H1_5,0.10630973105773012,0.10630973105773012,0.025760912749019326
Capa 1 - Entrada a Oculta 1,categoria_producto_AGROQUIMICO,Neurona H1_6,-0.18705032528253435,0.18705032528253435,0.04532592699968717
Capa 1 - Entrada a Oculta 1,categoria_producto_AGROQUIMICO,Neurona H1_7,-0.12170904553760897,0.12170904553760897,0.02949246575704496
Capa 1 - Entrada a Oculta 1,categoria_producto_AGROQUIMICO,Neurona H1_8,0.25904094297576585,0.25904094297576585,0.06277065198103678
Capa 1 - Entrada a Oculta 1,categoria_producto_AGROQUIMICO,Neurona H1_9,-0.03853792772081776,0.03853792772081776,0.009338488430611186
Capa 1 - Entrada a Oculta 1,categoria_producto_AGROQUIMICO,Neurona H1_10,0.07270750329377342,0.07270750329377342,0.01761844028683336
Capa 1 - Entrada a Oculta 1,categoria_producto_AGROQUIMICO,Neurona H1_11,-0.2238234126943896,0.2238234126943896,0.054236760343950266
Capa 1 - Entrada a Oculta 1,categoria_producto_AGROQUIMICO,Neurona H1_12,0.030821434266501392,0.030821434266501392,0.0074686321848355715
Capa 1 - Entrada a Oculta 1,categoria_producto_AGROQUIMICO,Neurona H1_13,0.12196316755443601,0.12196316755443601,0.029554044457677092
Capa 1 - Entrada a Oculta 1,categoria_producto_AGROQUIMICO,Neurona H1_14,-0.19578895406334165,0.19578895406334165,0.047443466488581186
Capa 1 - Entrada a Oculta 1,categoria_producto_AGROQUIMICO,Neurona H1_15,-0.21915170913879448,0.21915170913879448,0.05310471583130245
Capa 1 - Entrada a Oculta 1,categoria_producto_AGROQUIMICO,Neurona H1_16,-0.05712018886296548,0.05712018886296548,0.013841331239068768
Capa 1 - Entrada a Oculta 1,categoria_producto_AGROQUIMICO,Neurona H1_17,0.22093529897458664,0.22093529897458664,0.05353691429218397
Capa 1 - Entrada a Oculta 1,categoria_producto_AGROQUIMICO,Neurona H1_18,-0.07308332524621938,0.07308332524621938,0.017709509245712293
Capa 1 - Entrada a Oculta 1,categoria_producto_AGROQUIMICO,Neurona H1_19,-0.2382423665249906,0.2382423665249906,0.0577307529245593
Capa 1 - Entrada a Oculta 1,categoria_producto_AGROQUIMICO,Neurona H1_20,0.15400172980142,0.15400172980142,0.03731761039314529
Capa 1 - Entrada a Oculta 1,categoria_producto_AGROQUIMICO,Neurona H1_21,0.17886282896611314,0.17886282896611314,0.043341937611869906
Capa 1 - Entrada a Oculta 1,categoria_producto_AGROQUIMICO,Neurona H1_22,0.03574811595271162,0.03574811595271162,0.008662462851115153
Capa 1 - Entrada a Oculta 1,categoria_producto_AGROQUIMICO,Neurona H1_23,0.28610225062077627,0.28610225062077627,0.06932813245042974
Capa 1 - Entrada a Oculta 1,categoria_producto_AGROQUIMICO,Neurona H1_24,-0.16266979819958205,0.16266979819958205,0.03941805173079034
Capa 1 - Entrada a Oculta 1,categoria_producto_AGROQUIMICO,Neurona H1_25,-0.1379717515296979,0.1379717515296979,0.0334332352986183
Capa 1 - Entrada a Oculta 1,categoria_producto_AGROQUIMICO,Neurona H1_26,-0.14732042076283372,0.14732042076283372,0.03569859943827052
Capa 1 - Entrada a Oculta 1,categoria_producto_AGROQUIMICO,Neurona H1_27,0.046393340257086295,0.046393340257086295,0.01124200746824732
Capa 1 - Entrada a Oculta 1,categoria_producto_AGROQUIMICO,Neurona H1_28,0.2240273886691763,0.2240273886691763,0.054286187684581225
Capa 1 - Entrada a Oculta 1,categoria_producto_AGROQUIMICO,Neurona H1_29,0.06962576227781055,0.06962576227781055,0.01687167458027558
Capa 1 - Entrada a Oculta 1,categoria_producto_AGROQUIMICO,Neurona H1_30,-0.18409184311996524,0.18409184311996524,0.04460902930743277
Capa 1 - Entrada a Oculta 1,categoria_producto_AGROQUIMICO,Neurona H1_31,0.15531586683537615,0.15531586683537615,0.037636051321696
Capa 1 - Entrada a Oculta 1,categoria_producto_AGROQUIMICO,Neurona H1_32,0.05226930006769432,0.05226930006769432,0.012665866662431696
Capa 1 - Entrada a Oculta 1,categoria_producto_ALIMENTACION,Neurona H1_1,-0.10778334094991883,0.10778334094991883,0.026117997048650848
Capa 1 - Entrada a Oculta 1,categoria_producto_ALIMENTACION,Neurona H1_2,0.1715871814442254,0.1715871814442254,0.041578906898320375
Capa 1 - Entrada a Oculta 1,categoria_producto_ALIMENTACION,Neurona H1_3,0.10478379419430164,0.10478379419430164,0.0253911486078802
Capa 1 - Entrada a Oculta 1,categoria_producto_ALIMENTACION,Neurona H1_4,-0.11144675240599823,0.11144675240599823,0.027005712800961156
Capa 1 - Entrada a Oculta 1,categoria_producto_ALIMENTACION,Neurona H1_5,-0.09883034870396587,0.09883034870396587,0.02394851312844983
Capa 1 - Entrada a Oculta 1,categoria_producto_ALIMENTACION,Neurona H1_6,0.02753271961158858,0.02753271961158858,0.006671712745394754
Capa 1 - Entrada a Oculta 1,categoria_producto_ALIMENTACION,Neurona H1_7,0.12854084344313377,0.12854084344313377,0.031147943087408883
Capa 1 - Entrada a Oculta 1,categoria_producto_ALIMENTACION,Neurona H1_8,0.1429796733088943,0.1429796733088943,0.03464675201740048
Capa 1 - Entrada a Oculta 1,categoria_producto_ALIMENTACION,Neurona H1_9,0.13676523264283372,0.13676523264283372,0.03314087233743581
Capa 1 - Entrada a Oculta 1,categoria_producto_ALIMENTACION,Neurona H1_10,0.1566067361731351,0.1566067361731351,0.037948854035516566
Capa 1 - Entrada a Oculta 1,categoria_producto_ALIMENTACION,Neurona H1_11,0.246841900290901,0.246841900290901,0.059814586989623046
Capa 1 - Entrada a Oculta 1,categoria_producto_ALIMENTACION,Neurona H1_12,0.0948773270556414,0.0948773270556414,0.022990619201296802
Capa 1 - Entrada a Oculta 1,categoria_producto_ALIMENTACION,Neurona H1_13,-0.04961382629149905,0.04961382629149905,0.012022393787698078
Capa 1 - Entrada a Oculta 1,categoria_producto_ALIMENTACION,Neurona H1_14,-0.05727140270479001,0.05727140270479001,0.013877973290054397
Capa 1 - Entrada a Oculta 1,categoria_producto_ALIMENTACION,Neurona H1_15,-0.14871900458443624,0.14871900458443624,0.036037503463725425
Capa 1 - Entrada a Oculta 1,categoria_producto_ALIMENTACION,Neurona H1_16,-0.08837451390009718,0.08837451390009718,0.021414861265909108
Capa 1 - Entrada a Oculta 1,categoria_producto_ALIMENTACION,Neurona H1_17,-0.10706289526902373,0.10706289526902373,0.025943419066548082
Capa 1 - Entrada a Oculta 1,categoria_producto_ALIMENTACION,Neurona H1_18,0.2625714826716094,0.2625714826716094,0.06362617032499898
Capa 1 - Entrada a Oculta 1,categoria_producto_ALIMENTACION,Neurona H1_19,0.16351020246386838,0.16351020246386838,0.039621698007671874
Capa 1 - Entrada a Oculta 1,categoria_producto_ALIMENTACION,Neurona H1_20,-0.12094515687772336,0.12094515687772336,0.029307360697315363
Capa 1 - Entrada a Oculta 1,categoria_producto_ALIMENTACION,Neurona H1_21,-0.23040233885657263,0.23040233885657263,0.0558309619392323
Capa 1 - Entrada a Oculta 1,categoria_producto_ALIMENTACION,Neurona H1_22,0.2311139776184367,0.2311139776184367,0.05600340583379211
Capa 1 - Entrada a Oculta 1,categoria_producto_ALIMENTACION,Neurona H1_23,-0.04058594083915097,0.04058594083915097,0.009834761788894626
Capa 1 - Entrada a Oculta 1,categoria_producto_ALIMENTACION,Neurona H1_24,-0.14645780738859296,0.14645780738859296,0.035489571462666986
Capa 1 - Entrada a Oculta 1,categoria_producto_ALIMENTACION,Neurona H1_25,0.08782505334115236,0.08782505334115236,0.021281716299995136
Capa 1 - Entrada a Oculta 1,categoria_producto_ALIMENTACION,Neurona H1_26,-0.34112487494569266,0.34112487494569266,0.0826611830597528
Capa 1 - Entrada a Oculta 1,categoria_producto_ALIMENTACION,Neurona H1_27,0.24289117938275095,0.24289117938275095,0.058857250576502845
Capa 1 - Entrada a Oculta 1,categoria_producto_ALIMENTACION,Neurona H1_28,-0.16204241578577602,0.16204241578577602,0.03926602478592346
Capa 1 - Entrada a Oculta 1,categoria_producto_ALIMENTACION,Neurona H1_29,0.13182152235858136,0.13182152235858136,0.03194291531109458
Capa 1 - Entrada a Oculta 1,categoria_producto_ALIMENTACION,Neurona H1_30,0.29156891753166786,0.29156891753166786,0.0706528120250865
Capa 1 - Entrada a Oculta 1,categoria_producto_ALIMENTACION,Neurona H1_31,0.07108550715160333,0.07108550715160333,0.017225399116641716
Capa 1 - Entrada a Oculta 1,categoria_producto_ALIMENTACION,Neurona H1_32,-0.24440924460423719,0.24440924460423719,0.05922510726590405
Capa 1 - Entrada a Oculta 1,categoria_producto_AUTOMOTRIZ,Neurona H1_1,0.07890404621832381,0.07890404621832381,0.019119982996392202
Capa 1 - Entrada a Oculta 1,categoria_producto_AUTOMOTRIZ,Neurona H1_2,-0.190304300136285,0.190304300136285,0.046114428310535686
Capa 1 - Entrada a Oculta 1,categoria_producto_AUTOMOTRIZ,Neurona H1_3,0.14530331809416155,0.14530331809416155,0.03520981628233101
Capa 1 - Entrada a Oculta 1,categoria_producto_AUTOMOTRIZ,Neurona H1_4,0.06298593784044364,0.06298593784044364,0.01526271615005502
Capa 1 - Entrada a Oculta 1,categoria_producto_AUTOMOTRIZ,Neurona H1_5,0.2247855736829942,0.2247855736829942,0.05446991064008349
Capa 1 - Entrada a Oculta 1,categoria_producto_AUTOMOTRIZ,Neurona H1_6,-0.17730161438721068,0.17730161438721068,0.04296362499505251
Capa 1 - Entrada a Oculta 1,categoria_producto_AUTOMOTRIZ,Neurona H1_7,-0.000344250534344178,0.000344250534344178,8.341859104344725e-05
Capa 1 - Entrada a Oculta 1,categoria_producto_AUTOMOTRIZ,Neurona H1_8,0.05071115379605282,0.05071115379605282,0.012288297556061091
Capa 1 - Entrada a Oculta 1,categoria_producto_AUTOMOTRIZ,Neurona H1_9,-0.2169987843503147,0.2169987843503147,0.05258302033758408
Capa 1 - Entrada a Oculta 1,categoria_producto_AUTOMOTRIZ,Neurona H1_10,0.10634445586064657,0.10634445586064657,0.025769327243245373
Capa 1 - Entrada a Oculta 1,categoria_producto_AUTOMOTRIZ,Neurona H1_11,0.05584778564739167,0.05584778564739167,0.013533003225331543
Capa 1 - Entrada a Oculta 1,categoria_producto_AUTOMOTRIZ,Neurona H1_12,-0.07622986653973464,0.07622986653973464,0.018471977318173276
Capa 1 - Entrada a Oculta 1,categoria_producto_AUTOMOTRIZ,Neurona H1_13,-0.01565250699418344,0.01565250699418344,0.003792906472142324
Capa 1 - Entrada a Oculta 1,categoria_producto_AUTOMOTRIZ,Neurona H1_14,0.1471507189509902,0.1471507189509902,0.035657477393047046
Capa 1 - Entrada a Oculta 1,categoria_producto_AUTOMOTRIZ,Neurona H1_15,-0.09507475139673496,0.09507475139673496,0.023038458953827848
Capa 1 - Entrada a Oculta 1,categoria_producto_AUTOMOTRIZ,Neurona H1_16,0.24917162904329937,0.24917162904329937,0.06037912551796177
Capa 1 - Entrada a Oculta 1,categoria_producto_AUTOMOTRIZ,Neurona H1_17,0.2450859106057369,0.2450859106057369,0.059389076581331954
Capa 1 - Entrada a Oculta 1,categoria_producto_AUTOMOTRIZ,Neurona H1_18,-0.2042552713467168,0.2042552713467168,0.04949501961238793
Capa 1 - Entrada a Oculta 1,categoria_producto_AUTOMOTRIZ,Neurona H1_19,0.14799302098246767,0.14799302098246767,0.035861583535780395
Capa 1 - Entrada a Oculta 1,categoria_producto_AUTOMOTRIZ,Neurona H1_20,0.10811115832641136,0.10811115832641136,0.026197433566356367
Capa 1 - Entrada a Oculta 1,categoria_producto_AUTOMOTRIZ,Neurona H1_21,-0.23402456455215773,0.23402456455215773,0.056708697581800645
Capa 1 - Entrada a Oculta 1,categoria_producto_AUTOMOTRIZ,Neurona H1_22,0.2590793838528169,0.2590793838528169,0.06277996695220504
Capa 1 - Entrada a Oculta 1,categoria_producto_AUTOMOTRIZ,Neurona H1_23,0.17523903758192144,0.17523903758192144,0.042463822572540944
Capa 1 - Entrada a Oculta 1,categoria_producto_AUTOMOTRIZ,Neurona H1_24,0.17058306422321382,0.17058306422321382,0.041335589792135426
Capa 1 - Entrada a Oculta 1,categoria_producto_AUTOMOTRIZ,Neurona H1_25,0.20798563799778821,0.20798563799778821,0.05039895990895324
Capa 1 - Entrada a Oculta 1,categoria_producto_AUTOMOTRIZ,Neurona H1_26,0.18462783546405534,0.18462783546405534,0.044738910663286724
Capa 1 - Entrada a Oculta 1,categoria_producto_AUTOMOTRIZ,Neurona H1_27,-0.1436776925695277,0.1436776925695277,0.03481589564227285
Capa 1 - Entrada a Oculta 1,categoria_producto_AUTOMOTRIZ,Neurona H1_28,0.24395611650774265,0.24395611650774265,0.059115305526761405
Capa 1 - Entrada a Oculta 1,categoria_producto_AUTOMOTRIZ,Neurona H1_29,-0.20810224067408314,0.20810224067408314,0.05042721500225889
Capa 1 - Entrada a Oculta 1,categoria_producto_AUTOMOTRIZ,Neurona H1_30,0.20494267152335705,0.20494267152335705,0.049661590026948324
Capa 1 - Entrada a Oculta 1,categoria_producto_AUTOMOTRIZ,Neurona H1_31,0.009912706312289906,0.009912706312289906,0.0024020412795408472
Capa 1 - Entrada a Oculta 1,categoria_producto_AUTOMOTRIZ,Neurona H1_32,0.1336255249343913,0.1336255249343913,0.032380060175370554
Capa 1 - Entrada a Oculta 1,categoria_producto_BEBIDAS,Neurona H1_1,-0.08532787981638422,0.08532787981638422,0.020676602650937178
Capa 1 - Entrada a Oculta 1,categoria_producto_BEBIDAS,Neurona H1_2,0.14905040837160927,0.14905040837160927,0.0361178090383997
Capa 1 - Entrada a Oculta 1,categoria_producto_BEBIDAS,Neurona H1_3,0.043928128611954845,0.043928128611954845,0.010644638803438905
Capa 1 - Entrada a Oculta 1,categoria_producto_BEBIDAS,Neurona H1_4,-0.19764796558715328,0.19764796558715328,0.04789394108942772
Capa 1 - Entrada a Oculta 1,categoria_producto_BEBIDAS,Neurona H1_5,0.21112231694030764,0.21112231694030764,0.05115903814220593
Capa 1 - Entrada a Oculta 1,categoria_producto_BEBIDAS,Neurona H1_6,0.1698723984036313,0.1698723984036313,0.041163381660388444
Capa 1 - Entrada a Oculta 1,categoria_producto_BEBIDAS,Neurona H1_7,0.02475888032888312,0.02475888032888312,0.005999557609353877
Capa 1 - Entrada a Oculta 1,categoria_producto_BEBIDAS,Neurona H1_8,0.1305847741637943,0.1305847741637943,0.03164322720144152
Capa 1 - Entrada a Oculta 1,categoria_producto_BEBIDAS,Neurona H1_9,-0.08498339718301313,0.08498339718301313,0.020593127817791324
Capa 1 - Entrada a Oculta 1,categoria_producto_BEBIDAS,Neurona H1_10,-0.03895712048454406,0.03895712048454406,0.009440066979479017
Capa 1 - Entrada a Oculta 1,categoria_producto_BEBIDAS,Neurona H1_11,-0.1697130130313331,0.1697130130313331,0.04112475948884881
Capa 1 - Entrada a Oculta 1,categoria_producto_BEBIDAS,Neurona H1_12,0.14134197569407897,0.14134197569407897,0.03424990607540835
Capa 1 - Entrada a Oculta 1,categoria_producto_BEBIDAS,Neurona H1_13,0.18261573325604755,0.18261573325604755,0.04425133921609296
Capa 1 - Entrada a Oculta 1,categoria_producto_BEBIDAS,Neurona H1_14,0.014644363122937527,0.014644363122937527,0.003548613630393702
Capa 1 - Entrada a Oculta 1,categoria_producto_BEBIDAS,Neurona H1_15,-0.22647781112676646,0.22647781112676646,0.054879972641989676
Capa 1 - Entrada a Oculta 1,categoria_producto_BEBIDAS,Neurona H1_16,0.15756640833325086,0.15756640833325086,0.038181401240165024
Capa 1 - Entrada a Oculta 1,categoria_producto_BEBIDAS,Neurona H1_17,0.12043815623472981,0.12043815623472981,0.029184504593759226
Capa 1 - Entrada a Oculta 1,categoria_producto_BEBIDAS,Neurona H1_18,-0.17780161066238892,0.17780161066238892,0.04308478380423722
Capa 1 - Entrada a Oculta 1,categoria_producto_BEBIDAS,Neurona H1_19,0.1165666166331531,0.1165666166331531,0.02824635534920483
Capa 1 - Entrada a Oculta 1,categoria_producto_BEBIDAS,Neurona H1_20,0.18285784672522676,0.18285784672522676,0.04431000801238123
Capa 1 - Entrada a Oculta 1,categoria_producto_BEBIDAS,Neurona H1_21,0.014954547367300718,0.014954547367300718,0.0036237772976860354
Capa 1 - Entrada a Oculta 1,categoria_producto_BEBIDAS,Neurona H1_22,0.007163918937020718,0.007163918937020718,0.001735956707269074
Capa 1 - Entrada a Oculta 1,categoria_producto_BEBIDAS,Neurona H1_23,-0.08627222374139423,0.08627222374139423,0.020905435526490584
Capa 1 - Entrada a Oculta 1,categoria_producto_BEBIDAS,Neurona H1_24,0.16355338648911888,0.16355338648911888,0.039632162335777696
Capa 1 - Entrada a Oculta 1,categoria_producto_BEBIDAS,Neurona H1_25,-0.18047754500625562,0.18047754500625562,0.04373321467193474
Capa 1 - Entrada a Oculta 1,categoria_producto_BEBIDAS,Neurona H1_26,-0.07872677263458153,0.07872677263458153,0.019077026163766872
Capa 1 - Entrada a Oculta 1,categoria_producto_BEBIDAS,Neurona H1_27,-0.07216303880397994,0.07216303880397994,0.017486505965516225
Capa 1 - Entrada a Oculta 1,categoria_producto_BEBIDAS,Neurona H1_28,0.2230362952970755,0.2230362952970755,0.054046026509956914
Capa 1 - Entrada a Oculta 1,categoria_producto_BEBIDAS,Neurona H1_29,-0.003445308209008703,0.003445308209008703,0.0008348650992029729
Capa 1 - Entrada a Oculta 1,categoria_producto_BEBIDAS,Neurona H1_30,0.1698451812127959,0.1698451812127959,0.04115678640639421
Capa 1 - Entrada a Oculta 1,categoria_producto_BEBIDAS,Neurona H1_31,-0.17949787963349162,0.17949787963349162,0.0434958227235222
Capa 1 - Entrada a Oculta 1,categoria_producto_BEBIDAS,Neurona H1_32,0.08550315441111893,0.08550315441111893,0.020719075089698485
Capa 1 - Entrada a Oculta 1,categoria_producto_CONSTRUCCION,Neurona H1_1,0.09088835934346319,0.09088835934346319,0.022024014844671383
Capa 1 - Entrada a Oculta 1,categoria_producto_CONSTRUCCION,Neurona H1_2,0.0051892271769249845,0.0051892271769249845,0.001257450538248579
Capa 1 - Entrada a Oculta 1,categoria_producto_CONSTRUCCION,Neurona H1_3,-0.1099124510332363,0.1099124510332363,0.02663392177674196
Capa 1 - Entrada a Oculta 1,categoria_producto_CONSTRUCCION,Neurona H1_4,-0.015290891003255312,0.015290891003255312,0.00370527989366955
Capa 1 - Entrada a Oculta 1,categoria_producto_CONSTRUCCION,Neurona H1_5,-0.11191022410995707,0.11191022410995707,0.02711802099710211
Capa 1 - Entrada a Oculta 1,categoria_producto_CONSTRUCCION,Neurona H1_6,-0.017681967029989077,0.017681967029989077,0.004284684058162368
Capa 1 - Entrada a Oculta 1,categoria_producto_CONSTRUCCION,Neurona H1_7,0.1473595343633773,0.1473595343633773,0.0357080774234077
Capa 1 - Entrada a Oculta 1,categoria_producto_CONSTRUCCION,Neurona H1_8,0.09598931440113996,0.09598931440113996,0.023260075333867074
Capa 1 - Entrada a Oculta 1,categoria_producto_CONSTRUCCION,Neurona H1_9,0.07826465069683022,0.07826465069683022,0.01896504504219528
Capa 1 - Entrada a Oculta 1,categoria_producto_CONSTRUCCION,Neurona H1_10,0.23140197415177247,0.23140197415177247,0.0560731929877381
Capa 1 - Entrada a Oculta 1,categoria_producto_CONSTRUCCION,Neurona H1_11,-0.20679777178323605,0.20679777178323605,0.0501111168525733
Capa 1 - Entrada a Oculta 1,categoria_producto_CONSTRUCCION,Neurona H1_12,-0.1556071122180499,0.1556071122180499,0.03770662573494081
Capa 1 - Entrada a Oculta 1,categoria_producto_CONSTRUCCION,Neurona H1_13,0.1414843014402982,0.1414843014402982,0.03428439436819033
Capa 1 - Entrada a Oculta 1,categoria_producto_CONSTRUCCION,Neurona H1_14,-0.009867586971473078,0.009867586971473078,0.0023911079868825826
Capa 1 - Entrada a Oculta 1,categoria_producto_CONSTRUCCION,Neurona H1_15,0.05956789599931271,0.05956789599931271,0.014434458221398841
Capa 1 - Entrada a Oculta 1,categoria_producto_CONSTRUCCION,Neurona H1_16,0.21440710309061795,0.21440710309061795,0.05195500562867601
Capa 1 - Entrada a Oculta 1,categoria_producto_CONSTRUCCION,Neurona H1_17,0.1413537293022761,0.1413537293022761,0.03425275420297146
Capa 1 - Entrada a Oculta 1,categoria_producto_CONSTRUCCION,Neurona H1_18,0.21014852697413827,0.21014852697413827,0.0509230699189326
Capa 1 - Entrada a Oculta 1,categoria_producto_CONSTRUCCION,Neurona H1_19,-0.195721643118294,0.195721643118294,0.04742715573917777
Capa 1 - Entrada a Oculta 1,categoria_producto_CONSTRUCCION,Neurona H1_20,0.17212123540817903,0.17212123540817903,0.041708318547017016
Capa 1 - Entrada a Oculta 1,categoria_producto_CONSTRUCCION,Neurona H1_21,0.10202937256539908,0.10202937256539908,0.024723698746515782
Capa 1 - Entrada a Oculta 1,categoria_producto_CONSTRUCCION,Neurona H1_22,-0.218253627462781,0.218253627462781,0.0528870931972586
Capa 1 - Entrada a Oculta 1,categoria_producto_CONSTRUCCION,Neurona H1_23,-0.22980635547815717,0.22980635547815717,0.0556865435905217
Capa 1 - Entrada a Oculta 1,categoria_producto_CONSTRUCCION,Neurona H1_24,-0.23698731334155473,0.23698731334155473,0.05742662916060853
Capa 1 - Entrada a Oculta 1,categoria_producto_CONSTRUCCION,Neurona H1_25,0.04227005556226218,0.04227005556226218,0.010242855497812462
Capa 1 - Entrada a Oculta 1,categoria_producto_CONSTRUCCION,Neurona H1_26,0.10786350003959906,0.10786350003959906,0.02613742115305548
Capa 1 - Entrada a Oculta 1,categoria_producto_CONSTRUCCION,Neurona H1_27,-0.056376640694937176,0.056376640694937176,0.013661155075601016
Capa 1 - Entrada a Oculta 1,categoria_producto_CONSTRUCCION,Neurona H1_28,-0.23038840171631575,0.23038840171631575,0.05582758469943914
Capa 1 - Entrada a Oculta 1,categoria_producto_CONSTRUCCION,Neurona H1_29,-0.12190641706322826,0.12190641706322826,0.029540292711360723
Capa 1 - Entrada a Oculta 1,categoria_producto_CONSTRUCCION,Neurona H1_30,0.25600663005150104,0.25600663005150104,0.06203537902231995
Capa 1 - Entrada a Oculta 1,categoria_producto_CONSTRUCCION,Neurona H1_31,-0.11148509939376941,0.11148509939376941,0.02701500502093324
Capa 1 - Entrada a Oculta 1,categoria_producto_CONSTRUCCION,Neurona H1_32,0.154524795758553,0.154524795758553,0.03744435943436305
Capa 1 - Entrada a Oculta 1,categoria_producto_DISTRIBUCION,Neurona H1_1,-0.016576442505746906,0.016576442505746906,0.00401679399271353
Capa 1 - Entrada a Oculta 1,categoria_producto_DISTRIBUCION,Neurona H1_2,0.022943816890314717,0.022943816890314717,0.005559732483190173
Capa 1 - Entrada a Oculta 1,categoria_producto_DISTRIBUCION,Neurona H1_3,-0.02568880942969823,0.02568880942969823,0.006224897493017615
Capa 1 - Entrada a Oculta 1,categoria_producto_DISTRIBUCION,Neurona H1_4,-0.19685351865906892,0.19685351865906892,0.04770143116776312
Capa 1 - Entrada a Oculta 1,categoria_producto_DISTRIBUCION,Neurona H1_5,-0.06452695098989193,0.06452695098989193,0.015636133568131937
Capa 1 - Entrada a Oculta 1,categoria_producto_DISTRIBUCION,Neurona H1_6,0.25174918651964096,0.25174918651964096,0.0610037177598287
Capa 1 - Entrada a Oculta 1,categoria_producto_DISTRIBUCION,Neurona H1_7,0.05107026468939209,0.05107026468939209,0.012375317100730166
Capa 1 - Entrada a Oculta 1,categoria_producto_DISTRIBUCION,Neurona H1_8,0.0162243959640436,0.0162243959640436,0.003931486277660728
Capa 1 - Entrada a Oculta 1,categoria_producto_DISTRIBUCION,Neurona H1_9,0.01242848526755922,0.01242848526755922,0.0030116633857929856
Capa 1 - Entrada a Oculta 1,categoria_producto_DISTRIBUCION,Neurona H1_10,-0.10952836206097218,0.10952836206097218,0.026540849558386113
Capa 1 - Entrada a Oculta 1,categoria_producto_DISTRIBUCION,Neurona H1_11,0.05381324506989398,0.05381324506989398,0.013039994525377295
Capa 1 - Entrada a Oculta 1,categoria_producto_DISTRIBUCION,Neurona H1_12,0.1066179418010521,0.1066179418010521,0.02583559819867695
Capa 1 - Entrada a Oculta 1,categoria_producto_DISTRIBUCION,Neurona H1_13,-0.17017141469411948,0.17017141469411948,0.04123583911553541
Capa 1 - Entrada a Oculta 1,categoria_producto_DISTRIBUCION,Neurona H1_14,-0.06824685289007616,0.06824685289007616,0.01653753805229453
Capa 1 - Entrada a Oculta 1,categoria_producto_DISTRIBUCION,Neurona H1_15,-0.16662714381843607,0.16662714381843607,0.040376993439989586
Capa 1 - Entrada a Oculta 1,categoria_producto_DISTRIBUCION,Neurona H1_16,0.14632742655836742,0.14632742655836742,0.035457977655043105
Capa 1 - Entrada a Oculta 1,categoria_producto_DISTRIBUCION,Neurona H1_17,0.2501014665953152,0.2501014665953152,0.06060444321757323
Capa 1 - Entrada a Oculta 1,categoria_producto_DISTRIBUCION,Neurona H1_18,-0.022674476403223526,0.022674476403223526,0.005494466051616128
Capa 1 - Entrada a Oculta 1,categoria_producto_DISTRIBUCION,Neurona H1_19,0.04023295819272987,0.04023295819272987,0.009749227237486214
Capa 1 - Entrada a Oculta 1,categoria_producto_DISTRIBUCION,Neurona H1_20,-0.20669002747468887,0.20669002747468887,0.05008500831383398
Capa 1 - Entrada a Oculta 1,categoria_producto_DISTRIBUCION,Neurona H1_21,-0.18188499311818315,0.18188499311818315,0.044074266687111494
Capa 1 - Entrada a Oculta 1,categoria_producto_DISTRIBUCION,Neurona H1_22,-0.013152232121001611,0.013152232121001611,0.003187041306124494
Capa 1 - Entrada a Oculta 1,categoria_producto_DISTRIBUCION,Neurona H1_23,0.0923906293706521,0.0923906293706521,0.022388044051695387
Capa 1 - Entrada a Oculta 1,categoria_producto_DISTRIBUCION,Neurona H1_24,0.0725845812684345,0.0725845812684345,0.017588653892510075
Capa 1 - Entrada a Oculta 1,categoria_producto_DISTRIBUCION,Neurona H1_25,-0.13243889596512448,0.13243889596512448,0.032092516927554965
Capa 1 - Entrada a Oculta 1,categoria_producto_DISTRIBUCION,Neurona H1_26,-0.20524310972085946,0.20524310972085946,0.04973439203778334
Capa 1 - Entrada a Oculta 1,categoria_producto_DISTRIBUCION,Neurona H1_27,0.2189319899193093,0.2189319899193093,0.053051473596691136
Capa 1 - Entrada a Oculta 1,categoria_producto_DISTRIBUCION,Neurona H1_28,-0.05251064477326752,0.05251064477326752,0.012724349172366114
Capa 1 - Entrada a Oculta 1,categoria_producto_DISTRIBUCION,Neurona H1_29,-0.007827635395425338,0.007827635395425338,0.0018967880968787862
Capa 1 - Entrada a Oculta 1,categoria_producto_DISTRIBUCION,Neurona H1_30,-0.16992699642707934,0.16992699642707934,0.04117661182195804
Capa 1 - Entrada a Oculta 1,categoria_producto_DISTRIBUCION,Neurona H1_31,0.2183720640549675,0.2183720640549675,0.05291579268400597
Capa 1 - Entrada a Oculta 1,categoria_producto_DISTRIBUCION,Neurona H1_32,0.0074765531053363025,0.0074765531053363025,0.001811714038721324
Capa 1 - Entrada a Oculta 1,categoria_producto_EMPAQUES,Neurona H1_1,-0.009554509188769444,0.009554509188769444,0.0023152431590475362
Capa 1 - Entrada a Oculta 1,categoria_producto_EMPAQUES,Neurona H1_2,0.00013870221153196814,0.00013870221153196814,3.3610239945304076e-05
Capa 1 - Entrada a Oculta 1,categoria_producto_EMPAQUES,Neurona H1_3,-0.22918549558627227,0.22918549558627227,0.055536097179406926
Capa 1 - Entrada a Oculta 1,categoria_producto_EMPAQUES,Neurona H1_4,-0.1413383301470899,0.1413383301470899,0.03424902268856339
Capa 1 - Entrada a Oculta 1,categoria_producto_EMPAQUES,Neurona H1_5,0.18508228770034643,0.18508228770034643,0.04484903326722158
Capa 1 - Entrada a Oculta 1,categoria_producto_EMPAQUES,Neurona H1_6,0.08298565250105241,0.08298565250105241,0.02010903547803307
Capa 1 - Entrada a Oculta 1,categoria_producto_EMPAQUES,Neurona H1_7,-0.1376154804223824,0.1376154804223824,0.03334690388926155
Capa 1 - Entrada a Oculta 1,categoria_producto_EMPAQUES,Neurona H1_8,-0.12736688787055359,0.12736688787055359,0.030863470849772978
Capa 1 - Entrada a Oculta 1,categoria_producto_EMPAQUES,Neurona H1_9,-0.0842716247638366,0.0842716247638366,0.020420651535468605
Capa 1 - Entrada a Oculta 1,categoria_producto_EMPAQUES,Neurona H1_10,0.09612281926161317,0.09612281926161317,0.02329242615469977
Capa 1 - Entrada a Oculta 1,categoria_producto_EMPAQUES,Neurona H1_11,0.041872327920403275,0.041872327920403275,0.010146478364902243
Capa 1 - Entrada a Oculta 1,categoria_producto_EMPAQUES,Neurona H1_12,0.014087020684953398,0.014087020684953398,0.003413558732094335
Capa 1 - Entrada a Oculta 1,categoria_producto_EMPAQUES,Neurona H1_13,0.20257263896126781,0.20257263896126781,0.04908728510267794
Capa 1 - Entrada a Oculta 1,categoria_producto_EMPAQUES,Neurona H1_14,0.18978791409571868,0.18978791409571868,0.04598929794284981
Capa 1 - Entrada a Oculta 1,categoria_producto_EMPAQUES,Neurona H1_15,0.17732147385134406,0.17732147385134406,0.04296843732895358
Capa 1 - Entrada a Oculta 1,categoria_producto_EMPAQUES,Neurona H1_16,0.10710094296296985,0.10710094296296985,0.025952638761812998
Capa 1 - Entrada a Oculta 1,categoria_producto_EMPAQUES,Neurona H1_17,-0.03972391212540134,0.03972391212540134,0.009625875487884284
Capa 1 - Entrada a Oculta 1,categoria_producto_EMPAQUES,Neurona H1_18,-0.06487717906471727,0.06487717906471727,0.015721000633339102
Capa 1 - Entrada a Oculta 1,categoria_producto_EMPAQUES,Neurona H1_19,0.19064756006642689,0.19064756006642689,0.04619760685893985
Capa 1 - Entrada a Oculta 1,categoria_producto_EMPAQUES,Neurona H1_20,-0.16047517177433912,0.16047517177433912,0.03888625112048991
Capa 1 - Entrada a Oculta 1,categoria_producto_EMPAQUES,Neurona H1_21,0.06072180341506714,0.06072180341506714,0.014714072401229227
Capa 1 - Entrada a Oculta 1,categoria_producto_EMPAQUES,Neurona H1_22,0.20830258055716902,0.20830258055716902,0.05047576124724489
Capa 1 - Entrada a Oculta 1,categoria_producto_EMPAQUES,Neurona H1_23,-0.1305353779014917,0.1305353779014917,0.031631257527634196
Capa 1 - Entrada a Oculta 1,categoria_producto_EMPAQUES,Neurona H1_24,0.24684556655869713,0.24684556655869713,0.05981547539752203
Capa 1 - Entrada a Oculta 1,categoria_producto_EMPAQUES,Neurona H1_25,0.14290979291008923,0.14290979291008923,0.034629818639443706
Capa 1 - Entrada a Oculta 1,categoria_producto_EMPAQUES,Neurona H1_26,-0.11730817959565677,0.11730817959565677,0.0284260504588142
Capa 1 - Entrada a Oculta 1,categoria_producto_EMPAQUES,Neurona H1_27,-0.10805942866656543,0.10805942866656543,0.026184898465001404
Capa 1 - Entrada a Oculta 1,categoria_producto_EMPAQUES,Neurona H1_28,0.2105292814834828,0.2105292814834828,0.05101533413215587
Capa 1 - Entrada a Oculta 1,categoria_producto_EMPAQUES,Neurona H1_29,-0.2280131814961463,0.2280131814961463,0.05525202270485312
Capa 1 - Entrada a Oculta 1,categoria_producto_EMPAQUES,Neurona H1_30,-0.05846150224765399,0.05846150224765399,0.01416635752526348
Capa 1 - Entrada a Oculta 1,categoria_producto_EMPAQUES,Neurona H1_31,0.04106893607876346,0.04106893607876346,0.009951800916941074
Capa 1 - Entrada a Oculta 1,categoria_producto_EMPAQUES,Neurona H1_32,-0.2104713446675493,0.2104713446675493,0.051001294916315804
Capa 1 - Entrada a Oculta 1,categoria_producto_FARMACEUTICO,Neurona H1_1,0.09684856011182748,0.09684856011182748,0.023468287259179633
Capa 1 - Entrada a Oculta 1,categoria_producto_FARMACEUTICO,Neurona H1_2,0.06667856645217621,0.06667856645217621,0.016157511786681344
Capa 1 - Entrada a Oculta 1,categoria_producto_FARMACEUTICO,Neurona H1_3,0.011188831178198924,0.011188831178198924,0.002711271121442002
Capa 1 - Entrada a Oculta 1,categoria_producto_FARMACEUTICO,Neurona H1_4,-0.10596830481397237,0.10596830481397237,0.025678178538442755
Capa 1 - Entrada a Oculta 1,categoria_producto_FARMACEUTICO,Neurona H1_5,0.1735184326491174,0.1735184326491174,0.042046886577044654
Capa 1 - Entrada a Oculta 1,categoria_producto_FARMACEUTICO,Neurona H1_6,0.15092857125986578,0.15092857125986578,0.036572924386838956
Capa 1 - Entrada a Oculta 1,categoria_producto_FARMACEUTICO,Neurona H1_7,-0.12842351486498496,0.12842351486498496,0.031119512093984423
Capa 1 - Entrada a Oculta 1,categoria_producto_FARMACEUTICO,Neurona H1_8,0.2080286358720738,0.2080286358720738,0.050409379129064534
Capa 1 - Entrada a Oculta 1,categoria_producto_FARMACEUTICO,Neurona H1_9,-0.1169486349284144,0.1169486349284144,0.028338925802302968
Capa 1 - Entrada a Oculta 1,categoria_producto_FARMACEUTICO,Neurona H1_10,-0.05964328025016892,0.05964328025016892,0.014452725289612025
Capa 1 - Entrada a Oculta 1,categoria_producto_FARMACEUTICO,Neurona H1_11,0.15673337499228157,0.15673337499228157,0.0379795410811728
Capa 1 - Entrada a Oculta 1,categoria_producto_FARMACEUTICO,Neurona H1_12,-0.1572756843167216,0.1572756843167216,0.03811095316406381
Capa 1 - Entrada a Oculta 1,categoria_producto_FARMACEUTICO,Neurona H1_13,-0.16021437451797269,0.16021437451797269,0.03882305487966045
Capa 1 - Entrada a Oculta 1,categoria_producto_FARMACEUTICO,Neurona H1_14,0.010751455311631379,0.010751455311631379,0.0026052864535750994
Capa 1 - Entrada a Oculta 1,categoria_producto_FARMACEUTICO,Neurona H1_15,-0.18181246165688156,0.18181246165688156,0.04405669090521873
Capa 1 - Entrada a Oculta 1,categoria_producto_FARMACEUTICO,Neurona H1_16,-0.14546883251860548,0.14546883251860548,0.035249923642253586
Capa 1 - Entrada a Oculta 1,categoria_producto_FARMACEUTICO,Neurona H1_17,0.05940497074595629,0.05940497074595629,0.0143949782679217
Capa 1 - Entrada a Oculta 1,categoria_producto_FARMACEUTICO,Neurona H1_18,-0.1338571023602884,0.1338571023602884,0.03243617588372408
Capa 1 - Entrada a Oculta 1,categoria_producto_FARMACEUTICO,Neurona H1_19,-0.1471150785394253,0.1471150785394253,0.0356488410290611
Capa 1 - Entrada a Oculta 1,categoria_producto_FARMACEUTICO,Neurona H1_20,0.15451521163507848,0.15451521163507848,0.03744203701508735
Capa 1 - Entrada a Oculta 1,categoria_producto_FARMACEUTICO,Neurona H1_21,-0.2198017444780745,0.2198017444780745,0.05326223202001219
Capa 1 - Entrada a Oculta 1,categoria_producto_FARMACEUTICO,Neurona H1_22,0.2181699563838567,0.2181699563838567,0.052866818069644786
Capa 1 - Entrada a Oculta 1,categoria_producto_FARMACEUTICO,Neurona H1_23,-0.06889596130514546,0.06889596130514546,0.016694829629263847
Capa 1 - Entrada a Oculta 1,categoria_producto_FARMACEUTICO,Neurona H1_24,0.024595511684545185,0.024595511684545185,0.005959970213629683
Capa 1 - Entrada a Oculta 1,categoria_producto_FARMACEUTICO,Neurona H1_25,0.12392770551648201,0.12392770551648201,0.030030090164207202
Capa 1 - Entrada a Oculta 1,categoria_producto_FARMACEUTICO,Neurona H1_26,-0.17436501694540485,0.17436501694540485,0.0422520303957183
Capa 1 - Entrada a Oculta 1,categoria_producto_FARMACEUTICO,Neurona H1_27,-0.10744795266741244,0.10744795266741244,0.026036725953364204
Capa 1 - Entrada a Oculta 1,categoria_producto_FARMACEUTICO,Neurona H1_28,-0.13254698176182064,0.13254698176182064,0.0321187082155057
Capa 1 - Entrada a Oculta 1,categoria_producto_FARMACEUTICO,Neurona H1_29,-0.04188668876308531,0.04188668876308531,0.010149958276022828
Capa 1 - Entrada a Oculta 1,categoria_producto_FARMACEUTICO,Neurona H1_30,0.12331903110252991,0.12331903110252991,0.029882596531080937
Capa 1 - Entrada a Oculta 1,categoria_producto_FARMACEUTICO,Neurona H1_31,0.048104221518816034,0.048104221518816034,0.011656587229373966
Capa 1 - Entrada a Oculta 1,categoria_producto_FARMACEUTICO,Neurona H1_32,-0.17476426462988567,0.17476426462988567,0.04234877586448045
Capa 1 - Entrada a Oculta 1,categoria_producto_HIGIENE,Neurona H1_1,0.02765199916276781,0.02765199916276781,0.006700616497479328
Capa 1 - Entrada a Oculta 1,categoria_producto_HIGIENE,Neurona H1_2,0.12650615299385032,0.12650615299385032,0.030654898070609896
Capa 1 - Entrada a Oculta 1,categoria_producto_HIGIENE,Neurona H1_3,0.08175887961552944,0.08175887961552944,0.019811764579570738
Capa 1 - Entrada a Oculta 1,categoria_producto_HIGIENE,Neurona H1_4,0.036644709290918225,0.036644709290918225,0.008879724831999572
Capa 1 - Entrada a Oculta 1,categoria_producto_HIGIENE,Neurona H1_5,-0.15186098354706426,0.15186098354706426,0.036798865994795704
Capa 1 - Entrada a Oculta 1,categoria_producto_HIGIENE,Neurona H1_6,0.1890339410974004,0.1890339410974004,0.04580659564051545
Capa 1 - Entrada a Oculta 1,categoria_producto_HIGIENE,Neurona H1_7,-0.053716907030731696,0.053716907030731696,0.013016649947260326
Capa 1 - Entrada a Oculta 1,categoria_producto_HIGIENE,Neurona H1_8,-0.03402829102324326,0.03402829102324326,0.008245715865577544
Capa 1 - Entrada a Oculta 1,categoria_producto_HIGIENE,Neurona H1_9,0.016467860644825517,0.016467860644825517,0.003990482498765689
Capa 1 - Entrada a Oculta 1,categoria_producto_HIGIENE,Neurona H1_10,0.18384133061489408,0.18384133061489408,0.044548325261608665
Capa 1 - Entrada a Oculta 1,categoria_producto_HIGIENE,Neurona H1_11,0.10018994265555138,0.10018994265555138,0.024277969151077418
Capa 1 - Entrada a Oculta 1,categoria_producto_HIGIENE,Neurona H1_12,0.1291497404577035,0.1291497404577035,0.031295490660988495
Capa 1 - Entrada a Oculta 1,categoria_producto_HIGIENE,Neurona H1_13,-0.1472574481362921,0.1472574481362921,0.03568333994770672
Capa 1 - Entrada a Oculta 1,categoria_producto_HIGIENE,Neurona H1_14,-0.050723157684747666,0.050723157684747666,0.012291206331450137
Capa 1 - Entrada a Oculta 1,categoria_producto_HIGIENE,Neurona H1_15,-0.20450756348700386,0.20450756348700386,0.049556154898391706
Capa 1 - Entrada a Oculta 1,categoria_producto_HIGIENE,Neurona H1_16,0.1035361745402395,0.1035361745402395,0.02508882613248231
Capa 1 - Entrada a Oculta 1,categoria_producto_HIGIENE,Neurona H1_17,0.2655646843884011,0.2655646843884011,0.06435148123961895
Capa 1 - Entrada a Oculta 1,categoria_producto_HIGIENE,Neurona H1_18,0.09900858858035438,0.09900858858035438,0.023991704112552185
Capa 1 - Entrada a Oculta 1,categoria_producto_HIGIENE,Neurona H1_19,-0.21212880999923392,0.21212880999923392,0.05140293096006485
Capa 1 - Entrada a Oculta 1,categoria_producto_HIGIENE,Neurona H1_20,0.05143011952313981,0.05143011952313981,0.012462516916610178
Capa 1 - Entrada a Oculta 1,categoria_producto_HIGIENE,Neurona H1_21,-0.03394952753859201,0.03394952753859201,0.008226629943379062
Capa 1 - Entrada a Oculta 1,categoria_producto_HIGIENE,Neurona H1_22,-0.18911442482189617,0.18911442482189617,0.04582609841024145
Capa 1 - Entrada a Oculta 1,categoria_producto_HIGIENE,Neurona H1_23,0.27087467108885666,0.27087467108885666,0.06563819415599917
Capa 1 - Entrada a Oculta 1,categoria_producto_HIGIENE,Neurona H1_24,0.11500544251662703,0.11500544251662703,0.027868052537207158
Capa 1 - Entrada a Oculta 1,categoria_producto_HIGIENE,Neurona H1_25,0.08054737562861816,0.08054737562861816,0.01951819363181843
Capa 1 - Entrada a Oculta 1,categoria_producto_HIGIENE,Neurona H1_26,0.15439516494231403,0.15439516494231403,0.03741294736969606
Capa 1 - Entrada a Oculta 1,categoria_producto_HIGIENE,Neurona H1_27,-0.09964868612461801,0.09964868612461801,0.024146812180502075
Capa 1 - Entrada a Oculta 1,categoria_producto_HIGIENE,Neurona H1_28,0.10910081916634212,0.10910081916634212,0.026437247610611014
Capa 1 - Entrada a Oculta 1,categoria_producto_HIGIENE,Neurona H1_29,-0.008545300657484422,0.008545300657484422,0.002070692329491948
Capa 1 - Entrada a Oculta 1,categoria_producto_HIGIENE,Neurona H1_30,-0.13134070916003182,0.13134070916003182,0.0318264049339807
Capa 1 - Entrada a Oculta 1,categoria_producto_HIGIENE,Neurona H1_31,0.006977770578235809,0.006977770578235809,0.0016908493442711647
Capa 1 - Entrada a Oculta 1,categoria_producto_HIGIENE,Neurona H1_32,0.021190989354528445,0.021190989354528445,0.005134988325113542
Capa 1 - Entrada a Oculta 1,categoria_producto_LACTEOS,Neurona H1_1,0.036518417071418736,0.036518417071418736,0.008849121774169997
Capa 1 - Entrada a Oculta 1,categoria_producto_LACTEOS,Neurona H1_2,-0.1894525338467076,0.1894525338467076,0.04590802879423511
Capa 1 - Entrada a Oculta 1,categoria_producto_LACTEOS,Neurona H1_3,-0.2652141117662995,0.2652141117662995,0.06426653068391441
Capa 1 - Entrada a Oculta 1,categoria_producto_LACTEOS,Neurona H1_4,0.05888385738844046,0.05888385738844046,0.014268702379517618
Capa 1 - Entrada a Oculta 1,categoria_producto_LACTEOS,Neurona H1_5,0.17702365640003598,0.17702365640003598,0.042896270375825676
Capa 1 - Entrada a Oculta 1,categoria_producto_LACTEOS,Neurona H1_6,0.21403413989142686,0.21403413989142686,0.05186462940123791
Capa 1 - Entrada a Oculta 1,categoria_producto_LACTEOS,Neurona H1_7,-0.0557722615939197,0.0557722615939197,0.013514702280229093
Capa 1 - Entrada a Oculta 1,categoria_producto_LACTEOS,Neurona H1_8,0.25705902992760793,0.25705902992760793,0.06229039595365568
Capa 1 - Entrada a Oculta 1,categoria_producto_LACTEOS,Neurona H1_9,0.15013135452888485,0.15013135452888485,0.03637974328813308
Capa 1 - Entrada a Oculta 1,categoria_producto_LACTEOS,Neurona H1_10,-0.01824357981533495,0.01824357981533495,0.004420773744572846
Capa 1 - Entrada a Oculta 1,categoria_producto_LACTEOS,Neurona H1_11,-0.026283133335875068,0.026283133335875068,0.0063689137193719434
Capa 1 - Entrada a Oculta 1,categoria_producto_LACTEOS,Neurona H1_12,-0.06700470943455092,0.06700470943455092,0.01623654256616942
Capa 1 - Entrada a Oculta 1,categoria_producto_LACTEOS,Neurona H1_13,-0.18836547858328273,0.18836547858328273,0.04564461418942115
Capa 1 - Entrada a Oculta 1,categoria_producto_LACTEOS,Neurona H1_14,-0.22581346759778678,0.22581346759778678,0.05471898930099968
Capa 1 - Entrada a Oculta 1,categoria_producto_LACTEOS,Neurona H1_15,-0.15300626880179927,0.15300626880179927,0.037076390857538
Capa 1 - Entrada a Oculta 1,categoria_producto_LACTEOS,Neurona H1_16,-0.108409065181288,0.108409065181288,0.026269622183705467
Capa 1 - Entrada a Oculta 1,categoria_producto_LACTEOS,Neurona H1_17,0.13026409245882078,0.13026409245882078,0.03156551979554522
Capa 1 - Entrada a Oculta 1,categoria_producto_LACTEOS,Neurona H1_18,-0.15602276844924984,0.15602276844924984,0.03780734731328544
Capa 1 - Entrada a Oculta 1,categoria_producto_LACTEOS,Neurona H1_19,0.07203750886469228,0.07203750886469228,0.01745608762298817
Capa 1 - Entrada a Oculta 1,categoria_producto_LACTEOS,Neurona H1_20,0.1282732569296936,0.1282732569296936,0.031083101677718897
Capa 1 - Entrada a Oculta 1,categoria_producto_LACTEOS,Neurona H1_21,-0.02004012912779821,0.02004012912779821,0.004856112538370984
Capa 1 - Entrada a Oculta 1,categoria_producto_LACTEOS,Neurona H1_22,-0.16066448620071633,0.16066448620071633,0.03893212568316175
Capa 1 - Entrada a Oculta 1,categoria_producto_LACTEOS,Neurona H1_23,0.1276344677286131,0.1276344677286131,0.03092831064673496
Capa 1 - Entrada a Oculta 1,categoria_producto_LACTEOS,Neurona H1_24,0.21225549717803052,0.21225549717803052,0.051433629724203636
Capa 1 - Entrada a Oculta 1,categoria_producto_LACTEOS,Neurona H1_25,0.0007033672728487862,0.0007033672728487862,0.00017043955210961599
Capa 1 - Entrada a Oculta 1,categoria_producto_LACTEOS,Neurona H1_26,0.09725537520978939,0.09725537520978939,0.023566866459214384
Capa 1 - Entrada a Oculta 1,categoria_producto_LACTEOS,Neurona H1_27,0.120945454406462,0.120945454406462,0.0293074327943078
Capa 1 - Entrada a Oculta 1,categoria_producto_LACTEOS,Neurona H1_28,-0.2044473624950199,0.2044473624950199,0.049541567028716246
Capa 1 - Entrada a Oculta 1,categoria_producto_LACTEOS,Neurona H1_29,-0.20813739804080267,0.20813739804080267,0.050435734315096355
Capa 1 - Entrada a Oculta 1,categoria_producto_LACTEOS,Neurona H1_30,0.11794519297741331,0.11794519297741331,0.028580411174283196
Capa 1 - Entrada a Oculta 1,categoria_producto_LACTEOS,Neurona H1_31,0.1769358191641503,0.1769358191641503,0.04287498570745851
Capa 1 - Entrada a Oculta 1,categoria_producto_LACTEOS,Neurona H1_32,0.19034014170815758,0.19034014170815758,0.04612311341957143
Capa 1 - Entrada a Oculta 1,categoria_producto_LIMPIEZA,Neurona H1_1,-0.14077594425286202,0.14077594425286202,0.03411274566285427
Capa 1 - Entrada a Oculta 1,categoria_producto_LIMPIEZA,Neurona H1_2,0.07506461706918224,0.07506461706918224,0.01818961473816223
Capa 1 - Entrada a Oculta 1,categoria_producto_LIMPIEZA,Neurona H1_3,-0.14516128510196258,0.14516128510196258,0.03517539892953447
Capa 1 - Entrada a Oculta 1,categoria_producto_LIMPIEZA,Neurona H1_4,-0.1661837367676213,0.1661837367676213,0.040269547299032496
Capa 1 - Entrada a Oculta 1,categoria_producto_LIMPIEZA,Neurona H1_5,0.12524689731896618,0.12524689731896618,0.030349755961353864
Capa 1 - Entrada a Oculta 1,categoria_producto_LIMPIEZA,Neurona H1_6,-0.04325408564754774,0.04325408564754774,0.010481305100847256
Capa 1 - Entrada a Oculta 1,categoria_producto_LIMPIEZA,Neurona H1_7,-0.012263977296544094,0.012263977296544094,0.0029717999090851234
Capa 1 - Entrada a Oculta 1,categoria_producto_LIMPIEZA,Neurona H1_8,0.20699691535040268,0.20699691535040268,0.05015937320697535
Capa 1 - Entrada a Oculta 1,categoria_producto_LIMPIEZA,Neurona H1_9,-0.1483248573596021,0.1483248573596021,0.03594199393540476
Capa 1 - Entrada a Oculta 1,categoria_producto_LIMPIEZA,Neurona H1_10,0.017706057263352865,0.017706057263352865,0.0042905215896245725
Capa 1 - Entrada a Oculta 1,categoria_producto_LIMPIEZA,Neurona H1_11,0.18722207600415577,0.18722207600415577,0.045367545535546956
Capa 1 - Entrada a Oculta 1,categoria_producto_LIMPIEZA,Neurona H1_12,-0.17016857239334326,0.17016857239334326,0.041235150370849724
Capa 1 - Entrada a Oculta 1,categoria_producto_LIMPIEZA,Neurona H1_13,0.0852013710011243,0.0852013710011243,0.020645947107747788
Capa 1 - Entrada a Oculta 1,categoria_producto_LIMPIEZA,Neurona H1_14,0.1743217000281803,0.1743217000281803,0.04224153386530593
Capa 1 - Entrada a Oculta 1,categoria_producto_LIMPIEZA,Neurona H1_15,0.11214389336692566,0.11214389336692566,0.02717464359675507
Capa 1 - Entrada a Oculta 1,categoria_producto_LIMPIEZA,Neurona H1_16,0.22217035933099447,0.22217035933099447,0.05383619340581391
Capa 1 - Entrada a Oculta 1,categoria_producto_LIMPIEZA,Neurona H1_17,-0.22166879406909,0.22166879406909,0.05371465440067013
Capa 1 - Entrada a Oculta 1,categoria_producto_LIMPIEZA,Neurona H1_18,0.09329145425708169,0.09329145425708169,0.022606331418905976
Capa 1 - Entrada a Oculta 1,categoria_producto_LIMPIEZA,Neurona H1_19,-0.18609617432506878,0.18609617432506878,0.045094717689682276
Capa 1 - Entrada a Oculta 1,categoria_producto_LIMPIEZA,Neurona H1_20,0.08287368614929784,0.08287368614929784,0.020081903856217474
Capa 1 - Entrada a Oculta 1,categoria_producto_LIMPIEZA,Neurona H1_21,0.1404950393213965,0.1404950393213965,0.03404467694178562
Capa 1 - Entrada a Oculta 1,categoria_producto_LIMPIEZA,Neurona H1_22,-0.0036184016581560876,0.0036184016581560876,0.0008768090040228542
Capa 1 - Entrada a Oculta 1,categoria_producto_LIMPIEZA,Neurona H1_23,0.11361437565299938,0.11361437565299938,0.027530970016675677
Capa 1 - Entrada a Oculta 1,categoria_producto_LIMPIEZA,Neurona H1_24,0.1738618267360167,0.1738618267360167,0.042130097634236946
Capa 1 - Entrada a Oculta 1,categoria_producto_LIMPIEZA,Neurona H1_25,0.27151907128511454,0.27151907128511454,0.06579434484010009
Capa 1 - Entrada a Oculta 1,categoria_producto_LIMPIEZA,Neurona H1_26,-0.010518081265295645,0.010518081265295645,0.00254873538919252
Capa 1 - Entrada a Oculta 1,categoria_producto_LIMPIEZA,Neurona H1_27,-0.0984424152348145,0.0984424152348145,0.023854509313824372
Capa 1 - Entrada a Oculta 1,categoria_producto_LIMPIEZA,Neurona H1_28,-0.0333472974296335,0.0333472974296335,0.008080697890524109
Capa 1 - Entrada a Oculta 1,categoria_producto_LIMPIEZA,Neurona H1_29,0.20329479178211626,0.20329479178211626,0.049262276757950134
Capa 1 - Entrada a Oculta 1,categoria_producto_LIMPIEZA,Neurona H1_30,-0.09335820772078092,0.09335820772078092,0.02262250707975039
Capa 1 - Entrada a Oculta 1,categoria_producto_LIMPIEZA,Neurona H1_31,0.18883520112530086,0.18883520112530086,0.045758437085037414
Capa 1 - Entrada a Oculta 1,categoria_producto_LIMPIEZA,Neurona H1_32,-0.275474896501682,0.275474896501682,0.06675291812629368
Capa 1 - Entrada a Oculta 1,categoria_producto_MUEBLES,Neurona H1_1,0.2866263319751088,0.2866263319751088,0.06945512754211158
Capa 1 - Entrada a Oculta 1,categoria_producto_MUEBLES,Neurona H1_2,-0.17552791837005127,0.17552791837005127,0.04253382399859891
Capa 1 - Entrada a Oculta 1,categoria_producto_MUEBLES,Neurona H1_3,0.15382039912191864,0.15382039912191864,0.03727367044741428
Capa 1 - Entrada a Oculta 1,categoria_producto_MUEBLES,Neurona H1_4,-0.005589165742090452,0.005589165742090452,0.0013543634208199851
Capa 1 - Entrada a Oculta 1,categoria_producto_MUEBLES,Neurona H1_5,0.03415232011196257,0.03415232011196257,0.008275770522861022
Capa 1 - Entrada a Oculta 1,categoria_producto_MUEBLES,Neurona H1_6,0.243721387151062,0.243721387151062,0.0590584260443573
Capa 1 - Entrada a Oculta 1,categoria_producto_MUEBLES,Neurona H1_7,0.22927268771466133,0.22927268771466133,0.05555722552569737
Capa 1 - Entrada a Oculta 1,categoria_producto_MUEBLES,Neurona H1_8,0.18177516119793014,0.18177516119793014,0.044047652279506994
Capa 1 - Entrada a Oculta 1,categoria_producto_MUEBLES,Neurona H1_9,0.06361653460171679,0.06361653460171679,0.015415521993747265
Capa 1 - Entrada a Oculta 1,categoria_producto_MUEBLES,Neurona H1_10,0.10584027934877276,0.10584027934877276,0.025647155481514233
Capa 1 - Entrada a Oculta 1,categoria_producto_MUEBLES,Neurona H1_11,-0.16835144522433593,0.16835144522433593,0.040794825162715674
Capa 1 - Entrada a Oculta 1,categoria_producto_MUEBLES,Neurona H1_12,-0.0003175038564846838,0.0003175038564846838,7.693735148231625e-05
Capa 1 - Entrada a Oculta 1,categoria_producto_MUEBLES,Neurona H1_13,-0.004304668856251736,0.004304668856251736,0.00104310487587541
Capa 1 - Entrada a Oculta 1,categoria_producto_MUEBLES,Neurona H1_14,-0.17533236067068841,0.17533236067068841,0.04248643656961605
Capa 1 - Entrada a Oculta 1,categoria_producto_MUEBLES,Neurona H1_15,-0.2586727800513967,0.2586727800513967,0.06268143895342648
Capa 1 - Entrada a Oculta 1,categoria_producto_MUEBLES,Neurona H1_16,-0.22929525182543933,0.22929525182543933,0.05556269324801429
Capa 1 - Entrada a Oculta 1,categoria_producto_MUEBLES,Neurona H1_17,0.13779564514919584,0.13779564514919584,0.033390561302009326
Capa 1 - Entrada a Oculta 1,categoria_producto_MUEBLES,Neurona H1_18,-0.030545036415393086,0.030545036415393086,0.0074016556168810255
Capa 1 - Entrada a Oculta 1,categoria_producto_MUEBLES,Neurona H1_19,-0.03495101585641368,0.03495101585641368,0.008469310015258429
Capa 1 - Entrada a Oculta 1,categoria_producto_MUEBLES,Neurona H1_20,-0.09314924405510837,0.09314924405510837,0.022571871124739063
Capa 1 - Entrada a Oculta 1,categoria_producto_MUEBLES,Neurona H1_21,0.021207674153098995,0.021207674153098995,0.005139031375885418
Capa 1 - Entrada a Oculta 1,categoria_producto_MUEBLES,Neurona H1_22,-0.15332467318084658,0.15332467318084658,0.0371535464231286
Capa 1 - Entrada a Oculta 1,categoria_producto_MUEBLES,Neurona H1_23,-0.15319632294244181,0.15319632294244181,0.03712244466734422
Capa 1 - Entrada a Oculta 1,categoria_producto_MUEBLES,Neurona H1_24,0.16813077932813195,0.16813077932813195,0.040741353529947566
Capa 1 - Entrada a Oculta 1,categoria_producto_MUEBLES,Neurona H1_25,-0.22269220578338916,0.22269220578338916,0.05396264693734645
Capa 1 - Entrada a Oculta 1,categoria_producto_MUEBLES,Neurona H1_26,0.11655641734248179,0.11655641734248179,0.028243883862968607
Capa 1 - Entrada a Oculta 1,categoria_producto_MUEBLES,Neurona H1_27,-0.0880755068978699,0.0880755068978699,0.02134240606148817
Capa 1 - Entrada a Oculta 1,categoria_producto_MUEBLES,Neurona H1_28,0.24087092241415117,0.24087092241415117,0.058367703072423144
Capa 1 - Entrada a Oculta 1,categoria_producto_MUEBLES,Neurona H1_29,-0.2076115616655457,0.2076115616655457,0.05030831394775576
Capa 1 - Entrada a Oculta 1,categoria_producto_MUEBLES,Neurona H1_30,-0.042368752867498964,0.042368752867498964,0.010266771771924635
Capa 1 - Entrada a Oculta 1,categoria_producto_MUEBLES,Neurona H1_31,0.0602018341173564,0.0602018341173564,0.014588073740737634
Capa 1 - Entrada a Oculta 1,categoria_producto_MUEBLES,Neurona H1_32,0.18117301017173704,0.18117301017173704,0.04390173938994217
Capa 1 - Entrada a Oculta 1,categoria_producto_PAPELERIA,Neurona H1_1,-0.1546467420434117,0.1546467420434117,0.037473909387815627
Capa 1 - Entrada a Oculta 1,categoria_producto_PAPELERIA,Neurona H1_2,0.1636432290695082,0.1636432290695082,0.03965393293806903
Capa 1 - Entrada a Oculta 1,categoria_producto_PAPELERIA,Neurona H1_3,0.0102058946820707,0.0102058946820707,0.0024730865163014293
Capa 1 - Entrada a Oculta 1,categoria_producto_PAPELERIA,Neurona H1_4,0.04330318892484855,0.04330318892484855,0.010493203778697828
Capa 1 - Entrada a Oculta 1,categoria_producto_PAPELERIA,Neurona H1_5,0.2586047835320328,0.2586047835320328,0.06266496207604995
Capa 1 - Entrada a Oculta 1,categoria_producto_PAPELERIA,Neurona H1_6,-0.09918960389410116,0.09918960389410116,0.024035567639035332
Capa 1 - Entrada a Oculta 1,categoria_producto_PAPELERIA,Neurona H1_7,-0.07934128287846136,0.07934128287846136,0.019225933931837233
Capa 1 - Entrada a Oculta 1,categoria_producto_PAPELERIA,Neurona H1_8,0.05194312354467175,0.05194312354467175,0.012586827755393167
Capa 1 - Entrada a Oculta 1,categoria_producto_PAPELERIA,Neurona H1_9,0.05067746150721431,0.05067746150721431,0.012280133260051234
Capa 1 - Entrada a Oculta 1,categoria_producto_PAPELERIA,Neurona H1_10,-0.11943453807718339,0.11943453807718339,0.02894130842034548
Capa 1 - Entrada a Oculta 1,categoria_producto_PAPELERIA,Neurona H1_11,0.12754261747593235,0.12754261747593235,0.03090605354645127
Capa 1 - Entrada a Oculta 1,categoria_producto_PAPELERIA,Neurona H1_12,-0.19540674696231924,0.19540674696231924,0.047350850284179846
Capa 1 - Entrada a Oculta 1,categoria_producto_PAPELERIA,Neurona H1_13,-0.1257561491549357,0.1257561491549357,0.03047315757269426
Capa 1 - Entrada a Oculta 1,categoria_producto_PAPELERIA,Neurona H1_14,-0.2152316694217107,0.2152316694217107,0.05215481406671565
Capa 1 - Entrada a Oculta 1,categoria_producto_PAPELERIA,Neurona H1_15,0.10452290992374565,0.10452290992374565,0.025327931281822487
Capa 1 - Entrada a Oculta 1,categoria_producto_PAPELERIA,Neurona H1_16,0.22000541816492372,0.22000541816492372,0.0533115861104044
Capa 1 - Entrada a Oculta 1,categoria_producto_PAPELERIA,Neurona H1_17,0.1524984867509732,0.1524984867509732,0.03695334540368632
Capa 1 - Entrada a Oculta 1,categoria_producto_PAPELERIA,Neurona H1_18,-0.13016067536261972,0.13016067536261972,0.03154045982440725
Capa 1 - Entrada a Oculta 1,categoria_producto_PAPELERIA,Neurona H1_19,-0.10798813105764503,0.10798813105764503,0.026167621669506414
Capa 1 - Entrada a Oculta 1,categoria_producto_PAPELERIA,Neurona H1_20,0.09117010084000411,0.09117010084000411,0.022092286281706886
Capa 1 - Entrada a Oculta 1,categoria_producto_PAPELERIA,Neurona H1_21,-0.09186132894574699,0.09186132894574699,0.022259784277840866
Capa 1 - Entrada a Oculta 1,categoria_producto_PAPELERIA,Neurona H1_22,-0.024196109386061423,0.024196109386061423,0.005863187278891463
Capa 1 - Entrada a Oculta 1,categoria_producto_PAPELERIA,Neurona H1_23,-0.09932166857425678,0.09932166857425678,0.024067569476203643
Capa 1 - Entrada a Oculta 1,categoria_producto_PAPELERIA,Neurona H1_24,0.018432352491608576,0.018432352491608576,0.0044665170306718675
Capa 1 - Entrada a Oculta 1,categoria_producto_PAPELERIA,Neurona H1_25,0.19842643141984756,0.19842643141984756,0.04808257848126948
Capa 1 - Entrada a Oculta 1,categoria_producto_PAPELERIA,Neurona H1_26,-0.06351026636971212,0.06351026636971212,0.01538977113702486
Capa 1 - Entrada a Oculta 1,categoria_producto_PAPELERIA,Neurona H1_27,0.013078084853638844,0.013078084853638844,0.0031690739830383956
Capa 1 - Entrada a Oculta 1,categoria_producto_PAPELERIA,Neurona H1_28,0.10811410524519942,0.10811410524519942,0.02619814766201838
Capa 1 - Entrada a Oculta 1,categoria_producto_PAPELERIA,Neurona H1_29,-0.24318470894115807,0.24318470894115807,0.0589283784898947
Capa 1 - Entrada a Oculta 1,categoria_producto_PAPELERIA,Neurona H1_30,-0.09123992221756926,0.09123992221756926,0.022109205357670827
Capa 1 - Entrada a Oculta 1,categoria_producto_PAPELERIA,Neurona H1_31,0.07032565992598495,0.07032565992598495,0.01704127337493412
Capa 1 - Entrada a Oculta 1,categoria_producto_PAPELERIA,Neurona H1_32,0.1277318206280971,0.1277318206280971,0.030951901145220086
Capa 1 - Entrada a Oculta 1,categoria_producto_PLASTICOS,Neurona H1_1,-0.09255074441822154,0.09255074441822154,0.022426843037726137
Capa 1 - Entrada a Oculta 1,categoria_producto_PLASTICOS,Neurona H1_2,0.21917210577307467,0.21917210577307467,0.053109658331963835
Capa 1 - Entrada a Oculta 1,categoria_producto_PLASTICOS,Neurona H1_3,0.12081413593949304,0.12081413593949304,0.02927561177908874
Capa 1 - Entrada a Oculta 1,categoria_producto_PLASTICOS,Neurona H1_4,-0.082551813831687,0.082551813831687,0.02000390794175321
Capa 1 - Entrada a Oculta 1,categoria_producto_PLASTICOS,Neurona H1_5,0.16371999590380987,0.16371999590380987,0.03967253503310574
Capa 1 - Entrada a Oculta 1,categoria_producto_PLASTICOS,Neurona H1_6,0.17980581337547094,0.17980581337547094,0.043570441050374144
Capa 1 - Entrada a Oculta 1,categoria_producto_PLASTICOS,Neurona H1_7,-0.10814882907010227,0.10814882907010227,0.02620656191925273
Capa 1 - Entrada a Oculta 1,categoria_producto_PLASTICOS,Neurona H1_8,-0.1630507073984922,0.1630507073984922,0.0395103534283
Capa 1 - Entrada a Oculta 1,categoria_producto_PLASTICOS,Neurona H1_9,-0.21823684829111814,0.21823684829111814,0.05288302727805339
Capa 1 - Entrada a Oculta 1,categoria_producto_PLASTICOS,Neurona H1_10,0.211434724667288,0.211434724667288,0.051234740602524365
Capa 1 - Entrada a Oculta 1,categoria_producto_PLASTICOS,Neurona H1_11,0.019149972004987866,0.019149972004987866,0.004640410177491312
Capa 1 - Entrada a Oculta 1,categoria_producto_PLASTICOS,Neurona H1_12,0.10454414354258534,0.10454414354258534,0.02533307660009987
Capa 1 - Entrada a Oculta 1,categoria_producto_PLASTICOS,Neurona H1_13,-0.024155916361907216,0.024155916361907216,0.005853447728447173
Capa 1 - Entrada a Oculta 1,categoria_producto_PLASTICOS,Neurona H1_14,0.1781787956511118,0.1781787956511118,0.043176183053281074
Capa 1 - Entrada a Oculta 1,categoria_producto_PLASTICOS,Neurona H1_15,0.14264114742705886,0.14264114742705886,0.03456472062085305
Capa 1 - Entrada a Oculta 1,categoria_producto_PLASTICOS,Neurona H1_16,0.220744121415411,0.220744121415411,0.0534905882562464
Capa 1 - Entrada a Oculta 1,categoria_producto_PLASTICOS,Neurona H1_17,0.09479867504785754,0.09479867504785754,0.02297156029210856
Capa 1 - Entrada a Oculta 1,categoria_producto_PLASTICOS,Neurona H1_18,0.20520203205139906,0.20520203205139906,0.049724438120598395
Capa 1 - Entrada a Oculta 1,categoria_producto_PLASTICOS,Neurona H1_19,0.15354167692562146,0.15354167692562146,0.03720613064547341
Capa 1 - Entrada a Oculta 1,categoria_producto_PLASTICOS,Neurona H1_20,-0.08366491967543718,0.08366491967543718,0.020273635108175078
Capa 1 - Entrada a Oculta 1,categoria_producto_PLASTICOS,Neurona H1_21,0.04521169942188572,0.04521169942188572,0.010955672942203318
Capa 1 - Entrada a Oculta 1,categoria_producto_PLASTICOS,Neurona H1_22,-0.08715317054070311,0.08715317054070311,0.02111890604708855
Capa 1 - Entrada a Oculta 1,categoria_producto_PLASTICOS,Neurona H1_23,0.08428921981302816,0.08428921981302816,0.02042491515764626
Capa 1 - Entrada a Oculta 1,categoria_producto_PLASTICOS,Neurona H1_24,0.20378346049740634,0.20378346049740634,0.04938069067935237
Capa 1 - Entrada a Oculta 1,categoria_producto_PLASTICOS,Neurona H1_25,0.004005804046216601,0.004005804046216601,0.0009706841273845074
Capa 1 - Entrada a Oculta 1,categoria_producto_PLASTICOS,Neurona H1_26,0.14596560158760222,0.14596560158760222,0.03537030043669667
Capa 1 - Entrada a Oculta 1,categoria_producto_PLASTICOS,Neurona H1_27,-0.2537577511936196,0.2537577511936196,0.06149043199381569
Capa 1 - Entrada a Oculta 1,categoria_producto_PLASTICOS,Neurona H1_28,0.21078659788312235,0.21078659788312235,0.05107768689378977
Capa 1 - Entrada a Oculta 1,categoria_producto_PLASTICOS,Neurona H1_29,0.24116998423335964,0.24116998423335964,0.058440171560063356
Capa 1 - Entrada a Oculta 1,categoria_producto_PLASTICOS,Neurona H1_30,-0.059181680497594355,0.059181680497594355,0.014340870703651452
Capa 1 - Entrada a Oculta 1,categoria_producto_PLASTICOS,Neurona H1_31,0.13297131761740888,0.13297131761740888,0.03222153303542884
Capa 1 - Entrada a Oculta 1,categoria_producto_PLASTICOS,Neurona H1_32,0.12545652537917748,0.12545652537917748,0.03040055291206684
Capa 1 - Entrada a Oculta 1,categoria_producto_TECNOLOGIA,Neurona H1_1,-0.16664310931794546,0.16664310931794546,0.040380862190627594
Capa 1 - Entrada a Oculta 1,categoria_producto_TECNOLOGIA,Neurona H1_2,0.0054326280359120425,0.0054326280359120425,0.0013164312940929992
Capa 1 - Entrada a Oculta 1,categoria_producto_TECNOLOGIA,Neurona H1_3,-0.11607906225890753,0.11607906225890753,0.02812821145428215
Capa 1 - Entrada a Oculta 1,categoria_producto_TECNOLOGIA,Neurona H1_4,0.005589745382316908,0.005589745382316908,0.0013545038789055338
Capa 1 - Entrada a Oculta 1,categoria_producto_TECNOLOGIA,Neurona H1_5,-0.0443921411651973,0.0443921411651973,0.010757078057866496
Capa 1 - Entrada a Oculta 1,categoria_producto_TECNOLOGIA,Neurona H1_6,-0.20198695617071544,0.20198695617071544,0.048945362786480665
Capa 1 - Entrada a Oculta 1,categoria_producto_TECNOLOGIA,Neurona H1_7,-0.09935883105982422,0.09935883105982422,0.0240765746682845
Capa 1 - Entrada a Oculta 1,categoria_producto_TECNOLOGIA,Neurona H1_8,-0.12405638580305232,0.12405638580305232,0.03006127189707281
Capa 1 - Entrada a Oculta 1,categoria_producto_TECNOLOGIA,Neurona H1_9,-0.21093413282143197,0.21093413282143197,0.05111343747499632
Capa 1 - Entrada a Oculta 1,categoria_producto_TECNOLOGIA,Neurona H1_10,-0.027864956351343895,0.027864956351343895,0.006752220160658628
Capa 1 - Entrada a Oculta 1,categoria_producto_TECNOLOGIA,Neurona H1_11,-0.06356369120034809,0.06356369120034809,0.015402717011188505
Capa 1 - Entrada a Oculta 1,categoria_producto_TECNOLOGIA,Neurona H1_12,-0.044215223249648036,0.044215223249648036,0.010714207410552673
Capa 1 - Entrada a Oculta 1,categoria_producto_TECNOLOGIA,Neurona H1_13,0.22609459385991693,0.22609459385991693,0.05478711165478741
Capa 1 - Entrada a Oculta 1,categoria_producto_TECNOLOGIA,Neurona H1_14,-0.07508055007097288,0.07508055007097288,0.01819347561397176
Capa 1 - Entrada a Oculta 1,categoria_producto_TECNOLOGIA,Neurona H1_15,-0.2531165812976354,0.2531165812976354,0.061335064074215025
Capa 1 - Entrada a Oculta 1,categoria_producto_TECNOLOGIA,Neurona H1_16,0.026022243129345864,0.026022243129345864,0.006305694954912622
Capa 1 - Entrada a Oculta 1,categoria_producto_TECNOLOGIA,Neurona H1_17,0.15967125913991395,0.15967125913991395,0.0386914474743212
Capa 1 - Entrada a Oculta 1,categoria_producto_TECNOLOGIA,Neurona H1_18,0.15770063078631708,0.15770063078631708,0.038213925947621206
Capa 1 - Entrada a Oculta 1,categoria_producto_TECNOLOGIA,Neurona H1_19,-0.19381634612403523,0.19381634612403523,0.04696546526981316
Capa 1 - Entrada a Oculta 1,categoria_producto_TECNOLOGIA,Neurona H1_20,-0.053656525546053734,0.053656525546053734,0.0130020183406993
Capa 1 - Entrada a Oculta 1,categoria_producto_TECNOLOGIA,Neurona H1_21,-0.11801916080337599,0.11801916080337599,0.028598335015232665
Capa 1 - Entrada a Oculta 1,categoria_producto_TECNOLOGIA,Neurona H1_22,0.19411854168553663,0.19411854168553663,0.047038693124079406
Capa 1 - Entrada a Oculta 1,categoria_producto_TECNOLOGIA,Neurona H1_23,-0.03800413843104407,0.03800413843104407,0.00920914091760926
Capa 1 - Entrada a Oculta 1,categoria_producto_TECNOLOGIA,Neurona H1_24,-0.16968916844362683,0.16968916844362683,0.04111898148210074
Capa 1 - Entrada a Oculta 1,categoria_producto_TECNOLOGIA,Neurona H1_25,-0.05508466917432503,0.05508466917432503,0.0133480852814668
Capa 1 - Entrada a Oculta 1,categoria_producto_TECNOLOGIA,Neurona H1_26,0.03664334683602322,0.03664334683602322,0.008879394682714786
Capa 1 - Entrada a Oculta 1,categoria_producto_TECNOLOGIA,Neurona H1_27,-0.15056897403472383,0.15056897403472383,0.03648578699452779
Capa 1 - Entrada a Oculta 1,categoria_producto_TECNOLOGIA,Neurona H1_28,-0.22039932321955363,0.22039932321955363,0.05340703695618077
Capa 1 - Entrada a Oculta 1,categoria_producto_TECNOLOGIA,Neurona H1_29,-0.15512720626184298,0.15512720626184298,0.03759033520026842
Capa 1 - Entrada a Oculta 1,categoria_producto_TECNOLOGIA,Neurona H1_30,0.04495895690614332,0.04495895690614332,0.010894428521478821
Capa 1 - Entrada a Oculta 1,categoria_producto_TECNOLOGIA,Neurona H1_31,-0.11387445802365875,0.11387445802365875,0.027593993026812685
Capa 1 - Entrada a Oculta 1,categoria_producto_TECNOLOGIA,Neurona H1_32,-0.08211002387365864,0.08211002387365864,0.01989685365378797
Capa 1 - Entrada a Oculta 1,categoria_producto_TEXTIL,Neurona H1_1,0.15498524647209722,0.15498524647209722,0.03755593558584814
Capa 1 - Entrada a Oculta 1,categoria_producto_TEXTIL,Neurona H1_2,0.26474866219707127,0.26474866219707127,0.06415374321260149
Capa 1 - Entrada a Oculta 1,categoria_producto_TEXTIL,Neurona H1_3,0.1463449644168212,0.1463449644168212,0.03546222741879415
Capa 1 - Entrada a Oculta 1,categoria_producto_TEXTIL,Neurona H1_4,-0.06266635887230734,0.06266635887230734,0.015185275958713457
Capa 1 - Entrada a Oculta 1,categoria_producto_TEXTIL,Neurona H1_5,-0.1352805420953479,0.1352805420953479,0.032781102979800004
Capa 1 - Entrada a Oculta 1,categoria_producto_TEXTIL,Neurona H1_6,0.1347431884431405,0.1347431884431405,0.032650891752547775
Capa 1 - Entrada a Oculta 1,categoria_producto_TEXTIL,Neurona H1_7,0.08028712389021121,0.08028712389021121,0.01945512958058646
Capa 1 - Entrada a Oculta 1,categoria_producto_TEXTIL,Neurona H1_8,0.26351374449697806,0.26351374449697806,0.06385449866736749
Capa 1 - Entrada a Oculta 1,categoria_producto_TEXTIL,Neurona H1_9,-0.21824696540786587,0.21824696540786587,0.052885478851951814
Capa 1 - Entrada a Oculta 1,categoria_producto_TEXTIL,Neurona H1_10,0.13580726256504824,0.13580726256504824,0.03290873758039648
Capa 1 - Entrada a Oculta 1,categoria_producto_TEXTIL,Neurona H1_11,-0.14535266942753955,0.14535266942753955,0.03522177506898722
Capa 1 - Entrada a Oculta 1,categoria_producto_TEXTIL,Neurona H1_12,0.07649203424733045,0.07649203424733045,0.01853550564595466
Capa 1 - Entrada a Oculta 1,categoria_producto_TEXTIL,Neurona H1_13,0.2472128843929746,0.2472128843929746,0.059904483643388455
Capa 1 - Entrada a Oculta 1,categoria_producto_TEXTIL,Neurona H1_14,-0.07008646243783365,0.07008646243783365,0.016983311177487644
Capa 1 - Entrada a Oculta 1,categoria_producto_TEXTIL,Neurona H1_15,0.10826828468357529,0.10826828468357529,0.026235508334650843
Capa 1 - Entrada a Oculta 1,categoria_producto_TEXTIL,Neurona H1_16,0.16025850708410677,0.16025850708410677,0.03883374905764641
Capa 1 - Entrada a Oculta 1,categoria_producto_TEXTIL,Neurona H1_17,-0.0963271472396042,0.0963271472396042,0.023341938792544294
Capa 1 - Entrada a Oculta 1,categoria_producto_TEXTIL,Neurona H1_18,0.2074481455210895,0.2074481455210895,0.050268715041830295
Capa 1 - Entrada a Oculta 1,categoria_producto_TEXTIL,Neurona H1_19,-0.2463207706986274,0.2463207706986274,0.059688307167221816
Capa 1 - Entrada a Oculta 1,categoria_producto_TEXTIL,Neurona H1_20,-0.09356086729757886,0.09356086729757886,0.02267161543157954
Capa 1 - Entrada a Oculta 1,categoria_producto_TEXTIL,Neurona H1_21,-0.11145420808897229,0.11145420808897229,0.027007519457761697
Capa 1 - Entrada a Oculta 1,categoria_producto_TEXTIL,Neurona H1_22,-0.07300760275781887,0.07300760275781887,0.017691160215972345
Capa 1 - Entrada a Oculta 1,categoria_producto_TEXTIL,Neurona H1_23,-0.08863478806695654,0.08863478806695654,0.021477930751990743
Capa 1 - Entrada a Oculta 1,categoria_producto_TEXTIL,Neurona H1_24,0.14653362659471164,0.14653362659471164,0.03550794392898866
Capa 1 - Entrada a Oculta 1,categoria_producto_TEXTIL,Neurona H1_25,-0.10363889035108642,0.10363889035108642,0.025113716168557516
Capa 1 - Entrada a Oculta 1,categoria_producto_TEXTIL,Neurona H1_26,0.03930981643402709,0.03930981643402709,0.00952553205865066
Capa 1 - Entrada a Oculta 1,categoria_producto_TEXTIL,Neurona H1_27,-0.2086365673783876,0.2086365673783876,0.050556692741240125
Capa 1 - Entrada a Oculta 1,categoria_producto_TEXTIL,Neurona H1_28,0.06564920226971294,0.06564920226971294,0.015908076851350716
Capa 1 - Entrada a Oculta 1,categoria_producto_TEXTIL,Neurona H1_29,0.04221847104758059,0.04221847104758059,0.010230355567950055
Capa 1 - Entrada a Oculta 1,categoria_producto_TEXTIL,Neurona H1_30,-0.05571623509400593,0.05571623509400593,0.013501125971065751
Capa 1 - Entrada a Oculta 1,categoria_producto_TEXTIL,Neurona H1_31,-0.19314579657497172,0.19314579657497172,0.04680297808961383
Capa 1 - Entrada a Oculta 1,categoria_producto_TEXTIL,Neurona H1_32,0.028493341722665252,0.028493341722665252,0.00690449014161248
Capa 1 - Entrada a Oculta 1,categoria_producto_VARIOS,Neurona H1_1,0.10703349941978377,0.10703349941978377,0.025936295881305117
Capa 1 - Entrada a Oculta 1,categoria_producto_VARIOS,Neurona H1_2,0.008811958351862067,0.008811958351862067,0.002135308668282109
Capa 1 - Entrada a Oculta 1,categoria_producto_VARIOS,Neurona H1_3,0.16249001907140698,0.16249001907140698,0.03937448775608234
Capa 1 - Entrada a Oculta 1,categoria_producto_VARIOS,Neurona H1_4,0.21735020310478953,0.21735020310478953,0.052668175927597566
Capa 1 - Entrada a Oculta 1,categoria_producto_VARIOS,Neurona H1_5,0.1202160797461567,0.1202160797461567,0.029130691147061353
Capa 1 - Entrada a Oculta 1,categoria_producto_VARIOS,Neurona H1_6,0.2236237664857233,0.2236237664857233,0.05418838218974976
Capa 1 - Entrada a Oculta 1,categoria_producto_VARIOS,Neurona H1_7,-0.17381521921602716,0.17381521921602716,0.042118803726859395
Capa 1 - Entrada a Oculta 1,categoria_producto_VARIOS,Neurona H1_8,-0.14444518806805745,0.14444518806805745,0.03500187470906358
Capa 1 - Entrada a Oculta 1,categoria_producto_VARIOS,Neurona H1_9,0.24160087486188112,0.24160087486188112,0.05854458472878527
Capa 1 - Entrada a Oculta 1,categoria_producto_VARIOS,Neurona H1_10,-0.03664135606144986,0.03664135606144986,0.008878912279367724
Capa 1 - Entrada a Oculta 1,categoria_producto_VARIOS,Neurona H1_11,0.04882357978302099,0.04882357978302099,0.011830901709291205
Capa 1 - Entrada a Oculta 1,categoria_producto_VARIOS,Neurona H1_12,0.23112916347300444,0.23112916347300444,0.05600708566131727
Capa 1 - Entrada a Oculta 1,categoria_producto_VARIOS,Neurona H1_13,0.08426391666048892,0.08426391666048892,0.02041878371230863
Capa 1 - Entrada a Oculta 1,categoria_producto_VARIOS,Neurona H1_14,0.21569801265606614,0.21569801265606614,0.052267818090447046
Capa 1 - Entrada a Oculta 1,categoria_producto_VARIOS,Neurona H1_15,0.0856588736090982,0.0856588736090982,0.020756808875990476
Capa 1 - Entrada a Oculta 1,categoria_producto_VARIOS,Neurona H1_16,0.18956198217607725,0.18956198217607725,0.04593455025031787
Capa 1 - Entrada a Oculta 1,categoria_producto_VARIOS,Neurona H1_17,0.0019615321240854596,0.0019615321240854596,0.00047531733360819007
Capa 1 - Entrada a Oculta 1,categoria_producto_VARIOS,Neurona H1_18,0.23694853241036248,0.23694853241036248,0.0574172317877168
Capa 1 - Entrada a Oculta 1,categoria_producto_VARIOS,Neurona H1_19,-0.2244972812073193,0.2244972812073193,0.05440005177356047
Capa 1 - Entrada a Oculta 1,categoria_producto_VARIOS,Neurona H1_20,0.18880219213864222,0.18880219213864222,0.0457504383664179
Capa 1 - Entrada a Oculta 1,categoria_producto_VARIOS,Neurona H1_21,-0.13456905603511485,0.13456905603511485,0.032608696087811403
Capa 1 - Entrada a Oculta 1,categoria_producto_VARIOS,Neurona H1_22,0.0947784185301507,0.0947784185301507,0.022966651744414455
Capa 1 - Entrada a Oculta 1,categoria_producto_VARIOS,Neurona H1_23,0.14931755505290925,0.14931755505290925,0.03618254386821901
Capa 1 - Entrada a Oculta 1,categoria_producto_VARIOS,Neurona H1_24,0.10428678282510072,0.10428678282510072,0.0252707130993913
Capa 1 - Entrada a Oculta 1,categoria_producto_VARIOS,Neurona H1_25,-0.012602376577609764,0.012602376577609764,0.0030538006278070036
Capa 1 - Entrada a Oculta 1,categoria_producto_VARIOS,Neurona H1_26,0.16823641244451568,0.16823641244451568,0.040766950485818805
Capa 1 - Entrada a Oculta 1,categoria_producto_VARIOS,Neurona H1_27,-0.17508240131321454,0.17508240131321454,0.04242586656219886
Capa 1 - Entrada a Oculta 1,categoria_producto_VARIOS,Neurona H1_28,0.13255712921701288,0.13255712921701288,0.03212116714099851
Capa 1 - Entrada a Oculta 1,categoria_producto_VARIOS,Neurona H1_29,-0.10420505668978691,0.10420505668978691,0.025250909269392052
Capa 1 - Entrada a Oculta 1,categoria_producto_VARIOS,Neurona H1_30,0.1272509578123076,0.1272509578123076,0.03083537874488522
Capa 1 - Entrada a Oculta 1,categoria_producto_VARIOS,Neurona H1_31,-0.1337019865646069,0.1337019865646069,0.03239858831352906
Capa 1 - Entrada a Oculta 1,categoria_producto_VARIOS,Neurona H1_32,-0.2711383672792431,0.2711383672792431,0.0657020928648493
Capa 1 - Entrada a Oculta 1,origen_producto_IMPORTADO,Neurona H1_1,0.07995195074637237,0.07995195074637237,0.01937391061757772
Capa 1 - Entrada a Oculta 1,origen_producto_IMPORTADO,Neurona H1_2,0.14964469523907048,0.14964469523907048,0.03626181628955381
Capa 1 - Entrada a Oculta 1,origen_producto_IMPORTADO,Neurona H1_3,-0.13002291019042928,0.13002291019042928,0.03150707664729503
Capa 1 - Entrada a Oculta 1,origen_producto_IMPORTADO,Neurona H1_4,0.1357794517810001,0.1357794517810001,0.032901998487237114
Capa 1 - Entrada a Oculta 1,origen_producto_IMPORTADO,Neurona H1_5,-0.08347715831846686,0.08347715831846686,0.02022813688438667
Capa 1 - Entrada a Oculta 1,origen_producto_IMPORTADO,Neurona H1_6,0.10315339967791236,0.10315339967791236,0.024996072348488895
Capa 1 - Entrada a Oculta 1,origen_producto_IMPORTADO,Neurona H1_7,0.07249056229352314,0.07249056229352314,0.017565871268705593
Capa 1 - Entrada a Oculta 1,origen_producto_IMPORTADO,Neurona H1_8,0.1989967543860042,0.1989967543860042,0.04822077881367315
Capa 1 - Entrada a Oculta 1,origen_producto_IMPORTADO,Neurona H1_9,0.03148232186727559,0.03148232186727559,0.007628778087294939
Capa 1 - Entrada a Oculta 1,origen_producto_IMPORTADO,Neurona H1_10,0.1312505463366096,0.1312505463366096,0.03180455673058224
Capa 1 - Entrada a Oculta 1,origen_producto_IMPORTADO,Neurona H1_11,-0.05754877738983761,0.05754877738983761,0.013945186563846029
Capa 1 - Entrada a Oculta 1,origen_producto_IMPORTADO,Neurona H1_12,0.10450140006911823,0.10450140006911823,0.02532271902624825
Capa 1 - Entrada a Oculta 1,origen_producto_IMPORTADO,Neurona H1_13,-0.18288856714008608,0.18288856714008608,0.044317452165601554
Capa 1 - Entrada a Oculta 1,origen_producto_IMPORTADO,Neurona H1_14,0.07556403725427092,0.07556403725427092,0.018310633949528518
Capa 1 - Entrada a Oculta 1,origen_producto_IMPORTADO,Neurona H1_15,0.19342423279421872,0.19342423279421872,0.04687044859376076
Capa 1 - Entrada a Oculta 1,origen_producto_IMPORTADO,Neurona H1_16,-0.06208895388697253,0.06208895388697253,0.015045359515504874
Capa 1 - Entrada a Oculta 1,origen_producto_IMPORTADO,Neurona H1_17,0.05957084539836546,0.05957084539836546,0.014435172918077159
Capa 1 - Entrada a Oculta 1,origen_producto_IMPORTADO,Neurona H1_18,0.029681918027612903,0.029681918027612903,0.0071925052666877275
Capa 1 - Entrada a Oculta 1,origen_producto_IMPORTADO,Neurona H1_19,-0.2348569192976508,0.2348569192976508,0.056910393303928226
Capa 1 - Entrada a Oculta 1,origen_producto_IMPORTADO,Neurona H1_20,0.17555754223253575,0.17555754223253575,0.042541002435879854
Capa 1 - Entrada a Oculta 1,origen_producto_IMPORTADO,Neurona H1_21,0.15841463887229187,0.15841463887229187,0.03838694397543376
Capa 1 - Entrada a Oculta 1,origen_producto_IMPORTADO,Neurona H1_22,-0.085649735239753,0.085649735239753,0.020754594471598442
Capa 1 - Entrada a Oculta 1,origen_producto_IMPORTADO,Neurona H1_23,-0.0014545260674305054,0.0014545260674305054,0.0003524599182167425
Capa 1 - Entrada a Oculta 1,origen_producto_IMPORTADO,Neurona H1_24,-0.07519140144219211,0.07519140144219211,0.018220337054346745
Capa 1 - Entrada a Oculta 1,origen_producto_IMPORTADO,Neurona H1_25,-0.030348727045785756,0.030348727045785756,0.007354086043597811
Capa 1 - Entrada a Oculta 1,origen_producto_IMPORTADO,Neurona H1_26,-0.16447623196810202,0.16447623196810202,0.03985578572028237
Capa 1 - Entrada a Oculta 1,origen_producto_IMPORTADO,Neurona H1_27,0.15610774610309544,0.15610774610309544,0.037827939049381025
Capa 1 - Entrada a Oculta 1,origen_producto_IMPORTADO,Neurona H1_28,-0.1073257073428831,0.1073257073428831,0.026007103536791018
Capa 1 - Entrada a Oculta 1,origen_producto_IMPORTADO,Neurona H1_29,-0.13751551656690733,0.13751551656690733,0.033322680705425725
Capa 1 - Entrada a Oculta 1,origen_producto_IMPORTADO,Neurona H1_30,-0.20710683352692227,0.20710683352692227,0.05018600851614864
Capa 1 - Entrada a Oculta 1,origen_producto_IMPORTADO,Neurona H1_31,0.0975384013338528,0.0975384013338528,0.02363544918645063
Capa 1 - Entrada a Oculta 1,origen_producto_IMPORTADO,Neurona H1_32,0.041877545742060915,0.041877545742060915,0.010147742744438575
Capa 1 - Entrada a Oculta 1,origen_producto_NACIONAL,Neurona H1_1,0.1655991725193008,0.1655991725193008,0.040127896027344095
Capa 1 - Entrada a Oculta 1,origen_producto_NACIONAL,Neurona H1_2,-0.09459037162772897,0.09459037162772897,0.02292108432741686
Capa 1 - Entrada a Oculta 1,origen_producto_NACIONAL,Neurona H1_3,-0.09346401316064995,0.09346401316064995,0.02264814579294926
Capa 1 - Entrada a Oculta 1,origen_producto_NACIONAL,Neurona H1_4,0.22312731326244403,0.22312731326244403,0.05406808193085886
Capa 1 - Entrada a Oculta 1,origen_producto_NACIONAL,Neurona H1_5,-0.09097195348475456,0.09097195348475456,0.022044271328802333
Capa 1 - Entrada a Oculta 1,origen_producto_NACIONAL,Neurona H1_6,0.13899091204571204,0.13899091204571204,0.03368019768737676
Capa 1 - Entrada a Oculta 1,origen_producto_NACIONAL,Neurona H1_7,0.21770036774376403,0.21770036774376403,0.052753027621065915
Capa 1 - Entrada a Oculta 1,origen_producto_NACIONAL,Neurona H1_8,-0.23313190181146104,0.23313190181146104,0.056492388061039074
Capa 1 - Entrada a Oculta 1,origen_producto_NACIONAL,Neurona H1_9,0.0014410383760393695,0.0014410383760393695,0.00034919158861365033
Capa 1 - Entrada a Oculta 1,origen_producto_NACIONAL,Neurona H1_10,0.11953357710319643,0.11953357710319643,0.028965307500039172
Capa 1 - Entrada a Oculta 1,origen_producto_NACIONAL,Neurona H1_11,-0.23152405314296506,0.23152405314296506,0.05610277509851302
Capa 1 - Entrada a Oculta 1,origen_producto_NACIONAL,Neurona H1_12,-0.10279725667459154,0.10279725667459154,0.024909771981218288
Capa 1 - Entrada a Oculta 1,origen_producto_NACIONAL,Neurona H1_13,-0.21574603652792426,0.21574603652792426,0.05227945520739296
Capa 1 - Entrada a Oculta 1,origen_producto_NACIONAL,Neurona H1_14,0.0923220944231554,0.0923220944231554,0.022371436702724085
Capa 1 - Entrada a Oculta 1,origen_producto_NACIONAL,Neurona H1_15,0.006234108655268053,0.006234108655268053,0.0015106456157720572
Capa 1 - Entrada a Oculta 1,origen_producto_NACIONAL,Neurona H1_16,-0.09619655849329663,0.09619655849329663,0.023310294602815262
Capa 1 - Entrada a Oculta 1,origen_producto_NACIONAL,Neurona H1_17,0.15743607748677302,0.15743607748677302,0.038149819544574075
Capa 1 - Entrada a Oculta 1,origen_producto_NACIONAL,Neurona H1_18,0.014861714540958493,0.014861714540958493,0.0036012821007190875
Capa 1 - Entrada a Oculta 1,origen_producto_NACIONAL,Neurona H1_19,-0.09869884913346912,0.09869884913346912,0.023916648228328306
Capa 1 - Entrada a Oculta 1,origen_producto_NACIONAL,Neurona H1_20,0.25504767653044136,0.25504767653044136,0.06180300595787331
Capa 1 - Entrada a Oculta 1,origen_producto_NACIONAL,Neurona H1_21,0.24258697868584903,0.24258697868584903,0.05878353683898219
Capa 1 - Entrada a Oculta 1,origen_producto_NACIONAL,Neurona H1_22,-0.11972965816444253,0.11972965816444253,0.029012821749771902
Capa 1 - Entrada a Oculta 1,origen_producto_NACIONAL,Neurona H1_23,0.03688011980473018,0.03688011980473018,0.008936769372007094
Capa 1 - Entrada a Oculta 1,origen_producto_NACIONAL,Neurona H1_24,0.04413753824024314,0.04413753824024314,0.010695382823854214
Capa 1 - Entrada a Oculta 1,origen_producto_NACIONAL,Neurona H1_25,0.23515918292387727,0.23515918292387727,0.05698363765159942
Capa 1 - Entrada a Oculta 1,origen_producto_NACIONAL,Neurona H1_26,-0.07267937277019769,0.07267937277019769,0.017611623714575975
Capa 1 - Entrada a Oculta 1,origen_producto_NACIONAL,Neurona H1_27,-0.2178507402374623,0.2178507402374623,0.05278946579705858
Capa 1 - Entrada a Oculta 1,origen_producto_NACIONAL,Neurona H1_28,-0.24608084071192096,0.24608084071192096,0.0596301674711477
Capa 1 - Entrada a Oculta 1,origen_producto_NACIONAL,Neurona H1_29,-0.048466421637355,0.048466421637355,0.011744355353312686
Capa 1 - Entrada a Oculta 1,origen_producto_NACIONAL,Neurona H1_30,-0.2130286861237573,0.2130286861237573,0.05162098842383723
Capa 1 - Entrada a Oculta 1,origen_producto_NACIONAL,Neurona H1_31,-0.009816749393959715,0.009816749393959715,0.002378789054404218
Capa 1 - Entrada a Oculta 1,origen_producto_NACIONAL,Neurona H1_32,0.10654248951626373,0.10654248951626373,0.025817314644520546
Capa 1 - Entrada a Oculta 1,bias_w0,Neurona H1_1,-0.009229624405491396,0.009229624405491396,0.0022365172656392935
Capa 1 - Entrada a Oculta 1,bias_w0,Neurona H1_2,-0.003882338922892525,0.003882338922892525,0.0009407661298705145
Capa 1 - Entrada a Oculta 1,bias_w0,Neurona H1_3,0.00895679949262739,0.00895679949262739,0.002170406490020532
Capa 1 - Entrada a Oculta 1,bias_w0,Neurona H1_4,0.005080406002369227,0.005080406002369227,0.0012310810539588072
Capa 1 - Entrada a Oculta 1,bias_w0,Neurona H1_5,-0.0007015799388302619,0.0007015799388302619,0.0001700064463605331
Capa 1 - Entrada a Oculta 1,bias_w0,Neurona H1_6,0.00014837707691208547,0.00014837707691208547,3.595464774726123e-05
Capa 1 - Entrada a Oculta 1,bias_w0,Neurona H1_7,0.0003067026916494797,0.0003067026916494797,7.432001944564343e-05
Capa 1 - Entrada a Oculta 1,bias_w0,Neurona H1_8,-0.006480456490798229,0.006480456490798229,0.0015703404812736587
Capa 1 - Entrada a Oculta 1,bias_w0,Neurona H1_9,0.0025389919020759274,0.0025389919020759274,0.0006152470541415094
Capa 1 - Entrada a Oculta 1,bias_w0,Neurona H1_10,-0.0011898859892528258,0.0011898859892528258,0.00028833248702112815
Capa 1 - Entrada a Oculta 1,bias_w0,Neurona H1_11,-0.004211749688432781,0.004211749688432781,0.0010205887566915911
Capa 1 - Entrada a Oculta 1,bias_w0,Neurona H1_12,-0.0034471807275402552,0.0034471807275402552,0.0008353188468141493
Capa 1 - Entrada a Oculta 1,bias_w0,Neurona H1_13,-0.006118527483679658,0.006118527483679658,0.001482638052898051
Capa 1 - Entrada a Oculta 1,bias_w0,Neurona H1_14,-0.006358102539564706,0.006358102539564706,0.0015406917423401276
Capa 1 - Entrada a Oculta 1,bias_w0,Neurona H1_15,0.004416391404418898,0.004416391404418898,0.0010701774193462373
Capa 1 - Entrada a Oculta 1,bias_w0,Neurona H1_16,-0.0034266051603806286,0.0034266051603806286,0.0008303329872405521
Capa 1 - Entrada a Oculta 1,bias_w0,Neurona H1_17,-0.0032910191337957623,0.0032910191337957623,0.0007974778594353446
Capa 1 - Entrada a Oculta 1,bias_w0,Neurona H1_18,-0.003931309575272068,0.003931309575272068,0.0009526326701266169
Capa 1 - Entrada a Oculta 1,bias_w0,Neurona H1_19,0.00608846757186513,0.00608846757186513,0.0014753539523948078
Capa 1 - Entrada a Oculta 1,bias_w0,Neurona H1_20,-0.0062919468215117185,0.0062919468215117185,0.0015246609268761485
Capa 1 - Entrada a Oculta 1,bias_w0,Neurona H1_21,-5.375633879132809e-05,5.375633879132809e-05,1.3026205028758108e-05
Capa 1 - Entrada a Oculta 1,bias_w0,Neurona H1_22,-0.007269033309602896,0.007269033309602896,0.0017614279614413465
Capa 1 - Entrada a Oculta 1,bias_w0,Neurona H1_23,-0.004513755699012429,0.004513755699012429,0.0010937706790877348
Capa 1 - Entrada a Oculta 1,bias_w0,Neurona H1_24,-0.0001834913053874434,0.0001834913053874434,4.44635073502604e-05
Capa 1 - Entrada a Oculta 1,bias_w0,Neurona H1_25,-0.0036111131742685987,0.0036111131742685987,0.0008750428628085914
Capa 1 - Entrada a Oculta 1,bias_w0,Neurona H1_26,0.003777999644324465,0.003777999644324465,0.0009154826960329499
Capa 1 - Entrada a Oculta 1,bias_w0,Neurona H1_27,0.000578410203871942,0.000578410203871942,0.00014016002718505725
Capa 1 - Entrada a Oculta 1,bias_w0,Neurona H1_28,-0.004483817425730189,0.004483817425730189,0.0010865160539635186
Capa 1 - Entrada a Oculta 1,bias_w0,Neurona H1_29,-0.003041822822709634,0.003041822822709634,0.0007370927529789922
Capa 1 - Entrada a Oculta 1,bias_w0,Neurona H1_30,-0.007252362603937969,0.007252362603937969,0.0017573883256542374
Capa 1 - Entrada a Oculta 1,bias_w0,Neurona H1_31,-0.0026792032543480784,0.0026792032543480784,0.0006492229882010496
Capa 1 - Entrada a Oculta 1,bias_w0,Neurona H1_32,0.008159838883546282,0.008159838883546282,0.001977287454625786
Capa 2 - Oculta 1 a Oculta 2,Neurona H1_1,Neurona H2_1,0.14687658315792726,0.14687658315792726,0.03559104896569412
Capa 2 - Oculta 1 a Oculta 2,Neurona H1_1,Neurona H2_2,0.1215290794511722,0.1215290794511722,0.029448856478718758
Capa 2 - Oculta 1 a Oculta 2,Neurona H1_1,Neurona H2_3,0.07998783635452651,0.07998783635452651,0.01938260639745983
Capa 2 - Oculta 1 a Oculta 2,Neurona H1_1,Neurona H2_4,0.3669168618581229,0.3669168618581229,0.0889110824609107
Capa 2 - Oculta 1 a Oculta 2,Neurona H1_1,Neurona H2_5,-0.14844385129994556,0.14844385129994556,0.035970828478436245
Capa 2 - Oculta 1 a Oculta 2,Neurona H1_1,Neurona H2_6,0.26015206522144935,0.26015206522144935,0.06303989848311854
Capa 2 - Oculta 1 a Oculta 2,Neurona H1_1,Neurona H2_7,0.43314751749065833,0.43314751749065833,0.10496005675596917
Capa 2 - Oculta 1 a Oculta 2,Neurona H1_1,Neurona H2_8,-0.42548953467227535,0.42548953467227535,0.10310437877376522
Capa 2 - Oculta 1 a Oculta 2,Neurona H1_1,Neurona H2_9,0.06066085986491934,0.06066085986491934,0.014699304595287545
Capa 2 - Oculta 1 a Oculta 2,Neurona H1_1,Neurona H2_10,0.1073981665287236,0.1073981665287236,0.02602466180493571
Capa 2 - Oculta 1 a Oculta 2,Neurona H1_1,Neurona H2_11,0.08347196015242461,0.08347196015242461,0.02022687726778773
Capa 2 - Oculta 1 a Oculta 2,Neurona H1_1,Neurona H2_12,0.2965735133724469,0.2965735133724469,0.07186552280438858
Capa 2 - Oculta 1 a Oculta 2,Neurona H1_1,Neurona H2_13,0.00971402903062913,0.00971402903062913,0.0023538979151737954
Capa 2 - Oculta 1 a Oculta 2,Neurona H1_1,Neurona H2_14,0.06230269929682668,0.06230269929682668,0.015097154180009911
Capa 2 - Oculta 1 a Oculta 2,Neurona H1_1,Neurona H2_15,0.3460989347560881,0.3460989347560881,0.08386649436577444
Capa 2 - Oculta 1 a Oculta 2,Neurona H1_1,Neurona H2_16,0.21018084911530688,0.21018084911530688,0.05093090220154888
Capa 2 - Oculta 1 a Oculta 2,Neurona H1_1,Neurona H2_17,0.24940610977210398,0.24940610977210398,0.06043594475300226
Capa 2 - Oculta 1 a Oculta 2,Neurona H1_1,Neurona H2_18,0.059495066374036724,0.059495066374036724,0.014416810188583673
Capa 2 - Oculta 1 a Oculta 2,Neurona H1_1,Neurona H2_19,0.19025981265898234,0.19025981265898234,0.04610364813067994
Capa 2 - Oculta 1 a Oculta 2,Neurona H1_1,Neurona H2_20,0.2266032143366961,0.2266032143366961,0.05491036027553274
Capa 2 - Oculta 1 a Oculta 2,Neurona H1_2,Neurona H2_1,-0.1809008759995282,0.1809008759995282,0.0438357959942008
Capa 2 - Oculta 1 a Oculta 2,Neurona H1_2,Neurona H2_2,0.044091313245785746,0.044091313245785746,0.010684181609843106
Capa 2 - Oculta 1 a Oculta 2,Neurona H1_2,Neurona H2_3,0.16905166761876694,0.16905166761876694,0.04096450264969992
Capa 2 - Oculta 1 a Oculta 2,Neurona H1_2,Neurona H2_4,0.016932166224281033,0.016932166224281033,0.004102992759136315
Capa 2 - Oculta 1 a Oculta 2,Neurona H1_2,Neurona H2_5,0.2172320786121519,0.2172320786121519,0.05263955206863297
Capa 2 - Oculta 1 a Oculta 2,Neurona H1_2,Neurona H2_6,-0.2416899406247453,0.2416899406247453,0.0585661670931017
Capa 2 - Oculta 1 a Oculta 2,Neurona H1_2,Neurona H2_7,-0.22893234900950876,0.22893234900950876,0.0554747548468487
Capa 2 - Oculta 1 a Oculta 2,Neurona H1_2,Neurona H2_8,-0.11389776228919513,0.11389776228919513,0.027599640103004017
Capa 2 - Oculta 1 a Oculta 2,Neurona H1_2,Neurona H2_9,0.2430258018971411,0.2430258018971411,0.05888987222658844
Capa 2 - Oculta 1 a Oculta 2,Neurona H1_2,Neurona H2_10,-0.012201388541627584,0.012201388541627584,0.0029566334380722453
Capa 2 - Oculta 1 a Oculta 2,Neurona H1_2,Neurona H2_11,0.15407158686790148,0.15407158686790148,0.03733453811722687
Capa 2 - Oculta 1 a Oculta 2,Neurona H1_2,Neurona H2_12,-0.3078890455135887,0.3078890455135887,0.07460749603013574
Capa 2 - Oculta 1 a Oculta 2,Neurona H1_2,Neurona H2_13,-0.010185010060052358,0.010185010060052358,0.0024680257667326192
Capa 2 - Oculta 1 a Oculta 2,Neurona H1_2,Neurona H2_14,-0.15332710775417738,0.15332710775417738,0.03715413636753474
Capa 2 - Oculta 1 a Oculta 2,Neurona H1_2,Neurona H2_15,0.14232458718540905,0.14232458718540905,0.03448801192557358
Capa 2 - Oculta 1 a Oculta 2,Neurona H1_2,Neurona H2_16,0.05035923374469761,0.05035923374469761,0.012203020492076526
Capa 2 - Oculta 1 a Oculta 2,Neurona H1_2,Neurona H2_17,0.12766126468327688,0.12766126468327688,0.030934804069342327
Capa 2 - Oculta 1 a Oculta 2,Neurona H1_2,Neurona H2_18,0.04340286531756377,0.04340286531756377,0.010517357304723394
Capa 2 - Oculta 1 a Oculta 2,Neurona H1_2,Neurona H2_19,-0.07273948388917867,0.07273948388917867,0.017626189806277157
Capa 2 - Oculta 1 a Oculta 2,Neurona H1_2,Neurona H2_20,-0.3577517725716922,0.3577517725716922,0.08669020330812174
Capa 2 - Oculta 1 a Oculta 2,Neurona H1_3,Neurona H2_1,-0.0843912801389794,0.0843912801389794,0.02044964635699939
Capa 2 - Oculta 1 a Oculta 2,Neurona H1_3,Neurona H2_2,-0.12520953588378142,0.12520953588378142,0.030340702559916412
Capa 2 - Oculta 1 a Oculta 2,Neurona H1_3,Neurona H2_3,0.013637342621094286,0.013637342621094286,0.0033045930028711844
Capa 2 - Oculta 1 a Oculta 2,Neurona H1_3,Neurona H2_4,-0.4391972680144984,0.4391972680144984,0.10642602881560448
Capa 2 - Oculta 1 a Oculta 2,Neurona H1_3,Neurona H2_5,-0.26246446456909706,0.26246446456909706,0.0636002377600874
Capa 2 - Oculta 1 a Oculta 2,Neurona H1_3,Neurona H2_6,-0.11538542414825838,0.11538542414825838,0.0279601294671485
Capa 2 - Oculta 1 a Oculta 2,Neurona H1_3,Neurona H2_7,-0.33604514178981154,0.33604514178981154,0.08143026504956714
Capa 2 - Oculta 1 a Oculta 2,Neurona H1_3,Neurona H2_8,0.19621899691197114,0.19621899691197114,0.04754767422376836
Capa 2 - Oculta 1 a Oculta 2,Neurona H1_3,Neurona H2_9,0.09762135363492226,0.09762135363492226,0.023655550140228982
Capa 2 - Oculta 1 a Oculta 2,Neurona H1_3,Neurona H2_10,0.33054962338325833,0.33054962338325833,0.08009859419711272
Capa 2 - Oculta 1 a Oculta 2,Neurona H1_3,Neurona H2_11,-0.343843017893511,0.343843017893511,0.08331984189202929
Capa 2 - Oculta 1 a Oculta 2,Neurona H1_3,Neurona H2_12,-0.08122581221492058,0.08122581221492058,0.019682591994335107
Capa 2 - Oculta 1 a Oculta 2,Neurona H1_3,Neurona H2_13,0.1696118247486287,0.1696118247486287,0.041100239602512585
Capa 2 - Oculta 1 a Oculta 2,Neurona H1_3,Neurona H2_14,-0.03267368494595248,0.03267368494595248,0.007917468501773856
Capa 2 - Oculta 1 a Oculta 2,Neurona H1_3,Neurona H2_15,0.20070743100993416,0.20070743100993416,0.048635308987086116
Capa 2 - Oculta 1 a Oculta 2,Neurona H1_3,Neurona H2_16,0.2445315029725533,0.2445315029725533,0.05925473284324013
Capa 2 - Oculta 1 a Oculta 2,Neurona H1_3,Neurona H2_17,-0.2236045826038024,0.2236045826038024,0.05418373356254099
Capa 2 - Oculta 1 a Oculta 2,Neurona H1_3,Neurona H2_18,-0.4126757665687055,0.4126757665687055,0.09999935387324152
Capa 2 - Oculta 1 a Oculta 2,Neurona H1_3,Neurona H2_19,-0.3788703657564911,0.3788703657564911,0.09180764863511826
Capa 2 - Oculta 1 a Oculta 2,Neurona H1_3,Neurona H2_20,-0.05962980681881561,0.05962980681881561,0.014449460415493082
Capa 2 - Oculta 1 a Oculta 2,Neurona H1_4,Neurona H2_1,-0.16815477505040527,0.16815477505040527,0.04074716815953681
Capa 2 - Oculta 1 a Oculta 2,Neurona H1_4,Neurona H2_2,0.33701061737129845,0.33701061737129845,0.08166421853593696
Capa 2 - Oculta 1 a Oculta 2,Neurona H1_4,Neurona H2_3,-0.30315590398626263,0.30315590398626263,0.07346056390359322
Capa 2 - Oculta 1 a Oculta 2,Neurona H1_4,Neurona H2_4,-0.7662351402907278,0.7662351402907278,0.18567365750876616
Capa 2 - Oculta 1 a Oculta 2,Neurona H1_4,Neurona H2_5,0.22054559915964783,0.22054559915964783,0.053442482457665495
Capa 2 - Oculta 1 a Oculta 2,Neurona H1_4,Neurona H2_6,-0.2584254567227851,0.2584254567227851,0.0626215077070037
Capa 2 - Oculta 1 a Oculta 2,Neurona H1_4,Neurona H2_7,-0.3328995815521318,0.3328995815521318,0.0806680347059907
Capa 2 - Oculta 1 a Oculta 2,Neurona H1_4,Neurona H2_8,0.25682622323245397,0.25682622323245397,0.06223398236948443
Capa 2 - Oculta 1 a Oculta 2,Neurona H1_4,Neurona H2_9,-0.06437741384352444,0.06437741384352444,0.01559989781302295
Capa 2 - Oculta 1 a Oculta 2,Neurona H1_4,Neurona H2_10,-0.14076993008328606,0.14076993008328606,0.03411128831274942
Capa 2 - Oculta 1 a Oculta 2,Neurona H1_4,Neurona H2_11,0.1822336548110088,0.1822336548110088,0.04415875418753542
Capa 2 - Oculta 1 a Oculta 2,Neurona H1_4,Neurona H2_12,0.23981915135422233,0.23981915135422233,0.05811283851546121
Capa 2 - Oculta 1 a Oculta 2,Neurona H1_4,Neurona H2_13,0.43072740225501777,0.43072740225501777,0.10437361582711334
Capa 2 - Oculta 1 a Oculta 2,Neurona H1_4,Neurona H2_14,0.4686009775344312,0.4686009775344312,0.11355111875708092
Capa 2 - Oculta 1 a Oculta 2,Neurona H1_4,Neurona H2_15,-0.04615596021219904,0.04615596021219904,0.01118448567260494
Capa 2 - Oculta 1 a Oculta 2,Neurona H1_4,Neurona H2_16,-0.006981942717877676,0.006981942717877676,0.001691860334744205
Capa 2 - Oculta 1 a Oculta 2,Neurona H1_4,Neurona H2_17,0.18958229088009004,0.18958229088009004,0.04593947144376756
Capa 2 - Oculta 1 a Oculta 2,Neurona H1_4,Neurona H2_18,-0.47262044557191374,0.47262044557191374,0.11452511393495257
Capa 2 - Oculta 1 a Oculta 2,Neurona H1_4,Neurona H2_19,0.08106274780641672,0.08106274780641672,0.01964307832086285
Capa 2 - Oculta 1 a Oculta 2,Neurona H1_4,Neurona H2_20,-0.13624348328792354,0.13624348328792354,0.03301444233450975
Capa 2 - Oculta 1 a Oculta 2,Neurona H1_5,Neurona H2_1,-0.0541470172861244,0.0541470172861244,0.01312087401641551
Capa 2 - Oculta 1 a Oculta 2,Neurona H1_5,Neurona H2_2,-0.0729448646876032,0.0729448646876032,0.017675957562962245
Capa 2 - Oculta 1 a Oculta 2,Neurona H1_5,Neurona H2_3,-0.3156947505090289,0.3156947505090289,0.07649896996513164
Capa 2 - Oculta 1 a Oculta 2,Neurona H1_5,Neurona H2_4,0.25155882365418486,0.25155882365418486,0.060957589140003626
Capa 2 - Oculta 1 a Oculta 2,Neurona H1_5,Neurona H2_5,0.11715650431881677,0.11715650431881677,0.02838929659316161
Capa 2 - Oculta 1 a Oculta 2,Neurona H1_5,Neurona H2_6,0.1909855859355537,0.1909855859355537,0.04627951709269596
Capa 2 - Oculta 1 a Oculta 2,Neurona H1_5,Neurona H2_7,0.10993749795982477,0.10993749795982477,0.026639991133554898
Capa 2 - Oculta 1 a Oculta 2,Neurona H1_5,Neurona H2_8,-0.0967206479302638,0.0967206479302638,0.02343729165307647
Capa 2 - Oculta 1 a Oculta 2,Neurona H1_5,Neurona H2_9,-0.001285326431477137,0.001285326431477137,0.00031145955996549643
Capa 2 - Oculta 1 a Oculta 2,Neurona H1_5,Neurona H2_10,-0.2474282357555902,0.2474282357555902,0.05995666746144092
Capa 2 - Oculta 1 a Oculta 2,Neurona H1_5,Neurona H2_11,-0.23504790443027407,0.23504790443027407,0.05695667271117456
Capa 2 - Oculta 1 a Oculta 2,Neurona H1_5,Neurona H2_12,-0.11853742474813968,0.11853742474813968,0.02872392043558115
Capa 2 - Oculta 1 a Oculta 2,Neurona H1_5,Neurona H2_13,0.09926243218258357,0.09926243218258357,0.024053215347919453
Capa 2 - Oculta 1 a Oculta 2,Neurona H1_5,Neurona H2_14,0.07245361964011104,0.07245361964011104,0.017556919346225896
Capa 2 - Oculta 1 a Oculta 2,Neurona H1_5,Neurona H2_15,0.18413309710714965,0.18413309710714965,0.04461902594982695
Capa 2 - Oculta 1 a Oculta 2,Neurona H1_5,Neurona H2_16,0.0249791811672571,0.0249791811672571,0.00605294078151905
Capa 2 - Oculta 1 a Oculta 2,Neurona H1_5,Neurona H2_17,0.11797791921231529,0.11797791921231529,0.028588341376660026
Capa 2 - Oculta 1 a Oculta 2,Neurona H1_5,Neurona H2_18,-0.31147034635348114,0.31147034635348114,0.07547531478526326
Capa 2 - Oculta 1 a Oculta 2,Neurona H1_5,Neurona H2_19,0.2909059714191111,0.2909059714191111,0.0704921673052386
Capa 2 - Oculta 1 a Oculta 2,Neurona H1_5,Neurona H2_20,0.24281835627152246,0.24281835627152246,0.05883960412216792
Capa 2 - Oculta 1 a Oculta 2,Neurona H1_6,Neurona H2_1,0.3690550807731259,0.3690550807731259,0.08942921443584517
Capa 2 - Oculta 1 a Oculta 2,Neurona H1_6,Neurona H2_2,-0.3626736574211794,0.3626736574211794,0.08788287160769168
Capa 2 - Oculta 1 a Oculta 2,Neurona H1_6,Neurona H2_3,-0.2270559613946362,0.2270559613946362,0.05502006968163252
Capa 2 - Oculta 1 a Oculta 2,Neurona H1_6,Neurona H2_4,0.10146230464105455,0.10146230464105455,0.024586287173967693
Capa 2 - Oculta 1 a Oculta 2,Neurona H1_6,Neurona H2_5,0.1888220806855012,0.1888220806855012,0.045755257747628265
Capa 2 - Oculta 1 a Oculta 2,Neurona H1_6,Neurona H2_6,0.2744668980092083,0.2744668980092083,0.06650866051264534
Capa 2 - Oculta 1 a Oculta 2,Neurona H1_6,Neurona H2_7,-0.09999362420926208,0.09999362420926208,0.024230397378337865
Capa 2 - Oculta 1 a Oculta 2,Neurona H1_6,Neurona H2_8,0.1571366572341616,0.1571366572341616,0.03807726420155826
Capa 2 - Oculta 1 a Oculta 2,Neurona H1_6,Neurona H2_9,-0.3011821234880587,0.3011821234880587,0.07298227855102905
Capa 2 - Oculta 1 a Oculta 2,Neurona H1_6,Neurona H2_10,0.20664066091952038,0.20664066091952038,0.05007304583864227
Capa 2 - Oculta 1 a Oculta 2,Neurona H1_6,Neurona H2_11,-0.1151458278911907,0.1151458278911907,0.027902070640248067
Capa 2 - Oculta 1 a Oculta 2,Neurona H1_6,Neurona H2_12,-0.2655128216184565,0.2655128216184565,0.0643389138831016
Capa 2 - Oculta 1 a Oculta 2,Neurona H1_6,Neurona H2_13,-0.0244505810330562,0.0244505810330562,0.005924850701704299
Capa 2 - Oculta 1 a Oculta 2,Neurona H1_6,Neurona H2_14,-0.2986906997941454,0.2986906997941454,0.07237855819766943
Capa 2 - Oculta 1 a Oculta 2,Neurona H1_6,Neurona H2_15,-0.2713869175635716,0.2713869175635716,0.06576232142647413
Capa 2 - Oculta 1 a Oculta 2,Neurona H1_6,Neurona H2_16,0.18391048077677308,0.18391048077677308,0.04456508168897445
Capa 2 - Oculta 1 a Oculta 2,Neurona H1_6,Neurona H2_17,-0.2752526432584958,0.2752526432584958,0.06669906184851986
Capa 2 - Oculta 1 a Oculta 2,Neurona H1_6,Neurona H2_18,0.1408819980422244,0.1408819980422244,0.034138444555959206
Capa 2 - Oculta 1 a Oculta 2,Neurona H1_6,Neurona H2_19,0.2337634994548345,0.2337634994548345,0.05664543643790493
Capa 2 - Oculta 1 a Oculta 2,Neurona H1_6,Neurona H2_20,0.12899691763582252,0.12899691763582252,0.03125845872288306
Capa 2 - Oculta 1 a Oculta 2,Neurona H1_7,Neurona H2_1,-0.18367235364909318,0.18367235364909318,0.04450737886066041
Capa 2 - Oculta 1 a Oculta 2,Neurona H1_7,Neurona H2_2,0.4630258603997951,0.4630258603997951,0.11220015958672114
Capa 2 - Oculta 1 a Oculta 2,Neurona H1_7,Neurona H2_3,-0.24098994004753624,0.24098994004753624,0.058396543356738814
Capa 2 - Oculta 1 a Oculta 2,Neurona H1_7,Neurona H2_4,-0.3653935083794573,0.3653935083794573,0.08854194432407815
Capa 2 - Oculta 1 a Oculta 2,Neurona H1_7,Neurona H2_5,0.04383216052718701,0.04383216052718701,0.010621383872457544
Capa 2 - Oculta 1 a Oculta 2,Neurona H1_7,Neurona H2_6,-0.13345160761700836,0.13345160761700836,0.032337916631274735
Capa 2 - Oculta 1 a Oculta 2,Neurona H1_7,Neurona H2_7,-0.5021261333594136,0.5021261333594136,0.12167491519144177
Capa 2 - Oculta 1 a Oculta 2,Neurona H1_7,Neurona H2_8,-0.020739945669697717,0.020739945669697717,0.005025691679403745
Capa 2 - Oculta 1 a Oculta 2,Neurona H1_7,Neurona H2_9,0.11195503088819483,0.11195503088819483,0.027128878549776386
Capa 2 - Oculta 1 a Oculta 2,Neurona H1_7,Neurona H2_10,-0.1308798611599669,0.1308798611599669,0.03171473251225492
Capa 2 - Oculta 1 a Oculta 2,Neurona H1_7,Neurona H2_11,0.3499350152835922,0.3499350152835922,0.0847960511879395
Capa 2 - Oculta 1 a Oculta 2,Neurona H1_7,Neurona H2_12,0.16797427327367417,0.16797427327367417,0.04070342907304728
Capa 2 - Oculta 1 a Oculta 2,Neurona H1_7,Neurona H2_13,0.4933868661931222,0.4933868661931222,0.11955722100934527
Capa 2 - Oculta 1 a Oculta 2,Neurona H1_7,Neurona H2_14,0.03930763479877565,0.03930763479877565,0.009525003406054106
Capa 2 - Oculta 1 a Oculta 2,Neurona H1_7,Neurona H2_15,-0.3752052868557827,0.3752052868557827,0.09091952882858664
Capa 2 - Oculta 1 a Oculta 2,Neurona H1_7,Neurona H2_16,-0.035284762381699135,0.035284762381699135,0.00855018328088167
Capa 2 - Oculta 1 a Oculta 2,Neurona H1_7,Neurona H2_17,0.19309679103037897,0.19309679103037897,0.046791103094296745
Capa 2 - Oculta 1 a Oculta 2,Neurona H1_7,Neurona H2_18,-0.46871441544438186,0.46871441544438186,0.11357860696603034
Capa 2 - Oculta 1 a Oculta 2,Neurona H1_7,Neurona H2_19,0.11551010401874004,0.11551010401874004,0.027990341821493493
Capa 2 - Oculta 1 a Oculta 2,Neurona H1_7,Neurona H2_20,0.16592078121147283,0.16592078121147283,0.04020582806024398
Capa 2 - Oculta 1 a Oculta 2,Neurona H1_8,Neurona H2_1,-0.2827370542195099,0.2827370542195099,0.06851267999829945
Capa 2 - Oculta 1 a Oculta 2,Neurona H1_8,Neurona H2_2,0.13286587994292462,0.13286587994292462,0.03219598343892602
Capa 2 - Oculta 1 a Oculta 2,Neurona H1_8,Neurona H2_3,-0.12927202832723445,0.12927202832723445,0.031325123387041943
Capa 2 - Oculta 1 a Oculta 2,Neurona H1_8,Neurona H2_4,-0.21695967722785045,0.21695967722785045,0.05257354392221135
Capa 2 - Oculta 1 a Oculta 2,Neurona H1_8,Neurona H2_5,-0.17920122960342197,0.17920122960342197,0.04342393865923584
Capa 2 - Oculta 1 a Oculta 2,Neurona H1_8,Neurona H2_6,0.2913222258229136,0.2913222258229136,0.07059303383242348
Capa 2 - Oculta 1 a Oculta 2,Neurona H1_8,Neurona H2_7,0.06386072795403115,0.06386072795403115,0.015474694786117934
Capa 2 - Oculta 1 a Oculta 2,Neurona H1_8,Neurona H2_8,0.18460221985327516,0.18460221985327516,0.04473270350324826
Capa 2 - Oculta 1 a Oculta 2,Neurona H1_8,Neurona H2_9,-0.23863646035795574,0.23863646035795574,0.057826249514993044
Capa 2 - Oculta 1 a Oculta 2,Neurona H1_8,Neurona H2_10,-0.04424051824577086,0.04424051824577086,0.010720336879432179
Capa 2 - Oculta 1 a Oculta 2,Neurona H1_8,Neurona H2_11,0.16254316661438756,0.16254316661438756,0.03938736643806118
Capa 2 - Oculta 1 a Oculta 2,Neurona H1_8,Neurona H2_12,-0.09600310656361988,0.09600310656361988,0.023263417442728893
Capa 2 - Oculta 1 a Oculta 2,Neurona H1_8,Neurona H2_13,0.20588289570060295,0.20588289570060295,0.04988942460759831
Capa 2 - Oculta 1 a Oculta 2,Neurona H1_8,Neurona H2_14,-0.1824563536981236,0.1824563536981236,0.04421271845348914
Capa 2 - Oculta 1 a Oculta 2,Neurona H1_8,Neurona H2_15,0.14752620019690207,0.14752620019690207,0.035748463792115034
Capa 2 - Oculta 1 a Oculta 2,Neurona H1_8,Neurona H2_16,-0.2511711025920694,0.2511711025920694,0.06086363679572867
Capa 2 - Oculta 1 a Oculta 2,Neurona H1_8,Neurona H2_17,0.1916261061573429,0.1916261061573429,0.0464347275836202
Capa 2 - Oculta 1 a Oculta 2,Neurona H1_8,Neurona H2_18,0.12959028797632885,0.12959028797632885,0.031402243881753784
Capa 2 - Oculta 1 a Oculta 2,Neurona H1_8,Neurona H2_19,0.28083069110272624,0.28083069110272624,0.06805073118673917
Capa 2 - Oculta 1 a Oculta 2,Neurona H1_8,Neurona H2_20,-0.2768485396036273,0.2768485396036273,0.06708577853093801
Capa 2 - Oculta 1 a Oculta 2,Neurona H1_9,Neurona H2_1,-0.2162544893518719,0.2162544893518719,0.05240266320260079
Capa 2 - Oculta 1 a Oculta 2,Neurona H1_9,Neurona H2_2,-0.34618769210695,0.34618769210695,0.08388800199587225
Capa 2 - Oculta 1 a Oculta 2,Neurona H1_9,Neurona H2_3,-0.3353144182131495,0.3353144182131495,0.08125319653368669
Capa 2 - Oculta 1 a Oculta 2,Neurona H1_9,Neurona H2_4,0.1509304014085337,0.1509304014085337,0.036573367867409196
Capa 2 - Oculta 1 a Oculta 2,Neurona H1_9,Neurona H2_5,0.06115718180668827,0.06115718180668827,0.014819573042118533
Capa 2 - Oculta 1 a Oculta 2,Neurona H1_9,Neurona H2_6,0.09375753778215891,0.09375753778215891,0.02271927251003478
Capa 2 - Oculta 1 a Oculta 2,Neurona H1_9,Neurona H2_7,-0.06272000421455089,0.06272000421455089,0.01519827526712274
Capa 2 - Oculta 1 a Oculta 2,Neurona H1_9,Neurona H2_8,-0.18056254920206685,0.18056254920206685,0.04375381283966414
Capa 2 - Oculta 1 a Oculta 2,Neurona H1_9,Neurona H2_9,-0.03504877890181085,0.03504877890181085,0.00849299990006481
Capa 2 - Oculta 1 a Oculta 2,Neurona H1_9,Neurona H2_10,-0.1589024294237173,0.1589024294237173,0.03850514510067452
Capa 2 - Oculta 1 a Oculta 2,Neurona H1_9,Neurona H2_11,0.23441123502013922,0.23441123502013922,0.05680239534671066
Capa 2 - Oculta 1 a Oculta 2,Neurona H1_9,Neurona H2_12,0.2528231003083175,0.2528231003083175,0.06126394793005688
Capa 2 - Oculta 1 a Oculta 2,Neurona H1_9,Neurona H2_13,-0.1872927982131388,0.1872927982131388,0.045384682900460806
Capa 2 - Oculta 1 a Oculta 2,Neurona H1_9,Neurona H2_14,-0.24160214320128337,0.24160214320128337,0.05854489207205811
Capa 2 - Oculta 1 a Oculta 2,Neurona H1_9,Neurona H2_15,-0.3230149695297515,0.3230149695297515,0.07827280121858615
Capa 2 - Oculta 1 a Oculta 2,Neurona H1_9,Neurona H2_16,0.026697525895575912,0.026697525895575912,0.006469329085567341
Capa 2 - Oculta 1 a Oculta 2,Neurona H1_9,Neurona H2_17,0.19177926970466705,0.19177926970466705,0.04647184208611861
Capa 2 - Oculta 1 a Oculta 2,Neurona H1_9,Neurona H2_18,-0.05686030535657651,0.05686030535657651,0.01377835641760713
Capa 2 - Oculta 1 a Oculta 2,Neurona H1_9,Neurona H2_19,0.09018342208021353,0.09018342208021353,0.021853194853392828
Capa 2 - Oculta 1 a Oculta 2,Neurona H1_9,Neurona H2_20,0.2487174577807889,0.2487174577807889,0.06026907099943147
Capa 2 - Oculta 1 a Oculta 2,Neurona H1_10,Neurona H2_1,0.07270791090567269,0.07270791090567269,0.01761853905911383
Capa 2 - Oculta 1 a Oculta 2,Neurona H1_10,Neurona H2_2,-0.26076674897950636,0.26076674897950636,0.06318884829704431
Capa 2 - Oculta 1 a Oculta 2,Neurona H1_10,Neurona H2_3,0.0020866420856247184,0.0020866420856247184,0.0005056339073703401
Capa 2 - Oculta 1 a Oculta 2,Neurona H1_10,Neurona H2_4,-0.5042629933303014,0.5042629933303014,0.12219271786782161
Capa 2 - Oculta 1 a Oculta 2,Neurona H1_10,Neurona H2_5,0.1646813083294877,0.1646813083294877,0.039905479705959694
Capa 2 - Oculta 1 a Oculta 2,Neurona H1_10,Neurona H2_6,-0.13551589531094488,0.13551589531094488,0.0328381336353371
Capa 2 - Oculta 1 a Oculta 2,Neurona H1_10,Neurona H2_7,-0.18747196890848927,0.18747196890848927,0.045428099440077474
Capa 2 - Oculta 1 a Oculta 2,Neurona H1_10,Neurona H2_8,0.12262316580258344,0.12262316580258344,0.029713974852720596
Capa 2 - Oculta 1 a Oculta 2,Neurona H1_10,Neurona H2_9,-0.22667043168260995,0.22667043168260995,0.054926648344048014
Capa 2 - Oculta 1 a Oculta 2,Neurona H1_10,Neurona H2_10,-0.17343414006735933,0.17343414006735933,0.04202646084722242
Capa 2 - Oculta 1 a Oculta 2,Neurona H1_10,Neurona H2_11,-0.09386016733439957,0.09386016733439957,0.02274414164397424
Capa 2 - Oculta 1 a Oculta 2,Neurona H1_10,Neurona H2_12,0.0780723653987083,0.0780723653987083,0.018918450579594782
Capa 2 - Oculta 1 a Oculta 2,Neurona H1_10,Neurona H2_13,0.37265851240420095,0.37265851240420095,0.09030239591153502
Capa 2 - Oculta 1 a Oculta 2,Neurona H1_10,Neurona H2_14,0.1330267332742672,0.1330267332742672,0.0322349613254551
Capa 2 - Oculta 1 a Oculta 2,Neurona H1_10,Neurona H2_15,-0.2252892409736808,0.2252892409736808,0.05459195900763008
Capa 2 - Oculta 1 a Oculta 2,Neurona H1_10,Neurona H2_16,0.33455011168206494,0.33455011168206494,0.08106799021564903
Capa 2 - Oculta 1 a Oculta 2,Neurona H1_10,Neurona H2_17,0.1032326713801043,0.1032326713801043,0.025015281421668877
Capa 2 - Oculta 1 a Oculta 2,Neurona H1_10,Neurona H2_18,-0.40729974750073694,0.40729974750073694,0.09869664003162906
Capa 2 - Oculta 1 a Oculta 2,Neurona H1_10,Neurona H2_19,0.0777544399820338,0.0777544399820338,0.018841411075890272
Capa 2 - Oculta 1 a Oculta 2,Neurona H1_10,Neurona H2_20,0.40733707622538357,0.40733707622538357,0.09870568550666776
Capa 2 - Oculta 1 a Oculta 2,Neurona H1_11,Neurona H2_1,0.02105291900486422,0.02105291900486422,0.0051015311975718
Capa 2 - Oculta 1 a Oculta 2,Neurona H1_11,Neurona H2_2,0.013035332042908875,0.013035332042908875,0.003158714146586622
Capa 2 - Oculta 1 a Oculta 2,Neurona H1_11,Neurona H2_3,0.15048608596823768,0.15048608596823768,0.036465701606036634
Capa 2 - Oculta 1 a Oculta 2,Neurona H1_11,Neurona H2_4,-0.2116957182895505,0.2116957182895505,0.05129798442662457
Capa 2 - Oculta 1 a Oculta 2,Neurona H1_11,Neurona H2_5,-0.10262262813929388,0.10262262813929388,0.024867456095207352
Capa 2 - Oculta 1 a Oculta 2,Neurona H1_11,Neurona H2_6,-0.12856538754907054,0.12856538754907054,0.031153890601011345
Capa 2 - Oculta 1 a Oculta 2,Neurona H1_11,Neurona H2_7,0.3350608571087314,0.3350608571087314,0.08119175375302616
Capa 2 - Oculta 1 a Oculta 2,Neurona H1_11,Neurona H2_8,-0.17323749602204394,0.17323749602204394,0.04197881017551455
Capa 2 - Oculta 1 a Oculta 2,Neurona H1_11,Neurona H2_9,-0.21080137248581135,0.21080137248581135,0.05108126706699674
Capa 2 - Oculta 1 a Oculta 2,Neurona H1_11,Neurona H2_10,0.005051089864067705,0.005051089864067705,0.0012239771842244968
Capa 2 - Oculta 1 a Oculta 2,Neurona H1_11,Neurona H2_11,-0.16673826357872087,0.16673826357872087,0.040403919916248233
Capa 2 - Oculta 1 a Oculta 2,Neurona H1_11,Neurona H2_12,0.25449871155145826,0.25449871155145826,0.06166998108061
Capa 2 - Oculta 1 a Oculta 2,Neurona H1_11,Neurona H2_13,-0.07191787634997931,0.07191787634997931,0.017427098340983566
Capa 2 - Oculta 1 a Oculta 2,Neurona H1_11,Neurona H2_14,0.1388355735229719,0.1388355735229719,0.033642556146089284
Capa 2 - Oculta 1 a Oculta 2,Neurona H1_11,Neurona H2_15,0.22216160846318303,0.22216160846318303,0.05383407290057017
Capa 2 - Oculta 1 a Oculta 2,Neurona H1_11,Neurona H2_16,-0.15867424577237804,0.15867424577237804,0.03844985176981555
Capa 2 - Oculta 1 a Oculta 2,Neurona H1_11,Neurona H2_17,0.13683987205431586,0.13683987205431586,0.03315895891660123
Capa 2 - Oculta 1 a Oculta 2,Neurona H1_11,Neurona H2_18,-0.03311205627571751,0.03311205627571751,0.00802369438970895
Capa 2 - Oculta 1 a Oculta 2,Neurona H1_11,Neurona H2_19,-0.17216758250084727,0.17216758250084727,0.04171954934779619
Capa 2 - Oculta 1 a Oculta 2,Neurona H1_11,Neurona H2_20,0.25719582103415095,0.25719582103415095,0.062323543095741694
Capa 2 - Oculta 1 a Oculta 2,Neurona H1_12,Neurona H2_1,0.10970909550290617,0.10970909550290617,0.02658464478185407
Capa 2 - Oculta 1 a Oculta 2,Neurona H1_12,Neurona H2_2,-0.13138930682374084,0.13138930682374084,0.03183818109183716
Capa 2 - Oculta 1 a Oculta 2,Neurona H1_12,Neurona H2_3,-0.18427262130821648,0.18427262130821648,0.04465283537380252
Capa 2 - Oculta 1 a Oculta 2,Neurona H1_12,Neurona H2_4,0.49713907535261004,0.49713907535261004,0.12046645416995919
Capa 2 - Oculta 1 a Oculta 2,Neurona H1_12,Neurona H2_5,0.11370239224265295,0.11370239224265295,0.027552298145944485
Capa 2 - Oculta 1 a Oculta 2,Neurona H1_12,Neurona H2_6,0.38804249310610256,0.38804249310610256,0.09403023324732018
Capa 2 - Oculta 1 a Oculta 2,Neurona H1_12,Neurona H2_7,-0.13140121903902444,0.13140121903902444,0.03184106765297804
Capa 2 - Oculta 1 a Oculta 2,Neurona H1_12,Neurona H2_8,-0.3519519126839028,0.3519519126839028,0.08528478460336794
Capa 2 - Oculta 1 a Oculta 2,Neurona H1_12,Neurona H2_9,0.28578770518109503,0.28578770518109503,0.0692519119808019
Capa 2 - Oculta 1 a Oculta 2,Neurona H1_12,Neurona H2_10,0.01660840790314535,0.01660840790314535,0.004024539829385074
Capa 2 - Oculta 1 a Oculta 2,Neurona H1_12,Neurona H2_11,-0.08704013243810411,0.08704013243810411,0.02109151471922614
Capa 2 - Oculta 1 a Oculta 2,Neurona H1_12,Neurona H2_12,-0.22719690572962742,0.22719690572962742,0.055054223231642024
Capa 2 - Oculta 1 a Oculta 2,Neurona H1_12,Neurona H2_13,-0.1813363642268218,0.1813363642268218,0.04394132325040695
Capa 2 - Oculta 1 a Oculta 2,Neurona H1_12,Neurona H2_14,-0.15503170728424728,0.15503170728424728,0.0375671939430666
Capa 2 - Oculta 1 a Oculta 2,Neurona H1_12,Neurona H2_15,0.259084172392174,0.259084172392174,0.06278112730830177
Capa 2 - Oculta 1 a Oculta 2,Neurona H1_12,Neurona H2_16,-0.03191680093150083,0.03191680093150083,0.007734060803688079
Capa 2 - Oculta 1 a Oculta 2,Neurona H1_12,Neurona H2_17,0.1767857265802549,0.1767857265802549,0.04283861535904794
Capa 2 - Oculta 1 a Oculta 2,Neurona H1_12,Neurona H2_18,0.4290822733580404,0.4290822733580404,0.10397496914111137
Capa 2 - Oculta 1 a Oculta 2,Neurona H1_12,Neurona H2_19,-0.02384240654451365,0.02384240654451365,0.005777478210215103
Capa 2 - Oculta 1 a Oculta 2,Neurona H1_12,Neurona H2_20,-0.2226303920505986,0.2226303920505986,0.05394766826924838
Capa 2 - Oculta 1 a Oculta 2,Neurona H1_13,Neurona H2_1,-0.10723448125327993,0.10723448125327993,0.02598499768334449
Capa 2 - Oculta 1 a Oculta 2,Neurona H1_13,Neurona H2_2,0.36827420859328475,0.36827420859328475,0.08923999393934988
Capa 2 - Oculta 1 a Oculta 2,Neurona H1_13,Neurona H2_3,-0.036953613407281045,0.036953613407281045,0.008954578299412768
Capa 2 - Oculta 1 a Oculta 2,Neurona H1_13,Neurona H2_4,0.2664972300743306,0.2664972300743306,0.06457745517267932
Capa 2 - Oculta 1 a Oculta 2,Neurona H1_13,Neurona H2_5,-0.17978870701061045,0.17978870701061045,0.043566295845901895
Capa 2 - Oculta 1 a Oculta 2,Neurona H1_13,Neurona H2_6,-0.13556356306163284,0.13556356306163284,0.03284968445720633
Capa 2 - Oculta 1 a Oculta 2,Neurona H1_13,Neurona H2_7,-0.04119578986200566,0.04119578986200566,0.009982540052573074
Capa 2 - Oculta 1 a Oculta 2,Neurona H1_13,Neurona H2_8,-0.40235526527532844,0.40235526527532844,0.09749849594895185
Capa 2 - Oculta 1 a Oculta 2,Neurona H1_13,Neurona H2_9,-0.1612892509714627,0.1612892509714627,0.039083518322271325
Capa 2 - Oculta 1 a Oculta 2,Neurona H1_13,Neurona H2_10,-0.26019868850088707,0.26019868850088707,0.06305119620931651
Capa 2 - Oculta 1 a Oculta 2,Neurona H1_13,Neurona H2_11,0.28069244108220204,0.28069244108220204,0.06801723052145821
Capa 2 - Oculta 1 a Oculta 2,Neurona H1_13,Neurona H2_12,-0.13445643480322475,0.13445643480322475,0.03258140577581886
Capa 2 - Oculta 1 a Oculta 2,Neurona H1_13,Neurona H2_13,0.21130930209942886,0.21130930209942886,0.051204348278178984
Capa 2 - Oculta 1 a Oculta 2,Neurona H1_13,Neurona H2_14,0.05046274733589032,0.05046274733589032,0.012228103845825252
Capa 2 - Oculta 1 a Oculta 2,Neurona H1_13,Neurona H2_15,0.23178600535535054,0.23178600535535054,0.056166251207619255
Capa 2 - Oculta 1 a Oculta 2,Neurona H1_13,Neurona H2_16,0.28215196372472306,0.28215196372472306,0.06837090120687067
Capa 2 - Oculta 1 a Oculta 2,Neurona H1_13,Neurona H2_17,0.11986774019473383,0.11986774019473383,0.029046281707756458
Capa 2 - Oculta 1 a Oculta 2,Neurona H1_13,Neurona H2_18,-0.00977386000196466,0.00977386000196466,0.00236839612165902
Capa 2 - Oculta 1 a Oculta 2,Neurona H1_13,Neurona H2_19,-0.05982338510998522,0.05982338510998522,0.014496368195423562
Capa 2 - Oculta 1 a Oculta 2,Neurona H1_13,Neurona H2_20,0.18393898844898512,0.18393898844898512,0.044571989651671994
Capa 2 - Oculta 1 a Oculta 2,Neurona H1_14,Neurona H2_1,0.13898657997844563,0.13898657997844563,0.03367914794333393
Capa 2 - Oculta 1 a Oculta 2,Neurona H1_14,Neurona H2_2,0.16970220124393182,0.16970220124393182,0.041122139582758045
Capa 2 - Oculta 1 a Oculta 2,Neurona H1_14,Neurona H2_3,-0.1755747754376448,0.1755747754376448,0.04254517837620802
Capa 2 - Oculta 1 a Oculta 2,Neurona H1_14,Neurona H2_4,0.11767232891081006,0.11767232891081006,0.028514290910952908
Capa 2 - Oculta 1 a Oculta 2,Neurona H1_14,Neurona H2_5,0.29185419034181836,0.29185419034181836,0.0707219391680003
Capa 2 - Oculta 1 a Oculta 2,Neurona H1_14,Neurona H2_6,0.15111777681633998,0.15111777681633998,0.03661877256821865
Capa 2 - Oculta 1 a Oculta 2,Neurona H1_14,Neurona H2_7,0.22642139802362954,0.22642139802362954,0.054866302651356155
Capa 2 - Oculta 1 a Oculta 2,Neurona H1_14,Neurona H2_8,-0.7189150431466708,0.7189150431466708,0.17420707884588527
Capa 2 - Oculta 1 a Oculta 2,Neurona H1_14,Neurona H2_9,0.3187568587001303,0.3187568587001303,0.07724097825688608
Capa 2 - Oculta 1 a Oculta 2,Neurona H1_14,Neurona H2_10,-0.016925716534364567,0.016925716534364567,0.004101429873993598
Capa 2 - Oculta 1 a Oculta 2,Neurona H1_14,Neurona H2_11,0.24918859341080424,0.24918859341080424,0.06038323631371665
Capa 2 - Oculta 1 a Oculta 2,Neurona H1_14,Neurona H2_12,-0.1784193887661519,0.1784193887661519,0.043234483438230754
Capa 2 - Oculta 1 a Oculta 2,Neurona H1_14,Neurona H2_13,0.20658469874048146,0.20658469874048146,0.050059485115676254
Capa 2 - Oculta 1 a Oculta 2,Neurona H1_14,Neurona H2_14,0.012233830316978866,0.012233830316978866,0.0029644947103747202
Capa 2 - Oculta 1 a Oculta 2,Neurona H1_14,Neurona H2_15,0.05721879496766357,0.05721879496766357,0.013865225413518976
Capa 2 - Oculta 1 a Oculta 2,Neurona H1_14,Neurona H2_16,-0.0698266699914208,0.0698266699914208,0.016920358421626924
Capa 2 - Oculta 1 a Oculta 2,Neurona H1_14,Neurona H2_17,0.2596899956624344,0.2596899956624344,0.06292793005393216
Capa 2 - Oculta 1 a Oculta 2,Neurona H1_14,Neurona H2_18,0.017473210122328782,0.017473210122328782,0.004234098204633384
Capa 2 - Oculta 1 a Oculta 2,Neurona H1_14,Neurona H2_19,0.21619060913930865,0.21619060913930865,0.052387183786315406
Capa 2 - Oculta 1 a Oculta 2,Neurona H1_14,Neurona H2_20,-0.3981288351511987,0.3981288351511987,0.09647434983754453
Capa 2 - Oculta 1 a Oculta 2,Neurona H1_15,Neurona H2_1,-0.2146439154821729,0.2146439154821729,0.052012389870890116
Capa 2 - Oculta 1 a Oculta 2,Neurona H1_15,Neurona H2_2,0.2607454330041193,0.2607454330041193,0.06318368302217583
Capa 2 - Oculta 1 a Oculta 2,Neurona H1_15,Neurona H2_3,-0.1236476545262086,0.1236476545262086,0.029962228369675974
Capa 2 - Oculta 1 a Oculta 2,Neurona H1_15,Neurona H2_4,-0.3146485046801213,0.3146485046801213,0.07624544427896582
Capa 2 - Oculta 1 a Oculta 2,Neurona H1_15,Neurona H2_5,-0.18811222079533135,0.18811222079533135,0.045583244908232005
Capa 2 - Oculta 1 a Oculta 2,Neurona H1_15,Neurona H2_6,-0.1316433518739059,0.1316433518739059,0.03189974114195213
Capa 2 - Oculta 1 a Oculta 2,Neurona H1_15,Neurona H2_7,-0.11362016742461886,0.11362016742461886,0.027532373475435915
Capa 2 - Oculta 1 a Oculta 2,Neurona H1_15,Neurona H2_8,0.09370569745108485,0.09370569745108485,0.022706710590891615
Capa 2 - Oculta 1 a Oculta 2,Neurona H1_15,Neurona H2_9,0.020571857989029815,0.020571857989029815,0.0049849607695163
Capa 2 - Oculta 1 a Oculta 2,Neurona H1_15,Neurona H2_10,0.013898501742999097,0.013898501742999097,0.0033678769307493106
Capa 2 - Oculta 1 a Oculta 2,Neurona H1_15,Neurona H2_11,-0.1806650995391175,0.1806650995391175,0.04377866277822442
Capa 2 - Oculta 1 a Oculta 2,Neurona H1_15,Neurona H2_12,-0.2639654856718709,0.2639654856718709,0.06396396432846707
Capa 2 - Oculta 1 a Oculta 2,Neurona H1_15,Neurona H2_13,0.25572548547840096,0.25572548547840096,0.06196725223142855
Capa 2 - Oculta 1 a Oculta 2,Neurona H1_15,Neurona H2_14,0.31693814343852306,0.31693814343852306,0.07680026822306865
Capa 2 - Oculta 1 a Oculta 2,Neurona H1_15,Neurona H2_15,0.2736096481298577,0.2736096481298577,0.06630093221603188
Capa 2 - Oculta 1 a Oculta 2,Neurona H1_15,Neurona H2_16,-0.0056820452361352036,0.0056820452361352036,0.0013768699262777086
Capa 2 - Oculta 1 a Oculta 2,Neurona H1_15,Neurona H2_17,-0.25834273223089327,0.25834273223089327,0.06260146195581394
Capa 2 - Oculta 1 a Oculta 2,Neurona H1_15,Neurona H2_18,-0.12440520226943391,0.12440520226943391,0.030145796902135587
Capa 2 - Oculta 1 a Oculta 2,Neurona H1_15,Neurona H2_19,0.3027795496663451,0.3027795496663451,0.07336936594173546
Capa 2 - Oculta 1 a Oculta 2,Neurona H1_15,Neurona H2_20,-0.11907299929533895,0.11907299929533895,0.028853700551133357
Capa 2 - Oculta 1 a Oculta 2,Neurona H1_16,Neurona H2_1,-0.1245192085180377,0.1245192085180377,0.03017342283057981
Capa 2 - Oculta 1 a Oculta 2,Neurona H1_16,Neurona H2_2,-0.05860241369621068,0.05860241369621068,0.014200503106251127
Capa 2 - Oculta 1 a Oculta 2,Neurona H1_16,Neurona H2_3,0.047919643005134384,0.047919643005134384,0.01161186027033656
Capa 2 - Oculta 1 a Oculta 2,Neurona H1_16,Neurona H2_4,0.0220656954825948,0.0220656954825948,0.00534694660985338
Capa 2 - Oculta 1 a Oculta 2,Neurona H1_16,Neurona H2_5,0.005885630978936187,0.005885630978936187,0.0014262027061188354
Capa 2 - Oculta 1 a Oculta 2,Neurona H1_16,Neurona H2_6,-0.15712682815395385,0.15712682815395385,0.03807488242450817
Capa 2 - Oculta 1 a Oculta 2,Neurona H1_16,Neurona H2_7,-0.10573245396632576,0.10573245396632576,0.02562102729699425
Capa 2 - Oculta 1 a Oculta 2,Neurona H1_16,Neurona H2_8,-0.38904137509907577,0.38904137509907577,0.09427228175606465
Capa 2 - Oculta 1 a Oculta 2,Neurona H1_16,Neurona H2_9,-0.02543324811421279,0.02543324811421279,0.006162970022364246
Capa 2 - Oculta 1 a Oculta 2,Neurona H1_16,Neurona H2_10,-0.4270973002915743,0.4270973002915743,0.10349397161185774
Capa 2 - Oculta 1 a Oculta 2,Neurona H1_16,Neurona H2_11,0.4121779976659752,0.4121779976659752,0.09987873479966447
Capa 2 - Oculta 1 a Oculta 2,Neurona H1_16,Neurona H2_12,0.30015105379687346,0.30015105379687346,0.07273243033780803
Capa 2 - Oculta 1 a Oculta 2,Neurona H1_16,Neurona H2_13,-0.2794942965782579,0.2794942965782579,0.06772689683591761
Capa 2 - Oculta 1 a Oculta 2,Neurona H1_16,Neurona H2_14,-0.2701632174558863,0.2701632174558863,0.06546579512176617
Capa 2 - Oculta 1 a Oculta 2,Neurona H1_16,Neurona H2_15,-0.04676362805929161,0.04676362805929161,0.011331735395030025
Capa 2 - Oculta 1 a Oculta 2,Neurona H1_16,Neurona H2_16,0.14925618077408045,0.14925618077408045,0.03616767168835164
Capa 2 - Oculta 1 a Oculta 2,Neurona H1_16,Neurona H2_17,0.2714855504747853,0.2714855504747853,0.06578622209666375
Capa 2 - Oculta 1 a Oculta 2,Neurona H1_16,Neurona H2_18,-0.28142081348799214,0.28142081348799214,0.06819372930296827
Capa 2 - Oculta 1 a Oculta 2,Neurona H1_16,Neurona H2_19,-0.07384621001302706,0.07384621001302706,0.017894371042649928
Capa 2 - Oculta 1 a Oculta 2,Neurona H1_16,Neurona H2_20,-0.10923809351776922,0.10923809351776922,0.026470511852318773
Capa 2 - Oculta 1 a Oculta 2,Neurona H1_17,Neurona H2_1,-0.24967491272736608,0.24967491272736608,0.06050108093017335
Capa 2 - Oculta 1 a Oculta 2,Neurona H1_17,Neurona H2_2,0.32229839075852323,0.32229839075852323,0.07809916026380483
Capa 2 - Oculta 1 a Oculta 2,Neurona H1_17,Neurona H2_3,-0.16790970029478527,0.16790970029478527,0.04068778178602519
Capa 2 - Oculta 1 a Oculta 2,Neurona H1_17,Neurona H2_4,0.026095113242398785,0.026095113242398785,0.006323352798702557
Capa 2 - Oculta 1 a Oculta 2,Neurona H1_17,Neurona H2_5,-0.2612134404269901,0.2612134404269901,0.06329709031110897
Capa 2 - Oculta 1 a Oculta 2,Neurona H1_17,Neurona H2_6,-0.11148244682270783,0.11148244682270783,0.027014362251442638
Capa 2 - Oculta 1 a Oculta 2,Neurona H1_17,Neurona H2_7,-0.25223649051666086,0.25223649051666086,0.06112180098348638
Capa 2 - Oculta 1 a Oculta 2,Neurona H1_17,Neurona H2_8,0.27629549978177986,0.27629549978177986,0.06695176624010069
Capa 2 - Oculta 1 a Oculta 2,Neurona H1_17,Neurona H2_9,0.3128500258775562,0.3128500258775562,0.07580963793223845
Capa 2 - Oculta 1 a Oculta 2,Neurona H1_17,Neurona H2_10,0.026034491137715585,0.026034491137715585,0.006308662885240564
Capa 2 - Oculta 1 a Oculta 2,Neurona H1_17,Neurona H2_11,-0.09836462270681652,0.09836462270681652,0.023835658673282415
Capa 2 - Oculta 1 a Oculta 2,Neurona H1_17,Neurona H2_12,-0.12072549936180144,0.12072549936180144,0.02925413341467594
Capa 2 - Oculta 1 a Oculta 2,Neurona H1_17,Neurona H2_13,0.28635956662235434,0.28635956662235434,0.06939048511560561
Capa 2 - Oculta 1 a Oculta 2,Neurona H1_17,Neurona H2_14,0.07929695695778907,0.07929695695778907,0.01921519290029104
Capa 2 - Oculta 1 a Oculta 2,Neurona H1_17,Neurona H2_15,-0.05944010528137364,0.05944010528137364,0.014403492048291175
Capa 2 - Oculta 1 a Oculta 2,Neurona H1_17,Neurona H2_16,0.18169505949760795,0.18169505949760795,0.04402824208165852
Capa 2 - Oculta 1 a Oculta 2,Neurona H1_17,Neurona H2_17,0.02655590719409486,0.02655590719409486,0.006435012123458748
Capa 2 - Oculta 1 a Oculta 2,Neurona H1_17,Neurona H2_18,-0.18513239249461577,0.18513239249461577,0.04486117463208666
Capa 2 - Oculta 1 a Oculta 2,Neurona H1_17,Neurona H2_19,-0.1749636546023934,0.1749636546023934,0.04239709192768271
Capa 2 - Oculta 1 a Oculta 2,Neurona H1_17,Neurona H2_20,-0.15683729222507337,0.15683729222507337,0.03800472224512115
Capa 2 - Oculta 1 a Oculta 2,Neurona H1_18,Neurona H2_1,-0.23858863339598885,0.23858863339598885,0.05781466011313847
Capa 2 - Oculta 1 a Oculta 2,Neurona H1_18,Neurona H2_2,-0.3609446648484986,0.3609446648484986,0.08746390312413539
Capa 2 - Oculta 1 a Oculta 2,Neurona H1_18,Neurona H2_3,0.11408960652381045,0.11408960652381045,0.027646127687349833
Capa 2 - Oculta 1 a Oculta 2,Neurona H1_18,Neurona H2_4,0.3621463321006137,0.3621463321006137,0.08775509043998216
Capa 2 - Oculta 1 a Oculta 2,Neurona H1_18,Neurona H2_5,-0.2583218200720461,0.2583218200720461,0.06259639453353665
Capa 2 - Oculta 1 a Oculta 2,Neurona H1_18,Neurona H2_6,0.45329559300581146,0.45329559300581146,0.10984232680069969
Capa 2 - Oculta 1 a Oculta 2,Neurona H1_18,Neurona H2_7,0.153606668170379,0.153606668170379,0.03722187928643968
Capa 2 - Oculta 1 a Oculta 2,Neurona H1_18,Neurona H2_8,-0.17161085046066316,0.17161085046066316,0.04158464236073987
Capa 2 - Oculta 1 a Oculta 2,Neurona H1_18,Neurona H2_9,0.19340029080384522,0.19340029080384522,0.04686464698445451
Capa 2 - Oculta 1 a Oculta 2,Neurona H1_18,Neurona H2_10,0.02600918877045327,0.02600918877045327,0.006302531630190787
Capa 2 - Oculta 1 a Oculta 2,Neurona H1_18,Neurona H2_11,-0.3169609340677537,0.3169609340677537,0.07680579083520644
Capa 2 - Oculta 1 a Oculta 2,Neurona H1_18,Neurona H2_12,-0.006481230419052082,0.006481230419052082,0.0015705280191220113
Capa 2 - Oculta 1 a Oculta 2,Neurona H1_18,Neurona H2_13,-0.3026581886126562,0.3026581886126562,0.07333995780116259
Capa 2 - Oculta 1 a Oculta 2,Neurona H1_18,Neurona H2_14,-0.26977614173151976,0.26977614173151976,0.06537199915536254
Capa 2 - Oculta 1 a Oculta 2,Neurona H1_18,Neurona H2_15,-0.1628244112531383,0.1628244112531383,0.03945551747680336
Capa 2 - Oculta 1 a Oculta 2,Neurona H1_18,Neurona H2_16,-0.11712780443420348,0.11712780443420348,0.028382342053665802
Capa 2 - Oculta 1 a Oculta 2,Neurona H1_18,Neurona H2_17,-0.4147954021632153,0.4147954021632153,0.10051298274866621
Capa 2 - Oculta 1 a Oculta 2,Neurona H1_18,Neurona H2_18,0.4349552750625273,0.4349552750625273,0.10539811152872564
Capa 2 - Oculta 1 a Oculta 2,Neurona H1_18,Neurona H2_19,-0.16051869241456793,0.16051869241456793,0.038896797016943235
Capa 2 - Oculta 1 a Oculta 2,Neurona H1_18,Neurona H2_20,0.33914420578973686,0.33914420578973686,0.08218122845161309
Capa 2 - Oculta 1 a Oculta 2,Neurona H1_19,Neurona H2_1,-0.24780258216043155,0.24780258216043155,0.06004737886647486
Capa 2 - Oculta 1 a Oculta 2,Neurona H1_19,Neurona H2_2,-0.44561800099021354,0.44561800099021354,0.10798189712913009
Capa 2 - Oculta 1 a Oculta 2,Neurona H1_19,Neurona H2_3,-0.1390073507283003,0.1390073507283003,0.03368418109946568
Capa 2 - Oculta 1 a Oculta 2,Neurona H1_19,Neurona H2_4,0.023940155643153212,0.023940155643153212,0.005801164715451219
Capa 2 - Oculta 1 a Oculta 2,Neurona H1_19,Neurona H2_5,0.2362707624127792,0.2362707624127792,0.057252994952594304
Capa 2 - Oculta 1 a Oculta 2,Neurona H1_19,Neurona H2_6,0.3045160411061513,0.3045160411061513,0.07379015154645092
Capa 2 - Oculta 1 a Oculta 2,Neurona H1_19,Neurona H2_7,0.28865350601207346,0.28865350601207346,0.06994635118621022
Capa 2 - Oculta 1 a Oculta 2,Neurona H1_19,Neurona H2_8,0.20972168205428177,0.20972168205428177,0.05081963710400227
Capa 2 - Oculta 1 a Oculta 2,Neurona H1_19,Neurona H2_9,0.13173944887610167,0.13173944887610167,0.03192302731213032
Capa 2 - Oculta 1 a Oculta 2,Neurona H1_19,Neurona H2_10,0.313297559534901,0.313297559534901,0.07591808403011116
Capa 2 - Oculta 1 a Oculta 2,Neurona H1_19,Neurona H2_11,-0.11605173012493061,0.11605173012493061,0.02812158834733212
Capa 2 - Oculta 1 a Oculta 2,Neurona H1_19,Neurona H2_12,-0.15784964930764306,0.15784964930764306,0.038250036029809094
Capa 2 - Oculta 1 a Oculta 2,Neurona H1_19,Neurona H2_13,-0.03488870270900228,0.03488870270900228,0.008454210329297319
Capa 2 - Oculta 1 a Oculta 2,Neurona H1_19,Neurona H2_14,-0.14101811629850575,0.14101811629850575,0.03417142865335767
Capa 2 - Oculta 1 a Oculta 2,Neurona H1_19,Neurona H2_15,-0.21948995255051298,0.21948995255051298,0.053186678779853974
Capa 2 - Oculta 1 a Oculta 2,Neurona H1_19,Neurona H2_16,0.14687427159386793,0.14687427159386793,0.035590488828823735
Capa 2 - Oculta 1 a Oculta 2,Neurona H1_19,Neurona H2_17,0.18810337754986367,0.18810337754986367,0.04558110201808785
Capa 2 - Oculta 1 a Oculta 2,Neurona H1_19,Neurona H2_18,0.16427915674140975,0.16427915674140975,0.0398080305649518
Capa 2 - Oculta 1 a Oculta 2,Neurona H1_19,Neurona H2_19,-0.020990120985869894,0.020990120985869894,0.005086314017808213
Capa 2 - Oculta 1 a Oculta 2,Neurona H1_19,Neurona H2_20,-0.28535381327195036,0.28535381327195036,0.06914677154348943
Capa 2 - Oculta 1 a Oculta 2,Neurona H1_20,Neurona H2_1,-0.31321319384328006,0.31321319384328006,0.0758976405843491
Capa 2 - Oculta 1 a Oculta 2,Neurona H1_20,Neurona H2_2,0.38436867860870283,0.38436867860870283,0.09313999663603383
Capa 2 - Oculta 1 a Oculta 2,Neurona H1_20,Neurona H2_3,0.21882854505876867,0.21882854505876867,0.05302640689771441
Capa 2 - Oculta 1 a Oculta 2,Neurona H1_20,Neurona H2_4,-0.49007396517235713,0.49007396517235713,0.11875444074367304
Capa 2 - Oculta 1 a Oculta 2,Neurona H1_20,Neurona H2_5,0.23873441682143934,0.23873441682143934,0.05784998626875863
Capa 2 - Oculta 1 a Oculta 2,Neurona H1_20,Neurona H2_6,-0.1483202455715171,0.1483202455715171,0.035940876409574406
Capa 2 - Oculta 1 a Oculta 2,Neurona H1_20,Neurona H2_7,-0.12501171452918583,0.12501171452918583,0.030292766603302407
Capa 2 - Oculta 1 a Oculta 2,Neurona H1_20,Neurona H2_8,-0.10064196356578838,0.10064196356578838,0.024387502597484352
Capa 2 - Oculta 1 a Oculta 2,Neurona H1_20,Neurona H2_9,0.3041414519704492,0.3041414519704492,0.07369938132301472
Capa 2 - Oculta 1 a Oculta 2,Neurona H1_20,Neurona H2_10,-0.468685219265773,0.468685219265773,0.1135715321648596
Capa 2 - Oculta 1 a Oculta 2,Neurona H1_20,Neurona H2_11,-0.14119894206540054,0.14119894206540054,0.03421524624895691
Capa 2 - Oculta 1 a Oculta 2,Neurona H1_20,Neurona H2_12,0.2313296149805603,0.2313296149805603,0.05605565895508049
Capa 2 - Oculta 1 a Oculta 2,Neurona H1_20,Neurona H2_13,0.4490508933943404,0.4490508933943404,0.10881375363765101
Capa 2 - Oculta 1 a Oculta 2,Neurona H1_20,Neurona H2_14,-0.05268510807511792,0.05268510807511792,0.012766625019103355
Capa 2 - Oculta 1 a Oculta 2,Neurona H1_20,Neurona H2_15,-0.14371163131917883,0.14371163131917883,0.03482411966052476
Capa 2 - Oculta 1 a Oculta 2,Neurona H1_20,Neurona H2_16,0.21902904112646715,0.21902904112646715,0.053074990989265707
Capa 2 - Oculta 1 a Oculta 2,Neurona H1_20,Neurona H2_17,0.1913817496750391,0.1913817496750391,0.04637551526168452
Capa 2 - Oculta 1 a Oculta 2,Neurona H1_20,Neurona H2_18,0.0386570651348631,0.0386570651348631,0.00936735774010741
Capa 2 - Oculta 1 a Oculta 2,Neurona H1_20,Neurona H2_19,0.328061459182359,0.328061459182359,0.07949566368222136
Capa 2 - Oculta 1 a Oculta 2,Neurona H1_20,Neurona H2_20,-0.2155853995710927,0.2155853995710927,0.05224052975261066
Capa 2 - Oculta 1 a Oculta 2,Neurona H1_21,Neurona H2_1,0.06284218558749391,0.06284218558749391,0.015227882186984398
Capa 2 - Oculta 1 a Oculta 2,Neurona H1_21,Neurona H2_2,-0.2853301499363532,0.2853301499363532,0.06914103745764795
Capa 2 - Oculta 1 a Oculta 2,Neurona H1_21,Neurona H2_3,0.32035853720022495,0.32035853720022495,0.07762909606776185
Capa 2 - Oculta 1 a Oculta 2,Neurona H1_21,Neurona H2_4,0.12994147518269983,0.12994147518269983,0.03148734336316421
Capa 2 - Oculta 1 a Oculta 2,Neurona H1_21,Neurona H2_5,-0.22489241966342993,0.22489241966342993,0.05449580149647267
Capa 2 - Oculta 1 a Oculta 2,Neurona H1_21,Neurona H2_6,0.1636041350278718,0.1636041350278718,0.03964445969243496
Capa 2 - Oculta 1 a Oculta 2,Neurona H1_21,Neurona H2_7,0.24489224267452372,0.24489224267452372,0.05934214707987779
Capa 2 - Oculta 1 a Oculta 2,Neurona H1_21,Neurona H2_8,-0.14269193616132853,0.14269193616132853,0.03457702771766476
Capa 2 - Oculta 1 a Oculta 2,Neurona H1_21,Neurona H2_9,0.016752583694104806,0.016752583694104806,0.004059476423942073
Capa 2 - Oculta 1 a Oculta 2,Neurona H1_21,Neurona H2_10,0.2912316577124572,0.2912316577124572,0.0705710874201045
Capa 2 - Oculta 1 a Oculta 2,Neurona H1_21,Neurona H2_11,-0.1689155586662488,0.1689155586662488,0.04093152080678399
Capa 2 - Oculta 1 a Oculta 2,Neurona H1_21,Neurona H2_12,-0.3053522315066941,0.3053522315066941,0.07399277672229916
Capa 2 - Oculta 1 a Oculta 2,Neurona H1_21,Neurona H2_13,-0.17585002777126904,0.17585002777126904,0.04261187736302614
Capa 2 - Oculta 1 a Oculta 2,Neurona H1_21,Neurona H2_14,0.26122614455937876,0.26122614455937876,0.06330016876914626
Capa 2 - Oculta 1 a Oculta 2,Neurona H1_21,Neurona H2_15,-0.2555180388939143,0.2555180388939143,0.06191698389465568
Capa 2 - Oculta 1 a Oculta 2,Neurona H1_21,Neurona H2_16,-0.14258129211125878,0.14258129211125878,0.03455021651523121
Capa 2 - Oculta 1 a Oculta 2,Neurona H1_21,Neurona H2_17,0.205047936984814,0.205047936984814,0.04968709789288964
Capa 2 - Oculta 1 a Oculta 2,Neurona H1_21,Neurona H2_18,-0.1481068236878077,0.1481068236878077,0.03588916014173827
Capa 2 - Oculta 1 a Oculta 2,Neurona H1_21,Neurona H2_19,-0.08604192839233703,0.08604192839233703,0.02084963049025786
Capa 2 - Oculta 1 a Oculta 2,Neurona H1_21,Neurona H2_20,0.026501343672515883,0.026501343672515883,0.006421790322362178
Capa 2 - Oculta 1 a Oculta 2,Neurona H1_22,Neurona H2_1,-0.2968242409765412,0.2968242409765412,0.07192627897288399
Capa 2 - Oculta 1 a Oculta 2,Neurona H1_22,Neurona H2_2,0.3682208538477231,0.3682208538477231,0.08922706504816104
Capa 2 - Oculta 1 a Oculta 2,Neurona H1_22,Neurona H2_3,0.15721133359156497,0.15721133359156497,0.03809535973343801
Capa 2 - Oculta 1 a Oculta 2,Neurona H1_22,Neurona H2_4,-0.1259611804943028,0.1259611804943028,0.030522840648661998
Capa 2 - Oculta 1 a Oculta 2,Neurona H1_22,Neurona H2_5,0.27580400988390885,0.27580400988390885,0.06683266869136169
Capa 2 - Oculta 1 a Oculta 2,Neurona H1_22,Neurona H2_6,-0.4488413753113593,0.4488413753113593,0.10876298333655707
Capa 2 - Oculta 1 a Oculta 2,Neurona H1_22,Neurona H2_7,-0.45195172598870537,0.45195172598870537,0.10951668171976954
Capa 2 - Oculta 1 a Oculta 2,Neurona H1_22,Neurona H2_8,-0.23630202152802796,0.23630202152802796,0.057260569643382456
Capa 2 - Oculta 1 a Oculta 2,Neurona H1_22,Neurona H2_9,0.4065943155702899,0.4065943155702899,0.0985257001728804
Capa 2 - Oculta 1 a Oculta 2,Neurona H1_22,Neurona H2_10,-0.4017704057055027,0.4017704057055027,0.09735677311512654
Capa 2 - Oculta 1 a Oculta 2,Neurona H1_22,Neurona H2_11,0.3623307251701029,0.3623307251701029,0.08779977246228975
Capa 2 - Oculta 1 a Oculta 2,Neurona H1_22,Neurona H2_12,0.28209877850090453,0.28209877850090453,0.06835801339409292
Capa 2 - Oculta 1 a Oculta 2,Neurona H1_22,Neurona H2_13,0.185221960517847,0.185221960517847,0.044882878703845705
Capa 2 - Oculta 1 a Oculta 2,Neurona H1_22,Neurona H2_14,0.4089041387814409,0.4089041387814409,0.09908541520193834
Capa 2 - Oculta 1 a Oculta 2,Neurona H1_22,Neurona H2_15,-0.2691442597872231,0.2691442597872231,0.06521888188686087
Capa 2 - Oculta 1 a Oculta 2,Neurona H1_22,Neurona H2_16,0.26428445988378735,0.26428445988378735,0.06404125797563005
Capa 2 - Oculta 1 a Oculta 2,Neurona H1_22,Neurona H2_17,0.2906047524186652,0.2906047524186652,0.07041917609068439
Capa 2 - Oculta 1 a Oculta 2,Neurona H1_22,Neurona H2_18,-0.22088235476840978,0.22088235476840978,0.05352408488266221
Capa 2 - Oculta 1 a Oculta 2,Neurona H1_22,Neurona H2_19,0.11569933775745876,0.11569933775745876,0.028036196831978433
Capa 2 - Oculta 1 a Oculta 2,Neurona H1_22,Neurona H2_20,-0.3227796025496796,0.3227796025496796,0.07821576722764942
Capa 2 - Oculta 1 a Oculta 2,Neurona H1_23,Neurona H2_1,-0.02863723458706058,0.02863723458706058,0.006939358177567548
Capa 2 - Oculta 1 a Oculta 2,Neurona H1_23,Neurona H2_2,-0.5124405133937149,0.5124405133937149,0.12417428981576072
Capa 2 - Oculta 1 a Oculta 2,Neurona H1_23,Neurona H2_3,-0.11707062534587406,0.11707062534587406,0.02836848644994197
Capa 2 - Oculta 1 a Oculta 2,Neurona H1_23,Neurona H2_4,0.7099746526297842,0.7099746526297842,0.17204064856940754
Capa 2 - Oculta 1 a Oculta 2,Neurona H1_23,Neurona H2_5,-0.2864405791166768,0.2864405791166768,0.06941011601653121
Capa 2 - Oculta 1 a Oculta 2,Neurona H1_23,Neurona H2_6,0.16145896325965203,0.16145896325965203,0.03912464290611687
Capa 2 - Oculta 1 a Oculta 2,Neurona H1_23,Neurona H2_7,0.3095699828747373,0.3095699828747373,0.07501481980253435
Capa 2 - Oculta 1 a Oculta 2,Neurona H1_23,Neurona H2_8,-0.2880329699518527,0.2880329699518527,0.06979598324579762
Capa 2 - Oculta 1 a Oculta 2,Neurona H1_23,Neurona H2_9,0.2101492557738253,0.2101492557738253,0.050923246521252644
Capa 2 - Oculta 1 a Oculta 2,Neurona H1_23,Neurona H2_10,0.16118231388040866,0.16118231388040866,0.03905760538800963
Capa 2 - Oculta 1 a Oculta 2,Neurona H1_23,Neurona H2_11,-0.33341493170996517,0.33341493170996517,0.08079291405916986
Capa 2 - Oculta 1 a Oculta 2,Neurona H1_23,Neurona H2_12,-0.07087231326594827,0.07087231326594827,0.017173738097162678
Capa 2 - Oculta 1 a Oculta 2,Neurona H1_23,Neurona H2_13,-0.6202616569305613,0.6202616569305613,0.15030144716548505
Capa 2 - Oculta 1 a Oculta 2,Neurona H1_23,Neurona H2_14,-0.5418386245874665,0.5418386245874665,0.13129802317406403
Capa 2 - Oculta 1 a Oculta 2,Neurona H1_23,Neurona H2_15,0.35295656908318823,0.35295656908318823,0.08552823236292141
Capa 2 - Oculta 1 a Oculta 2,Neurona H1_23,Neurona H2_16,-0.44006694164582993,0.44006694164582993,0.10663676762863647
Capa 2 - Oculta 1 a Oculta 2,Neurona H1_23,Neurona H2_17,0.2572898389864231,0.2572898389864231,0.06234632547174083
Capa 2 - Oculta 1 a Oculta 2,Neurona H1_23,Neurona H2_18,0.35018633641328945,0.35018633641328945,0.08485695117921686
Capa 2 - Oculta 1 a Oculta 2,Neurona H1_23,Neurona H2_19,0.18500883764791562,0.18500883764791562,0.04483123489285589
Capa 2 - Oculta 1 a Oculta 2,Neurona H1_23,Neurona H2_20,-0.1539845731302787,0.1539845731302787,0.03731345299848407
Capa 2 - Oculta 1 a Oculta 2,Neurona H1_24,Neurona H2_1,-0.06094544501469484,0.06094544501469484,0.014768265104735662
Capa 2 - Oculta 1 a Oculta 2,Neurona H1_24,Neurona H2_2,0.11148508447186589,0.11148508447186589,0.027015001405066175
Capa 2 - Oculta 1 a Oculta 2,Neurona H1_24,Neurona H2_3,0.08461145718582674,0.08461145718582674,0.02050299953207319
Capa 2 - Oculta 1 a Oculta 2,Neurona H1_24,Neurona H2_4,0.24771368240881078,0.24771368240881078,0.06002583672990726
Capa 2 - Oculta 1 a Oculta 2,Neurona H1_24,Neurona H2_5,-0.2858379650369435,0.2858379650369435,0.06926409092009943
Capa 2 - Oculta 1 a Oculta 2,Neurona H1_24,Neurona H2_6,0.005724422202573161,0.005724422202573161,0.0013871386883572922
Capa 2 - Oculta 1 a Oculta 2,Neurona H1_24,Neurona H2_7,0.06859073831622335,0.06859073831622335,0.016620868170530143
Capa 2 - Oculta 1 a Oculta 2,Neurona H1_24,Neurona H2_8,0.11229099589058014,0.11229099589058014,0.02721028939549165
Capa 2 - Oculta 1 a Oculta 2,Neurona H1_24,Neurona H2_9,0.07911455562093372,0.07911455562093372,0.019170993513487174
Capa 2 - Oculta 1 a Oculta 2,Neurona H1_24,Neurona H2_10,-0.08560319956276875,0.08560319956276875,0.02074331797317652
Capa 2 - Oculta 1 a Oculta 2,Neurona H1_24,Neurona H2_11,-0.3232332198318403,0.3232332198318403,0.0783256875059807
Capa 2 - Oculta 1 a Oculta 2,Neurona H1_24,Neurona H2_12,0.14640430900472534,0.14640430900472534,0.03547660776512665
Capa 2 - Oculta 1 a Oculta 2,Neurona H1_24,Neurona H2_13,-0.3082387167381465,0.3082387167381465,0.07469222815970708
Capa 2 - Oculta 1 a Oculta 2,Neurona H1_24,Neurona H2_14,-0.015922788539004376,0.015922788539004376,0.00385840094028298
Capa 2 - Oculta 1 a Oculta 2,Neurona H1_24,Neurona H2_15,0.14633739296252973,0.14633739296252973,0.03546039270835471
Capa 2 - Oculta 1 a Oculta 2,Neurona H1_24,Neurona H2_16,-0.15078387614682784,0.15078387614682784,0.036537861950455254
Capa 2 - Oculta 1 a Oculta 2,Neurona H1_24,Neurona H2_17,-0.3235574128425576,0.3235574128425576,0.0784042457694608
Capa 2 - Oculta 1 a Oculta 2,Neurona H1_24,Neurona H2_18,-0.28068115613712774,0.28068115613712774,0.06801449596007286
Capa 2 - Oculta 1 a Oculta 2,Neurona H1_24,Neurona H2_19,-0.24903308726066936,0.24903308726066936,0.0603455541530555
Capa 2 - Oculta 1 a Oculta 2,Neurona H1_24,Neurona H2_20,0.1174766449926136,0.1174766449926136,0.028466872896695045
Capa 2 - Oculta 1 a Oculta 2,Neurona H1_25,Neurona H2_1,0.025757190705309845,0.025757190705309845,0.006241467604306306
Capa 2 - Oculta 1 a Oculta 2,Neurona H1_25,Neurona H2_2,0.5783452337037035,0.5783452337037035,0.14014428365134093
Capa 2 - Oculta 1 a Oculta 2,Neurona H1_25,Neurona H2_3,-0.15445953959814268,0.15445953959814268,0.03742854659918851
Capa 2 - Oculta 1 a Oculta 2,Neurona H1_25,Neurona H2_4,-0.47012373250506506,0.47012373250506506,0.11392011186379222
Capa 2 - Oculta 1 a Oculta 2,Neurona H1_25,Neurona H2_5,-0.19461540183447457,0.19461540183447457,0.047159091988961344
Capa 2 - Oculta 1 a Oculta 2,Neurona H1_25,Neurona H2_6,-0.5299581026635426,0.5299581026635426,0.12841914194983425
Capa 2 - Oculta 1 a Oculta 2,Neurona H1_25,Neurona H2_7,0.1050372236041151,0.1050372236041151,0.02545255947638004
Capa 2 - Oculta 1 a Oculta 2,Neurona H1_25,Neurona H2_8,-0.40595433487304633,0.40595433487304633,0.09837062041923306
Capa 2 - Oculta 1 a Oculta 2,Neurona H1_25,Neurona H2_9,0.47657894756465885,0.47657894756465885,0.11548433585600654
Capa 2 - Oculta 1 a Oculta 2,Neurona H1_25,Neurona H2_10,-0.48571510997379536,0.48571510997379536,0.1176982054645641
Capa 2 - Oculta 1 a Oculta 2,Neurona H1_25,Neurona H2_11,0.42747448877088384,0.42747448877088384,0.10358537170673852
Capa 2 - Oculta 1 a Oculta 2,Neurona H1_25,Neurona H2_12,-0.2290462142394785,0.2290462142394785,0.05550234660373881
Capa 2 - Oculta 1 a Oculta 2,Neurona H1_25,Neurona H2_13,-0.17321626601949652,0.17321626601949652,0.041973665733535025
Capa 2 - Oculta 1 a Oculta 2,Neurona H1_25,Neurona H2_14,0.27491754968504073,0.27491754968504073,0.06661786216696064
Capa 2 - Oculta 1 a Oculta 2,Neurona H1_25,Neurona H2_15,-0.4295337145952013,0.4295337145952013,0.10408436212147264
Capa 2 - Oculta 1 a Oculta 2,Neurona H1_25,Neurona H2_16,-0.022259609464996364,0.022259609464996364,0.005393935734289682
Capa 2 - Oculta 1 a Oculta 2,Neurona H1_25,Neurona H2_17,-0.17701507451134632,0.17701507451134632,0.04289419081750532
Capa 2 - Oculta 1 a Oculta 2,Neurona H1_25,Neurona H2_18,-0.4891530877306141,0.4891530877306141,0.11853129425281794
Capa 2 - Oculta 1 a Oculta 2,Neurona H1_25,Neurona H2_19,-0.18518498320613472,0.18518498320613472,0.04487391838298668
Capa 2 - Oculta 1 a Oculta 2,Neurona H1_25,Neurona H2_20,0.08500319454090847,0.08500319454090847,0.020597925102144587
Capa 2 - Oculta 1 a Oculta 2,Neurona H1_26,Neurona H2_1,0.46563815345418924,0.46563815345418924,0.11283316893383889
Capa 2 - Oculta 1 a Oculta 2,Neurona H1_26,Neurona H2_2,-0.5307495414071742,0.5307495414071742,0.12861092292997628
Capa 2 - Oculta 1 a Oculta 2,Neurona H1_26,Neurona H2_3,-0.024873936799235746,0.024873936799235746,0.00602743802692689
Capa 2 - Oculta 1 a Oculta 2,Neurona H1_26,Neurona H2_4,0.1593018692595859,0.1593018692595859,0.038601937131450194
Capa 2 - Oculta 1 a Oculta 2,Neurona H1_26,Neurona H2_5,-0.20602897925632457,0.20602897925632457,0.049924823490612766
Capa 2 - Oculta 1 a Oculta 2,Neurona H1_26,Neurona H2_6,0.39372211147588837,0.39372211147588837,0.09540651509674304
Capa 2 - Oculta 1 a Oculta 2,Neurona H1_26,Neurona H2_7,0.037716304739878095,0.037716304739878095,0.009139393223483986
Capa 2 - Oculta 1 a Oculta 2,Neurona H1_26,Neurona H2_8,0.20939578099985728,0.20939578099985728,0.05074066494835565
Capa 2 - Oculta 1 a Oculta 2,Neurona H1_26,Neurona H2_9,-0.453648862369581,0.453648862369581,0.1099279308292907
Capa 2 - Oculta 1 a Oculta 2,Neurona H1_26,Neurona H2_10,0.5052917593604865,0.5052917593604865,0.12244200785923699
Capa 2 - Oculta 1 a Oculta 2,Neurona H1_26,Neurona H2_11,-0.1778922829649006,0.1778922829649006,0.04310675546431495
Capa 2 - Oculta 1 a Oculta 2,Neurona H1_26,Neurona H2_12,0.042906580369632706,0.042906580369632706,0.010397097822217873
Capa 2 - Oculta 1 a Oculta 2,Neurona H1_26,Neurona H2_13,-0.1847046202081185,0.1847046202081185,0.04475751709820652
Capa 2 - Oculta 1 a Oculta 2,Neurona H1_26,Neurona H2_14,-0.2943796873940583,0.2943796873940583,0.07133391615790849
Capa 2 - Oculta 1 a Oculta 2,Neurona H1_26,Neurona H2_15,0.36916238746403335,0.36916238746403335,0.0894552169313303
Capa 2 - Oculta 1 a Oculta 2,Neurona H1_26,Neurona H2_16,-0.4148880727028357,0.4148880727028357,0.10053543862040826
Capa 2 - Oculta 1 a Oculta 2,Neurona H1_26,Neurona H2_17,0.0874703936849702,0.0874703936849702,0.021195775376548112
Capa 2 - Oculta 1 a Oculta 2,Neurona H1_26,Neurona H2_18,0.449000687740632,0.449000687740632,0.10880158783258481
Capa 2 - Oculta 1 a Oculta 2,Neurona H1_26,Neurona H2_19,0.2238771517329824,0.2238771517329824,0.05424978235680489
Capa 2 - Oculta 1 a Oculta 2,Neurona H1_26,Neurona H2_20,-0.09940472584344236,0.09940472584344236,0.024087695865795386
Capa 2 - Oculta 1 a Oculta 2,Neurona H1_27,Neurona H2_1,0.3376210807509971,0.3376210807509971,0.0818121456702117
Capa 2 - Oculta 1 a Oculta 2,Neurona H1_27,Neurona H2_2,0.02728776964560992,0.02728776964560992,0.006612356610837093
Capa 2 - Oculta 1 a Oculta 2,Neurona H1_27,Neurona H2_3,-0.3349627527080351,0.3349627527080351,0.08116798115120047
Capa 2 - Oculta 1 a Oculta 2,Neurona H1_27,Neurona H2_4,-0.32586044015679977,0.32586044015679977,0.0789623140206972
Capa 2 - Oculta 1 a Oculta 2,Neurona H1_27,Neurona H2_5,0.032836929680506,0.032836929680506,0.007957025871750519
Capa 2 - Oculta 1 a Oculta 2,Neurona H1_27,Neurona H2_6,-0.24248078306486887,0.24248078306486887,0.05875780357732139
Capa 2 - Oculta 1 a Oculta 2,Neurona H1_27,Neurona H2_7,0.1867910773014561,0.1867910773014561,0.04526310617835248
Capa 2 - Oculta 1 a Oculta 2,Neurona H1_27,Neurona H2_8,0.27948642522229533,0.27948642522229533,0.06772498945347809
Capa 2 - Oculta 1 a Oculta 2,Neurona H1_27,Neurona H2_9,-0.2508018258424579,0.2508018258424579,0.06077415386662769
Capa 2 - Oculta 1 a Oculta 2,Neurona H1_27,Neurona H2_10,0.19935443175634784,0.19935443175634784,0.04830745098787626
Capa 2 - Oculta 1 a Oculta 2,Neurona H1_27,Neurona H2_11,-0.054861296708543235,0.054861296708543235,0.013293957794318769
Capa 2 - Oculta 1 a Oculta 2,Neurona H1_27,Neurona H2_12,-0.1600320057725285,0.1600320057725285,0.03877886339038856
Capa 2 - Oculta 1 a Oculta 2,Neurona H1_27,Neurona H2_13,0.07863891740695872,0.07863891740695872,0.01905573713565234
Capa 2 - Oculta 1 a Oculta 2,Neurona H1_27,Neurona H2_14,-0.09855780486734422,0.09855780486734422,0.023882470463064093
Capa 2 - Oculta 1 a Oculta 2,Neurona H1_27,Neurona H2_15,0.2524942066385978,0.2524942066385978,0.061184250605596964
Capa 2 - Oculta 1 a Oculta 2,Neurona H1_27,Neurona H2_16,-0.07495101410824646,0.07495101410824646,0.01816208653415325
Capa 2 - Oculta 1 a Oculta 2,Neurona H1_27,Neurona H2_17,-0.06116342945040057,0.06116342945040057,0.014821086967541523
Capa 2 - Oculta 1 a Oculta 2,Neurona H1_27,Neurona H2_18,0.17388646058455404,0.17388646058455404,0.04213606689421465
Capa 2 - Oculta 1 a Oculta 2,Neurona H1_27,Neurona H2_19,0.22091163971271338,0.22091163971271338,0.05353118119348492
Capa 2 - Oculta 1 a Oculta 2,Neurona H1_27,Neurona H2_20,0.003837728122716856,0.003837728122716856,0.0009299560664872737
Capa 2 - Oculta 1 a Oculta 2,Neurona H1_28,Neurona H2_1,0.09969132692043732,0.09969132692043732,0.024157144873565267
Capa 2 - Oculta 1 a Oculta 2,Neurona H1_28,Neurona H2_2,0.08143733902962787,0.08143733902962787,0.01973384905014304
Capa 2 - Oculta 1 a Oculta 2,Neurona H1_28,Neurona H2_3,-0.298243725164547,0.298243725164547,0.07227024756307797
Capa 2 - Oculta 1 a Oculta 2,Neurona H1_28,Neurona H2_4,0.04800207133528411,0.04800207133528411,0.011631834255783683
Capa 2 - Oculta 1 a Oculta 2,Neurona H1_28,Neurona H2_5,-0.32564634323047065,0.32564634323047065,0.07891043417692258
Capa 2 - Oculta 1 a Oculta 2,Neurona H1_28,Neurona H2_6,-0.0065813928918620574,0.0065813928918620574,0.0015947993317959436
Capa 2 - Oculta 1 a Oculta 2,Neurona H1_28,Neurona H2_7,-0.2892750843712372,0.2892750843712372,0.07009697169590184
Capa 2 - Oculta 1 a Oculta 2,Neurona H1_28,Neurona H2_8,0.08702957546428772,0.08702957546428772,0.02108895655941638
Capa 2 - Oculta 1 a Oculta 2,Neurona H1_28,Neurona H2_9,0.15093424819057832,0.15093424819057832,0.03657430001741682
Capa 2 - Oculta 1 a Oculta 2,Neurona H1_28,Neurona H2_10,0.189239097693285,0.189239097693285,0.0458563090685703
Capa 2 - Oculta 1 a Oculta 2,Neurona H1_28,Neurona H2_11,0.06939312265047437,0.06939312265047437,0.016815301479881625
Capa 2 - Oculta 1 a Oculta 2,Neurona H1_28,Neurona H2_12,0.32639158664586154,0.32639158664586154,0.07909102113175404
Capa 2 - Oculta 1 a Oculta 2,Neurona H1_28,Neurona H2_13,-0.07750435842560295,0.07750435842560295,0.018780811457292275
Capa 2 - Oculta 1 a Oculta 2,Neurona H1_28,Neurona H2_14,-0.3165404143313732,0.3165404143313732,0.07670389073508997
Capa 2 - Oculta 1 a Oculta 2,Neurona H1_28,Neurona H2_15,0.20459987829019124,0.20459987829019124,0.04957852456828638
Capa 2 - Oculta 1 a Oculta 2,Neurona H1_28,Neurona H2_16,-0.011538661866949539,0.011538661866949539,0.002796041892284608
Capa 2 - Oculta 1 a Oculta 2,Neurona H1_28,Neurona H2_17,0.0415957603150614,0.0415957603150614,0.010079460662199672
Capa 2 - Oculta 1 a Oculta 2,Neurona H1_28,Neurona H2_18,0.1985045170028649,0.1985045170028649,0.0481015001347348
Capa 2 - Oculta 1 a Oculta 2,Neurona H1_28,Neurona H2_19,-0.15989864339167176,0.15989864339167176,0.0387465470951344
Capa 2 - Oculta 1 a Oculta 2,Neurona H1_28,Neurona H2_20,-0.1044515097601909,0.1044515097601909,0.025310629635347612
Capa 2 - Oculta 1 a Oculta 2,Neurona H1_29,Neurona H2_1,-0.2608220289598496,0.2608220289598496,0.06320224371001563
Capa 2 - Oculta 1 a Oculta 2,Neurona H1_29,Neurona H2_2,0.14110836822032788,0.14110836822032788,0.034193298447029036
Capa 2 - Oculta 1 a Oculta 2,Neurona H1_29,Neurona H2_3,-0.206474579474589,0.206474579474589,0.05003280107864203
Capa 2 - Oculta 1 a Oculta 2,Neurona H1_29,Neurona H2_4,0.09938152802389333,0.09938152802389333,0.024082074583534355
Capa 2 - Oculta 1 a Oculta 2,Neurona H1_29,Neurona H2_5,0.06121979682432549,0.06121979682432549,0.014834745877098755
Capa 2 - Oculta 1 a Oculta 2,Neurona H1_29,Neurona H2_6,0.23215756465421408,0.23215756465421408,0.056256287242739234
Capa 2 - Oculta 1 a Oculta 2,Neurona H1_29,Neurona H2_7,-0.3246645343151481,0.3246645343151481,0.07867252280651285
Capa 2 - Oculta 1 a Oculta 2,Neurona H1_29,Neurona H2_8,0.4668561510772618,0.4668561510772618,0.11312831341576263
Capa 2 - Oculta 1 a Oculta 2,Neurona H1_29,Neurona H2_9,-0.059663727102257307,0.059663727102257307,0.014457679959023757
Capa 2 - Oculta 1 a Oculta 2,Neurona H1_29,Neurona H2_10,0.07504858728855612,0.07504858728855612,0.01818573041096107
Capa 2 - Oculta 1 a Oculta 2,Neurona H1_29,Neurona H2_11,0.06571253869351343,0.06571253869351343,0.015923424497056575
Capa 2 - Oculta 1 a Oculta 2,Neurona H1_29,Neurona H2_12,0.010377714549026258,0.010377714549026258,0.0025147218074187275
Capa 2 - Oculta 1 a Oculta 2,Neurona H1_29,Neurona H2_13,0.022407400874359044,0.022407400874359044,0.005429748463413972
Capa 2 - Oculta 1 a Oculta 2,Neurona H1_29,Neurona H2_14,0.0677944185749926,0.0677944185749926,0.016427904429863478
Capa 2 - Oculta 1 a Oculta 2,Neurona H1_29,Neurona H2_15,-0.24615425008054903,0.24615425008054903,0.05964795598703776
Capa 2 - Oculta 1 a Oculta 2,Neurona H1_29,Neurona H2_16,0.3558735182014761,0.3558735182014761,0.08623506579182678
Capa 2 - Oculta 1 a Oculta 2,Neurona H1_29,Neurona H2_17,0.1790855497261747,0.1790855497261747,0.04339590717806348
Capa 2 - Oculta 1 a Oculta 2,Neurona H1_29,Neurona H2_18,0.05915910493428622,0.05915910493428622,0.014335400206164021
Capa 2 - Oculta 1 a Oculta 2,Neurona H1_29,Neurona H2_19,-0.3230763127415076,0.3230763127415076,0.07828766587029838
Capa 2 - Oculta 1 a Oculta 2,Neurona H1_29,Neurona H2_20,0.2913436534656355,0.2913436534656355,0.07059822616645615
Capa 2 - Oculta 1 a Oculta 2,Neurona H1_30,Neurona H2_1,-0.2983944777149107,0.2983944777149107,0.07230677783418271
Capa 2 - Oculta 1 a Oculta 2,Neurona H1_30,Neurona H2_2,0.3201387533438521,0.3201387533438521,0.07757583817037719
Capa 2 - Oculta 1 a Oculta 2,Neurona H1_30,Neurona H2_3,-0.2891813444723564,0.2891813444723564,0.07007425669764022
Capa 2 - Oculta 1 a Oculta 2,Neurona H1_30,Neurona H2_4,0.22666944548276938,0.22666944548276938,0.054926409368671124
Capa 2 - Oculta 1 a Oculta 2,Neurona H1_30,Neurona H2_5,0.3178074370737353,0.3178074370737353,0.07701091495566005
Capa 2 - Oculta 1 a Oculta 2,Neurona H1_30,Neurona H2_6,-0.1773464392953395,0.1773464392953395,0.04297448694095154
Capa 2 - Oculta 1 a Oculta 2,Neurona H1_30,Neurona H2_7,0.10419074302802084,0.10419074302802084,0.025247440791123826
Capa 2 - Oculta 1 a Oculta 2,Neurona H1_30,Neurona H2_8,-0.01001884868429059,0.01001884868429059,0.002427761637939635
Capa 2 - Oculta 1 a Oculta 2,Neurona H1_30,Neurona H2_9,0.5617919323826835,0.5617919323826835,0.13613309721717098
Capa 2 - Oculta 1 a Oculta 2,Neurona H1_30,Neurona H2_10,-0.48182768624094735,0.48182768624094735,0.11675620718647622
Capa 2 - Oculta 1 a Oculta 2,Neurona H1_30,Neurona H2_11,-0.08907784461342684,0.08907784461342684,0.021585291958937124
Capa 2 - Oculta 1 a Oculta 2,Neurona H1_30,Neurona H2_12,0.206510908348642,0.206510908348642,0.05004160427046123
Capa 2 - Oculta 1 a Oculta 2,Neurona H1_30,Neurona H2_13,0.09608840741391853,0.09608840741391853,0.023284087495602672
Capa 2 - Oculta 1 a Oculta 2,Neurona H1_30,Neurona H2_14,-0.13742388806090353,0.13742388806090353,0.03330047733866897
Capa 2 - Oculta 1 a Oculta 2,Neurona H1_30,Neurona H2_15,-0.018525748253916098,0.018525748253916098,0.004489148637957429
Capa 2 - Oculta 1 a Oculta 2,Neurona H1_30,Neurona H2_16,-0.289704132822399,0.289704132822399,0.07020093846926787
Capa 2 - Oculta 1 a Oculta 2,Neurona H1_30,Neurona H2_17,-0.22861278131680474,0.22861278131680474,0.05539731738776339
Capa 2 - Oculta 1 a Oculta 2,Neurona H1_30,Neurona H2_18,0.19309745335143544,0.19309745335143544,0.04679126358755336
Capa 2 - Oculta 1 a Oculta 2,Neurona H1_30,Neurona H2_19,0.26419616310320637,0.26419616310320637,0.06401986195065722
Capa 2 - Oculta 1 a Oculta 2,Neurona H1_30,Neurona H2_20,-0.03507910069629355,0.03507910069629355,0.008500347459825246
Capa 2 - Oculta 1 a Oculta 2,Neurona H1_31,Neurona H2_1,0.29046660162687893,0.29046660162687893,0.070385699470454
Capa 2 - Oculta 1 a Oculta 2,Neurona H1_31,Neurona H2_2,-0.2361579917130776,0.2361579917130776,0.05722566842164784
Capa 2 - Oculta 1 a Oculta 2,Neurona H1_31,Neurona H2_3,-0.05314437181658711,0.05314437181658711,0.012877913544199438
Capa 2 - Oculta 1 a Oculta 2,Neurona H1_31,Neurona H2_4,-0.1966931701275385,0.1966931701275385,0.04766257560403354
Capa 2 - Oculta 1 a Oculta 2,Neurona H1_31,Neurona H2_5,0.05275290268941564,0.05275290268941564,0.012783052970960636
Capa 2 - Oculta 1 a Oculta 2,Neurona H1_31,Neurona H2_6,0.148852804351641,0.148852804351641,0.03606992574618731
Capa 2 - Oculta 1 a Oculta 2,Neurona H1_31,Neurona H2_7,-0.06633347539202906,0.06633347539202906,0.01607388951990984
Capa 2 - Oculta 1 a Oculta 2,Neurona H1_31,Neurona H2_8,0.36692554243486314,0.36692554243486314,0.08891318593326258
Capa 2 - Oculta 1 a Oculta 2,Neurona H1_31,Neurona H2_9,-0.07329701605115463,0.07329701605115463,0.01776129067838486
Capa 2 - Oculta 1 a Oculta 2,Neurona H1_31,Neurona H2_10,0.3380693095053153,0.3380693095053153,0.08192076020358231
Capa 2 - Oculta 1 a Oculta 2,Neurona H1_31,Neurona H2_11,0.08710437945412654,0.08710437945412654,0.021107083019114316
Capa 2 - Oculta 1 a Oculta 2,Neurona H1_31,Neurona H2_12,0.30354893175167363,0.30354893175167363,0.07355580216515177
Capa 2 - Oculta 1 a Oculta 2,Neurona H1_31,Neurona H2_13,0.1543462123104436,0.1543462123104436,0.03740108519615934
Capa 2 - Oculta 1 a Oculta 2,Neurona H1_31,Neurona H2_14,-0.1847055542523468,0.1847055542523468,0.04475774343526551
Capa 2 - Oculta 1 a Oculta 2,Neurona H1_31,Neurona H2_15,0.14032911992790012,0.14032911992790012,0.034004471449995695
Capa 2 - Oculta 1 a Oculta 2,Neurona H1_31,Neurona H2_16,-0.1799710698800684,0.1799710698800684,0.043610485911308186
Capa 2 - Oculta 1 a Oculta 2,Neurona H1_31,Neurona H2_17,-0.16837086558980777,0.16837086558980777,0.040799531094482186
Capa 2 - Oculta 1 a Oculta 2,Neurona H1_31,Neurona H2_18,-0.1868115438962942,0.1868115438962942,0.04526806563181594
Capa 2 - Oculta 1 a Oculta 2,Neurona H1_31,Neurona H2_19,-0.019905237287838627,0.019905237287838627,0.0048234256254686605
Capa 2 - Oculta 1 a Oculta 2,Neurona H1_31,Neurona H2_20,-9.998555229352981e-05,9.998555229352981e-05,2.4228441396370574e-05
Capa 2 - Oculta 1 a Oculta 2,Neurona H1_32,Neurona H2_1,0.32176214659055496,0.32176214659055496,0.07796921788613387
Capa 2 - Oculta 1 a Oculta 2,Neurona H1_32,Neurona H2_2,-0.08934436609735169,0.08934436609735169,0.02164987529128888
Capa 2 - Oculta 1 a Oculta 2,Neurona H1_32,Neurona H2_3,-0.10731328915110959,0.10731328915110959,0.026004094367718767
Capa 2 - Oculta 1 a Oculta 2,Neurona H1_32,Neurona H2_4,-0.036437458515680296,0.036437458515680296,0.008829503943610987
Capa 2 - Oculta 1 a Oculta 2,Neurona H1_32,Neurona H2_5,-0.21241681510053836,0.21241681510053836,0.051472720190196074
Capa 2 - Oculta 1 a Oculta 2,Neurona H1_32,Neurona H2_6,0.36257872032984256,0.36257872032984256,0.0878598665064442
Capa 2 - Oculta 1 a Oculta 2,Neurona H1_32,Neurona H2_7,-0.3030630359557297,0.3030630359557297,0.07343806017596707
Capa 2 - Oculta 1 a Oculta 2,Neurona H1_32,Neurona H2_8,0.16879178768480102,0.16879178768480102,0.04090152869390577
Capa 2 - Oculta 1 a Oculta 2,Neurona H1_32,Neurona H2_9,-0.49318611292508846,0.49318611292508846,0.11950857459315697
Capa 2 - Oculta 1 a Oculta 2,Neurona H1_32,Neurona H2_10,0.48184255052817615,0.48184255052817615,0.11675980909198917
Capa 2 - Oculta 1 a Oculta 2,Neurona H1_32,Neurona H2_11,-0.38238818635313193,0.38238818635313193,0.09266008489429342
Capa 2 - Oculta 1 a Oculta 2,Neurona H1_32,Neurona H2_12,0.3718712596843271,0.3718712596843271,0.090111629286257
Capa 2 - Oculta 1 a Oculta 2,Neurona H1_32,Neurona H2_13,-0.2799890250821504,0.2799890250821504,0.06784677916180089
Capa 2 - Oculta 1 a Oculta 2,Neurona H1_32,Neurona H2_14,-0.04613182795366794,0.04613182795366794,0.011178637957628417
Capa 2 - Oculta 1 a Oculta 2,Neurona H1_32,Neurona H2_15,0.2548004281000706,0.2548004281000706,0.06174309286074908
Capa 2 - Oculta 1 a Oculta 2,Neurona H1_32,Neurona H2_16,0.11622597923166483,0.11622597923166483,0.02816381229043228
Capa 2 - Oculta 1 a Oculta 2,Neurona H1_32,Neurona H2_17,-0.12379913634754217,0.12379913634754217,0.029998935357301755
Capa 2 - Oculta 1 a Oculta 2,Neurona H1_32,Neurona H2_18,-0.17783499969097682,0.17783499969097682,0.043092874614397966
Capa 2 - Oculta 1 a Oculta 2,Neurona H1_32,Neurona H2_19,0.07420542324552407,0.07420542324552407,0.01798141538608471
Capa 2 - Oculta 1 a Oculta 2,Neurona H1_32,Neurona H2_20,0.05418438995198231,0.05418438995198231,0.013129930139263201
Capa 2 - Oculta 1 a Oculta 2,bias_w0,Neurona H2_1,0.042026703700256844,0.042026703700256844,0.010183886614888409
Capa 2 - Oculta 1 a Oculta 2,bias_w0,Neurona H2_2,-0.03393811029924248,0.03393811029924248,0.008223863324521205
Capa 2 - Oculta 1 a Oculta 2,bias_w0,Neurona H2_3,0.0010463039430680934,0.0010463039430680934,0.00025353976835568474
Capa 2 - Oculta 1 a Oculta 2,bias_w0,Neurona H2_4,-0.0451503803367457,0.0451503803367457,0.010940814136838792
Capa 2 - Oculta 1 a Oculta 2,bias_w0,Neurona H2_5,-0.00963931850667953,0.00963931850667953,0.002335794104076258
Capa 2 - Oculta 1 a Oculta 2,bias_w0,Neurona H2_6,-0.0038195328124281205,0.0038195328124281205,0.0009255469893865621
Capa 2 - Oculta 1 a Oculta 2,bias_w0,Neurona H2_7,0.04286837382790609,0.04286837382790609,0.010387839635050354
Capa 2 - Oculta 1 a Oculta 2,bias_w0,Neurona H2_8,0.09894687851398778,0.09894687851398778,0.023976750564842213
Capa 2 - Oculta 1 a Oculta 2,bias_w0,Neurona H2_9,0.024159425136722663,0.024159425136722663,0.005854297972737863
Capa 2 - Oculta 1 a Oculta 2,bias_w0,Neurona H2_10,0.0666410941866954,0.0666410941866954,0.016148431528910448
Capa 2 - Oculta 1 a Oculta 2,bias_w0,Neurona H2_11,-0.05946806965287631,0.05946806965287631,0.014410268358673995
Capa 2 - Oculta 1 a Oculta 2,bias_w0,Neurona H2_12,-0.00021194577391934138,0.00021194577391934138,5.135857776269411e-05
Capa 2 - Oculta 1 a Oculta 2,bias_w0,Neurona H2_13,-0.06778803607385642,0.06778803607385642,0.01642635782586727
Capa 2 - Oculta 1 a Oculta 2,bias_w0,Neurona H2_14,0.07143328239674462,0.07143328239674462,0.017309671813573745
Capa 2 - Oculta 1 a Oculta 2,bias_w0,Neurona H2_15,0.015133556242365597,0.015133556242365597,0.003667154625104372
Capa 2 - Oculta 1 a Oculta 2,bias_w0,Neurona H2_16,-0.013578302515758908,0.013578302515758908,0.0032902864385792323
Capa 2 - Oculta 1 a Oculta 2,bias_w0,Neurona H2_17,-0.0324405718892931,0.0324405718892931,0.007860980680259207
Capa 2 - Oculta 1 a Oculta 2,bias_w0,Neurona H2_18,0.08175423367675874,0.08175423367675874,0.019810638778365915
Capa 2 - Oculta 1 a Oculta 2,bias_w0,Neurona H2_19,-0.008366276414298924,0.008366276414298924,0.0020273112780794817
Capa 2 - Oculta 1 a Oculta 2,bias_w0,Neurona H2_20,-0.013263770213442648,0.013263770213442648,0.003214069152390094
Capa 3 - Oculta 2 a Salida,Neurona H2_1,"Clase ['Insatisfactoria', 'Aceptable', 'Excelente'][0]",0.417244863592917,0.417244863592917,0.10110653483035069
Capa 3 - Oculta 2 a Salida,Neurona H2_1,"Clase ['Insatisfactoria', 'Aceptable', 'Excelente'][1]",0.3794085587892969,0.3794085587892969,0.09193806326059326
Capa 3 - Oculta 2 a Salida,Neurona H2_1,"Clase ['Insatisfactoria', 'Aceptable', 'Excelente'][2]",-0.3343407604453689,0.3343407604453689,0.08101726034465072
Capa 3 - Oculta 2 a Salida,Neurona H2_2,"Clase ['Insatisfactoria', 'Aceptable', 'Excelente'][0]",-0.8506919163917414,0.8506919163917414,0.20613917480953137
Capa 3 - Oculta 2 a Salida,Neurona H2_2,"Clase ['Insatisfactoria', 'Aceptable', 'Excelente'][1]",-0.7828416830870835,0.7828416830870835,0.18969774538654907
Capa 3 - Oculta 2 a Salida,Neurona H2_2,"Clase ['Insatisfactoria', 'Aceptable', 'Excelente'][2]",1.1183405346065212,1.1183405346065212,0.27099563369270124
Capa 3 - Oculta 2 a Salida,Neurona H2_3,"Clase ['Insatisfactoria', 'Aceptable', 'Excelente'][0]",0.25798387019172436,0.25798387019172436,0.06251450271334398
Capa 3 - Oculta 2 a Salida,Neurona H2_3,"Clase ['Insatisfactoria', 'Aceptable', 'Excelente'][1]",0.09696197031080725,0.09696197031080725,0.023495768753222547
Capa 3 - Oculta 2 a Salida,Neurona H2_3,"Clase ['Insatisfactoria', 'Aceptable', 'Excelente'][2]",0.07482050963141612,0.07482050963141612,0.018130462764555363
Capa 3 - Oculta 2 a Salida,Neurona H2_4,"Clase ['Insatisfactoria', 'Aceptable', 'Excelente'][0]",1.252629179629783,1.252629179629783,0.30353638074575984
Capa 3 - Oculta 2 a Salida,Neurona H2_4,"Clase ['Insatisfactoria', 'Aceptable', 'Excelente'][1]",-0.7791473935090905,0.7791473935090905,0.18880254726553594
Capa 3 - Oculta 2 a Salida,Neurona H2_4,"Clase ['Insatisfactoria', 'Aceptable', 'Excelente'][2]",-1.0190581477793477,1.0190581477793477,0.2469375829468074
Capa 3 - Oculta 2 a Salida,Neurona H2_5,"Clase ['Insatisfactoria', 'Aceptable', 'Excelente'][0]",-0.17923991139157305,0.17923991139157305,0.04343331200784299
Capa 3 - Oculta 2 a Salida,Neurona H2_5,"Clase ['Insatisfactoria', 'Aceptable', 'Excelente'][1]",-0.48244355992971033,0.48244355992971033,0.11690544534372473
Capa 3 - Oculta 2 a Salida,Neurona H2_5,"Clase ['Insatisfactoria', 'Aceptable', 'Excelente'][2]",0.17113071282642844,0.17113071282642844,0.04146829568598133
Capa 3 - Oculta 2 a Salida,Neurona H2_6,"Clase ['Insatisfactoria', 'Aceptable', 'Excelente'][0]",0.16034108805501532,0.16034108805501532,0.03885376003091422
Capa 3 - Oculta 2 a Salida,Neurona H2_6,"Clase ['Insatisfactoria', 'Aceptable', 'Excelente'][1]",-0.06999447877318207,0.06999447877318207,0.016961021748892083
Capa 3 - Oculta 2 a Salida,Neurona H2_6,"Clase ['Insatisfactoria', 'Aceptable', 'Excelente'][2]",-1.3448518459459164,1.3448518459459164,0.3258837240869044
Capa 3 - Oculta 2 a Salida,Neurona H2_7,"Clase ['Insatisfactoria', 'Aceptable', 'Excelente'][0]",0.8878761157037274,0.8878761157037274,0.2151496285524539
Capa 3 - Oculta 2 a Salida,Neurona H2_7,"Clase ['Insatisfactoria', 'Aceptable', 'Excelente'][1]",-0.1616623381232703,0.1616623381232703,0.039173924585836
Capa 3 - Oculta 2 a Salida,Neurona H2_7,"Clase ['Insatisfactoria', 'Aceptable', 'Excelente'][2]",-0.2637252186863893,0.2637252186863893,0.06390574297104401
Capa 3 - Oculta 2 a Salida,Neurona H2_8,"Clase ['Insatisfactoria', 'Aceptable', 'Excelente'][0]",-0.8028566325001211,0.8028566325001211,0.19454775639095379
Capa 3 - Oculta 2 a Salida,Neurona H2_8,"Clase ['Insatisfactoria', 'Aceptable', 'Excelente'][1]",0.9047929311931278,0.9047929311931278,0.2192489015303627
Capa 3 - Oculta 2 a Salida,Neurona H2_8,"Clase ['Insatisfactoria', 'Aceptable', 'Excelente'][2]",-0.7599764280580185,0.7599764280580185,0.18415704996829094
Capa 3 - Oculta 2 a Salida,Neurona H2_9,"Clase ['Insatisfactoria', 'Aceptable', 'Excelente'][0]",0.27414508158372614,0.27414508158372614,0.06643067814192949
Capa 3 - Oculta 2 a Salida,Neurona H2_9,"Clase ['Insatisfactoria', 'Aceptable', 'Excelente'][1]",-0.7921977899148073,0.7921977899148073,0.19196491179983452
Capa 3 - Oculta 2 a Salida,Neurona H2_9,"Clase ['Insatisfactoria', 'Aceptable', 'Excelente'][2]",0.8515433389517623,0.8515433389517623,0.20634549103348393
Capa 3 - Oculta 2 a Salida,Neurona H2_10,"Clase ['Insatisfactoria', 'Aceptable', 'Excelente'][0]",0.00724998717321455,0.00724998717321455,0.0017568127126506253
Capa 3 - Oculta 2 a Salida,Neurona H2_10,"Clase ['Insatisfactoria', 'Aceptable', 'Excelente'][1]",0.4963204652106958,0.4963204652106958,0.1202680890322479
Capa 3 - Oculta 2 a Salida,Neurona H2_10,"Clase ['Insatisfactoria', 'Aceptable', 'Excelente'][2]",-1.3147243804397928,1.3147243804397928,0.3185832540120541
Capa 3 - Oculta 2 a Salida,Neurona H2_11,"Clase ['Insatisfactoria', 'Aceptable', 'Excelente'][0]",-0.23344786003881585,0.23344786003881585,0.05656895087656161
Capa 3 - Oculta 2 a Salida,Neurona H2_11,"Clase ['Insatisfactoria', 'Aceptable', 'Excelente'][1]",-0.6098009795549125,0.6098009795549125,0.14776662185374204
Capa 3 - Oculta 2 a Salida,Neurona H2_11,"Clase ['Insatisfactoria', 'Aceptable', 'Excelente'][2]",0.8368753364241645,0.8368753364241645,0.2027911491161796
Capa 3 - Oculta 2 a Salida,Neurona H2_12,"Clase ['Insatisfactoria', 'Aceptable', 'Excelente'][0]",-0.5921086252551134,0.5921086252551134,0.14347942075834688
Capa 3 - Oculta 2 a Salida,Neurona H2_12,"Clase ['Insatisfactoria', 'Aceptable', 'Excelente'][1]",-0.248190030398057,0.248190030398057,0.06014126510007667
Capa 3 - Oculta 2 a Salida,Neurona H2_12,"Clase ['Insatisfactoria', 'Aceptable', 'Excelente'][2]",-0.3011255853081576,0.3011255853081576,0.07296857825186613
Capa 3 - Oculta 2 a Salida,Neurona H2_13,"Clase ['Insatisfactoria', 'Aceptable', 'Excelente'][0]",-0.5023799570494261,0.5023799570494261,0.12173642160169217
Capa 3 - Oculta 2 a Salida,Neurona H2_13,"Clase ['Insatisfactoria', 'Aceptable', 'Excelente'][1]",0.18300230290730793,0.18300230290730793,0.044345012551153216
Capa 3 - Oculta 2 a Salida,Neurona H2_13,"Clase ['Insatisfactoria', 'Aceptable', 'Excelente'][2]",0.9638868269449306,0.9638868269449306,0.23356850028501633
Capa 3 - Oculta 2 a Salida,Neurona H2_14,"Clase ['Insatisfactoria', 'Aceptable', 'Excelente'][0]",-0.9601604808891785,0.9601604808891785,0.2326655342567912
Capa 3 - Oculta 2 a Salida,Neurona H2_14,"Clase ['Insatisfactoria', 'Aceptable', 'Excelente'][1]",-0.16288215988038918,0.16288215988038918,0.03946951109087034
Capa 3 - Oculta 2 a Salida,Neurona H2_14,"Clase ['Insatisfactoria', 'Aceptable', 'Excelente'][2]",0.22083815695216155,0.22083815695216155,0.053513374893306195
Capa 3 - Oculta 2 a Salida,Neurona H2_15,"Clase ['Insatisfactoria', 'Aceptable', 'Excelente'][0]",0.40160554231186535,0.40160554231186535,0.09731682351261373
Capa 3 - Oculta 2 a Salida,Neurona H2_15,"Clase ['Insatisfactoria', 'Aceptable', 'Excelente'][1]",-0.21930729068541932,0.21930729068541932,0.05314241626199758
Capa 3 - Oculta 2 a Salida,Neurona H2_15,"Clase ['Insatisfactoria', 'Aceptable', 'Excelente'][2]",-0.5381258530765688,0.5381258530765688,0.1303983465217231
Capa 3 - Oculta 2 a Salida,Neurona H2_16,"Clase ['Insatisfactoria', 'Aceptable', 'Excelente'][0]",-0.3618172607503792,0.3618172607503792,0.08767535006008231
Capa 3 - Oculta 2 a Salida,Neurona H2_16,"Clase ['Insatisfactoria', 'Aceptable', 'Excelente'][1]",0.22681314363337302,0.22681314363337302,0.05496123022169242
Capa 3 - Oculta 2 a Salida,Neurona H2_16,"Clase ['Insatisfactoria', 'Aceptable', 'Excelente'][2]",0.44199470668880625,0.44199470668880625,0.1071039025426149
Capa 3 - Oculta 2 a Salida,Neurona H2_17,"Clase ['Insatisfactoria', 'Aceptable', 'Excelente'][0]",0.006698098844281574,0.006698098844281574,0.0016230794509125817
Capa 3 - Oculta 2 a Salida,Neurona H2_17,"Clase ['Insatisfactoria', 'Aceptable', 'Excelente'][1]",-0.4011985052539032,0.4011985052539032,0.09721819052735968
Capa 3 - Oculta 2 a Salida,Neurona H2_17,"Clase ['Insatisfactoria', 'Aceptable', 'Excelente'][2]",0.3570378971481842,0.3570378971481842,0.08651721742700166
Capa 3 - Oculta 2 a Salida,Neurona H2_18,"Clase ['Insatisfactoria', 'Aceptable', 'Excelente'][0]",1.1257684766023115,1.1257684766023115,0.27279556831537866
Capa 3 - Oculta 2 a Salida,Neurona H2_18,"Clase ['Insatisfactoria', 'Aceptable', 'Excelente'][1]",-0.09702437380316785,0.09702437380316785,0.02351089033151967
Capa 3 - Oculta 2 a Salida,Neurona H2_18,"Clase ['Insatisfactoria', 'Aceptable', 'Excelente'][2]",-0.8882478821463994,0.8882478821463994,0.21523971478254214
Capa 3 - Oculta 2 a Salida,Neurona H2_19,"Clase ['Insatisfactoria', 'Aceptable', 'Excelente'][0]",0.4106491117243199,0.4106491117243199,0.09950825603958938
Capa 3 - Oculta 2 a Salida,Neurona H2_19,"Clase ['Insatisfactoria', 'Aceptable', 'Excelente'][1]",-0.16503650405999606,0.16503650405999606,0.039991550530628424
Capa 3 - Oculta 2 a Salida,Neurona H2_19,"Clase ['Insatisfactoria', 'Aceptable', 'Excelente'][2]",0.32502219448851155,0.32502219448851155,0.07875919081355365
Capa 3 - Oculta 2 a Salida,Neurona H2_20,"Clase ['Insatisfactoria', 'Aceptable', 'Excelente'][0]",-0.26052267179181293,0.26052267179181293,0.06312970365361761
Capa 3 - Oculta 2 a Salida,Neurona H2_20,"Clase ['Insatisfactoria', 'Aceptable', 'Excelente'][1]",0.598313921170611,0.598313921170611,0.1449830844876265
Capa 3 - Oculta 2 a Salida,Neurona H2_20,"Clase ['Insatisfactoria', 'Aceptable', 'Excelente'][2]",-0.19999634739094918,0.19999634739094918,0.04846299961442877
Capa 3 - Oculta 2 a Salida,bias_w0,"Clase ['Insatisfactoria', 'Aceptable', 'Excelente'][0]",0.007393888139552174,0.007393888139552174,0.0017916827118636802
Capa 3 - Oculta 2 a Salida,bias_w0,"Clase ['Insatisfactoria', 'Aceptable', 'Excelente'][1]",0.040054299177962334,0.040054299177962334,0.009705934688013456
Capa 3 - Oculta 2 a Salida,bias_w0,"Clase ['Insatisfactoria', 'Aceptable', 'Excelente'][2]",-0.04744818731751443,0.04744818731751443,0.011497617399877117
CONFIGURACIÓN_SISTEMA,Tipo de Modelo,Red Neuronal Artificial (MLP) de 3 Capas,,,
CONFIGURACIÓN_SISTEMA,Capas Ocultas (hidden_units),"Capa 1: 32 Neuronas, Capa 2: 20 Neuronas",,,
CONFIGURACIÓN_SISTEMA,Función de Activación Oculta,Sigmoide (Múltiples regresiones logísticas paralelas),,,
CONFIGURACIÓN_SISTEMA,Tasa de Aprendizaje Inicial,0.1,,,
CONFIGURACIÓN_SISTEMA,Regularización L2 (lambda),0.001,,,
CONFIGURACIÓN_SISTEMA,Épocas de Entrenamiento,1000,,,
CONFIGURACIÓN_SISTEMA,Muestras de Train Final (80%),10276,,,
CONFIGURACIÓN_SISTEMA,Muestras de Test Final (20%),2570,,,
CONFIGURACIÓN_SISTEMA,Accuracy Promedio Folds (CV),75.7278,,,
CONFIGURACIÓN_SISTEMA,Accuracy Final Train Set,77.8708,,,
CONFIGURACIÓN_SISTEMA,Accuracy Final Test Set,77.3152,,,
CONFIGURACIÓN_SISTEMA,Loss Final Train Set,0.480469,,,
CONFIGURACIÓN_SISTEMA,Loss Final Test Set,0.49476,,,
