y_real,y_predicha,probabilidad,correcto
2,2,0.992275,1
2,2,0.992093,1
0,1,0.75683,0
2,2,0.992361,1
0,0,0.625843,1
1,1,0.734782,1
0,1,0.539988,0
1,1,0.70425,1
1,1,0.554891,1
0,0,0.989839,1
0,0,0.577633,1
2,2,0.992264,1
2,1,0.712277,0
2,2,0.992209,1
1,1,0.715518,1
1,1,0.734484,1
0,0,0.989779,1
1,0,0.510009,0
2,2,0.992185,1
2,2,0.992117,1
1,1,0.613014,1
0,0,0.989149,1
2,2,0.99242,1
0,0,0.589049,1
1,1,0.596866,1
0,1,0.630094,0
0,1,0.65828,0
0,0,0.56161,1
0,0,0.605342,1
2,2,0.992329,1
2,2,0.991914,1
2,2,0.992185,1
0,0,0.987986,1
1,1,0.779883,1
0,0,0.579109,1
2,2,0.992191,1
1,1,0.753194,1
1,1,0.562276,1
2,2,0.99245,1
0,0,0.990433,1
2,2,0.992503,1
0,0,0.603911,1
1,1,0.54899,1
0,0,0.56027,1
1,1,0.712388,1
1,1,0.716553,1
1,1,0.644361,1
2,1,0.486177,0
2,1,0.65905,0
1,1,0.585547,1
1,0,0.540737,0
1,1,0.605318,1
1,1,0.738311,1
0,0,0.560154,1
2,2,0.992154,1
0,0,0.989832,1
2,2,0.992523,1
1,1,0.599002,1
1,1,0.678214,1
2,1,0.58376,0
1,1,0.637539,1
1,1,0.768952,1
2,1,0.548553,0
0,1,0.717834,0
0,1,0.745305,0
0,0,0.989641,1
2,1,0.500545,0
0,0,0.617742,1
2,2,0.992174,1
1,1,0.586386,1
2,1,0.558101,0
2,2,0.99245,1
2,2,0.48025,1
0,0,0.601379,1
0,1,0.640474,0
1,1,0.60441,1
1,1,0.52627,1
1,1,0.691813,1
1,1,0.576226,1
1,1,0.581083,1
1,0,0.558673,0
0,0,0.989538,1
1,1,0.729145,1
1,0,0.532902,0
1,0,0.492873,0
0,0,0.582834,1
2,2,0.99239,1
2,2,0.992412,1
0,0,0.989657,1
0,0,0.567709,1
0,0,0.989649,1
0,0,0.988927,1
0,0,0.550496,1
0,0,0.989772,1
2,1,0.586361,0
1,1,0.517804,1
2,2,0.992263,1
2,2,0.992209,1
1,1,0.630656,1
1,0,0.521577,0
2,2,0.992461,1
0,0,0.989134,1
0,0,0.59388,1
1,1,0.725858,1
0,0,0.622605,1
2,1,0.510137,0
1,1,0.757474,1
1,1,0.683587,1
0,0,0.598797,1
0,0,0.989367,1
2,1,0.60267,0
1,1,0.607449,1
0,1,0.653949,0
1,1,0.619623,1
2,2,0.99245,1
2,2,0.992392,1
0,1,0.595339,0
0,0,0.98935,1
2,2,0.992316,1
2,1,0.504624,0
2,2,0.992305,1
1,1,0.549923,1
0,0,0.989636,1
2,2,0.992175,1
2,2,0.992433,1
1,1,0.689026,1
2,2,0.992268,1
2,2,0.992344,1
1,0,0.542784,0
2,1,0.50562,0
2,2,0.992329,1
1,1,0.630656,1
1,1,0.631789,1
2,1,0.546292,0
2,2,0.992265,1
0,1,0.682239,0
0,1,0.598883,0
2,2,0.99195,1
2,2,0.992271,1
1,1,0.683728,1
1,0,0.524841,0
2,2,0.992394,1
0,0,0.989082,1
2,2,0.992405,1
1,0,0.522141,0
1,0,0.525511,0
1,1,0.750914,1
1,0,0.552662,0
1,1,0.665364,1
0,0,0.585927,1
2,1,0.662717,0
0,0,0.989021,1
0,0,0.98916,1
0,0,0.53633,1
0,1,0.622359,0
0,1,0.621853,0
1,0,0.532063,0
2,1,0.534253,0
1,1,0.603265,1
0,0,0.589701,1
2,1,0.464979,0
1,1,0.704046,1
2,1,0.758046,0
1,0,0.561707,0
0,1,0.595494,0
1,1,0.718182,1
1,1,0.588504,1
1,1,0.650633,1
2,2,0.992297,1
1,1,0.606413,1
2,2,0.992226,1
0,0,0.612294,1
1,1,0.671035,1
0,0,0.566158,1
0,1,0.673915,0
1,0,0.544197,0
2,2,0.992266,1
2,2,0.992496,1
1,0,0.521193,0
0,0,0.989362,1
1,1,0.652669,1
2,2,0.992219,1
2,2,0.992484,1
1,1,0.664251,1
0,0,0.989686,1
1,1,0.642948,1
0,0,0.988833,1
1,1,0.612966,1
0,0,0.99029,1
2,2,0.992463,1
0,0,0.532788,1
0,0,0.989539,1
0,0,0.989068,1
0,1,0.636223,0
1,0,0.521516,0
0,0,0.989103,1
2,2,0.992327,1
0,0,0.990109,1
1,0,0.51058,0
2,2,0.992431,1
0,0,0.989094,1
2,2,0.992191,1
2,2,0.992422,1
1,1,0.590345,1
1,0,0.553374,0
0,1,0.568526,0
2,1,0.650884,0
1,1,0.724488,1
2,1,0.535869,0
0,0,0.989855,1
0,0,0.619896,1
1,0,0.552662,0
2,2,0.992384,1
1,1,0.560013,1
0,0,0.98981,1
1,0,0.564767,0
2,1,0.635157,0
1,1,0.562758,1
1,1,0.697871,1
0,0,0.577425,1
2,2,0.992521,1
1,1,0.61553,1
2,1,0.617625,0
0,0,0.989768,1
1,1,0.693159,1
2,2,0.992265,1
0,0,0.57151,1
0,0,0.989881,1
1,1,0.729981,1
0,0,0.989364,1
2,2,0.992372,1
2,2,0.99216,1
2,2,0.992374,1
1,1,0.693561,1
1,1,0.5806,1
2,2,0.992102,1
1,1,0.736472,1
1,1,0.718096,1
0,1,0.675213,0
0,0,0.535293,1
1,1,0.71411,1
0,0,0.586883,1
0,0,0.540265,1
2,2,0.992013,1
2,2,0.992311,1
2,1,0.491192,0
1,0,0.541819,0
2,2,0.992216,1
0,1,0.647824,0
0,0,0.542505,1
0,0,0.989178,1
0,0,0.989326,1
2,2,0.992424,1
2,2,0.992297,1
2,1,0.617625,0
1,0,0.514396,0
2,2,0.992583,1
1,1,0.537461,1
1,1,0.45022,1
0,0,0.989575,1
2,2,0.992583,1
0,0,0.64927,1
1,0,0.549265,0
1,1,0.739208,1
1,1,0.612609,1
1,1,0.693457,1
1,0,0.551903,0
2,2,0.992305,1
2,1,0.643355,0
0,0,0.574115,1
1,0,0.54094,0
2,1,0.544135,0
0,0,0.989673,1
2,1,0.503437,0
0,0,0.603116,1
2,2,0.992204,1
1,0,0.542543,0
0,0,0.610782,1
1,1,0.586949,1
1,1,0.703361,1
0,0,0.562942,1
0,0,0.563805,1
1,0,0.562681,0
2,2,0.992305,1
1,1,0.605964,1
2,2,0.992325,1
1,0,0.550113,0
2,2,0.992418,1
1,0,0.55991,0
0,0,0.570498,1
1,0,0.529428,0
0,0,0.98916,1
0,0,0.98946,1
0,0,0.61508,1
0,0,0.578926,1
0,0,0.586695,1
2,1,0.511999,0
2,2,0.992394,1
1,0,0.518279,0
1,1,0.579994,1
2,2,0.992273,1
1,1,0.637673,1
2,2,0.992076,1
2,2,0.992506,1
1,0,0.529428,0
1,1,0.65459,1
2,2,0.992242,1
0,0,0.988789,1
1,1,0.776809,1
2,2,0.992397,1
0,0,0.643964,1
1,0,0.523045,0
0,0,0.990023,1
1,1,0.66612,1
2,1,0.617625,0
0,0,0.988506,1
0,1,0.678841,0
1,1,0.605599,1
1,1,0.60441,1
2,2,0.992309,1
1,1,0.674886,1
2,1,0.666388,0
0,1,0.56747,0
2,2,0.992453,1
2,1,0.617036,0
1,0,0.529928,0
0,0,0.611879,1
1,1,0.766156,1
2,2,0.992423,1
0,0,0.989541,1
2,2,0.992278,1
0,0,0.570631,1
0,0,0.989919,1
1,1,0.669463,1
0,0,0.598386,1
0,0,0.989385,1
1,1,0.610519,1
1,1,0.560984,1
2,2,0.992322,1
2,1,0.533022,0
0,0,0.988628,1
1,1,0.632532,1
2,1,0.617036,0
2,2,0.991278,1
2,2,0.992179,1
0,0,0.570772,1
2,2,0.992397,1
2,2,0.992422,1
2,2,0.992292,1
0,0,0.623826,1
0,0,0.989677,1
2,2,0.992369,1
1,1,0.624689,1
1,1,0.584616,1
0,1,0.642017,0
1,1,0.517804,1
2,2,0.992296,1
2,1,0.665438,0
0,0,0.987797,1
0,0,0.989831,1
2,1,0.536134,0
0,0,0.990461,1
2,2,0.992217,1
2,1,0.616785,0
2,2,0.992526,1
1,1,0.696453,1
1,1,0.650166,1
2,2,0.992023,1
0,0,0.598913,1
2,1,0.598751,0
2,2,0.992201,1
2,2,0.992303,1
1,1,0.63918,1
2,2,0.992331,1
0,0,0.989831,1
1,0,0.545209,0
0,0,0.989754,1
1,0,0.528602,0
1,1,0.710452,1
2,2,0.99245,1
1,1,0.739337,1
2,1,0.693798,0
1,1,0.642275,1
1,1,0.544999,1
2,2,0.992207,1
0,0,0.560516,1
2,2,0.992246,1
0,0,0.988362,1
2,1,0.60267,0
0,0,0.566298,1
2,2,0.991913,1
2,2,0.992275,1
2,1,0.559992,0
2,2,0.992217,1
2,2,0.992469,1
1,1,0.740296,1
2,1,0.579508,0
0,0,0.989453,1
1,1,0.71533,1
1,1,0.695711,1
1,1,0.643309,1
1,0,0.512311,0
0,0,0.990066,1
1,1,0.717571,1
1,1,0.646679,1
0,0,0.989537,1
1,1,0.673793,1
0,0,0.619461,1
1,1,0.702542,1
0,0,0.989691,1
2,2,0.992401,1
2,2,0.9925,1
0,0,0.628882,1
0,0,0.568985,1
0,1,0.547252,0
2,2,0.992044,1
2,2,0.99251,1
1,1,0.711614,1
0,0,0.989542,1
0,0,0.567395,1
1,1,0.608981,1
2,1,0.69051,0
1,0,0.515774,0
1,1,0.665918,1
1,1,0.75499,1
0,1,0.699078,0
0,0,0.990201,1
1,1,0.585534,1
2,2,0.992275,1
1,1,0.628316,1
2,2,0.992437,1
0,0,0.988764,1
0,0,0.580909,1
1,1,0.579853,1
2,2,0.992521,1
2,2,0.992129,1
2,1,0.645989,0
2,2,0.992322,1
0,0,0.634384,1
0,0,0.989659,1
1,1,0.679297,1
0,0,0.989784,1
1,1,0.73204,1
0,1,0.652604,0
1,1,0.731586,1
2,2,0.992272,1
0,0,0.989942,1
1,1,0.502356,1
0,0,0.584747,1
0,0,0.989059,1
0,0,0.989659,1
0,0,0.582454,1
1,1,0.570652,1
2,1,0.71585,0
2,2,0.992275,1
1,1,0.593491,1
0,0,0.602788,1
2,1,0.723015,0
2,2,0.992241,1
0,0,0.585873,1
2,1,0.557996,0
1,0,0.540696,0
0,0,0.990229,1
1,1,0.757474,1
1,1,0.600608,1
0,0,0.989853,1
2,2,0.992364,1
2,1,0.619077,0
0,0,0.989644,1
0,0,0.990001,1
2,2,0.992314,1
1,1,0.608981,1
0,1,0.640363,0
2,2,0.992334,1
0,0,0.989356,1
1,0,0.52468,0
0,0,0.989068,1
0,0,0.580892,1
2,1,0.579508,0
1,1,0.757474,1
0,0,0.564002,1
0,0,0.989666,1
1,0,0.561707,0
2,2,0.992195,1
1,1,0.603265,1
1,1,0.695711,1
0,0,0.990283,1
1,0,0.504801,0
0,0,0.988979,1
0,0,0.596854,1
2,2,0.992387,1
0,0,0.988969,1
1,1,0.709661,1
2,2,0.992204,1
2,2,0.992239,1
2,2,0.992487,1
1,1,0.727297,1
0,0,0.989249,1
2,1,0.656071,0
0,0,0.617206,1
2,2,0.992285,1
2,1,0.588182,0
2,1,0.545434,0
1,0,0.524125,0
2,2,0.992113,1
2,2,0.992302,1
2,2,0.992346,1
0,0,0.990088,1
0,0,0.989737,1
0,0,0.988979,1
0,0,0.560823,1
2,1,0.673877,0
2,2,0.992318,1
0,1,0.584845,0
1,1,0.721095,1
1,1,0.575763,1
1,1,0.624929,1
2,1,0.62876,0
1,1,0.703246,1
0,0,0.990081,1
0,0,0.989025,1
2,2,0.992153,1
0,0,0.988707,1
1,1,0.605952,1
0,0,0.582793,1
2,2,0.992093,1
0,0,0.581225,1
2,2,0.992379,1
0,0,0.989401,1
2,2,0.992185,1
1,1,0.622568,1
2,1,0.554827,0
1,1,0.630496,1
0,0,0.609374,1
0,0,0.989141,1
2,2,0.483848,1
2,2,0.992261,1
0,0,0.57658,1
0,0,0.579604,1
2,2,0.992322,1
1,2,0.470193,0
2,2,0.992452,1
2,2,0.992339,1
1,1,0.612371,1
1,1,0.564894,1
1,1,0.740296,1
0,0,0.988652,1
1,1,0.513892,1
2,2,0.992531,1
1,1,0.56147,1
1,1,0.732693,1
1,1,0.590357,1
0,0,0.989956,1
2,2,0.992379,1
2,2,0.992453,1
2,2,0.991753,1
0,0,0.989485,1
0,1,0.541124,0
0,0,0.989636,1
2,2,0.992526,1
1,1,0.640803,1
1,1,0.733353,1
0,0,0.989411,1
2,2,0.992439,1
0,0,0.554698,1
2,2,0.992318,1
1,1,0.455279,1
1,1,0.63195,1
2,1,0.491192,0
2,2,0.99239,1
0,0,0.534088,1
1,1,0.727592,1
2,1,0.562505,0
0,0,0.549213,1
1,1,0.639478,1
1,0,0.547343,0
2,1,0.583885,0
0,0,0.61543,1
1,1,0.576226,1
2,2,0.992436,1
0,0,0.989803,1
0,0,0.570899,1
1,1,0.581083,1
0,0,0.622337,1
2,2,0.992197,1
1,1,0.54859,1
1,1,0.571565,1
0,0,0.989964,1
1,0,0.540423,0
1,1,0.644254,1
2,1,0.536134,0
2,2,0.99243,1
2,2,0.992402,1
2,2,0.992441,1
0,0,0.98968,1
0,1,0.633546,0
0,0,0.568691,1
2,2,0.992256,1
2,2,0.992509,1
2,2,0.992245,1
1,1,0.583393,1
1,1,0.719599,1
2,1,0.615454,0
1,1,0.711739,1
2,2,0.992245,1
2,1,0.547169,0
0,0,0.988879,1
2,1,0.600777,0
2,2,0.992311,1
1,1,0.718878,1
0,0,0.98924,1
0,0,0.98889,1
0,1,0.691137,0
1,0,0.513925,0
0,0,0.645206,1
0,0,0.591856,1
1,1,0.615025,1
1,1,0.724488,1
1,0,0.528374,0
0,1,0.685937,0
1,1,0.602259,1
2,2,0.992347,1
2,2,0.992397,1
1,1,0.64703,1
0,0,0.61626,1
0,0,0.989455,1
2,1,0.499554,0
0,0,0.556653,1
0,0,0.989447,1
2,2,0.992251,1
0,0,0.989459,1
1,0,0.566477,0
0,0,0.571645,1
1,0,0.540195,0
0,0,0.989509,1
0,0,0.566681,1
2,2,0.992213,1
2,2,0.992344,1
2,2,0.992185,1
2,2,0.992164,1
0,0,0.989219,1
0,0,0.98971,1
1,1,0.665641,1
0,1,0.614332,0
1,1,0.753669,1
0,1,0.666096,0
0,0,0.61563,1
2,2,0.992309,1
1,1,0.738311,1
0,1,0.73914,0
2,1,0.521526,0
0,0,0.583486,1
0,1,0.649024,0
0,0,0.989733,1
2,2,0.992262,1
0,1,0.599975,0
1,1,0.607784,1
0,0,0.61531,1
0,0,0.989763,1
1,1,0.655579,1
0,0,0.581172,1
2,2,0.992166,1
2,2,0.992157,1
1,1,0.575619,1
2,1,0.524001,0
1,1,0.61612,1
2,1,0.563124,0
2,2,0.992471,1
1,1,0.623936,1
0,0,0.598944,1
1,0,0.560018,0
0,0,0.61659,1
0,0,0.551452,1
0,0,0.631804,1
2,2,0.992298,1
0,0,0.56648,1
1,1,0.670978,1
0,0,0.990018,1
2,1,0.655992,0
2,2,0.992247,1
0,0,0.989833,1
1,0,0.528374,0
2,2,0.992372,1
0,1,0.61308,0
1,1,0.717687,1
0,0,0.614529,1
2,2,0.992318,1
0,0,0.638062,1
2,2,0.992302,1
1,0,0.540106,0
1,1,0.672904,1
2,2,0.992375,1
0,0,0.989909,1
2,2,0.992441,1
2,2,0.99225,1
1,1,0.667406,1
1,1,0.586949,1
2,2,0.992219,1
0,1,0.57458,0
0,1,0.701522,0
2,2,0.992298,1
1,1,0.620999,1
2,2,0.992342,1
0,0,0.586362,1
2,2,0.992281,1
2,1,0.58772,0
1,0,0.535334,0
2,2,0.992251,1
1,0,0.551065,0
2,2,0.992373,1
1,0,0.540265,0
0,0,0.989285,1
1,1,0.764113,1
1,0,0.511916,0
2,2,0.99232,1
0,0,0.556828,1
2,2,0.992328,1
1,1,0.74706,1
2,2,0.992454,1
0,0,0.989721,1
0,0,0.989521,1
1,1,0.5208,1
1,0,0.504801,0
1,0,0.492873,0
1,1,0.601578,1
0,1,0.674941,0
1,1,0.603944,1
0,1,0.74446,0
1,0,0.536669,0
1,0,0.528775,0
1,1,0.721095,1
1,0,0.534912,0
0,0,0.989905,1
2,1,0.511999,0
2,2,0.992296,1
2,2,0.992345,1
1,1,0.584045,1
1,0,0.521516,0
1,1,0.567863,1
2,2,0.9924,1
1,1,0.53561,1
2,2,0.992213,1
0,0,0.989406,1
1,1,0.729981,1
2,1,0.608922,0
2,1,0.609632,0
0,1,0.580229,0
2,1,0.714785,0
2,2,0.992358,1
1,1,0.551299,1
0,0,0.989489,1
1,1,0.669369,1
1,1,0.646801,1
2,2,0.992176,1
2,1,0.561402,0
0,0,0.60843,1
1,1,0.63195,1
2,2,0.566854,1
2,1,0.588182,0
1,1,0.701188,1
2,2,0.992305,1
1,1,0.563178,1
1,1,0.605952,1
1,1,0.585547,1
1,0,0.543523,0
2,2,0.992382,1
1,1,0.613924,1
0,0,0.594693,1
0,0,0.575302,1
1,1,0.632635,1
2,1,0.595769,0
2,2,0.992319,1
1,0,0.543207,0
0,0,0.591128,1
0,1,0.496538,0
2,2,0.992489,1
2,1,0.686756,0
1,1,0.660141,1
2,2,0.992296,1
0,1,0.510988,0
2,2,0.992368,1
0,0,0.546503,1
1,0,0.563671,0
1,0,0.512824,0
0,0,0.656614,1
1,1,0.56147,1
1,0,0.534674,0
0,0,0.624753,1
1,0,0.517242,0
0,0,0.604167,1
1,0,0.544197,0
2,1,0.571748,0
0,0,0.61043,1
2,2,0.99212,1
1,0,0.548716,0
2,2,0.992392,1
1,1,0.732233,1
1,1,0.712706,1
2,2,0.992374,1
1,1,0.698064,1
0,0,0.521976,1
0,1,0.604049,0
1,1,0.577086,1
1,1,0.56798,1
2,1,0.620358,0
0,0,0.989027,1
1,0,0.558673,0
1,1,0.619566,1
0,1,0.622198,0
1,1,0.582506,1
2,2,0.992375,1
1,1,0.638692,1
2,2,0.992239,1
0,0,0.989719,1
2,1,0.612467,0
1,1,0.718096,1
2,1,0.536362,0
1,1,0.692648,1
2,1,0.570175,0
1,1,0.597146,1
1,1,0.557195,1
2,2,0.992256,1
1,1,0.511173,1
1,0,0.524581,0
2,2,0.992433,1
2,1,0.598023,0
1,1,0.736708,1
0,0,0.556086,1
1,0,0.544016,0
1,1,0.613324,1
1,1,0.533586,1
2,1,0.523191,0
2,2,0.992277,1
2,2,0.99239,1
0,0,0.990216,1
1,1,0.764213,1
0,0,0.990139,1
0,0,0.564511,1
2,2,0.992398,1
1,1,0.629824,1
2,2,0.992362,1
1,1,0.59844,1
2,2,0.992509,1
0,0,0.990142,1
2,1,0.511408,0
2,2,0.992148,1
1,1,0.65926,1
1,1,0.779883,1
1,0,0.536395,0
1,1,0.587305,1
0,0,0.538847,1
0,0,0.616268,1
0,1,0.689642,0
1,1,0.716553,1
0,1,0.609998,0
2,2,0.992413,1
0,1,0.646265,0
0,0,0.61026,1
0,0,0.99031,1
2,2,0.992072,1
2,2,0.992274,1
1,1,0.692426,1
0,1,0.759515,0
2,1,0.579149,0
2,2,0.992247,1
2,2,0.992237,1
1,1,0.719832,1
1,0,0.563141,0
2,1,0.662717,0
1,1,0.732233,1
1,1,0.5519,1
1,0,0.527825,0
1,0,0.513794,0
0,0,0.575923,1
1,1,0.632869,1
0,0,0.98996,1
1,1,0.64283,1
2,2,0.992321,1
2,2,0.992329,1
2,2,0.992482,1
1,0,0.549468,0
2,2,0.992375,1
0,0,0.989308,1
0,0,0.989812,1
2,2,0.992364,1
1,0,0.508378,0
2,2,0.552393,1
2,1,0.586595,0
2,2,0.992523,1
0,0,0.988878,1
1,0,0.548644,0
0,0,0.989601,1
0,0,0.989918,1
2,1,0.645797,0
0,0,0.628498,1
2,2,0.992259,1
2,2,0.992509,1
1,1,0.566332,1
2,2,0.992321,1
0,0,0.989671,1
2,2,0.992188,1
1,1,0.697871,1
0,0,0.989427,1
1,1,0.590329,1
0,0,0.549975,1
1,1,0.718878,1
0,1,0.752577,0
0,1,0.499608,0
1,1,0.646303,1
1,1,0.653169,1
1,1,0.725318,1
0,0,0.577638,1
2,2,0.992271,1
2,1,0.726487,0
2,2,0.99238,1
0,1,0.639132,0
1,0,0.523775,0
1,0,0.564767,0
0,0,0.98933,1
1,1,0.618087,1
1,1,0.644651,1
1,1,0.73204,1
0,0,0.989919,1
2,2,0.992192,1
1,0,0.566738,0
2,2,0.992503,1
1,1,0.720268,1
1,0,0.52998,0
2,1,0.628193,0
2,2,0.992334,1
2,2,0.992296,1
0,0,0.990158,1
1,1,0.736708,1
2,2,0.992342,1
2,2,0.992261,1
0,1,0.645996,0
2,2,0.992216,1
1,1,0.646801,1
1,1,0.690307,1
2,1,0.607283,0
0,0,0.989676,1
0,0,0.99019,1
2,2,0.99244,1
0,0,0.98951,1
0,1,0.660816,0
1,1,0.561252,1
1,1,0.575619,1
2,2,0.992537,1
1,0,0.514396,0
0,0,0.606227,1
0,0,0.990176,1
0,0,0.988836,1
1,1,0.615205,1
1,1,0.473764,1
1,0,0.548045,0
0,0,0.990051,1
2,2,0.992281,1
1,1,0.567735,1
2,2,0.99225,1
0,0,0.990094,1
1,1,0.716216,1
2,2,0.99231,1
2,1,0.530917,0
1,0,0.516842,0
2,2,0.992392,1
2,2,0.992446,1
0,0,0.989746,1
2,2,0.992466,1
0,0,0.590141,1
2,2,0.992389,1
2,2,0.992324,1
2,2,0.992436,1
1,1,0.598908,1
2,2,0.992239,1
2,2,0.99249,1
1,1,0.727594,1
1,1,0.696168,1
2,2,0.99213,1
2,2,0.992489,1
1,0,0.500815,0
2,2,0.992148,1
0,0,0.989398,1
0,0,0.586908,1
1,1,0.787464,1
1,1,0.776809,1
2,2,0.992265,1
0,1,0.586092,0
2,2,0.99195,1
2,2,0.992394,1
2,1,0.591462,0
0,0,0.989879,1
2,2,0.99221,1
1,1,0.665809,1
2,1,0.610208,0
2,2,0.992193,1
1,1,0.537461,1
1,0,0.578996,0
2,2,0.992222,1
0,0,0.988853,1
1,0,0.560018,0
1,1,0.598081,1
0,1,0.646507,0
2,1,0.473333,0
0,0,0.989447,1
0,0,0.989993,1
1,1,0.747979,1
2,2,0.9925,1
0,0,0.989443,1
1,0,0.531868,0
1,0,0.550093,0
2,2,0.992239,1
0,0,0.56194,1
1,1,0.710674,1
1,1,0.738311,1
0,0,0.569635,1
1,1,0.74706,1
2,2,0.992123,1
0,0,0.989434,1
2,2,0.99225,1
0,1,0.615151,0
1,1,0.598731,1
2,1,0.545434,0
0,0,0.616521,1
1,0,0.549362,0
0,0,0.65209,1
2,2,0.491228,1
2,2,0.992294,1
1,1,0.551762,1
1,1,0.615025,1
1,1,0.60441,1
1,0,0.54866,0
1,0,0.548045,0
2,2,0.992051,1
1,0,0.532255,0
2,2,0.992271,1
0,1,0.539131,0
0,0,0.647613,1
1,1,0.559721,1
0,0,0.989319,1
0,0,0.589629,1
0,1,0.681664,0
1,0,0.528602,0
0,1,0.672133,0
2,1,0.526683,0
1,0,0.516937,0
1,0,0.562037,0
0,0,0.60122,1
1,1,0.533615,1
2,1,0.599678,0
2,2,0.992478,1
0,0,0.988694,1
1,1,0.545173,1
0,0,0.575811,1
1,1,0.553497,1
2,2,0.99195,1
2,2,0.992328,1
2,2,0.992195,1
0,0,0.988922,1
2,2,0.992119,1
0,0,0.989936,1
1,0,0.545209,0
0,0,0.540904,1
0,0,0.990129,1
1,1,0.694723,1
2,2,0.992291,1
1,1,0.612966,1
2,1,0.502465,0
1,1,0.531604,1
1,1,0.583393,1
2,2,0.992228,1
0,0,0.990075,1
0,0,0.613342,1
0,0,0.989321,1
2,1,0.6308,0
0,0,0.62401,1
2,2,0.992413,1
0,0,0.616956,1
2,2,0.992283,1
1,0,0.541555,0
0,0,0.566897,1
1,0,0.516937,0
0,0,0.989966,1
2,1,0.712277,0
1,1,0.639674,1
1,1,0.664434,1
0,0,0.579679,1
2,2,0.992463,1
0,0,0.990135,1
0,0,0.989264,1
0,0,0.988939,1
0,0,0.989552,1
0,1,0.798547,0
0,1,0.700698,0
1,1,0.724488,1
1,1,0.613639,1
1,0,0.548045,0
1,1,0.617408,1
1,1,0.753669,1
0,0,0.989454,1
0,0,0.989995,1
1,0,0.528402,0
1,1,0.643744,1
0,0,0.583398,1
2,2,0.992369,1
2,2,0.992211,1
0,0,0.633286,1
0,0,0.567363,1
0,1,0.603145,0
2,2,0.99225,1
1,0,0.552863,0
1,1,0.747979,1
1,1,0.59382,1
2,2,0.992256,1
2,2,0.992462,1
0,0,0.989863,1
1,1,0.724488,1
1,1,0.679297,1
0,0,0.600868,1
1,1,0.561697,1
2,1,0.491192,0
0,0,0.557974,1
2,2,0.992133,1
2,1,0.546328,0
1,0,0.548644,0
2,2,0.992154,1
0,0,0.990495,1
2,2,0.992399,1
2,2,0.992038,1
0,0,0.553635,1
2,1,0.627824,0
2,2,0.992128,1
2,2,0.992126,1
2,2,0.992336,1
2,2,0.991976,1
2,2,0.992359,1
2,2,0.99228,1
0,0,0.541389,1
1,0,0.511239,0
1,1,0.736549,1
1,0,0.563495,0
1,1,0.703382,1
2,2,0.992288,1
1,1,0.673793,1
1,0,0.544632,0
0,0,0.565148,1
2,1,0.624012,0
2,1,0.464979,0
0,0,0.631587,1
2,1,0.547413,0
1,1,0.561172,1
2,2,0.992275,1
0,0,0.602049,1
1,1,0.511022,1
1,0,0.563671,0
0,0,0.587638,1
0,0,0.989083,1
2,2,0.992216,1
0,0,0.572696,1
0,0,0.623302,1
2,2,0.992261,1
1,0,0.521352,0
2,1,0.571993,0
0,0,0.612227,1
2,2,0.992204,1
2,2,0.992241,1
0,0,0.635739,1
2,2,0.992523,1
1,1,0.619623,1
1,1,0.607915,1
0,0,0.596341,1
0,0,0.596151,1
1,1,0.599002,1
1,1,0.63796,1
2,2,0.992256,1
2,2,0.992382,1
1,1,0.768324,1
2,2,0.992378,1
1,1,0.730521,1
0,1,0.671327,0
1,1,0.735188,1
2,2,0.992361,1
1,1,0.567587,1
0,0,0.989584,1
0,1,0.586055,0
2,2,0.99238,1
2,2,0.992376,1
0,0,0.989633,1
2,1,0.617625,0
1,0,0.561707,0
2,2,0.992382,1
0,0,0.989562,1
0,0,0.589184,1
0,0,0.597698,1
2,1,0.690868,0
1,1,0.612326,1
2,2,0.992508,1
0,0,0.989132,1
2,2,0.992239,1
1,0,0.544632,0
0,1,0.661129,0
1,0,0.552428,0
2,1,0.542101,0
2,2,0.992206,1
2,2,0.992404,1
0,0,0.656684,1
2,2,0.992277,1
0,1,0.564507,0
0,0,0.989764,1
1,0,0.511916,0
0,0,0.989633,1
2,2,0.992403,1
0,1,0.61746,0
0,0,0.541813,1
2,2,0.992148,1
1,1,0.689589,1
2,2,0.992197,1
0,0,0.98874,1
0,1,0.628273,0
1,0,0.512824,0
2,2,0.992184,1
2,1,0.473333,0
1,1,0.593967,1
2,2,0.992253,1
2,1,0.642384,0
1,1,0.673793,1
2,1,0.556285,0
2,1,0.747636,0
2,2,0.992339,1
0,0,0.990124,1
0,1,0.627294,0
0,1,0.736293,0
2,2,0.992293,1
2,1,0.464979,0
1,0,0.522141,0
0,1,0.699662,0
2,2,0.992474,1
0,0,0.988975,1
2,2,0.992412,1
0,0,0.569027,1
1,1,0.637539,1
2,2,0.99247,1
2,2,0.992007,1
0,0,0.989654,1
0,0,0.990004,1
1,1,0.615339,1
0,0,0.988712,1
2,2,0.992407,1
0,0,0.583094,1
1,1,0.688255,1
2,1,0.560362,0
1,1,0.578129,1
2,2,0.992223,1
2,2,0.992222,1
2,1,0.69051,0
0,1,0.65232,0
0,0,0.598441,1
2,2,0.992506,1
2,2,0.992261,1
1,1,0.583889,1
1,1,0.629824,1
0,0,0.599693,1
0,0,0.588317,1
1,0,0.515611,0
2,2,0.992231,1
0,0,0.573939,1
0,0,0.586716,1
1,1,0.592198,1
2,2,0.992141,1
0,0,0.989294,1
0,0,0.575654,1
1,1,0.623936,1
1,1,0.733528,1
2,1,0.549629,0
0,0,0.989599,1
0,0,0.597309,1
1,1,0.685714,1
1,1,0.639599,1
0,0,0.990212,1
1,0,0.510027,0
2,2,0.992354,1
2,1,0.622094,0
1,0,0.555417,0
2,2,0.992478,1
1,1,0.630656,1
0,0,0.988435,1
1,1,0.618466,1
2,2,0.992286,1
2,1,0.503437,0
0,1,0.592243,0
2,1,0.542504,0
0,1,0.723711,0
2,1,0.520683,0
0,0,0.567363,1
2,2,0.992159,1
0,0,0.989411,1
0,1,0.777768,0
2,2,0.992307,1
0,0,0.990376,1
2,2,0.99235,1
0,0,0.58567,1
1,1,0.618466,1
1,1,0.596549,1
1,1,0.554728,1
2,2,0.992244,1
1,1,0.60604,1
2,1,0.469935,0
0,0,0.597754,1
0,0,0.989466,1
1,1,0.697871,1
2,2,0.99231,1
2,2,0.992217,1
0,0,0.619374,1
0,0,0.989696,1
2,2,0.992171,1
1,1,0.642977,1
1,1,0.726065,1
2,2,0.992382,1
2,2,0.992246,1
2,1,0.625952,0
2,2,0.992329,1
0,0,0.989705,1
2,2,0.992512,1
0,0,0.989267,1
2,1,0.621543,0
0,0,0.600849,1
0,0,0.576075,1
1,0,0.496595,0
0,1,0.676213,0
1,1,0.58758,1
1,0,0.535487,0
0,0,0.591105,1
1,1,0.657966,1
0,0,0.634953,1
0,0,0.629866,1
1,0,0.528374,0
0,0,0.591157,1
1,1,0.511118,1
1,1,0.598731,1
1,1,0.627045,1
0,1,0.638606,0
2,2,0.992245,1
1,1,0.577385,1
1,1,0.511022,1
2,2,0.992246,1
2,1,0.726487,0
1,1,0.635804,1
0,0,0.989204,1
2,2,0.992429,1
0,0,0.989748,1
2,2,0.991819,1
2,2,0.992329,1
1,0,0.5449,0
1,1,0.699889,1
1,0,0.537947,0
1,0,0.535434,0
2,2,0.99239,1
2,2,0.992334,1
0,1,0.58088,0
1,1,0.598571,1
1,1,0.596772,1
1,1,0.688294,1
2,2,0.992299,1
2,2,0.99217,1
2,2,0.992161,1
0,0,0.988774,1
0,1,0.628157,0
2,2,0.992121,1
0,0,0.990223,1
2,2,0.992367,1
1,0,0.536818,0
2,1,0.558101,0
2,2,0.992243,1
0,0,0.988609,1
0,0,0.608147,1
2,2,0.992472,1
2,2,0.992337,1
2,2,0.992569,1
2,2,0.991971,1
2,2,0.992361,1
2,2,0.992281,1
2,2,0.992334,1
2,2,0.992323,1
2,2,0.992294,1
1,0,0.534674,0
2,2,0.992346,1
0,0,0.98951,1
1,1,0.735442,1
1,1,0.608819,1
2,2,0.992333,1
0,0,0.559725,1
1,1,0.579153,1
2,2,0.529485,1
1,0,0.544197,0
0,0,0.990729,1
2,2,0.992372,1
1,1,0.512944,1
2,1,0.540359,0
1,1,0.737767,1
0,0,0.571625,1
2,2,0.992261,1
0,0,0.989683,1
2,1,0.46733,0
2,1,0.520408,0
1,1,0.606413,1
2,2,0.99251,1
0,0,0.551758,1
2,2,0.992279,1
1,1,0.583011,1
2,2,0.992174,1
1,1,0.597932,1
1,1,0.713617,1
2,2,0.992231,1
2,2,0.992306,1
2,2,0.992336,1
1,0,0.578925,0
2,2,0.992423,1
1,1,0.570703,1
0,1,0.625955,0
0,0,0.605534,1
2,2,0.992256,1
2,1,0.645797,0
1,1,0.729145,1
1,0,0.523249,0
0,0,0.606138,1
1,1,0.605599,1
0,0,0.579345,1
0,0,0.990223,1
0,0,0.98941,1
2,2,0.992226,1
0,0,0.568175,1
1,1,0.65926,1
2,1,0.742266,0
2,2,0.992228,1
1,1,0.733243,1
0,0,0.989412,1
0,0,0.58737,1
0,0,0.555179,1
1,1,0.617862,1
1,0,0.511916,0
0,0,0.990231,1
1,1,0.679375,1
0,0,0.587957,1
2,2,0.992019,1
0,0,0.989155,1
2,1,0.510137,0
0,0,0.989536,1
1,0,0.535907,0
2,1,0.549683,0
0,0,0.587991,1
0,0,0.98913,1
1,1,0.542791,1
0,0,0.989609,1
1,1,0.581094,1
2,1,0.627824,0
1,0,0.497256,0
1,1,0.682299,1
1,0,0.500528,0
2,2,0.992539,1
1,0,0.570735,0
0,0,0.596668,1
1,1,0.666201,1
1,1,0.711644,1
0,0,0.990053,1
0,0,0.638439,1
2,1,0.547413,0
0,0,0.576134,1
2,2,0.992217,1
1,1,0.590329,1
1,0,0.540653,0
1,1,0.619566,1
1,2,0.470193,0
1,0,0.54526,0
0,0,0.990236,1
2,2,0.992375,1
1,1,0.477899,1
1,1,0.713617,1
2,2,0.992174,1
1,1,0.549917,1
0,0,0.543658,1
1,0,0.54131,0
1,1,0.639166,1
0,0,0.98917,1
0,0,0.5642,1
1,1,0.519246,1
1,0,0.511591,0
0,0,0.598169,1
2,2,0.992465,1
0,0,0.989402,1
2,2,0.992276,1
2,1,0.586361,0
0,0,0.987238,1
0,0,0.604579,1
0,0,0.554926,1
1,1,0.710118,1
0,0,0.591662,1
0,0,0.560873,1
2,2,0.992117,1
0,0,0.989574,1
0,0,0.626691,1
2,2,0.991296,1
0,0,0.990113,1
0,0,0.988922,1
0,1,0.608154,0
1,1,0.513025,1
2,2,0.992366,1
1,0,0.567954,0
0,0,0.989625,1
1,0,0.563671,0
0,0,0.989628,1
0,1,0.652958,0
0,1,0.707568,0
0,0,0.572218,1
2,2,0.992276,1
0,0,0.630525,1
1,1,0.736472,1
1,1,0.597932,1
0,0,0.55377,1
2,2,0.992235,1
0,0,0.604288,1
2,2,0.992412,1
1,1,0.697871,1
0,0,0.592203,1
2,1,0.550075,0
0,1,0.674787,0
2,1,0.574531,0
2,2,0.992329,1
2,2,0.992427,1
0,1,0.567853,0
2,2,0.99245,1
0,0,0.592988,1
1,1,0.703382,1
1,1,0.749672,1
0,1,0.711553,0
2,1,0.540359,0
0,0,0.990178,1
0,0,0.988681,1
2,1,0.549629,0
1,1,0.587237,1
0,0,0.633787,1
1,0,0.548357,0
2,2,0.992237,1
1,1,0.544388,1
2,2,0.99239,1
0,0,0.588568,1
2,2,0.992073,1
2,1,0.618038,0
2,2,0.992506,1
1,1,0.568567,1
2,1,0.629389,0
1,0,0.543632,0
0,0,0.98984,1
2,2,0.992153,1
2,1,0.532519,0
0,0,0.557283,1
2,1,0.722732,0
0,0,0.585791,1
1,0,0.507236,0
0,0,0.57163,1
1,0,0.502669,0
1,1,0.565834,1
0,0,0.619369,1
2,2,0.992326,1
1,1,0.584045,1
0,1,0.69016,0
2,2,0.992382,1
1,1,0.605318,1
2,1,0.608683,0
2,2,0.992371,1
2,2,0.992156,1
0,0,0.595232,1
0,0,0.608476,1
1,1,0.592361,1
2,2,0.992261,1
0,0,0.98778,1
2,2,0.992461,1
2,2,0.992299,1
0,0,0.989921,1
2,2,0.992501,1
1,1,0.711644,1
0,0,0.989463,1
1,1,0.64696,1
0,0,0.989351,1
2,2,0.992256,1
1,0,0.544289,0
1,0,0.519689,0
2,2,0.992275,1
1,0,0.54579,0
2,1,0.553664,0
0,0,0.603795,1
1,1,0.64696,1
2,2,0.992433,1
1,1,0.604354,1
0,0,0.602055,1
2,2,0.992133,1
1,0,0.527392,0
0,0,0.990436,1
2,2,0.992179,1
2,2,0.992373,1
2,2,0.99228,1
2,2,0.992399,1
2,2,0.992298,1
0,1,0.650029,0
0,0,0.989955,1
0,0,0.988734,1
1,1,0.519246,1
2,2,0.992311,1
1,0,0.532063,0
2,2,0.99246,1
2,2,0.992402,1
0,0,0.990596,1
0,0,0.623075,1
0,0,0.567084,1
2,2,0.992465,1
0,1,0.598693,0
0,0,0.591924,1
1,1,0.619566,1
0,1,0.617097,0
2,2,0.992253,1
2,2,0.992375,1
1,1,0.702125,1
2,2,0.99224,1
1,1,0.716752,1
0,1,0.598776,0
0,0,0.990009,1
0,0,0.619398,1
0,0,0.622829,1
0,0,0.99002,1
2,2,0.992403,1
1,1,0.606521,1
0,0,0.561739,1
2,1,0.714338,0
0,1,0.604027,0
2,1,0.567496,0
0,1,0.686847,0
2,2,0.992412,1
2,2,0.992296,1
2,1,0.557996,0
0,0,0.531774,1
2,2,0.992462,1
0,0,0.990082,1
0,0,0.989738,1
1,1,0.699498,1
1,1,0.712388,1
0,0,0.603389,1
1,0,0.546793,0
0,0,0.989823,1
1,0,0.519939,0
1,1,0.624144,1
2,2,0.992388,1
2,1,0.74071,0
1,1,0.581083,1
0,0,0.56723,1
2,2,0.992281,1
0,0,0.990101,1
2,2,0.991957,1
0,0,0.60257,1
1,1,0.68878,1
1,1,0.720586,1
1,1,0.511693,1
2,1,0.615007,0
0,0,0.989672,1
1,0,0.572653,0
0,1,0.73687,0
2,2,0.992312,1
2,2,0.992436,1
2,2,0.992225,1
1,1,0.580499,1
1,1,0.736472,1
0,0,0.622347,1
0,1,0.598621,0
0,0,0.570247,1
1,0,0.520221,0
0,0,0.989781,1
1,1,0.664251,1
0,0,0.596391,1
2,2,0.992076,1
1,1,0.54859,1
2,2,0.992297,1
1,1,0.645318,1
0,1,0.625616,0
2,2,0.992111,1
2,2,0.992441,1
1,1,0.710674,1
0,0,0.544322,1
2,2,0.992465,1
1,1,0.685714,1
2,1,0.565818,0
2,2,0.99255,1
0,0,0.571704,1
0,1,0.581466,0
1,1,0.616284,1
1,1,0.535449,1
2,1,0.696067,0
2,2,0.992344,1
0,0,0.573456,1
1,0,0.57061,0
2,2,0.992405,1
2,2,0.992158,1
0,0,0.989403,1
1,1,0.570703,1
1,0,0.525511,0
0,0,0.535665,1
1,1,0.682516,1
2,1,0.511999,0
1,1,0.590149,1
0,0,0.988391,1
1,0,0.510092,0
2,1,0.546897,0
0,0,0.99032,1
2,1,0.657114,0
0,1,0.719311,0
2,1,0.556657,0
1,0,0.535095,0
0,0,0.989076,1
1,1,0.687822,1
0,0,0.988878,1
2,2,0.992139,1
0,0,0.989603,1
2,2,0.991969,1
2,1,0.537877,0
2,2,0.99223,1
1,0,0.544632,0
0,0,0.989346,1
0,0,0.640622,1
2,2,0.992533,1
1,1,0.644651,1
2,2,0.992256,1
2,2,0.992145,1
1,1,0.674886,1
0,0,0.544697,1
1,1,0.665918,1
1,0,0.549975,0
1,0,0.561707,0
0,0,0.624166,1
1,1,0.563304,1
2,2,0.992406,1
0,0,0.576055,1
2,1,0.546328,0
1,1,0.627128,1
0,0,0.556736,1
0,0,0.989816,1
2,2,0.992435,1
1,0,0.518303,0
0,0,0.989945,1
0,0,0.541943,1
0,0,0.596404,1
2,2,0.992226,1
2,2,0.99224,1
0,0,0.989411,1
2,2,0.992383,1
1,1,0.68843,1
0,1,0.5315,0
0,1,0.585205,0
2,2,0.992285,1
1,1,0.645674,1
1,0,0.551156,0
1,1,0.738311,1
1,1,0.511821,1
2,2,0.992292,1
2,2,0.992293,1
1,1,0.768324,1
1,0,0.535487,0
0,0,0.604744,1
1,1,0.567735,1
1,0,0.518811,0
2,2,0.992266,1
0,0,0.989288,1
0,1,0.662022,0
2,2,0.992422,1
1,1,0.632635,1
2,2,0.99228,1
0,0,0.989877,1
2,1,0.591462,0
0,0,0.572441,1
1,1,0.624689,1
0,0,0.98919,1
1,1,0.618087,1
0,0,0.989694,1
0,0,0.635181,1
2,1,0.617625,0
2,2,0.992296,1
0,0,0.989523,1
0,0,0.581474,1
1,1,0.544028,1
2,2,0.992431,1
0,0,0.572453,1
1,1,0.688294,1
0,0,0.988607,1
0,0,0.989163,1
0,0,0.989743,1
1,0,0.563014,0
2,2,0.992219,1
0,0,0.989024,1
0,0,0.55087,1
2,2,0.992243,1
0,1,0.514079,0
0,0,0.989604,1
1,1,0.665408,1
1,0,0.549975,0
0,0,0.57839,1
2,2,0.992339,1
1,1,0.586012,1
1,1,0.655043,1
2,2,0.992525,1
2,2,0.992248,1
0,0,0.989748,1
0,0,0.989331,1
0,0,0.989906,1
0,0,0.552749,1
1,0,0.522451,0
0,0,0.620248,1
0,0,0.989947,1
2,2,0.992127,1
1,1,0.699933,1
0,0,0.989747,1
1,1,0.70671,1
0,0,0.989872,1
0,0,0.989134,1
1,1,0.615339,1
2,1,0.560362,0
2,2,0.992129,1
2,1,0.523304,0
0,0,0.541083,1
0,0,0.640698,1
2,2,0.992141,1
2,2,0.992333,1
1,1,0.748633,1
2,2,0.992287,1
2,2,0.992237,1
2,1,0.638743,0
1,1,0.671035,1
1,1,0.612966,1
1,0,0.540737,0
1,1,0.663837,1
0,1,0.627475,0
0,0,0.58016,1
2,2,0.992473,1
0,0,0.990364,1
2,1,0.504624,0
0,0,0.990144,1
0,0,0.598609,1
1,1,0.610032,1
2,2,0.992217,1
0,0,0.591834,1
1,1,0.58758,1
2,2,0.992123,1
1,0,0.551608,0
1,1,0.710452,1
2,1,0.562698,0
2,1,0.577857,0
1,1,0.659721,1
0,0,0.576579,1
2,2,0.992421,1
2,2,0.992446,1
2,2,0.992185,1
2,2,0.9923,1
1,0,0.54388,0
0,1,0.568168,0
0,0,0.990435,1
0,1,0.68543,0
0,0,0.990381,1
0,0,0.620093,1
2,2,0.992407,1
2,2,0.992338,1
2,2,0.992391,1
2,2,0.992412,1
0,0,0.989507,1
0,0,0.989537,1
2,2,0.992301,1
2,2,0.992051,1
1,1,0.564894,1
0,1,0.606073,0
2,2,0.992344,1
0,0,0.98748,1
0,0,0.632366,1
0,0,0.568506,1
1,1,0.680442,1
2,2,0.992389,1
0,1,0.706303,0
0,0,0.990486,1
2,1,0.665994,0
2,2,0.992537,1
0,0,0.988644,1
2,2,0.992263,1
0,0,0.989826,1
2,2,0.992252,1
0,0,0.989943,1
1,1,0.622942,1
0,0,0.989627,1
2,1,0.549629,0
0,0,0.989214,1
1,1,0.644361,1
2,2,0.991355,1
2,1,0.569869,0
2,2,0.992375,1
1,0,0.53912,0
1,1,0.724264,1
1,0,0.50566,0
0,0,0.990246,1
0,0,0.989465,1
1,1,0.626277,1
1,1,0.683495,1
1,0,0.536766,0
0,0,0.989891,1
1,1,0.61698,1
2,1,0.739192,0
2,1,0.601567,0
2,2,0.992229,1
2,2,0.992372,1
0,0,0.989802,1
0,0,0.990748,1
1,1,0.67649,1
0,0,0.990173,1
2,2,0.992435,1
2,2,0.992383,1
0,0,0.990169,1
2,2,0.992344,1
2,2,0.992208,1
1,1,0.562758,1
2,2,0.992409,1
2,2,0.992164,1
0,0,0.553996,1
1,0,0.529697,0
2,2,0.992397,1
2,1,0.548553,0
2,2,0.992362,1
1,1,0.739763,1
0,0,0.551568,1
0,1,0.713228,0
2,2,0.992367,1
0,0,0.990072,1
1,1,0.751143,1
2,2,0.992511,1
1,1,0.580423,1
0,0,0.602051,1
0,1,0.590794,0
1,1,0.764113,1
1,1,0.709834,1
0,0,0.989297,1
0,0,0.638432,1
1,1,0.646383,1
2,2,0.992113,1
1,1,0.679375,1
0,1,0.643122,0
1,1,0.705309,1
0,0,0.989461,1
1,1,0.712388,1
2,2,0.99225,1
2,2,0.992222,1
2,2,0.992154,1
0,0,0.613975,1
0,0,0.989675,1
2,2,0.992469,1
0,1,0.622827,0
0,0,0.98937,1
1,1,0.540991,1
1,1,0.736883,1
1,1,0.602273,1
1,1,0.751558,1
1,1,0.562069,1
0,0,0.602941,1
0,0,0.605783,1
1,1,0.551335,1
0,0,0.989273,1
1,0,0.538433,0
2,1,0.574993,0
0,1,0.542673,0
2,2,0.992392,1
0,0,0.620193,1
0,1,0.46733,0
2,2,0.992182,1
0,1,0.658375,0
0,0,0.989173,1
0,0,0.612103,1
1,1,0.533843,1
1,1,0.563178,1
1,1,0.693457,1
0,0,0.990093,1
1,1,0.624689,1
1,2,0.464999,0
1,0,0.542852,0
0,0,0.989958,1
0,0,0.583277,1
2,2,0.992412,1
1,1,0.622942,1
1,1,0.701686,1
2,2,0.991958,1
0,0,0.645373,1
2,2,0.992436,1
1,1,0.629902,1
1,0,0.54579,0
0,0,0.989519,1
0,0,0.606519,1
2,2,0.992082,1
1,0,0.550418,0
1,0,0.578925,0
2,2,0.992394,1
2,1,0.472101,0
2,2,0.992194,1
2,2,0.992287,1
2,1,0.618038,0
0,0,0.99005,1
2,1,0.628872,0
1,1,0.560472,1
0,0,0.989333,1
2,2,0.992271,1
2,1,0.627902,0
0,0,0.989318,1
0,0,0.475089,1
2,2,0.992424,1
2,2,0.992217,1
0,1,0.777218,0
0,1,0.630178,0
0,0,0.588863,1
1,0,0.578666,0
1,1,0.70671,1
0,0,0.990073,1
2,1,0.665954,0
2,2,0.992412,1
2,2,0.99239,1
2,1,0.706701,0
2,2,0.992388,1
1,1,0.665408,1
1,1,0.657966,1
2,2,0.992351,1
1,1,0.698226,1
0,0,0.990355,1
0,1,0.596657,0
1,0,0.508378,0
1,0,0.539129,0
2,2,0.992267,1
1,1,0.566332,1
0,1,0.575408,0
1,0,0.535334,0
1,1,0.519878,1
0,0,0.64018,1
1,0,0.536683,0
0,0,0.988979,1
0,0,0.626124,1
2,2,0.992289,1
2,2,0.992455,1
1,1,0.639868,1
2,2,0.992382,1
0,0,0.990162,1
2,2,0.992256,1
2,2,0.992371,1
1,1,0.570565,1
0,0,0.565355,1
2,2,0.992197,1
2,1,0.520683,0
0,0,0.989651,1
1,1,0.63646,1
0,1,0.640144,0
2,2,0.992224,1
1,1,0.736883,1
2,2,0.992357,1
1,1,0.488741,1
0,0,0.989377,1
1,1,0.526477,1
2,2,0.992217,1
2,2,0.992197,1
1,0,0.506863,0
0,0,0.989338,1
0,0,0.56556,1
2,2,0.99231,1
1,1,0.597355,1
0,0,0.597012,1
1,1,0.665641,1
2,2,0.992351,1
0,0,0.989684,1
1,0,0.550094,0
1,1,0.651727,1
2,2,0.992352,1
2,2,0.992289,1
2,2,0.992217,1
1,1,0.764113,1
0,0,0.540271,1
1,1,0.733243,1
1,1,0.566581,1
1,0,0.547506,0
0,0,0.989994,1
1,1,0.55253,1
1,1,0.616337,1
0,0,0.990047,1
1,1,0.737767,1
2,2,0.992141,1
2,1,0.47191,0
0,0,0.612772,1
1,0,0.521516,0
0,0,0.99025,1
1,1,0.653169,1
1,0,0.513081,0
0,0,0.583055,1
1,0,0.563495,0
2,1,0.444889,0
2,2,0.99226,1
1,0,0.518303,0
1,1,0.732233,1
1,1,0.487979,1
0,0,0.989023,1
2,2,0.992356,1
0,0,0.988281,1
0,0,0.989613,1
2,1,0.72219,0
0,0,0.989746,1
2,1,0.563124,0
0,0,0.623363,1
1,0,0.496193,0
2,2,0.992022,1
0,0,0.989091,1
1,0,0.527011,0
2,2,0.992229,1
0,1,0.595425,0
2,2,0.992305,1
0,0,0.990341,1
2,2,0.99249,1
2,2,0.992372,1
0,0,0.989076,1
0,0,0.989095,1
0,0,0.586785,1
1,1,0.572855,1
1,1,0.736883,1
1,1,0.703246,1
2,2,0.992541,1
2,2,0.992047,1
0,0,0.989491,1
0,1,0.494968,0
1,0,0.54094,0
1,1,0.665809,1
1,1,0.718878,1
1,1,0.696168,1
1,1,0.681688,1
0,0,0.575344,1
2,2,0.992362,1
0,0,0.990155,1
2,2,0.992271,1
2,2,0.992286,1
0,0,0.989874,1
0,0,0.989665,1
1,0,0.540278,0
0,0,0.99002,1
2,2,0.992312,1
1,1,0.716372,1
2,2,0.992159,1
0,0,0.58584,1
2,2,0.992328,1
2,2,0.992386,1
0,1,0.574824,0
1,1,0.762018,1
0,1,0.614599,0
0,0,0.98987,1
0,0,0.989508,1
1,1,0.664403,1
0,0,0.567105,1
0,0,0.989544,1
0,1,0.613422,0
2,2,0.992286,1
1,0,0.51979,0
1,1,0.669369,1
2,2,0.992319,1
2,2,0.992395,1
2,2,0.992209,1
2,2,0.992257,1
1,0,0.540278,0
2,1,0.47191,0
2,2,0.992204,1
2,1,0.558101,0
1,1,0.571731,1
0,0,0.990077,1
1,1,0.574355,1
2,2,0.99227,1
0,0,0.585526,1
0,0,0.989609,1
0,1,0.56741,0
1,0,0.536766,0
1,0,0.563014,0
0,0,0.990265,1
1,0,0.508378,0
0,0,0.989289,1
2,2,0.992413,1
1,1,0.734116,1
1,1,0.576226,1
1,0,0.543632,0
2,2,0.992191,1
2,2,0.992309,1
0,0,0.989544,1
2,1,0.570907,0
0,0,0.989731,1
0,0,0.593489,1
0,0,0.595253,1
2,2,0.992158,1
1,1,0.703361,1
2,2,0.992356,1
2,2,0.992264,1
2,2,0.992436,1
2,2,0.992436,1
0,1,0.661475,0
1,1,0.629026,1
0,0,0.619591,1
2,2,0.992126,1
2,2,0.992164,1
0,1,0.603089,0
1,1,0.712706,1
2,2,0.992355,1
2,2,0.992391,1
0,0,0.99021,1
1,1,0.59423,1
1,1,0.560463,1
2,1,0.617072,0
2,1,0.615017,0
0,0,0.568122,1
2,2,0.992256,1
2,2,0.487621,1
0,0,0.989572,1
1,0,0.512412,0
1,0,0.514396,0
2,1,0.563917,0
2,1,0.418597,0
2,2,0.992274,1
0,0,0.989774,1
0,0,0.607845,1
2,1,0.690492,0
1,0,0.552176,0
2,2,0.992256,1
0,0,0.613795,1
0,0,0.989704,1
2,2,0.992214,1
2,2,0.992396,1
1,1,0.650633,1
1,0,0.560018,0
2,1,0.502465,0
2,2,0.992301,1
1,0,0.557969,0
2,2,0.992314,1
2,1,0.641424,0
2,1,0.607721,0
2,1,0.610208,0
1,0,0.492873,0
2,1,0.665438,0
1,0,0.531868,0
2,1,0.615454,0
2,1,0.502346,0
2,2,0.992222,1
2,2,0.99233,1
0,0,0.989873,1
1,1,0.586506,1
2,2,0.992323,1
1,1,0.776809,1
2,2,0.99224,1
1,0,0.521651,0
1,0,0.53297,0
1,1,0.608819,1
0,0,0.636978,1
2,1,0.526539,0
1,0,0.498427,0
2,1,0.487302,0
2,1,0.486177,0
0,1,0.634808,0
1,1,0.554891,1
0,0,0.589316,1
1,1,0.679375,1
2,2,0.992231,1
0,0,0.549132,1
1,1,0.71043,1
1,1,0.629274,1
2,2,0.992445,1
1,1,0.565834,1
1,1,0.63667,1
1,0,0.524125,0
0,0,0.603852,1
0,0,0.594026,1
1,1,0.626277,1
1,0,0.532902,0
0,0,0.989474,1
1,1,0.571565,1
2,2,0.992369,1
2,2,0.992217,1
1,1,0.560013,1
2,2,0.992445,1
2,2,0.992362,1
1,1,0.68843,1
1,0,0.540696,0
2,2,0.992205,1
0,1,0.719295,0
2,2,0.992256,1
1,1,0.654512,1
2,1,0.611921,0
2,2,0.992331,1
1,1,0.57321,1
0,0,0.569156,1
2,2,0.992397,1
2,1,0.508287,0
1,1,0.766419,1
0,0,0.5564,1
0,0,0.98965,1
2,2,0.992412,1
2,2,0.992442,1
1,1,0.740437,1
0,0,0.603376,1
1,1,0.768324,1
1,0,0.540195,0
0,0,0.989967,1
1,1,0.705309,1
0,0,0.988978,1
0,0,0.989177,1
1,1,0.738311,1
2,1,0.618038,0
0,0,0.552788,1
0,0,0.990315,1
1,1,0.616337,1
0,0,0.989158,1
1,1,0.624929,1
2,2,0.99248,1
1,1,0.624044,1
2,2,0.992188,1
2,1,0.523871,0
2,2,0.99201,1
0,0,0.614409,1
1,1,0.694465,1
0,0,0.987617,1
0,0,0.989432,1
0,0,0.537063,1
2,2,0.992422,1
1,1,0.698064,1
0,0,0.591197,1
1,1,0.584045,1
1,0,0.528848,0
1,1,0.610032,1
1,0,0.539353,0
0,0,0.989129,1
1,0,0.540653,0
0,1,0.612858,0
1,1,0.606107,1
1,1,0.598081,1
1,1,0.703947,1
2,2,0.992239,1
1,1,0.603612,1
2,2,0.992446,1
2,2,0.992268,1
1,1,0.637407,1
2,2,0.992141,1
0,0,0.582605,1
1,1,0.640843,1
1,1,0.650064,1
1,1,0.732394,1
1,1,0.75162,1
1,1,0.730892,1
0,0,0.989201,1
0,1,0.717104,0
2,2,0.992465,1
2,2,0.992489,1
2,2,0.992384,1
2,2,0.992239,1
1,0,0.551073,0
2,2,0.992494,1
2,2,0.991958,1
0,1,0.523621,0
1,1,0.632595,1
0,0,0.597847,1
2,1,0.599678,0
2,1,0.502346,0
2,1,0.588289,0
2,2,0.992236,1
0,0,0.988216,1
0,0,0.99021,1
0,1,0.611186,0
2,2,0.992375,1
0,0,0.615175,1
2,2,0.992265,1
2,2,0.992323,1
1,1,0.632595,1
2,2,0.992316,1
2,2,0.992109,1
1,1,0.676356,1
1,1,0.645906,1
2,2,0.992436,1
2,1,0.604434,0
0,0,0.989351,1
1,0,0.561707,0
0,0,0.572842,1
1,1,0.61698,1
2,2,0.992283,1
0,0,0.989202,1
2,2,0.566854,1
1,1,0.629274,1
1,0,0.533263,0
2,2,0.992217,1
2,2,0.992491,1
1,1,0.601578,1
2,2,0.991971,1
2,2,0.992208,1
1,1,0.63646,1
2,2,0.992563,1
2,2,0.992499,1
0,1,0.500869,0
2,1,0.558433,0
1,0,0.52468,0
2,1,0.528789,0
2,2,0.992414,1
0,0,0.989413,1
1,0,0.51058,0
0,0,0.572734,1
1,1,0.587747,1
0,0,0.613216,1
1,0,0.508378,0
2,2,0.992412,1
1,1,0.566581,1
1,0,0.530932,0
0,0,0.98992,1
1,1,0.554728,1
2,2,0.992293,1
1,1,0.749672,1
2,1,0.5678,0
1,1,0.598571,1
2,2,0.992359,1
2,2,0.992142,1
2,2,0.992379,1
0,0,0.989958,1
1,1,0.619623,1
0,0,0.617055,1
2,2,0.992107,1
0,0,0.989275,1
2,1,0.742266,0
2,2,0.99236,1
2,1,0.694858,0
1,1,0.686724,1
2,1,0.514244,0
1,0,0.553316,0
1,1,0.540991,1
2,2,0.992328,1
1,1,0.540603,1
1,1,0.588504,1
0,0,0.989394,1
1,0,0.531375,0
0,0,0.606605,1
1,1,0.611146,1
1,1,0.5806,1
0,0,0.620097,1
1,0,0.564563,0
2,2,0.992285,1
2,2,0.992499,1
0,1,0.715865,0
1,1,0.646383,1
2,2,0.992508,1
2,2,0.992338,1
2,1,0.677994,0
2,1,0.526292,0
1,0,0.549975,0
1,1,0.53561,1
2,2,0.992321,1
1,1,0.706568,1
0,0,0.612038,1
2,2,0.992243,1
1,1,0.63796,1
1,1,0.7091,1
2,1,0.615007,0
1,0,0.548716,0
0,0,0.98967,1
2,2,0.992324,1
2,2,0.99224,1
0,1,0.593023,0
2,2,0.992403,1
2,2,0.992298,1
2,2,0.992297,1
2,2,0.992384,1
2,2,0.992191,1
2,1,0.665954,0
1,0,0.544197,0
0,0,0.989887,1
1,1,0.679207,1
1,1,0.592408,1
0,0,0.990074,1
0,0,0.990318,1
2,2,0.992392,1
1,1,0.658664,1
1,0,0.539353,0
0,0,0.570513,1
1,1,0.542079,1
0,0,0.98946,1
1,1,0.603429,1
1,0,0.547362,0
2,2,0.99251,1
1,1,0.665364,1
2,2,0.992329,1
1,1,0.568426,1
0,1,0.736544,0
2,1,0.720253,0
2,2,0.992246,1
1,0,0.518128,0
2,2,0.992022,1
2,1,0.479521,0
0,0,0.989808,1
1,0,0.517242,0
1,0,0.511543,0
1,1,0.693561,1
1,1,0.618466,1
1,1,0.5115,1
0,1,0.60012,0
1,1,0.603612,1
0,0,0.989979,1
0,1,0.744035,0
1,1,0.567735,1
0,0,0.988837,1
0,0,0.549996,1
2,1,0.520826,0
0,0,0.990014,1
1,0,0.543632,0
1,0,0.561859,0
1,0,0.514396,0
2,2,0.992275,1
2,2,0.992525,1
2,2,0.992517,1
2,1,0.502465,0
0,0,0.988894,1
0,1,0.656247,0
1,1,0.621686,1
2,1,0.502699,0
1,0,0.52998,0
0,0,0.988361,1
0,0,0.989142,1
2,1,0.779414,0
0,1,0.625321,0
1,1,0.61553,1
0,0,0.606755,1
1,1,0.647607,1
2,2,0.992239,1
1,1,0.664726,1
1,0,0.547478,0
2,2,0.992286,1
2,2,0.992275,1
1,1,0.527595,1
1,1,0.58823,1
2,2,0.992296,1
0,0,0.621113,1
2,2,0.992014,1
2,2,0.99245,1
1,0,0.537205,0
1,1,0.666387,1
1,1,0.568925,1
1,1,0.629026,1
0,0,0.591193,1
2,2,0.992232,1
2,2,0.992233,1
1,1,0.669463,1
0,0,0.555911,1
2,2,0.992212,1
2,2,0.992362,1
1,1,0.625978,1
1,0,0.500815,0
1,1,0.68878,1
2,2,0.992252,1
0,0,0.989527,1
1,0,0.536766,0
2,2,0.992287,1
1,1,0.76849,1
1,1,0.603047,1
2,1,0.569869,0
2,1,0.612673,0
0,0,0.990203,1
1,1,0.729705,1
2,2,0.529485,1
2,2,0.992117,1
1,0,0.548716,0
2,1,0.600523,0
1,1,0.658149,1
0,0,0.989618,1
2,1,0.537877,0
2,2,0.992142,1
0,0,0.541007,1
1,2,0.46855,0
0,0,0.545421,1
2,2,0.552393,1
1,1,0.68878,1
0,0,0.990165,1
0,0,0.989584,1
2,2,0.992349,1
1,1,0.638006,1
1,1,0.608481,1
1,0,0.519689,0
1,1,0.779767,1
1,0,0.540106,0
0,0,0.98962,1
2,1,0.557851,0
2,2,0.992416,1
1,0,0.528098,0
2,1,0.688908,0
2,2,0.518909,1
1,1,0.681451,1
1,1,0.653929,1
0,0,0.990289,1
1,1,0.751143,1
0,0,0.521596,1
2,2,0.992409,1
0,0,0.989784,1
2,2,0.992276,1
2,2,0.992176,1
2,2,0.992241,1
2,2,0.992129,1
1,1,0.62031,1
1,1,0.625801,1
1,0,0.542504,0
1,1,0.611151,1
2,2,0.992333,1
0,0,0.989729,1
0,0,0.990592,1
0,0,0.990048,1
2,2,0.992271,1
2,1,0.650999,0
1,0,0.518128,0
1,0,0.519109,0
1,1,0.66079,1
1,1,0.511173,1
0,0,0.59808,1
1,1,0.633491,1
0,1,0.765351,0
1,1,0.561697,1
0,0,0.537616,1
1,0,0.539129,0
1,1,0.518838,1
2,2,0.992222,1
0,0,0.989202,1
0,0,0.98963,1
1,0,0.547604,0
0,0,0.989827,1
0,0,0.989803,1
0,0,0.578474,1
2,2,0.992107,1
0,1,0.747841,0
2,2,0.992174,1
2,2,0.992427,1
0,0,0.990127,1
1,0,0.547842,0
1,1,0.780669,1
1,0,0.540278,0
0,0,0.563474,1
2,1,0.548553,0
2,2,0.992059,1
0,1,0.733402,0
2,1,0.533651,0
0,0,0.580143,1
1,0,0.496193,0
2,2,0.992398,1
0,0,0.99016,1
2,2,0.992428,1
0,0,0.989121,1
0,1,0.642221,0
1,1,0.602536,1
2,2,0.992154,1
0,0,0.570662,1
2,2,0.992176,1
0,0,0.988863,1
1,1,0.477899,1
1,1,0.71043,1
0,0,0.635117,1
0,1,0.64286,0
1,1,0.607872,1
0,1,0.478031,0
0,1,0.544361,0
2,2,0.992164,1
0,1,0.694289,0
1,1,0.641639,1
1,1,0.627128,1
1,1,0.540603,1
2,2,0.992311,1
0,0,0.53277,1
2,2,0.992303,1
0,0,0.64103,1
2,2,0.992197,1
1,0,0.524015,0
0,0,0.610799,1
0,0,0.989358,1
0,0,0.567451,1
0,0,0.989634,1
2,2,0.992323,1
1,1,0.619566,1
2,2,0.477312,1
0,1,0.609552,0
0,0,0.989211,1
1,0,0.557415,0
0,0,0.990036,1
1,1,0.703295,1
0,0,0.57539,1
2,2,0.992209,1
2,2,0.992123,1
1,1,0.624947,1
0,0,0.634777,1
1,1,0.650537,1
0,1,0.707625,0
0,1,0.603516,0
1,1,0.644361,1
0,0,0.548332,1
1,1,0.65759,1
1,1,0.666957,1
0,0,0.989784,1
1,0,0.519939,0
0,0,0.989747,1
2,2,0.992376,1
2,2,0.992219,1
1,1,0.75162,1
2,2,0.99235,1
1,1,0.533843,1
0,0,0.990006,1
2,2,0.992232,1
1,1,0.633358,1
1,1,0.596866,1
1,1,0.583011,1
1,0,0.529191,0
1,1,0.563304,1
2,2,0.992047,1
1,1,0.739763,1
0,0,0.566864,1
1,1,0.607915,1
0,0,0.989185,1
2,1,0.460802,0
2,2,0.992246,1
0,0,0.606324,1
1,1,0.559974,1
1,1,0.711739,1
2,1,0.66961,0
1,1,0.565834,1
1,1,0.679085,1
2,1,0.549683,0
0,0,0.989707,1
2,2,0.992295,1
0,0,0.581045,1
0,0,0.990502,1
1,0,0.515371,0
0,0,0.990436,1
0,0,0.572592,1
0,0,0.988916,1
1,1,0.748633,1
1,0,0.5449,0
1,0,0.535095,0
2,2,0.99225,1
0,0,0.625575,1
0,0,0.989813,1
1,0,0.547362,0
0,0,0.652303,1
0,1,0.6341,0
0,0,0.989772,1
2,2,0.992014,1
0,0,0.640063,1
2,2,0.992392,1
2,1,0.538565,0
1,0,0.540106,0
2,2,0.99213,1
0,0,0.989721,1
2,2,0.992442,1
2,2,0.992212,1
2,2,0.992463,1
0,0,0.600635,1
0,0,0.989324,1
2,2,0.992021,1
0,0,0.988054,1
1,1,0.548791,1
1,0,0.538558,0
2,1,0.657114,0
0,0,0.987769,1
0,0,0.641112,1
2,2,0.992465,1
2,2,0.992214,1
1,0,0.535947,0
0,0,0.989863,1
1,1,0.764113,1
0,1,0.72297,0
2,2,0.992347,1
1,1,0.632595,1
2,2,0.99235,1
1,1,0.704745,1
0,0,0.611287,1
1,0,0.557415,0
0,0,0.990154,1
0,0,0.611709,1
0,1,0.625381,0
2,2,0.992322,1
0,1,0.704251,0
2,2,0.992223,1
2,2,0.992346,1
1,1,0.583393,1
0,0,0.989503,1
1,0,0.53405,0
1,0,0.542543,0
0,0,0.574958,1
2,2,0.992421,1
1,1,0.603351,1
2,2,0.992299,1
2,2,0.9923,1
1,0,0.578996,0
0,1,0.544932,0
2,2,0.992366,1
2,2,0.992209,1
0,0,0.989186,1
0,0,0.579789,1
1,1,0.613151,1
0,0,0.603814,1
2,2,0.992281,1
2,2,0.992216,1
1,1,0.736472,1
1,1,0.608981,1
1,1,0.683728,1
1,1,0.709834,1
2,2,0.992216,1
0,0,0.990366,1
0,0,0.990128,1
2,1,0.560362,0
2,2,0.992336,1
0,0,0.599531,1
0,0,0.607252,1
2,2,0.992184,1
0,1,0.766175,0
0,0,0.988997,1
2,2,0.992214,1
0,0,0.611312,1
1,1,0.622568,1
2,1,0.549683,0
1,1,0.581633,1
1,1,0.652669,1
1,1,0.607784,1
2,2,0.992329,1
0,0,0.988552,1
1,1,0.638692,1
2,2,0.992196,1
2,2,0.992367,1
0,0,0.989183,1
1,1,0.512944,1
1,1,0.443046,1
2,2,0.992299,1
2,1,0.616679,0
1,1,0.678215,1
2,2,0.992431,1
1,1,0.673855,1
1,1,0.705838,1
1,1,0.581094,1
0,0,0.545876,1
1,1,0.713177,1
1,1,0.640843,1
0,0,0.540829,1
1,1,0.653169,1
0,0,0.989616,1
1,1,0.702542,1
0,0,0.989587,1
2,2,0.992286,1
0,0,0.989496,1
0,0,0.600698,1
2,2,0.992344,1
0,1,0.619836,0
2,2,0.992412,1
0,0,0.989359,1
2,2,0.992247,1
0,1,0.647683,0
2,1,0.548494,0
0,0,0.989558,1
0,0,0.61749,1
0,1,0.634034,0
0,0,0.610988,1
1,1,0.685961,1
2,2,0.992191,1
0,1,0.684853,0
0,0,0.990509,1
0,0,0.598803,1
1,0,0.564699,0
2,2,0.992214,1
1,1,0.560463,1
0,1,0.665366,0
2,2,0.992369,1
2,1,0.619119,0
0,1,0.571219,0
2,2,0.990979,1
0,0,0.989305,1
1,1,0.71859,1
2,2,0.992523,1
2,2,0.992462,1
0,0,0.989538,1
1,1,0.530453,1
0,0,0.580997,1
2,2,0.99217,1
2,2,0.992088,1
2,2,0.992379,1
0,0,0.579906,1
0,1,0.551996,0
0,0,0.989728,1
1,1,0.713617,1
2,2,0.992401,1
1,1,0.73201,1
1,1,0.607915,1
2,1,0.685412,0
2,2,0.992409,1
0,0,0.990252,1
1,0,0.531226,0
1,1,0.726478,1
1,1,0.573892,1
1,0,0.521312,0
1,0,0.516531,0
1,1,0.559721,1
2,2,0.992302,1
0,0,0.988835,1
0,0,0.589462,1
2,2,0.992189,1
1,1,0.715079,1
2,1,0.570175,0
1,0,0.527923,0
0,0,0.618785,1
0,0,0.621654,1
0,0,0.989442,1
2,2,0.99231,1
2,2,0.992201,1
1,1,0.610048,1
2,1,0.543211,0
1,1,0.555239,1
2,1,0.540801,0
0,0,0.989877,1
0,0,0.989992,1
0,0,0.990098,1
0,0,0.533054,1
1,1,0.477899,1
2,2,0.992421,1
2,1,0.564791,0
0,0,0.989266,1
1,0,0.518811,0
2,2,0.992448,1
0,0,0.599743,1
1,0,0.534912,0
1,1,0.665809,1
1,1,0.614345,1
1,0,0.504798,0
0,0,0.989536,1
0,0,0.990353,1
0,0,0.990324,1
2,1,0.520543,0
0,1,0.536835,0
1,0,0.551903,0
2,1,0.541547,0
0,0,0.616911,1
2,2,0.99239,1
2,1,0.686571,0
0,0,0.600269,1
0,0,0.988953,1
2,2,0.992296,1
1,1,0.539338,1
0,0,0.990024,1
0,1,0.646687,0
0,0,0.989761,1
0,0,0.989786,1
1,1,0.659721,1
0,1,0.617453,0
0,0,0.628913,1
2,2,0.992285,1
1,1,0.637673,1
0,1,0.660958,0
0,0,0.989453,1
2,1,0.542372,0
1,1,0.577385,1
1,1,0.623496,1
0,1,0.618026,0
0,0,0.590964,1
2,2,0.992166,1
0,0,0.989894,1
1,0,0.540083,0
2,2,0.992472,1
2,2,0.992239,1
1,1,0.544999,1
1,1,0.665408,1
0,0,0.990055,1
0,0,0.989895,1
1,1,0.710452,1
2,2,0.992215,1
0,0,0.989059,1
1,1,0.618466,1
2,2,0.99235,1
2,2,0.992486,1
0,1,0.713919,0
0,0,0.609045,1
2,2,0.992347,1
1,1,0.56147,1
0,0,0.98923,1
0,0,0.989104,1
2,1,0.593229,0
2,2,0.992338,1
0,0,0.989811,1
2,1,0.531055,0
1,0,0.520995,0
2,2,0.992515,1
2,2,0.99241,1
2,2,0.992494,1
0,0,0.591948,1
2,2,0.992328,1
0,0,0.581876,1
0,0,0.5878,1
2,2,0.992353,1
0,0,0.989623,1
1,1,0.71533,1
1,1,0.598193,1
0,0,0.615792,1
1,1,0.628356,1
0,0,0.988909,1
1,1,0.64696,1
2,2,0.992453,1
2,2,0.991322,1
0,0,0.605122,1
1,1,0.713617,1
1,0,0.529697,0
2,2,0.99245,1
2,2,0.992399,1
1,0,0.496193,0
1,1,0.561252,1
1,1,0.65415,1
1,1,0.592408,1
2,2,0.992446,1
2,2,0.992112,1
1,0,0.517317,0
1,1,0.709926,1
0,0,0.98985,1
0,0,0.990192,1
0,0,0.561453,1
0,0,0.547133,1
1,0,0.550113,0
1,0,0.520221,0
1,0,0.560018,0
1,1,0.676356,1
0,1,0.638509,0
1,1,0.612451,1
1,1,0.590149,1
2,2,0.992454,1
1,0,0.52201,0
2,2,0.99234,1
1,0,0.536563,0
1,1,0.5519,1
1,1,0.627128,1
1,0,0.535947,0
1,1,0.577385,1
1,0,0.524841,0
0,0,0.988842,1
0,0,0.989834,1
0,0,0.987675,1
2,2,0.992208,1
0,1,0.605148,0
2,1,0.660366,0
2,2,0.992286,1
1,1,0.553497,1
1,1,0.548116,1
1,1,0.629274,1
2,2,0.992414,1
2,2,0.992297,1
1,1,0.54859,1
0,0,0.551598,1
1,1,0.507482,1
0,0,0.990135,1
0,0,0.58,1
1,1,0.612572,1
2,1,0.712277,0
2,2,0.992191,1
1,1,0.746756,1
0,0,0.990033,1
0,0,0.543404,1
1,1,0.670978,1
0,0,0.990135,1
2,2,0.992331,1
2,2,0.99229,1
1,0,0.528923,0
1,0,0.516842,0
2,2,0.992228,1
0,0,0.989468,1
0,0,0.603404,1
2,2,0.992243,1
2,1,0.598023,0
0,0,0.989244,1
2,2,0.992336,1
2,2,0.992162,1
0,0,0.989255,1
2,2,0.992287,1
0,0,0.545772,1
1,1,0.731586,1
0,1,0.638922,0
2,2,0.992383,1
0,0,0.546997,1
0,0,0.617324,1
0,0,0.61895,1
0,0,0.990221,1
2,2,0.992213,1
0,0,0.596032,1
1,1,0.64283,1
1,1,0.663837,1
1,1,0.630531,1
1,1,0.667115,1
1,1,0.73201,1
2,2,0.992188,1
2,2,0.992252,1
1,1,0.660141,1
1,1,0.597035,1
0,0,0.990508,1
1,1,0.790549,1
2,1,0.547413,0
1,1,0.669369,1
0,0,0.988934,1
0,0,0.607079,1
1,1,0.698226,1
2,2,0.992281,1
1,1,0.564415,1
2,2,0.992476,1
2,2,0.992179,1
0,0,0.989786,1
2,2,0.99255,1
1,0,0.551574,0
0,0,0.989416,1
0,1,0.595942,0
2,1,0.709133,0
1,1,0.674105,1
0,0,0.989817,1
2,2,0.992597,1
0,0,0.99025,1
1,1,0.61553,1
1,1,0.646801,1
1,1,0.591738,1
1,0,0.527732,0
0,0,0.988321,1
2,2,0.487621,1
0,0,0.580422,1
0,0,0.98948,1
1,0,0.51426,0
0,0,0.574293,1
0,0,0.615398,1
0,0,0.989477,1
2,2,0.992498,1
0,0,0.639145,1
2,2,0.99231,1
0,0,0.598638,1
1,0,0.513591,0
1,1,0.591738,1
0,0,0.651262,1
2,2,0.992191,1
1,1,0.709926,1
1,1,0.541186,1
0,0,0.562447,1
0,0,0.631569,1
1,0,0.528848,0
0,0,0.989564,1
0,0,0.987681,1
2,2,0.992318,1
1,1,0.592361,1
2,2,0.991971,1
1,1,0.625978,1
0,0,0.989614,1
0,0,0.98911,1
1,0,0.570735,0
2,1,0.558092,0
2,2,0.992372,1
1,1,0.726478,1
2,2,0.990842,1
0,0,0.538997,1
2,2,0.992139,1
0,0,0.525431,1
2,2,0.992264,1
0,0,0.589774,1
1,1,0.561149,1
1,1,0.533843,1
2,2,0.992399,1
0,0,0.990751,1
2,1,0.698187,0
2,1,0.58615,0
1,1,0.571446,1
1,1,0.664434,1
0,0,0.98937,1
1,0,0.497256,0
0,0,0.990566,1
0,0,0.989343,1
1,1,0.691361,1
1,1,0.578436,1
1,1,0.633047,1
1,0,0.529324,0
2,2,0.992263,1
0,1,0.644633,0
0,0,0.988192,1
0,0,0.989643,1
0,0,0.576997,1
0,0,0.9905,1
1,0,0.566477,0
1,0,0.542543,0
0,0,0.553261,1
2,1,0.726487,0
0,0,0.604163,1
0,0,0.989585,1
1,0,0.544016,0
0,0,0.988291,1
0,1,0.758599,0
2,1,0.630974,0
2,2,0.99245,1
0,0,0.58049,1
2,2,0.992248,1
0,0,0.598798,1
1,1,0.590057,1
1,1,0.622938,1
2,2,0.9923,1
0,0,0.989407,1
2,2,0.992375,1
2,2,0.992174,1
2,1,0.444889,0
0,0,0.989378,1
2,2,0.991885,1
2,2,0.992288,1
2,2,0.992276,1
2,2,0.992131,1
2,2,0.992398,1
1,1,0.716746,1
1,0,0.516937,0
1,1,0.562069,1
2,2,0.992504,1
0,1,0.752616,0
2,2,0.992382,1
0,0,0.98999,1
2,1,0.667236,0
2,1,0.563124,0
0,0,0.990095,1
2,2,0.992131,1
2,2,0.992276,1
2,1,0.520543,0
0,0,0.989967,1
0,0,0.635745,1
2,1,0.734719,0
1,1,0.751143,1
2,1,0.579508,0
0,0,0.586137,1
0,0,0.989315,1
1,0,0.540278,0
2,2,0.992179,1
0,0,0.989578,1
1,1,0.734116,1
2,2,0.992357,1
1,1,0.645318,1
2,2,0.992286,1
1,1,0.631647,1
1,1,0.568567,1
1,1,0.638758,1
0,0,0.556637,1
2,1,0.57787,0
2,2,0.992185,1
2,2,0.99224,1
2,2,0.992239,1
2,2,0.992415,1
2,1,0.524958,0
2,1,0.638794,0
0,0,0.611229,1
1,1,0.558331,1
1,1,0.641639,1
1,1,0.613924,1
1,0,0.516842,0
0,1,0.629986,0
0,0,0.989984,1
1,0,0.542504,0
2,1,0.629389,0
1,1,0.740296,1
0,0,0.990575,1
2,2,0.99244,1
1,0,0.533163,0
0,0,0.569193,1
1,1,0.682299,1
1,0,0.532255,0
0,1,0.713424,0
1,0,0.528229,0
2,2,0.992101,1
2,2,0.992533,1
0,1,0.700401,0
0,0,0.636862,1
0,0,0.595704,1
2,2,0.992014,1
1,0,0.51426,0
1,0,0.537266,0
1,1,0.607774,1
0,0,0.620897,1
1,0,0.566477,0
1,1,0.712706,1
1,0,0.513925,0
0,0,0.989804,1
2,2,0.992311,1
2,2,0.992301,1
1,0,0.525445,0
1,1,0.749672,1
2,2,0.992261,1
1,1,0.730521,1
2,2,0.992433,1
1,1,0.492408,1
0,0,0.563997,1
2,1,0.552917,0
1,1,0.741496,1
1,1,0.596772,1
0,1,0.534603,0
1,1,0.696168,1
1,1,0.602536,1
1,1,0.549917,1
2,1,0.6085,0
1,1,0.704745,1
0,0,0.632812,1
2,1,0.610208,0
2,2,0.992074,1
1,1,0.604354,1
1,1,0.443046,1
2,2,0.992249,1
1,1,0.65415,1
0,1,0.680664,0
0,0,0.585051,1
2,2,0.992325,1
0,0,0.990102,1
0,1,0.640726,0
2,2,0.992191,1
2,2,0.992019,1
1,1,0.637539,1
1,1,0.487979,1
2,2,0.992383,1
2,1,0.666572,0
1,1,0.624599,1
1,1,0.642977,1
0,0,0.989001,1
2,2,0.992311,1
1,1,0.698064,1
0,0,0.989284,1
2,2,0.992233,1
1,0,0.520917,0
2,2,0.992298,1
2,1,0.514693,0
2,2,0.99229,1
0,0,0.989341,1
0,0,0.990287,1
0,0,0.990096,1
2,2,0.992339,1
1,1,0.689589,1
0,0,0.989744,1
2,2,0.992264,1
1,1,0.603047,1
2,1,0.65905,0
0,0,0.989701,1
2,2,0.992136,1
1,0,0.524015,0
0,0,0.989476,1
0,0,0.989489,1
0,0,0.989947,1
2,2,0.992191,1
1,1,0.732693,1
1,1,0.548803,1
1,1,0.657148,1
2,1,0.665954,0
0,0,0.575606,1
0,0,0.610477,1
0,0,0.609617,1
2,2,0.992436,1
2,2,0.992076,1
0,1,0.594201,0
1,1,0.560013,1
1,1,0.730521,1
0,0,0.990081,1
1,1,0.768952,1
2,2,0.992201,1
2,2,0.99233,1
0,0,0.586742,1
0,1,0.659317,0
2,2,0.992513,1
2,2,0.992166,1
1,0,0.519241,0
0,0,0.577201,1
0,0,0.634913,1
0,0,0.989701,1
1,1,0.562069,1
2,1,0.595093,0
2,2,0.991971,1
0,1,0.705926,0
2,2,0.992193,1
1,1,0.639344,1
1,0,0.567954,0
0,0,0.989767,1
2,2,0.992073,1
0,0,0.989555,1
1,1,0.581083,1
2,1,0.544241,0
0,0,0.989768,1
0,1,0.578146,0
0,1,0.629915,0
2,2,0.992424,1
2,2,0.99226,1
1,1,0.602273,1
1,1,0.567735,1
1,1,0.678215,1
1,1,0.733809,1
2,2,0.992436,1
0,0,0.98985,1
0,0,0.989786,1
2,2,0.992363,1
1,1,0.564894,1
0,0,0.989698,1
2,1,0.719294,0
1,1,0.60106,1
0,0,0.556808,1
2,1,0.588182,0
2,2,0.992277,1
2,2,0.992404,1
0,0,0.989516,1
1,1,0.753669,1
0,0,0.989019,1
2,1,0.701714,0
1,0,0.538333,0
2,2,0.992164,1
0,0,0.567664,1
0,0,0.59524,1
2,1,0.479521,0
2,2,0.992189,1
1,1,0.614345,1
1,0,0.51242,0
2,2,0.992189,1
2,2,0.992369,1
2,2,0.992209,1
0,1,0.689111,0
1,1,0.741056,1
2,1,0.564085,0
1,1,0.644651,1
2,2,0.992299,1
2,2,0.992236,1
2,1,0.513049,0
0,0,0.989189,1
1,1,0.760473,1
2,2,0.992473,1
2,2,0.992241,1
1,1,0.688255,1
0,0,0.554374,1
2,2,0.992322,1
1,1,0.678916,1
2,1,0.547169,0
1,0,0.53912,0
2,2,0.992437,1
2,2,0.99217,1
1,1,0.560984,1
1,1,0.570653,1
1,1,0.727297,1
1,1,0.689026,1
2,2,0.992216,1
0,0,0.989695,1
0,0,0.989705,1
0,0,0.609112,1
1,0,0.538382,0
1,1,0.741496,1
1,1,0.53348,1
0,0,0.98958,1
2,1,0.579149,0
2,2,0.992428,1
1,0,0.523775,0
0,0,0.98993,1
0,0,0.989512,1
2,2,0.992266,1
2,2,0.992303,1
1,1,0.608981,1
1,1,0.685714,1
0,0,0.989841,1
2,2,0.992226,1
0,0,0.990033,1
1,0,0.537101,0
0,0,0.56233,1
1,1,0.689026,1
2,2,0.992414,1
1,1,0.701525,1
0,0,0.60737,1
2,2,0.992228,1
1,1,0.49122,1
0,1,0.719442,0
1,1,0.634359,1
0,0,0.989662,1
1,0,0.55351,0
2,2,0.992427,1
2,2,0.992188,1
0,1,0.638136,0
0,0,0.570191,1
0,0,0.98947,1
0,0,0.988704,1
1,1,0.692314,1
2,2,0.992216,1
2,2,0.992252,1
2,2,0.992251,1
0,0,0.989139,1
0,0,0.590628,1
1,1,0.587305,1
2,2,0.992388,1
2,2,0.992264,1
0,1,0.546524,0
0,0,0.586034,1
0,0,0.989696,1
1,1,0.533615,1
1,0,0.519689,0
2,2,0.992129,1
2,2,0.992372,1
0,0,0.578878,1
1,0,0.552428,0
2,2,0.992427,1
0,0,0.635305,1
1,1,0.587305,1
1,1,0.558177,1
1,1,0.713321,1
1,1,0.519878,1
0,0,0.990028,1
0,0,0.989748,1
1,1,0.632532,1
1,1,0.696742,1
1,0,0.539129,0
0,0,0.622066,1
0,0,0.990321,1
0,0,0.990195,1
2,2,0.99236,1
1,0,0.524125,0
2,2,0.992432,1
0,0,0.61509,1
0,0,0.989993,1
1,0,0.517517,0
0,0,0.989296,1
2,2,0.992254,1
1,0,0.496193,0
2,2,0.992239,1
0,0,0.587404,1
1,1,0.650633,1
1,1,0.681688,1
2,2,0.992022,1
1,0,0.537266,0
1,1,0.613014,1
1,0,0.541819,0
1,1,0.572855,1
1,1,0.689026,1
2,1,0.502219,0
0,0,0.989965,1
1,1,0.630496,1
2,2,0.992388,1
0,0,0.989792,1
2,2,0.992305,1
1,1,0.626131,1
0,0,0.99,1
0,0,0.989235,1
1,0,0.523841,0
2,1,0.528803,0
0,0,0.566814,1
1,1,0.638692,1
1,1,0.639166,1
0,0,0.593273,1
0,0,0.559466,1
2,2,0.992285,1
0,0,0.989568,1
2,2,0.992544,1
1,1,0.590329,1
1,1,0.599002,1
0,0,0.558435,1
1,1,0.730892,1
2,2,0.992106,1
2,2,0.992281,1
0,0,0.562237,1
2,2,0.992139,1
0,1,0.643961,0
2,1,0.568046,0
2,2,0.992498,1
0,0,0.579293,1
2,2,0.992448,1
0,1,0.724156,0
0,0,0.584949,1
2,2,0.992489,1
0,1,0.495601,0
1,0,0.557171,0
2,1,0.600777,0
2,2,0.992239,1
2,2,0.992372,1
0,0,0.573271,1
2,1,0.768718,0
1,1,0.613639,1
0,0,0.989278,1
1,1,0.61553,1
2,2,0.992287,1
2,1,0.561402,0
2,1,0.540801,0
0,0,0.541843,1
1,1,0.601114,1
1,0,0.546282,0
2,2,0.992249,1
0,0,0.989433,1
1,1,0.612451,1
0,0,0.989955,1
0,0,0.989515,1
1,1,0.705838,1
0,1,0.617388,0
1,0,0.546282,0
1,1,0.61578,1
0,0,0.989887,1
0,1,0.589661,0
2,1,0.609044,0
1,1,0.588504,1
2,1,0.504308,0
1,0,0.539129,0
2,1,0.588182,0
1,0,0.539129,0
0,0,0.990117,1
1,1,0.558177,1
2,1,0.656216,0
0,0,0.989599,1
1,1,0.74706,1
1,1,0.535462,1
2,2,0.992287,1
1,0,0.528374,0
2,2,0.992358,1
2,2,0.99203,1
0,1,0.513971,0
1,1,0.588382,1
1,0,0.516729,0
2,2,0.992391,1
2,2,0.992428,1
1,0,0.553909,0
0,0,0.630954,1
2,2,0.992472,1
2,2,0.992369,1
0,0,0.55985,1
1,1,0.738707,1
0,0,0.989515,1
0,0,0.988922,1
1,1,0.695442,1
2,1,0.612162,0
2,1,0.655992,0
1,1,0.624689,1
0,0,0.989253,1
2,1,0.738647,0
0,0,0.990312,1
2,2,0.992276,1
0,0,0.989569,1
0,0,0.572391,1
2,2,0.992405,1
1,1,0.614345,1
1,0,0.520945,0
0,0,0.988977,1
0,1,0.642261,0
2,2,0.992328,1
2,2,0.992349,1
2,2,0.99226,1
2,2,0.992291,1
2,2,0.99255,1
1,0,0.534286,0
1,1,0.580913,1
2,2,0.992296,1
0,1,0.753111,0
1,1,0.554235,1
0,0,0.989143,1
0,0,0.657688,1
2,2,0.992511,1
0,0,0.989871,1
0,0,0.990242,1
0,0,0.989835,1
0,0,0.620843,1
2,2,0.992323,1
0,0,0.990394,1
2,1,0.559164,0
1,1,0.485088,1
1,1,0.600959,1
0,0,0.597766,1
1,0,0.539242,0
0,0,0.98961,1
1,1,0.707836,1
0,0,0.564941,1
1,1,0.747979,1
1,0,0.528661,0
1,1,0.739208,1
0,0,0.989049,1
1,1,0.541097,1
2,2,0.992414,1
1,0,0.567954,0
0,0,0.990235,1
1,1,0.535462,1
0,0,0.600313,1
0,1,0.625291,0
0,0,0.622053,1
2,2,0.99235,1
0,0,0.543338,1
2,2,0.992339,1
1,1,0.724264,1
2,2,0.992412,1
0,1,0.673505,0
2,1,0.567787,0
0,0,0.598037,1
2,2,0.992082,1
1,0,0.524015,0
2,1,0.536362,0
2,1,0.706532,0
1,1,0.690802,1
1,1,0.727592,1
1,1,0.674932,1
1,1,0.542767,1
0,0,0.616189,1
1,0,0.537894,0
2,1,0.5736,0
1,1,0.610048,1
1,1,0.579853,1
1,1,0.511022,1
0,0,0.989174,1
2,2,0.992379,1
1,0,0.539339,0
0,1,0.601506,0
0,0,0.624585,1
2,2,0.992371,1
1,1,0.711644,1
2,1,0.581322,0
2,1,0.641523,0
1,1,0.579994,1
1,0,0.567954,0
2,2,0.992333,1
0,0,0.989188,1
0,1,0.59658,0
1,1,0.574355,1
0,0,0.552241,1
2,2,0.992442,1
1,0,0.549362,0
2,2,0.99249,1
2,2,0.992254,1
0,0,0.990513,1
1,1,0.603351,1
1,0,0.542504,0
0,0,0.989858,1
1,1,0.63918,1
2,2,0.992229,1
1,1,0.549917,1
1,1,0.612451,1
0,0,0.989429,1
2,1,0.554863,0
0,0,0.576384,1
1,0,0.569276,0
1,0,0.513591,0
2,1,0.673877,0
2,2,0.992264,1
0,0,0.989623,1
2,1,0.618038,0
1,1,0.533586,1
0,0,0.989693,1
1,1,0.570565,1
1,0,0.513419,0
2,2,0.992563,1
2,2,0.992382,1
0,0,0.990145,1
1,0,0.578666,0
2,2,0.992127,1
2,2,0.512547,1
2,2,0.992047,1
1,1,0.530275,1
1,1,0.581633,1
1,1,0.66079,1
1,1,0.709926,1
2,1,0.586998,0
0,1,0.543195,0
0,0,0.562419,1
0,0,0.989946,1
0,1,0.682301,0
2,1,0.592003,0
2,2,0.992257,1
0,1,0.607516,0
2,2,0.992373,1
1,0,0.566738,0
0,0,0.630001,1
1,1,0.710452,1
0,0,0.988546,1
0,1,0.505269,0
1,1,0.539338,1
2,1,0.697282,0
2,2,0.992431,1
0,0,0.552876,1
1,0,0.531375,0
0,0,0.612882,1
2,2,0.992113,1
0,0,0.583727,1
2,2,0.529485,1
0,0,0.611561,1
2,1,0.479521,0
2,2,0.992331,1
1,1,0.581957,1
2,2,0.992148,1
1,0,0.511955,0
0,0,0.589594,1
0,0,0.989512,1
2,1,0.514197,0
2,1,0.69051,0
1,1,0.642977,1
0,0,0.989553,1
2,1,0.540359,0
0,0,0.989995,1
2,2,0.992244,1
1,1,0.623723,1
2,2,0.992426,1
0,0,0.989301,1
2,2,0.992464,1
0,0,0.989444,1
2,2,0.992148,1
2,1,0.599369,0
2,1,0.559164,0
0,0,0.590419,1
1,1,0.54859,1
0,1,0.584416,0
2,2,0.992266,1
1,1,0.676356,1
1,1,0.715518,1
0,1,0.523317,0
2,1,0.677994,0
0,1,0.545034,0
1,1,0.585534,1
2,2,0.992392,1
0,0,0.619969,1
0,0,0.989875,1
1,1,0.73204,1
2,2,0.992318,1
1,1,0.780669,1
1,0,0.550113,0
1,1,0.619789,1
0,1,0.638229,0
2,2,0.992417,1
2,2,0.992364,1
0,1,0.5784,0
0,0,0.990479,1
1,1,0.688149,1
1,1,0.552002,1
2,2,0.99223,1
2,1,0.6308,0
1,0,0.567954,0
0,0,0.989682,1
0,1,0.580945,0
0,0,0.990149,1
2,2,0.992454,1
1,1,0.720268,1
2,1,0.571993,0
2,2,0.992131,1
2,1,0.747636,0
2,2,0.992302,1
1,1,0.568925,1
1,1,0.699689,1
0,0,0.561199,1
2,2,0.99226,1
0,0,0.989648,1
1,1,0.643728,1
0,0,0.989387,1
1,1,0.710452,1
1,1,0.655895,1
2,2,0.992423,1
2,2,0.99239,1
1,1,0.729145,1
2,2,0.992267,1
2,1,0.565783,0
0,1,0.681843,0
0,0,0.98988,1
2,2,0.992189,1
1,1,0.587747,1
0,1,0.691522,0
1,1,0.557195,1
2,2,0.992247,1
0,0,0.989984,1
1,1,0.613324,1
2,1,0.486554,0
2,1,0.725113,0
1,1,0.629274,1
0,0,0.989029,1
2,2,0.992093,1
1,1,0.671035,1
0,0,0.57939,1
0,0,0.989503,1
1,1,0.53561,1
0,1,0.655793,0
1,0,0.532255,0
1,1,0.555742,1
1,1,0.613324,1
0,0,0.989002,1
2,2,0.992503,1
2,1,0.714785,0
1,0,0.549785,0
2,2,0.992153,1
2,1,0.559764,0
1,1,0.608481,1
2,2,0.992376,1
1,1,0.596772,1
2,2,0.992214,1
2,2,0.992211,1
0,1,0.631629,0
1,1,0.639868,1
1,0,0.518128,0
2,1,0.58615,0
0,1,0.626506,0
1,0,0.545453,0
2,2,0.992275,1
1,1,0.657547,1
1,1,0.740739,1
0,0,0.613174,1
2,2,0.992211,1
0,1,0.737978,0
1,1,0.602443,1
1,1,0.630769,1
1,1,0.569732,1
0,1,0.680944,0
2,2,0.992423,1
0,0,0.989581,1
2,2,0.992099,1
1,0,0.510009,0
2,2,0.992333,1
1,0,0.544549,0
2,2,0.992175,1
1,1,0.653616,1
0,0,0.601946,1
0,0,0.556659,1
0,0,0.989818,1
0,0,0.605701,1
1,1,0.564415,1
0,0,0.988724,1
1,1,0.558495,1
1,0,0.562312,0
0,0,0.611418,1
0,0,0.990461,1
0,0,0.989418,1
2,1,0.612954,0
1,1,0.684657,1
2,2,0.992318,1
0,1,0.551489,0
1,1,0.548406,1
0,0,0.9891,1
1,1,0.600608,1
1,1,0.630531,1
1,0,0.544197,0
1,1,0.562656,1
2,1,0.58376,0
2,2,0.992263,1
0,0,0.624238,1
2,2,0.992002,1
1,1,0.628319,1
0,0,0.989802,1
1,0,0.524125,0
1,1,0.596866,1
0,0,0.615814,1
0,0,0.988354,1
1,0,0.547842,0
1,0,0.541555,0
1,0,0.534674,0
0,1,0.543278,0
1,1,0.598315,1
1,1,0.548803,1
1,1,0.678214,1
1,1,0.63195,1
0,0,0.988972,1
0,0,0.56806,1
1,1,0.578885,1
1,1,0.629274,1
1,1,0.721095,1
0,0,0.575684,1
2,2,0.992228,1
2,2,0.992344,1
1,0,0.515774,0
0,0,0.990374,1
2,2,0.992331,1
1,0,0.54866,0
2,2,0.992317,1
0,0,0.627876,1
0,0,0.596376,1
2,2,0.992333,1
0,0,0.624475,1
0,1,0.727914,0
1,1,0.780669,1
2,1,0.608922,0
1,0,0.539129,0
1,1,0.73201,1
1,1,0.526771,1
0,0,0.606372,1
2,1,0.464889,0
2,1,0.643965,0
2,2,0.992379,1
0,0,0.586565,1
2,2,0.992229,1
2,2,0.992569,1
1,0,0.536818,0
0,0,0.570548,1
0,0,0.524453,1
1,1,0.597932,1
0,1,0.610442,0
1,1,0.719832,1
0,0,0.605493,1
0,0,0.988834,1
0,0,0.596004,1
2,1,0.506774,0
1,1,0.657148,1
0,1,0.561546,0
1,0,0.535907,0
2,2,0.992211,1
1,1,0.620999,1
0,0,0.98953,1
0,0,0.989223,1
2,2,0.477312,1
0,0,0.989317,1
0,0,0.988592,1
2,2,0.992264,1
2,2,0.992245,1
0,0,0.989548,1
1,1,0.787464,1
0,0,0.989364,1
2,2,0.992326,1
1,0,0.511955,0
1,0,0.529836,0
1,0,0.549468,0
0,0,0.535928,1
0,1,0.738701,0
1,1,0.596549,1
2,2,0.992343,1
1,1,0.651727,1
2,2,0.992346,1
1,1,0.701525,1
1,1,0.734116,1
0,0,0.989607,1
2,2,0.992216,1
1,0,0.537112,0
1,1,0.688255,1
0,0,0.603167,1
2,2,0.992083,1
2,2,0.992321,1
0,0,0.614694,1
1,1,0.677552,1
0,1,0.707297,0
1,0,0.568725,0
0,0,0.989598,1
0,0,0.549192,1
1,1,0.663837,1
1,1,0.548803,1
0,0,0.98992,1
2,2,0.992345,1
1,0,0.562681,0
0,0,0.989671,1
0,0,0.989375,1
1,1,0.717687,1
0,0,0.989608,1
2,2,0.992321,1
0,0,0.990063,1
2,2,0.992413,1
0,0,0.989815,1
1,0,0.562312,0
0,0,0.98913,1
2,1,0.523567,0
0,0,0.99004,1
1,1,0.639674,1
2,1,0.666572,0
0,1,0.562675,0
0,0,0.579911,1
1,0,0.552176,0
0,0,0.614074,1
1,1,0.598081,1
1,0,0.539129,0
1,1,0.592361,1
0,0,0.990472,1
1,0,0.54866,0
1,1,0.703295,1
2,1,0.571683,0
0,0,0.989249,1
0,0,0.988608,1
2,2,0.992161,1
2,2,0.992033,1
0,0,0.61364,1
0,0,0.98956,1
2,2,0.992293,1
2,2,0.992229,1
1,1,0.690307,1
1,0,0.504798,0
0,0,0.559674,1
1,1,0.716746,1
0,0,0.57583,1
2,1,0.600777,0
0,0,0.988183,1
2,2,0.992457,1
0,1,0.66219,0
0,0,0.989169,1
2,2,0.992374,1
2,2,0.992182,1
2,2,0.992542,1
0,0,0.989105,1
0,0,0.989747,1
2,1,0.558214,0
2,1,0.553922,0
0,0,0.645054,1
1,1,0.656882,1
2,2,0.992517,1
1,0,0.552662,0
1,1,0.669771,1
1,1,0.701686,1
1,0,0.539242,0
0,0,0.573824,1
2,1,0.554526,0
2,2,0.992379,1
1,1,0.655343,1
2,2,0.992395,1
1,0,0.537112,0
1,1,0.611146,1
1,1,0.710452,1
2,2,0.992375,1
0,0,0.988804,1
0,1,0.60619,0
2,2,0.99219,1
0,0,0.989578,1
1,1,0.551335,1
0,1,0.545392,0
1,0,0.522451,0
1,0,0.536669,0
0,0,0.98763,1
0,0,0.989637,1
1,1,0.531263,1
2,1,0.595769,0
2,2,0.992242,1
1,1,0.536057,1
0,0,0.990351,1
0,0,0.988722,1
1,1,0.616894,1
2,2,0.99217,1
2,2,0.992526,1
1,1,0.653403,1
2,2,0.518909,1
0,0,0.560743,1
1,1,0.498908,1
2,1,0.595769,0
0,0,0.579773,1
1,1,0.587747,1
2,1,0.599075,0
2,2,0.992435,1
2,2,0.992231,1
1,0,0.548751,0
1,1,0.526833,1
0,0,0.581878,1
1,1,0.65415,1
2,2,0.992287,1
1,1,0.554728,1
2,1,0.601567,0
1,1,0.657547,1
2,1,0.5678,0
1,1,0.598908,1
1,1,0.56147,1
1,0,0.537266,0
2,2,0.992513,1
1,0,0.535434,0
0,0,0.989468,1
1,0,0.543207,0
1,1,0.644213,1
0,1,0.721085,0
1,1,0.633047,1
2,2,0.992402,1
1,1,0.580913,1
2,1,0.525632,0
1,0,0.525635,0
2,2,0.992496,1
1,1,0.766419,1
0,0,0.585374,1
0,1,0.550251,0
1,1,0.638704,1
0,1,0.534796,0
2,2,0.992261,1
1,0,0.578666,0
0,0,0.621892,1
1,1,0.665918,1
0,0,0.990232,1
0,0,0.989853,1
1,1,0.673905,1
2,2,0.992412,1
1,1,0.752207,1
1,0,0.530932,0
2,2,0.992321,1
2,2,0.992212,1
2,1,0.75485,0
0,1,0.606158,0
0,0,0.989186,1
2,2,0.992431,1
0,1,0.652637,0
1,0,0.510092,0
0,0,0.989141,1
2,2,0.992265,1
2,2,0.992228,1
2,2,0.992196,1
1,1,0.677552,1
1,1,0.519878,1
0,0,0.600423,1
1,1,0.653616,1
2,1,0.584751,0
1,1,0.610032,1
1,0,0.531795,0
0,1,0.736065,0
2,1,0.59803,0
0,1,0.744335,0
0,0,0.560681,1
0,1,0.593261,0
1,1,0.564625,1
1,1,0.629323,1
0,0,0.990483,1
1,0,0.538433,0
0,0,0.564577,1
2,2,0.992322,1
0,0,0.989469,1
1,1,0.586949,1
0,0,0.989251,1
1,1,0.597146,1
0,0,0.988261,1
2,1,0.540359,0
0,0,0.990055,1
1,1,0.61612,1
1,1,0.608481,1
2,1,0.617625,0
0,0,0.98976,1
1,1,0.530453,1
0,0,0.988858,1
2,1,0.562505,0
0,0,0.585334,1
2,2,0.9924,1
0,1,0.73647,0
0,0,0.989531,1
2,2,0.992319,1
2,1,0.575229,0
1,1,0.692314,1
0,0,0.990297,1
0,0,0.646996,1
1,0,0.536883,0
2,2,0.992382,1
1,1,0.651727,1
2,2,0.992128,1
2,2,0.992346,1
1,1,0.681688,1
0,0,0.638611,1
0,1,0.698755,0
2,2,0.992151,1
2,2,0.992306,1
0,0,0.98905,1
0,0,0.989391,1
1,0,0.513419,0
2,1,0.690024,0
1,0,0.545453,0
0,0,0.988603,1
0,0,0.565301,1
2,2,0.992232,1
1,0,0.529324,0
1,1,0.755693,1
1,1,0.57321,1
1,1,0.611151,1
0,0,0.586797,1
0,0,0.989208,1
0,0,0.988911,1
1,1,0.621686,1
2,2,0.992484,1
0,0,0.576479,1
1,1,0.692024,1
1,0,0.52782,0
1,1,0.643309,1
0,0,0.988229,1
0,0,0.611671,1
0,0,0.98922,1
0,0,0.989978,1
0,0,0.588181,1
2,1,0.68603,0
0,0,0.990461,1
0,0,0.588966,1
0,1,0.669422,0
2,2,0.992219,1
2,1,0.485657,0
1,0,0.537947,0
1,1,0.628316,1
1,1,0.693457,1
1,0,0.515371,0
2,2,0.992395,1
1,1,0.513025,1
2,2,0.99245,1
0,0,0.989602,1
0,0,0.581731,1
2,2,0.992432,1
1,1,0.667204,1
0,0,0.616684,1
2,1,0.563003,0
1,1,0.505076,1
1,1,0.630656,1
2,2,0.99251,1
1,1,0.660141,1
0,0,0.987871,1
2,1,0.523191,0
0,0,0.989392,1
0,0,0.989658,1
2,1,0.549629,0
2,2,0.992523,1
1,1,0.678214,1
0,0,0.989831,1
0,1,0.602377,0
1,1,0.53561,1
1,1,0.535462,1
1,0,0.527923,0
2,2,0.992359,1
2,1,0.546084,0
1,1,0.638692,1
2,1,0.63985,0
1,1,0.636821,1
1,1,0.601603,1
2,2,0.992527,1
0,0,0.989582,1
1,0,0.515653,0
2,1,0.630304,0
0,1,0.700849,0
1,1,0.561149,1
0,0,0.988901,1
2,1,0.619119,0
1,1,0.596549,1
1,1,0.639344,1
1,1,0.613924,1
1,1,0.665641,1
0,0,0.989548,1
2,2,0.992242,1
1,1,0.587747,1
2,2,0.99226,1
2,2,0.99224,1
1,0,0.539129,0
0,0,0.990433,1
1,1,0.709926,1
0,0,0.607983,1
1,0,0.538333,0
0,0,0.614644,1
2,1,0.72219,0
2,2,0.992364,1
2,2,0.992201,1
1,0,0.540265,0
0,0,0.562924,1
2,2,0.992339,1
1,1,0.590345,1
0,0,0.604031,1
0,0,0.598853,1
1,0,0.52468,0
0,0,0.990242,1
2,2,0.992334,1
1,1,0.544388,1
2,2,0.99226,1
1,1,0.629657,1
1,1,0.541696,1
0,0,0.624044,1
1,1,0.561697,1
1,1,0.545173,1
1,1,0.653616,1
0,1,0.530239,0
0,0,0.98975,1
1,1,0.562069,1
1,0,0.531066,0
0,0,0.988493,1
2,1,0.620263,0
1,1,0.650633,1
1,1,0.724488,1
1,1,0.613151,1
1,0,0.517874,0
1,1,0.724488,1
0,0,0.99022,1
1,0,0.515371,0
0,1,0.714074,0
1,1,0.699889,1
0,0,0.554699,1
0,0,0.548736,1
0,0,0.590164,1
1,1,0.67598,1
0,0,0.592967,1
2,2,0.992212,1
0,0,0.989328,1
0,0,0.989325,1
1,1,0.592408,1
2,1,0.502219,0
1,0,0.533163,0
2,2,0.992375,1
0,0,0.989569,1
2,2,0.992476,1
2,2,0.992253,1
0,0,0.552299,1
2,2,0.99246,1
2,2,0.990842,1
0,0,0.990177,1
2,2,0.992357,1
1,1,0.691159,1
2,2,0.992248,1
0,0,0.988892,1
1,1,0.638704,1
0,1,0.713794,0
2,2,0.992047,1
2,1,0.723015,0
1,1,0.655579,1
2,1,0.57539,0
1,1,0.655026,1
0,0,0.578903,1
1,1,0.734116,1
2,2,0.992376,1
1,1,0.740296,1
1,1,0.55253,1
1,1,0.550768,1
1,1,0.74706,1
1,1,0.637109,1
2,2,0.99245,1
1,1,0.461805,1
2,2,0.992225,1
1,0,0.51058,0
1,0,0.524125,0
1,0,0.532902,0
2,2,0.992424,1
2,2,0.992292,1
1,0,0.514396,0
1,1,0.689026,1
2,1,0.638561,0
0,0,0.989277,1
1,1,0.49122,1
0,1,0.671536,0
1,0,0.517016,0
1,0,0.549785,0
1,1,0.672904,1
1,1,0.739984,1
1,1,0.638692,1
0,0,0.989443,1
1,1,0.70671,1
1,0,0.560766,0
0,0,0.988402,1
1,1,0.638704,1
0,0,0.636953,1
0,0,0.989812,1
0,0,0.989893,1
0,0,0.605426,1
1,0,0.524574,0
2,1,0.502465,0
2,2,0.992193,1
2,1,0.542101,0
1,1,0.45022,1
0,1,0.604879,0
1,1,0.654958,1
1,0,0.544632,0
1,0,0.552662,0
1,1,0.739208,1
1,1,0.671163,1
1,1,0.659483,1
0,0,0.583239,1
0,1,0.511663,0
0,0,0.9897,1
2,2,0.992259,1
2,2,0.992451,1
0,0,0.586513,1
0,0,0.613749,1
1,1,0.665641,1
1,1,0.72053,1
0,0,0.572451,1
1,0,0.527904,0
2,2,0.99237,1
0,0,0.988948,1
1,1,0.633491,1
2,2,0.992401,1
0,0,0.613418,1
2,1,0.544135,0
0,0,0.989366,1
1,1,0.610923,1
0,1,0.602158,0
0,1,0.595799,0
2,2,0.992491,1
0,0,0.54323,1
2,2,0.992301,1
2,2,0.992082,1
0,0,0.623519,1
1,1,0.678214,1
2,2,0.992254,1
0,0,0.572401,1
2,2,0.992297,1
0,1,0.67778,0
1,0,0.561126,0
2,2,0.99229,1
2,2,0.992436,1
1,1,0.608819,1
0,1,0.567878,0
0,0,0.98925,1
1,1,0.644213,1
2,2,0.992403,1
2,2,0.992379,1
0,0,0.591266,1
2,1,0.520826,0
0,0,0.989462,1
1,1,0.519878,1
1,1,0.610519,1
0,0,0.562843,1
0,1,0.681921,0
0,0,0.533538,1
1,0,0.528602,0
1,1,0.718258,1
0,0,0.57606,1
2,1,0.48567,0
2,2,0.992164,1
2,2,0.992394,1
1,1,0.736549,1
1,0,0.536669,0
1,1,0.636821,1
2,2,0.992355,1
1,1,0.512944,1
0,0,0.619286,1
1,0,0.518128,0
2,2,0.992347,1
2,2,0.992412,1
2,2,0.992461,1
2,2,0.992303,1
2,2,0.992242,1
0,0,0.989057,1
0,1,0.761878,0
2,2,0.99232,1
2,1,0.599462,0
0,0,0.989535,1
1,0,0.550118,0
1,1,0.548803,1
1,1,0.58758,1
2,1,0.475969,0
2,2,0.992423,1
0,0,0.990663,1
2,2,0.992499,1
2,2,0.992394,1
1,0,0.518811,0
0,0,0.594711,1
2,1,0.656071,0
1,1,0.67649,1
1,1,0.640803,1
0,0,0.989207,1
2,1,0.715228,0
1,1,0.734782,1
0,0,0.990194,1
1,0,0.537789,0
2,2,0.992511,1
1,1,0.513025,1
2,2,0.992214,1
0,0,0.59171,1
2,2,0.992395,1
2,1,0.62289,0
2,1,0.554827,0
2,1,0.665994,0
1,1,0.596927,1
1,1,0.547597,1
0,0,0.989413,1
2,2,0.99226,1
1,0,0.544197,0
1,1,0.639478,1
2,2,0.992295,1
0,0,0.989392,1
2,1,0.508287,0
2,2,0.992278,1
2,2,0.992237,1
1,1,0.725318,1
1,1,0.719858,1
1,1,0.710118,1
1,0,0.513925,0
0,0,0.990081,1
2,2,0.992506,1
2,2,0.992324,1
0,1,0.712393,0
0,0,0.560933,1
2,2,0.992445,1
2,1,0.571597,0
0,0,0.989684,1
2,2,0.992356,1
0,0,0.98968,1
1,0,0.557211,0
0,1,0.562573,0
1,1,0.543746,1
0,0,0.99032,1
1,0,0.511239,0
1,1,0.606413,1
1,0,0.561707,0
2,1,0.568046,0
0,0,0.603464,1
1,1,0.752111,1
2,2,0.992197,1
0,0,0.990058,1
2,2,0.99218,1
0,0,0.989718,1
0,0,0.990168,1
0,0,0.988909,1
2,2,0.992305,1
2,2,0.992113,1
0,0,0.58254,1
0,0,0.989938,1
2,2,0.992345,1
0,0,0.562977,1
0,0,0.56786,1
0,0,0.990326,1
2,2,0.992569,1
1,1,0.68843,1
1,0,0.54526,0
1,1,0.733353,1
2,2,0.992417,1
2,2,0.992173,1
1,0,0.551608,0
1,1,0.634359,1
0,0,0.990284,1
0,1,0.608777,0
2,2,0.991986,1
1,1,0.71859,1
1,0,0.520221,0
2,2,0.992462,1
1,0,0.524661,0
2,2,0.992414,1
1,1,0.678916,1
1,1,0.63667,1
1,1,0.68843,1
0,0,0.619079,1
0,0,0.988935,1
2,2,0.992432,1
1,1,0.603429,1
2,2,0.992312,1
1,1,0.657148,1
1,0,0.540423,0
2,2,0.992387,1
1,0,0.538333,0
2,2,0.992375,1
0,0,0.989887,1
0,0,0.989417,1
0,0,0.988416,1
2,2,0.992322,1
1,1,0.56053,1
1,1,0.65459,1
0,0,0.989174,1
1,0,0.53297,0
1,0,0.528098,0
1,1,0.717685,1
1,1,0.732014,1
0,1,0.535357,0
1,1,0.627128,1
0,0,0.989584,1
1,1,0.59423,1
1,1,0.642977,1
0,0,0.613736,1
0,0,0.989511,1
2,2,0.992244,1
2,2,0.992436,1
2,2,0.992032,1
0,0,0.989437,1
1,1,0.644662,1
0,0,0.989272,1
2,2,0.992154,1
1,1,0.76849,1
1,0,0.528098,0
0,0,0.98938,1
0,0,0.989526,1
1,1,0.587237,1
2,2,0.992331,1
1,1,0.629026,1
0,0,0.598035,1
2,2,0.992231,1
2,2,0.992407,1
1,1,0.653169,1
0,0,0.520639,1
0,0,0.608273,1
2,2,0.991976,1
0,0,0.989783,1
2,2,0.992318,1
0,0,0.988073,1
2,2,0.992153,1
2,1,0.603222,0
1,1,0.512944,1
1,1,0.643744,1
0,0,0.989093,1
0,0,0.539492,1
2,2,0.992494,1
2,2,0.992352,1
0,0,0.989763,1
0,0,0.546541,1
2,2,0.992372,1
2,2,0.992336,1
1,1,0.654958,1
0,0,0.594151,1
2,2,0.992537,1
2,1,0.571453,0
1,1,0.703947,1
1,1,0.554235,1
1,1,0.517804,1
2,1,0.673564,0
1,1,0.603325,1
0,0,0.633656,1
2,2,0.992285,1
0,0,0.988864,1
0,1,0.541401,0
2,2,0.992114,1
0,0,0.990241,1
1,1,0.603944,1
1,1,0.549917,1
2,1,0.59119,0
1,0,0.536883,0
2,2,0.992256,1
1,1,0.55253,1
0,1,0.617009,0
0,1,0.723266,0
1,1,0.602809,1
0,0,0.646785,1
0,1,0.488922,0
1,1,0.738881,1
0,0,0.989449,1
1,1,0.530275,1
2,2,0.992521,1
2,2,0.992379,1
1,0,0.516531,0
2,2,0.992483,1
2,2,0.992233,1
1,0,0.542852,0
2,2,0.992278,1
2,2,0.992311,1
2,2,0.992569,1
1,0,0.535487,0
0,0,0.574805,1
1,1,0.665408,1
1,1,0.665008,1
0,0,0.635803,1
1,1,0.605318,1
2,2,0.992334,1
1,0,0.537947,0
1,1,0.606521,1
0,0,0.988916,1
0,0,0.638206,1
0,1,0.483197,0
0,0,0.612094,1
0,0,0.989831,1
0,0,0.989895,1
0,0,0.989869,1
0,0,0.990141,1
2,2,0.992296,1
2,2,0.992296,1
1,0,0.540737,0
0,0,0.989903,1
0,0,0.585471,1
0,0,0.576121,1
0,1,0.560226,0
2,2,0.992067,1
0,0,0.989698,1
1,1,0.73201,1
0,0,0.989364,1
2,1,0.686756,0
0,1,0.56393,0
1,0,0.513419,0
1,1,0.611397,1
0,0,0.574322,1
0,0,0.990108,1
2,1,0.530917,0
0,0,0.588741,1
1,0,0.55351,0
0,1,0.641183,0
0,0,0.989893,1
1,0,0.557211,0
0,0,0.612681,1
1,1,0.616284,1
2,2,0.992344,1
2,2,0.992399,1
1,1,0.641,1
2,1,0.595093,0
0,0,0.989214,1
0,1,0.617133,0
1,0,0.540195,0
0,1,0.708089,0
0,1,0.613033,0
1,0,0.521577,0
0,0,0.989281,1
1,1,0.692024,1
1,1,0.629274,1
1,1,0.564894,1
2,1,0.58127,0
2,2,0.992234,1
0,0,0.627587,1
0,0,0.566608,1
0,0,0.989666,1
2,2,0.992396,1
2,2,0.992423,1
2,2,0.992375,1
2,2,0.992201,1
0,0,0.565339,1
1,1,0.542647,1
1,0,0.547506,0
0,1,0.67329,0
2,2,0.992341,1
0,0,0.607136,1
0,0,0.612647,1
1,1,0.639452,1
0,0,0.989166,1
0,0,0.558322,1
1,0,0.537112,0
0,0,0.609721,1
1,1,0.608509,1
2,2,0.992407,1
0,1,0.698325,0
0,0,0.989208,1
2,2,0.992119,1
2,1,0.617625,0
1,1,0.59423,1
0,0,0.557453,1
1,1,0.443046,1
0,0,0.579845,1
1,1,0.646801,1
1,1,0.672904,1
0,0,0.989453,1
0,0,0.547174,1
1,1,0.698064,1
0,0,0.989668,1
0,1,0.629325,0
0,0,0.571469,1
1,0,0.515653,0
2,2,0.992446,1
2,2,0.992249,1
1,1,0.70425,1
2,2,0.992237,1
1,0,0.551903,0
1,0,0.536395,0
2,1,0.622794,0
2,2,0.992333,1
1,1,0.562069,1
1,0,0.519241,0
0,1,0.719843,0
1,0,0.54094,0
0,1,0.619026,0
2,2,0.992022,1
0,0,0.990571,1
2,2,0.992341,1
2,1,0.673877,0
2,2,0.992067,1
0,0,0.990209,1
1,1,0.623496,1
0,0,0.989697,1
1,1,0.710674,1
0,0,0.989294,1
2,1,0.508209,0
2,2,0.992414,1
1,1,0.65459,1
0,0,0.606222,1
2,2,0.99246,1
0,0,0.990224,1
2,1,0.607721,0
0,0,0.617479,1
1,1,0.676356,1
2,2,0.992165,1
2,2,0.992387,1
2,2,0.992487,1
2,2,0.992038,1
2,2,0.992197,1
2,2,0.992246,1
0,1,0.616793,0
0,0,0.98798,1
0,0,0.598831,1
1,0,0.508782,0
0,0,0.989441,1
2,2,0.992185,1
0,0,0.989956,1
0,0,0.989437,1
0,0,0.559069,1
1,0,0.532255,0
1,1,0.646383,1
2,2,0.992296,1
1,1,0.561697,1
0,0,0.990025,1
0,0,0.990059,1
2,2,0.992421,1
2,2,0.992392,1
1,1,0.790549,1
1,1,0.60441,1
1,0,0.531375,0
1,1,0.741056,1
0,0,0.989692,1
1,0,0.528402,0
1,1,0.668087,1
0,0,0.989492,1
2,1,0.511999,0
1,1,0.485088,1
2,2,0.992407,1
1,1,0.665008,1
0,0,0.989322,1
1,1,0.671163,1
1,0,0.528402,0
0,0,0.603911,1
2,1,0.570907,0
2,2,0.992023,1
2,1,0.559992,0
0,0,0.989778,1
0,0,0.989853,1
2,2,0.992312,1
0,0,0.564943,1
0,0,0.99008,1
1,1,0.727297,1
1,0,0.564699,0
2,2,0.992166,1
2,2,0.992069,1
1,0,0.520945,0
2,2,0.992451,1
1,1,0.680312,1
0,0,0.622539,1
1,1,0.628319,1
0,0,0.564055,1
0,0,0.657643,1
2,2,0.99214,1
0,0,0.990034,1
1,1,0.636821,1
0,0,0.570465,1
0,0,0.572779,1
1,1,0.720268,1
2,1,0.544261,0
0,0,0.988955,1
0,0,0.623076,1
0,0,0.563577,1
0,1,0.557794,0
0,0,0.990005,1
1,0,0.540195,0
2,2,0.992592,1
1,1,0.766156,1
0,0,0.989584,1
1,1,0.654721,1
0,0,0.595894,1
0,0,0.572741,1
1,1,0.56798,1
2,1,0.599369,0
1,0,0.515774,0
0,0,0.989863,1
2,2,0.992138,1
2,2,0.99224,1
1,1,0.531792,1
0,0,0.579865,1
0,0,0.99001,1
1,1,0.624044,1
0,0,0.990157,1
2,2,0.992194,1
2,2,0.992354,1
2,2,0.99232,1
2,2,0.99239,1
1,0,0.54302,0
1,1,0.729981,1
0,0,0.589375,1
2,2,0.992429,1
2,2,0.9924,1
2,2,0.99249,1
2,1,0.605865,0
0,0,0.989109,1
1,1,0.748633,1
2,2,0.992288,1
0,0,0.560609,1
0,0,0.989801,1
0,0,0.988262,1
2,1,0.697637,0
1,1,0.740373,1
1,0,0.533724,0
2,2,0.992208,1
2,1,0.607721,0
2,1,0.687982,0
0,0,0.989359,1
1,1,0.708843,1
0,0,0.579306,1
1,0,0.521577,0
2,2,0.992341,1
2,2,0.992369,1
2,2,0.992256,1
0,0,0.989275,1
0,0,0.630385,1
1,1,0.599413,1
0,0,0.990108,1
2,2,0.992336,1
0,0,0.565281,1
1,1,0.49122,1
1,1,0.644361,1
2,2,0.992262,1
2,1,0.523567,0
2,1,0.583885,0
2,2,0.992284,1
1,1,0.513111,1
2,2,0.99226,1
0,0,0.990003,1
1,0,0.538333,0
2,1,0.560488,0
1,1,0.720586,1
1,0,0.531066,0
1,1,0.669369,1
0,1,0.548632,0
0,1,0.706875,0
1,1,0.746756,1
1,1,0.620999,1
0,0,0.604581,1
0,0,0.990387,1
0,0,0.988689,1
2,2,0.529485,1
0,0,0.545147,1
2,1,0.516176,0
1,1,0.606521,1
2,1,0.72219,0
1,0,0.536766,0
0,1,0.622332,0
2,2,0.992213,1
2,2,0.992462,1
2,2,0.99224,1
1,0,0.521516,0
1,1,0.713585,1
1,1,0.71112,1
2,2,0.99245,1
1,1,0.733809,1
0,0,0.989073,1
0,1,0.587106,0
1,0,0.520995,0
0,0,0.989614,1
1,1,0.744428,1
2,2,0.992422,1
2,2,0.992432,1
1,0,0.517517,0
1,1,0.568785,1
0,0,0.560201,1
1,0,0.517242,0
1,0,0.537947,0
0,1,0.632758,0
0,0,0.561333,1
2,2,0.992196,1
1,1,0.690802,1
1,1,0.605913,1
2,2,0.992317,1
0,1,0.563985,0
1,1,0.644361,1
1,1,0.745743,1
0,0,0.538621,1
2,2,0.992412,1
2,1,0.595769,0
1,0,0.533724,0
0,1,0.765149,0
1,0,0.500815,0
1,1,0.676402,1
0,0,0.626675,1
0,0,0.624609,1
1,1,0.692325,1
1,1,0.56178,1
0,0,0.988744,1
0,0,0.556845,1
2,2,0.992215,1
0,1,0.667518,0
1,1,0.637673,1
2,2,0.992314,1
0,0,0.643933,1
1,1,0.562276,1
0,0,0.990735,1
1,1,0.678214,1
2,2,0.992174,1
2,1,0.617036,0
2,1,0.46794,0
2,2,0.992467,1
0,0,0.555074,1
2,2,0.992334,1
2,2,0.992275,1
1,1,0.511118,1
2,2,0.992176,1
0,0,0.989849,1
2,2,0.992073,1
1,1,0.766156,1
0,0,0.98755,1
1,1,0.5806,1
0,0,0.580298,1
1,0,0.547604,0
2,2,0.992562,1
2,2,0.992246,1
0,0,0.989566,1
2,2,0.9923,1
0,0,0.989958,1
2,1,0.558214,0
2,2,0.992478,1
2,2,0.992108,1
1,1,0.629274,1
2,1,0.558092,0
2,2,0.992532,1
2,1,0.726487,0
1,1,0.674886,1
1,1,0.735442,1
0,0,0.591032,1
0,0,0.98962,1
0,0,0.989736,1
1,1,0.539253,1
1,1,0.570541,1
2,2,0.992541,1
0,0,0.576856,1
0,0,0.989999,1
1,1,0.610349,1
0,0,0.989507,1
0,0,0.577016,1
0,0,0.599879,1
1,1,0.741496,1
1,1,0.729145,1
0,1,0.632329,0
0,1,0.652276,0
0,0,0.610592,1
1,1,0.568426,1
0,0,0.597166,1
0,1,0.775988,0
1,0,0.528661,0
1,1,0.695442,1
0,0,0.524511,1
0,0,0.989401,1
0,0,0.553679,1
2,2,0.992225,1
2,2,0.99225,1
0,0,0.989499,1
2,2,0.992253,1
0,0,0.549223,1
2,2,0.992237,1
2,2,0.992312,1
0,0,0.989909,1
0,0,0.638244,1
0,0,0.990042,1
0,0,0.599565,1
1,0,0.551073,0
1,1,0.705309,1
1,1,0.776809,1
1,1,0.644361,1
0,1,0.621272,0
0,0,0.989126,1
1,1,0.699933,1
0,1,0.52648,0
1,1,0.611151,1
0,1,0.583755,0
0,0,0.989846,1
0,0,0.98873,1
1,1,0.725318,1
0,1,0.636914,0
0,0,0.595612,1
2,2,0.992389,1
0,0,0.988117,1
0,0,0.989296,1
0,0,0.989309,1
1,0,0.51979,0
0,0,0.643047,1
2,1,0.513049,0
0,0,0.989743,1
2,2,0.992347,1
0,0,0.989245,1
1,1,0.630496,1
0,0,0.574103,1
0,1,0.626752,0
0,0,0.624401,1
1,1,0.607915,1
0,0,0.622029,1
1,0,0.544197,0
1,1,0.540991,1
0,0,0.989707,1
0,0,0.990026,1
0,0,0.581505,1
0,0,0.989709,1
1,1,0.627128,1
1,0,0.53912,0
1,1,0.665008,1
0,1,0.691859,0
1,1,0.61005,1
0,0,0.565726,1
2,2,0.992296,1
2,1,0.539723,0
2,1,0.686571,0
0,0,0.613527,1
0,0,0.989448,1
1,0,0.543523,0
1,1,0.642977,1
2,2,0.992403,1
2,2,0.992174,1
1,1,0.710118,1
0,0,0.57508,1
1,1,0.593844,1
2,2,0.992432,1
0,0,0.99048,1
1,0,0.572653,0
0,0,0.98935,1
2,2,0.992259,1
2,2,0.99224,1
1,1,0.531604,1
1,0,0.527732,0
0,0,0.990342,1
1,1,0.593562,1
0,0,0.614459,1
0,1,0.666417,0
2,2,0.992227,1
0,0,0.98963,1
2,2,0.992319,1
0,0,0.989681,1
2,1,0.5358,0
2,2,0.992312,1
0,0,0.54022,1
1,1,0.608819,1
1,1,0.50648,1
2,2,0.992382,1
2,1,0.593474,0
0,0,0.576247,1
0,0,0.990005,1
0,0,0.989782,1
2,1,0.542372,0
2,2,0.992569,1
0,0,0.988856,1
1,0,0.517401,0
0,0,0.989849,1
1,1,0.765188,1
0,0,0.990377,1
2,2,0.992509,1
0,0,0.565782,1
1,0,0.550118,0
1,1,0.726831,1
1,1,0.557195,1
2,1,0.625922,0
2,1,0.577394,0
2,2,0.992498,1
1,0,0.528848,0
1,1,0.574355,1
1,1,0.606413,1
0,0,0.635736,1
0,0,0.98967,1
1,1,0.558495,1
0,0,0.582296,1
2,2,0.99203,1
0,0,0.61606,1
0,0,0.60397,1
1,1,0.71043,1
1,1,0.672904,1
2,2,0.992413,1
0,0,0.988603,1
2,2,0.991939,1
2,2,0.992246,1
2,2,0.992296,1
2,1,0.479521,0
0,0,0.617719,1
1,1,0.701968,1
0,0,0.98978,1
2,2,0.992332,1
2,1,0.542372,0
2,1,0.548494,0
0,1,0.672665,0
2,1,0.556657,0
2,2,0.992464,1
0,0,0.56945,1
2,2,0.992246,1
1,1,0.606637,1
2,1,0.677994,0
2,2,0.99236,1
1,0,0.520945,0
0,0,0.606872,1
2,2,0.992281,1
2,2,0.992295,1
2,1,0.627872,0
2,2,0.992155,1
2,1,0.535266,0
1,1,0.738881,1
0,1,0.565605,0
0,0,0.989661,1
1,1,0.656458,1
1,0,0.510092,0
2,1,0.579508,0
2,2,0.992261,1
2,2,0.992217,1
1,1,0.653945,1
0,1,0.60419,0
2,2,0.992396,1
0,0,0.5536,1
1,1,0.664765,1
2,1,0.62116,0
1,1,0.716372,1
2,2,0.992305,1
1,0,0.51979,0
2,2,0.992378,1
2,2,0.992417,1
0,0,0.99001,1
0,0,0.581035,1
1,1,0.709661,1
1,1,0.665364,1
1,0,0.540423,0
0,0,0.597799,1
2,2,0.992293,1
2,2,0.992213,1
0,0,0.990362,1
2,1,0.569299,0
2,1,0.605475,0
2,2,0.992562,1
1,1,0.511118,1
0,0,0.989836,1
1,1,0.713617,1
1,1,0.705838,1
0,0,0.607329,1
1,0,0.53297,0
0,0,0.989502,1
1,1,0.739763,1
0,0,0.989331,1
0,0,0.989779,1
0,0,0.989733,1
2,2,0.99235,1
2,2,0.992193,1
2,2,0.992375,1
2,2,0.992284,1
0,0,0.990366,1
1,1,0.667204,1
1,1,0.748633,1
2,2,0.992353,1
2,2,0.99233,1
1,1,0.598731,1
1,0,0.535637,0
1,1,0.664707,1
1,1,0.738311,1
2,2,0.992372,1
2,2,0.992436,1
2,2,0.992204,1
0,0,0.990078,1
2,2,0.992232,1
1,1,0.68843,1
2,2,0.992215,1
2,2,0.992391,1
0,0,0.569229,1
0,0,0.989713,1
0,0,0.988389,1
0,0,0.990002,1
0,1,0.561093,0
0,1,0.608841,0
1,1,0.605599,1
0,0,0.631508,1
0,0,0.990592,1
1,0,0.535314,0
1,1,0.607449,1
0,0,0.632651,1
1,0,0.546282,0
1,0,0.549362,0
1,1,0.686724,1
0,0,0.98946,1
0,0,0.988902,1
2,2,0.992265,1
1,0,0.535637,0
0,0,0.990223,1
2,2,0.992281,1
2,2,0.992412,1
1,0,0.57061,0
2,2,0.99198,1
2,2,0.992409,1
1,1,0.681451,1
2,1,0.71585,0
0,0,0.989475,1
2,2,0.992383,1
1,0,0.566477,0
2,2,0.99242,1
0,0,0.989848,1
1,0,0.534674,0
1,0,0.52468,0
0,0,0.989337,1
0,1,0.56648,0
0,0,0.989659,1
1,1,0.632635,1
0,1,0.64838,0
1,1,0.703382,1
1,1,0.658664,1
2,1,0.585565,0
0,1,0.512977,0
2,2,0.99239,1
2,2,0.992399,1
0,0,0.988349,1
1,1,0.753669,1
0,1,0.671792,0
1,1,0.571565,1
2,2,0.992231,1
0,0,0.989414,1
2,2,0.992344,1
1,1,0.559721,1
1,1,0.63195,1
2,1,0.565656,0
0,0,0.987549,1
2,2,0.992197,1
2,2,0.992461,1
1,1,0.608509,1
1,1,0.562656,1
0,1,0.763727,0
1,1,0.493361,1
1,0,0.569322,0
1,1,0.715518,1
1,0,0.54302,0
2,2,0.992373,1
1,1,0.710674,1
0,0,0.990102,1
1,1,0.744436,1
1,1,0.494307,1
0,1,0.651435,0
1,0,0.54302,0
2,2,0.992479,1
2,1,0.513049,0
1,1,0.699689,1
2,2,0.992422,1
1,1,0.597016,1
0,0,0.549553,1
0,0,0.989999,1
2,2,0.992263,1
0,0,0.989509,1
0,0,0.989781,1
0,0,0.569982,1
0,0,0.990301,1
1,1,0.655895,1
1,1,0.703969,1
2,2,0.992272,1
2,1,0.599369,0
2,2,0.992399,1
1,1,0.554581,1
2,1,0.533022,0
1,1,0.608981,1
0,0,0.989369,1
2,2,0.992337,1
2,2,0.992246,1
1,1,0.561697,1
1,0,0.550418,0
0,1,0.722616,0
2,2,0.992002,1
2,1,0.578531,0
0,0,0.569815,1
0,0,0.988216,1
1,0,0.55351,0
1,1,0.71043,1
2,2,0.992295,1
0,0,0.989914,1
1,1,0.701968,1
1,1,0.592408,1
2,1,0.761721,0
1,1,0.757474,1
0,0,0.615749,1
0,0,0.99037,1
1,1,0.502356,1
2,2,0.99225,1
2,2,0.992298,1
0,0,0.989575,1
2,2,0.992112,1
2,1,0.510137,0
2,2,0.991791,1
0,0,0.989731,1
2,2,0.992428,1
2,2,0.99201,1
2,2,0.992436,1
0,1,0.565978,0
0,0,0.989782,1
0,0,0.560206,1
0,1,0.531721,0
1,1,0.622568,1
0,0,0.601284,1
2,2,0.992403,1
0,0,0.57081,1
1,0,0.533724,0
1,1,0.575619,1
2,2,0.992501,1
0,0,0.990215,1
1,1,0.488741,1
1,1,0.699498,1
1,1,0.682252,1
1,1,0.738881,1
0,1,0.742349,0
1,1,0.511119,1
2,2,0.992218,1
2,2,0.990842,1
2,2,0.992539,1
2,2,0.992328,1
2,2,0.992581,1
2,2,0.992389,1
0,0,0.580223,1
1,0,0.518782,0
0,0,0.569466,1
0,1,0.701119,0
1,1,0.610032,1
2,2,0.992289,1
2,1,0.548494,0
2,2,0.992309,1
2,1,0.554827,0
2,2,0.992215,1
0,0,0.989247,1
2,2,0.992388,1
2,2,0.992111,1
1,1,0.730265,1
2,2,0.992283,1
1,1,0.638692,1
1,0,0.523841,0
2,2,0.992537,1
1,0,0.544197,0
0,0,0.563174,1
1,0,0.528923,0
1,0,0.522594,0
2,2,0.992433,1
1,0,0.506863,0
1,0,0.532255,0
1,1,0.526771,1
2,1,0.641424,0
1,0,0.530932,0
2,1,0.53233,0
2,2,0.99195,1
1,1,0.685714,1
1,0,0.527392,0
1,0,0.524015,0
2,1,0.479521,0
0,0,0.989665,1
0,0,0.990029,1
0,0,0.989514,1
1,0,0.56168,0
1,1,0.567314,1
2,2,0.992153,1
2,1,0.618922,0
0,0,0.624321,1
2,1,0.514144,0
0,0,0.989732,1
1,1,0.603429,1
1,1,0.768952,1
0,0,0.990112,1
1,1,0.511022,1
1,1,0.526477,1
1,0,0.522141,0
0,0,0.990365,1
2,2,0.992263,1
1,1,0.643309,1
0,1,0.534847,0
0,0,0.989629,1
2,2,0.992311,1
2,2,0.992311,1
1,1,0.658149,1
2,1,0.63985,0
0,0,0.989182,1
0,1,0.561939,0
1,1,0.612896,1
1,1,0.568567,1
2,2,0.992319,1
2,1,0.551546,0
2,2,0.992296,1
1,0,0.496193,0
2,2,0.992031,1
0,0,0.582848,1
1,1,0.647934,1
2,2,0.992254,1
0,0,0.989623,1
0,0,0.575123,1
1,1,0.671163,1
0,1,0.717224,0
1,1,0.583889,1
1,1,0.61005,1
0,0,0.990368,1
1,1,0.606637,1
2,2,0.992012,1
2,2,0.992093,1
2,1,0.685412,0
0,0,0.990321,1
1,1,0.734782,1
0,0,0.987441,1
0,0,0.615716,1
0,0,0.989933,1
0,1,0.565072,0
1,1,0.664765,1
1,0,0.531375,0
0,0,0.99009,1
0,0,0.989781,1
2,2,0.992531,1
1,1,0.71112,1
1,1,0.612896,1
0,0,0.588897,1
2,2,0.992432,1
2,2,0.992373,1
1,0,0.516147,0
0,0,0.57672,1
0,0,0.569002,1
1,1,0.536057,1
2,1,0.523304,0
2,2,0.99235,1
0,0,0.543831,1
1,1,0.555239,1
2,1,0.604434,0
0,0,0.988913,1
1,1,0.645318,1
0,0,0.575168,1
1,1,0.5589,1
0,0,0.990404,1
2,2,0.992028,1
1,1,0.701968,1
2,1,0.593229,0
2,2,0.992422,1
2,2,0.992391,1
1,1,0.55253,1
0,0,0.585482,1
0,0,0.565118,1
2,2,0.992521,1
2,2,0.992232,1
2,2,0.992217,1
1,1,0.684657,1
0,0,0.989148,1
1,1,0.533843,1
0,1,0.613533,0
0,1,0.784573,0
0,1,0.508028,0
2,1,0.615017,0
0,0,0.989884,1
2,2,0.992185,1
0,0,0.989896,1
0,0,0.98782,1
2,1,0.558214,0
0,0,0.57375,1
1,1,0.639599,1
0,0,0.629977,1
1,1,0.644662,1
0,0,0.989833,1
0,0,0.989982,1
1,1,0.595283,1
0,0,0.989987,1
0,0,0.610397,1
0,0,0.556278,1
2,1,0.590516,0
0,0,0.594586,1
0,0,0.989933,1
0,0,0.989293,1
2,2,0.992212,1
2,2,0.992103,1
2,2,0.992269,1
0,0,0.988871,1
1,1,0.679345,1
0,0,0.989824,1
2,2,0.992423,1
1,1,0.670978,1
2,1,0.618528,0
2,2,0.99198,1
1,1,0.680537,1
0,0,0.989576,1
1,0,0.561126,0
1,1,0.54899,1
1,1,0.638704,1
0,0,0.989763,1
2,2,0.992317,1
1,1,0.651544,1
0,0,0.990232,1
2,2,0.992323,1
1,1,0.776809,1
1,1,0.630614,1
0,0,0.989435,1
1,1,0.574685,1
0,0,0.989197,1
0,0,0.9898,1
2,1,0.479521,0
0,0,0.572691,1
1,1,0.551299,1
2,2,0.992409,1
2,2,0.992125,1
1,1,0.738881,1
0,0,0.989157,1
2,1,0.693798,0
0,1,0.708882,0
2,1,0.548494,0
1,0,0.518128,0
0,0,0.635486,1
1,1,0.61612,1
1,1,0.588504,1
2,2,0.992205,1
2,2,0.992146,1
2,2,0.992288,1
1,0,0.539242,0
1,1,0.779767,1
0,0,0.989882,1
2,2,0.99236,1
0,0,0.990014,1
1,1,0.511022,1
0,0,0.611456,1
2,2,0.992145,1
2,2,0.992287,1
2,2,0.992461,1
2,1,0.629389,0
1,1,0.557195,1
2,2,0.99227,1
1,0,0.563495,0
1,1,0.644213,1
2,2,0.992375,1
0,0,0.583791,1
2,1,0.755433,0
1,1,0.554235,1
0,0,0.588371,1
1,0,0.545209,0
1,1,0.657547,1
1,0,0.549468,0
2,1,0.563003,0
0,0,0.989738,1
2,2,0.992179,1
0,0,0.988721,1
0,0,0.989401,1
1,1,0.617506,1
0,0,0.989218,1
1,1,0.709834,1
2,2,0.992239,1
0,0,0.990543,1
0,0,0.990381,1
2,2,0.992325,1
2,2,0.992396,1
0,0,0.990028,1
1,1,0.60604,1
2,1,0.567963,0
2,2,0.992461,1
1,1,0.654512,1
1,1,0.592361,1
0,0,0.58663,1
1,1,0.653929,1
1,0,0.517517,0
2,2,0.992164,1
1,1,0.590057,1
0,0,0.990052,1
0,0,0.989344,1
0,0,0.611122,1
0,0,0.988869,1
2,2,0.992233,1
2,2,0.992318,1
2,2,0.992429,1
0,1,0.602446,0
0,0,0.594437,1
1,1,0.584616,1
1,1,0.55253,1
0,0,0.98979,1
0,0,0.988599,1
2,2,0.992389,1
1,1,0.639599,1
2,2,0.992243,1
2,2,0.992355,1
2,1,0.493784,0
1,1,0.694723,1
1,1,0.50131,1
0,1,0.633375,0
1,1,0.507482,1
0,0,0.988654,1
1,1,0.607915,1
0,1,0.672538,0
1,1,0.703127,1
0,0,0.989559,1
1,1,0.753669,1
2,2,0.992314,1
0,0,0.989316,1
1,0,0.518303,0
2,2,0.992236,1
0,0,0.989384,1
0,0,0.988962,1
1,1,0.493361,1
2,2,0.992441,1
2,2,0.992277,1
2,1,0.530917,0
1,0,0.529284,0
0,0,0.989299,1
0,0,0.629151,1
1,0,0.542504,0
2,2,0.992338,1
1,0,0.549362,0
2,1,0.524958,0
2,1,0.605475,0
1,1,0.629824,1
0,0,0.989616,1
1,1,0.657148,1
0,0,0.99046,1
2,1,0.5154,0
0,0,0.569521,1
2,2,0.992332,1
2,2,0.992288,1
0,0,0.98899,1
0,0,0.575171,1
0,0,0.989776,1
1,1,0.592408,1
0,0,0.990435,1
2,1,0.504308,0
2,2,0.992441,1
0,0,0.989007,1
2,1,0.570907,0
2,2,0.992192,1
1,0,0.514396,0
0,1,0.740111,0
2,2,0.992399,1
2,2,0.992204,1
0,0,0.541624,1
2,2,0.992203,1
0,0,0.597014,1
0,0,0.989935,1
0,0,0.990442,1
0,0,0.989038,1
0,0,0.990533,1
1,1,0.558331,1
0,0,0.540644,1
2,2,0.992174,1
2,2,0.992379,1
1,0,0.528072,0
2,2,0.992407,1
2,2,0.992489,1
1,0,0.540653,0
0,1,0.70844,0
0,0,0.989367,1
0,0,0.989632,1
0,0,0.600506,1
0,0,0.989938,1
0,0,0.579767,1
1,1,0.561172,1
2,2,0.992324,1
0,1,0.569694,0
1,1,0.720586,1
0,0,0.562593,1
2,1,0.601567,0
0,0,0.989789,1
1,1,0.526771,1
0,0,0.990331,1
1,0,0.543523,0
1,1,0.60106,1
1,1,0.590329,1
2,2,0.992403,1
2,2,0.990979,1
2,2,0.99229,1
2,2,0.992449,1
1,1,0.602273,1
0,0,0.554468,1
2,2,0.992463,1
0,0,0.558682,1
2,2,0.992306,1
0,0,0.610841,1
0,0,0.989412,1
0,0,0.989182,1
1,0,0.568725,0
0,0,0.99035,1
2,1,0.629389,0
1,0,0.523083,0
1,0,0.51426,0
1,1,0.57321,1
1,1,0.768324,1
2,2,0.992383,1
1,1,0.680442,1
0,0,0.989744,1
1,1,0.664403,1
0,0,0.634278,1
2,2,0.992317,1
0,0,0.608105,1
1,1,0.702125,1
1,1,0.780669,1
1,0,0.530595,0
2,2,0.99198,1
2,2,0.992382,1
1,1,0.653101,1
2,2,0.992083,1
0,0,0.989613,1
1,0,0.520221,0
1,1,0.714487,1
2,1,0.612467,0
0,0,0.57307,1
0,1,0.625378,0
2,1,0.500421,0
0,0,0.628899,1
0,0,0.989857,1
1,1,0.566332,1
1,1,0.659483,1
0,0,0.620242,1
1,0,0.557211,0
2,2,0.992424,1
0,0,0.54923,1
0,0,0.579042,1
0,1,0.569055,0
0,0,0.98935,1
2,1,0.615908,0
1,1,0.755693,1
1,1,0.680442,1
0,0,0.990208,1
0,0,0.990003,1
1,1,0.637537,1
1,0,0.552176,0
2,2,0.99227,1
0,1,0.756546,0
2,2,0.992276,1
0,0,0.585462,1
2,2,0.992244,1
0,0,0.603453,1
1,0,0.521516,0
1,1,0.67598,1
0,1,0.685137,0
0,0,0.989947,1
0,1,0.664179,0
1,1,0.730304,1
0,0,0.605622,1
0,1,0.668908,0
2,2,0.992413,1
1,1,0.707836,1
0,1,0.720003,0
2,2,0.99218,1
2,1,0.74071,0
1,1,0.599743,1
1,1,0.550292,1
1,0,0.572653,0
2,2,0.992272,1
2,1,0.591462,0
0,0,0.586704,1
0,0,0.569984,1
2,1,0.591052,0
2,1,0.504624,0
1,1,0.666957,1
2,2,0.992527,1
2,2,0.992413,1
2,2,0.992411,1
1,1,0.57022,1
2,2,0.992189,1
0,0,0.617152,1
0,0,0.567785,1
2,1,0.638743,0
0,0,0.650289,1
2,1,0.616785,0
0,0,0.573157,1
0,0,0.578752,1
1,0,0.536563,0
2,2,0.48025,1
1,1,0.551762,1
0,1,0.699629,0
2,2,0.992465,1
1,1,0.555239,1
2,2,0.992193,1
1,1,0.511118,1
1,0,0.547842,0
2,1,0.568704,0
2,2,0.992365,1
1,1,0.753194,1
0,0,0.989262,1
1,1,0.551335,1
2,1,0.675017,0
0,0,0.989849,1
2,2,0.991923,1
0,1,0.600267,0
1,0,0.511916,0
0,1,0.549658,0
0,0,0.553086,1
1,1,0.639344,1
0,0,0.989784,1
1,1,0.768324,1
2,2,0.992417,1
0,0,0.988488,1
0,0,0.989653,1
2,2,0.992309,1
0,0,0.989929,1
0,0,0.593191,1
2,2,0.992249,1
2,1,0.520683,0
2,2,0.992597,1
0,0,0.609304,1
2,2,0.992299,1
2,2,0.99239,1
1,0,0.521516,0
0,0,0.530185,1
2,1,0.540359,0
0,0,0.586752,1
1,1,0.602443,1
1,0,0.536883,0
2,1,0.588145,0
0,0,0.586925,1
2,2,0.992375,1
2,2,0.992344,1
0,0,0.989438,1
2,2,0.992445,1
1,2,0.464999,0
2,2,0.992306,1
0,0,0.587609,1
1,0,0.545209,0
0,0,0.60635,1
2,1,0.623606,0
1,0,0.528775,0
1,1,0.699498,1
2,1,0.618528,0
0,1,0.635682,0
0,0,0.989477,1
1,1,0.736549,1
1,0,0.543632,0
1,0,0.533724,0
0,0,0.989167,1
0,0,0.559338,1
2,1,0.438195,0
0,0,0.990212,1
1,1,0.74706,1
2,2,0.992114,1
2,2,0.992275,1
2,2,0.992436,1
1,0,0.510092,0
2,2,0.99231,1
0,0,0.988396,1
1,0,0.515712,0
1,1,0.768952,1
2,2,0.992256,1
1,1,0.701188,1
1,1,0.598731,1
2,2,0.992409,1
1,1,0.555555,1
1,0,0.529938,0
0,0,0.989569,1
0,0,0.989311,1
0,0,0.58373,1
0,0,0.586253,1
2,2,0.99251,1
1,1,0.742872,1
0,0,0.622911,1
2,2,0.992446,1
0,0,0.990085,1
0,0,0.989504,1
0,1,0.485459,0
2,2,0.992461,1
0,0,0.584822,1
1,1,0.551762,1
1,1,0.590057,1
1,1,0.660844,1
0,0,0.619441,1
2,1,0.560488,0
2,1,0.607229,0
1,1,0.570477,1
1,1,0.63667,1
0,0,0.989551,1
0,0,0.988957,1
1,1,0.672904,1
0,0,0.54057,1
1,0,0.544632,0
0,0,0.55265,1
1,1,0.526477,1
2,2,0.992291,1
1,0,0.521731,0
1,1,0.582506,1
0,0,0.562145,1
0,0,0.564716,1
1,0,0.5081,0
0,0,0.989951,1
0,0,0.593122,1
1,1,0.608509,1
2,2,0.992176,1
1,1,0.54859,1
2,1,0.729495,0
2,2,0.992323,1
1,1,0.592408,1
1,1,0.656464,1
1,1,0.638704,1
2,2,0.992455,1
1,0,0.528848,0
0,0,0.989508,1
2,2,0.99211,1
2,1,0.568893,0
2,2,0.992093,1
2,2,0.992372,1
1,1,0.565834,1
0,0,0.98871,1
2,1,0.536694,0
0,1,0.529804,0
2,2,0.992127,1
0,0,0.990527,1
0,1,0.646451,0
1,1,0.635804,1
2,2,0.992512,1
2,2,0.992377,1
0,0,0.989009,1
0,1,0.683795,0
0,1,0.629513,0
2,2,0.992369,1
1,0,0.532063,0
2,2,0.99246,1
1,1,0.56684,1
2,1,0.56678,0
0,0,0.98933,1
0,0,0.989556,1
2,2,0.992288,1
1,1,0.600959,1
1,1,0.443046,1
0,0,0.546714,1
1,0,0.553909,0
0,0,0.590851,1
1,1,0.766156,1
1,1,0.501068,1
1,1,0.593562,1
0,0,0.988753,1
0,0,0.990036,1
1,1,0.752111,1
0,0,0.989692,1
0,1,0.610889,0
2,1,0.544135,0
1,1,0.734705,1
0,1,0.691495,0
1,1,0.65459,1
0,0,0.989912,1
2,2,0.992291,1
1,0,0.504798,0
2,1,0.545679,0
2,1,0.768718,0
0,0,0.989601,1
1,1,0.688149,1
0,0,0.989525,1
1,0,0.544549,0
0,0,0.561954,1
1,1,0.605952,1
1,1,0.752207,1
2,2,0.992334,1
2,2,0.992191,1
0,0,0.990124,1
2,1,0.627872,0
0,0,0.988982,1
1,1,0.575763,1
2,2,0.992305,1
2,1,0.59803,0
1,1,0.651727,1
2,1,0.541547,0
1,1,0.611754,1
2,2,0.992385,1
0,0,0.989123,1
0,0,0.98843,1
2,2,0.992132,1
0,0,0.622413,1
2,1,0.612954,0
0,0,0.989554,1
2,1,0.624157,0
0,1,0.754108,0
2,2,0.992454,1
1,1,0.619789,1
1,0,0.560766,0
2,1,0.693509,0
1,1,0.567863,1
1,1,0.611151,1
2,2,0.992151,1
0,0,0.989603,1
2,1,0.515583,0
0,0,0.990428,1
2,2,0.992305,1
1,1,0.619789,1
0,0,0.98956,1
1,0,0.557171,0
1,0,0.527923,0
2,2,0.992382,1
0,0,0.988866,1
0,0,0.989279,1
0,0,0.600746,1
1,1,0.749672,1
2,2,0.991976,1
0,0,0.546848,1
0,0,0.607985,1
1,1,0.63646,1
1,1,0.584045,1
0,0,0.989179,1
2,2,0.991986,1
2,2,0.992373,1
2,1,0.740072,0
2,2,0.992347,1
0,0,0.990257,1
1,0,0.553909,0
0,0,0.610967,1
0,0,0.98945,1
2,2,0.992074,1
1,1,0.716553,1
0,0,0.59694,1
0,0,0.611494,1
0,0,0.989632,1
1,1,0.676402,1
2,2,0.992306,1
1,0,0.538333,0
1,0,0.563014,0
2,1,0.528789,0
0,0,0.990521,1
0,0,0.604389,1
0,0,0.583041,1
0,0,0.989769,1
2,2,0.992343,1
2,1,0.571683,0
1,0,0.548045,0
1,1,0.659483,1
2,2,0.992369,1
1,0,0.563671,0
1,1,0.764113,1
1,0,0.560018,0
1,0,0.536766,0
0,0,0.98979,1
1,1,0.505076,1
2,1,0.702362,0
0,1,0.676439,0
0,0,0.988622,1
1,1,0.681688,1
0,1,0.582635,0
2,2,0.992072,1
2,2,0.992357,1
2,2,0.992321,1
0,0,0.592544,1
2,1,0.540801,0
2,2,0.992273,1
0,0,0.989065,1
0,0,0.990073,1
1,1,0.626131,1
2,2,0.992227,1
0,0,0.990347,1
2,2,0.992463,1
1,1,0.542767,1
1,1,0.608981,1
0,0,0.568857,1
1,0,0.500528,0
2,2,0.992472,1
0,0,0.989882,1
2,1,0.575229,0
0,0,0.632721,1
2,2,0.992315,1
1,1,0.653945,1
2,1,0.531837,0
2,2,0.99226,1
0,0,0.607691,1
2,1,0.523567,0
1,1,0.624144,1
2,1,0.56678,0
0,0,0.989087,1
2,2,0.992264,1
1,1,0.653101,1
1,0,0.521516,0
2,2,0.991791,1
1,1,0.724488,1
0,0,0.534082,1
0,0,0.643093,1
2,2,0.992352,1
0,0,0.988666,1
1,1,0.611151,1
2,2,0.992295,1
2,1,0.675821,0
2,2,0.99245,1
2,2,0.992446,1
2,2,0.992375,1
2,2,0.99221,1
2,2,0.992443,1
0,1,0.593997,0
0,1,0.669171,0
0,0,0.545241,1
0,0,0.989661,1
0,0,0.989985,1
0,0,0.990441,1
1,1,0.673793,1
2,2,0.992296,1
1,0,0.57061,0
0,1,0.668581,0
0,0,0.656843,1
0,0,0.988189,1
2,2,0.992088,1
2,2,0.992113,1
2,2,0.992309,1
2,1,0.58376,0
2,2,0.99224,1
1,0,0.518128,0
0,0,0.989046,1
2,2,0.992379,1
0,0,0.989219,1
2,2,0.992358,1
2,2,0.992462,1
2,2,0.992172,1
0,0,0.610488,1
1,0,0.51242,0
1,0,0.54693,0
0,0,0.589558,1
1,0,0.562591,0
0,0,0.987492,1
1,1,0.65759,1
1,1,0.71043,1
0,0,0.989549,1
1,1,0.562656,1
2,2,0.992277,1
0,0,0.989104,1
2,1,0.617625,0
1,0,0.534286,0
2,2,0.992436,1
2,2,0.992179,1
1,1,0.637407,1
0,0,0.989421,1
1,1,0.680923,1
0,0,0.990184,1
1,1,0.622568,1
2,1,0.625676,0
1,1,0.720268,1
1,1,0.626277,1
2,2,0.992261,1
2,2,0.992174,1
2,2,0.992318,1
0,0,0.989639,1
2,2,0.992432,1
0,0,0.578618,1
0,0,0.989639,1
0,0,0.989157,1
0,0,0.98941,1
2,2,0.992449,1
0,0,0.990226,1
0,0,0.595963,1
1,1,0.633358,1
2,2,0.992197,1
0,0,0.989677,1
1,1,0.713359,1
0,1,0.644115,0
1,0,0.540696,0
0,0,0.989359,1
0,1,0.562392,0
0,0,0.989689,1
2,1,0.642048,0
1,1,0.56053,1
1,1,0.570652,1
0,0,0.599702,1
1,0,0.529938,0
1,0,0.548357,0
1,0,0.508782,0
0,0,0.989607,1
0,0,0.989069,1
1,1,0.697871,1
1,1,0.562758,1
1,1,0.667406,1
1,1,0.558177,1
2,2,0.992463,1
0,0,0.989909,1
2,2,0.992266,1
0,0,0.596633,1
0,0,0.990175,1
0,0,0.645593,1
1,0,0.542852,0
2,1,0.528803,0
2,2,0.992312,1
1,1,0.511022,1
0,0,0.578867,1
1,0,0.578666,0
0,0,0.614539,1
1,1,0.461805,1
1,1,0.704745,1
1,1,0.61612,1
2,2,0.992312,1
0,0,0.567044,1
1,1,0.680312,1
0,0,0.989351,1
0,0,0.556924,1
2,2,0.992296,1
2,2,0.992154,1
0,0,0.619011,1
1,1,0.665364,1
2,2,0.99239,1
0,0,0.587031,1
0,0,0.989412,1
0,0,0.989545,1
2,2,0.992412,1
0,0,0.989011,1
1,1,0.629657,1
0,0,0.593012,1
0,0,0.989411,1
1,1,0.764213,1
2,1,0.64483,0
2,1,0.519174,0
1,1,0.632635,1
1,0,0.552863,0
1,1,0.642977,1
2,2,0.992338,1
2,1,0.553664,0
2,2,0.992399,1
0,1,0.727912,0
1,1,0.680312,1
0,1,0.763008,0
1,1,0.733353,1
2,2,0.992341,1
2,2,0.992397,1
2,2,0.992416,1
0,0,0.990513,1
1,1,0.738311,1
2,2,0.992245,1
2,2,0.99239,1
2,2,0.992275,1
0,0,0.541448,1
0,0,0.566192,1
0,0,0.989057,1
0,0,0.567809,1
1,1,0.492408,1
1,1,0.623882,1
1,1,0.569201,1
2,1,0.619089,0
2,2,0.992216,1
1,1,0.654721,1
0,0,0.989257,1
2,2,0.992318,1
1,1,0.598315,1
1,0,0.544632,0
0,0,0.604917,1
1,1,0.550678,1
2,2,0.992357,1
0,1,0.647072,0
2,1,0.622094,0
0,0,0.989861,1
2,2,0.992164,1
2,2,0.992263,1
0,0,0.989382,1
2,2,0.992445,1
2,1,0.735228,0
0,0,0.597919,1
0,0,0.989725,1
2,2,0.992264,1
2,1,0.503437,0
2,2,0.992314,1
2,2,0.992162,1
0,0,0.989672,1
2,2,0.992406,1
1,1,0.560463,1
2,2,0.466291,1
1,1,0.519878,1
0,0,0.989475,1
1,1,0.619623,1
0,1,0.472186,0
0,1,0.668628,0
1,0,0.511239,0
0,1,0.609481,0
1,1,0.593562,1
1,1,0.679207,1
2,1,0.473953,0
2,1,0.59803,0
2,2,0.992134,1
1,0,0.550118,0
2,2,0.992318,1
2,2,0.992372,1
0,1,0.550023,0
2,2,0.992433,1
2,2,0.992298,1
1,0,0.566477,0
0,0,0.989148,1
0,0,0.989374,1
2,1,0.616785,0
1,1,0.544388,1
0,1,0.623128,0
1,0,0.502669,0
2,2,0.992428,1
0,0,0.989685,1
1,0,0.520917,0
2,1,0.690823,0
2,2,0.992343,1
2,1,0.569299,0
2,2,0.992126,1
0,0,0.598228,1
2,2,0.992515,1
1,1,0.656464,1
1,1,0.699689,1
0,0,0.989973,1
1,1,0.56053,1
1,0,0.540278,0
1,0,0.54866,0
1,1,0.658149,1
2,2,0.99227,1
0,0,0.59704,1
2,2,0.992132,1
2,1,0.615454,0
2,1,0.562701,0
2,2,0.992189,1
0,0,0.989262,1
2,2,0.992349,1
2,1,0.547169,0
1,1,0.566332,1
2,2,0.992263,1
1,0,0.537947,0
2,1,0.56619,0
1,1,0.729674,1
2,2,0.99236,1
2,2,0.992414,1
2,1,0.526539,0
2,2,0.992176,1
0,0,0.989874,1
0,0,0.9892,1
2,1,0.656216,0
1,1,0.654433,1
1,0,0.516531,0
1,1,0.656533,1
1,1,0.608958,1
2,2,0.992322,1
2,2,0.992288,1
0,0,0.989346,1
2,2,0.99224,1
1,1,0.570477,1
2,2,0.992422,1
2,2,0.992337,1
0,0,0.989896,1
1,1,0.724268,1
0,0,0.581202,1
1,1,0.668087,1
2,2,0.992268,1
2,2,0.992388,1
1,1,0.664251,1
1,0,0.532255,0
0,0,0.573959,1
2,2,0.992164,1
2,2,0.992569,1
0,1,0.59392,0
2,1,0.47191,0
0,1,0.594894,0
2,2,0.992256,1
2,2,0.992379,1
1,1,0.653616,1
1,1,0.608483,1
2,2,0.992445,1
2,2,0.992302,1
2,2,0.992246,1
0,1,0.699822,0
2,2,0.992311,1
2,2,0.99205,1
1,1,0.597146,1
0,0,0.989908,1
1,1,0.60106,1
2,2,0.992125,1
0,0,0.989348,1
1,1,0.730521,1
0,0,0.989135,1
1,1,0.659721,1
0,0,0.989692,1
1,1,0.735188,1
1,1,0.443046,1
0,0,0.601866,1
1,1,0.653101,1
0,0,0.989848,1
0,0,0.989796,1
1,1,0.678916,1
1,1,0.687822,1
1,1,0.611397,1
2,1,0.520683,0
0,0,0.57338,1
2,2,0.992377,1
0,0,0.58967,1
0,0,0.621663,1
0,0,0.548918,1
2,1,0.491569,0
1,0,0.528775,0
0,0,0.989031,1
1,1,0.607774,1
0,0,0.990353,1
1,0,0.518811,0
2,1,0.592022,0
0,0,0.989641,1
1,1,0.760473,1
0,0,0.586714,1
2,1,0.497401,0
0,0,0.990575,1
1,1,0.641,1
1,1,0.680537,1
2,2,0.992113,1
0,0,0.555038,1
2,2,0.992441,1
0,0,0.989679,1
2,2,0.992343,1
0,0,0.577283,1
1,1,0.579994,1
1,1,0.617506,1
0,0,0.585323,1
1,0,0.537894,0
0,0,0.617218,1
1,1,0.713617,1
1,1,0.50648,1
1,0,0.553544,0
2,2,0.992405,1
0,0,0.989209,1
1,1,0.647607,1
0,1,0.491071,0
0,0,0.598158,1
2,2,0.992429,1
0,0,0.560517,1
2,2,0.992359,1
2,2,0.992271,1
0,0,0.98984,1
1,1,0.593593,1
0,0,0.989494,1
2,1,0.516176,0
0,0,0.621291,1
0,0,0.989149,1
1,1,0.667204,1
1,1,0.673905,1
1,0,0.52018,0
2,2,0.992368,1
0,1,0.547451,0
1,0,0.537402,0
1,1,0.692325,1
1,0,0.564297,0
1,1,0.770462,1
2,2,0.99242,1
2,2,0.992391,1
1,1,0.611397,1
0,0,0.628796,1
1,1,0.731597,1
1,0,0.500815,0
1,1,0.715079,1
1,0,0.536563,0
0,0,0.989944,1
0,0,0.595583,1
1,0,0.549912,0
0,0,0.989037,1
1,1,0.744428,1
2,2,0.992193,1
2,1,0.567963,0
2,2,0.992318,1
2,2,0.99242,1
1,0,0.519689,0
0,0,0.575387,1
2,1,0.591052,0
1,1,0.560463,1
0,0,0.989743,1
0,1,0.578765,0
1,0,0.513925,0
0,0,0.989338,1
2,1,0.611921,0
0,0,0.61573,1
1,1,0.647934,1
0,0,0.553978,1
1,1,0.607915,1
0,0,0.989891,1
1,1,0.734116,1
1,0,0.538433,0
2,1,0.500545,0
1,1,0.581633,1
2,2,0.992219,1
1,1,0.642513,1
0,1,0.753797,0
0,0,0.576729,1
0,1,0.671925,0
1,1,0.599413,1
1,0,0.536766,0
1,1,0.633047,1
0,0,0.567211,1
2,2,0.992289,1
1,1,0.592669,1
0,1,0.654772,0
0,0,0.573798,1
2,2,0.992396,1
2,2,0.992287,1
0,0,0.990268,1
2,1,0.595934,0
2,1,0.740072,0
2,2,0.992256,1
0,1,0.734614,0
1,0,0.533724,0
0,0,0.989143,1
0,0,0.988655,1
1,1,0.625894,1
1,0,0.532255,0
0,0,0.525862,1
0,0,0.989464,1
1,1,0.623723,1
1,1,0.60441,1
0,0,0.990388,1
0,0,0.990112,1
0,0,0.989513,1
0,0,0.546916,1
2,1,0.697762,0
2,2,0.992103,1
1,1,0.676356,1
2,2,0.992183,1
1,1,0.608483,1
2,2,0.992206,1
2,1,0.593229,0
0,1,0.659695,0
1,1,0.533955,1
1,0,0.568542,0
0,1,0.792513,0
0,0,0.989064,1
1,1,0.716216,1
2,2,0.992521,1
1,1,0.610923,1
2,2,0.9923,1
1,1,0.455279,1
1,1,0.588504,1
0,0,0.590108,1
0,0,0.989798,1
0,0,0.624248,1
1,1,0.702125,1
1,1,0.591248,1
2,2,0.992388,1
2,1,0.642048,0
0,0,0.990002,1
1,0,0.536818,0
0,0,0.581102,1
1,1,0.568426,1
1,0,0.540106,0
1,1,0.653929,1
1,1,0.602809,1
1,0,0.568542,0
1,1,0.574375,1
0,1,0.611329,0
0,0,0.989009,1
2,2,0.992216,1
0,1,0.592711,0
2,2,0.992329,1
0,0,0.571285,1
2,2,0.992454,1
1,0,0.568725,0
1,0,0.500815,0
2,2,0.992459,1
2,1,0.542962,0
2,2,0.992213,1
2,2,0.992281,1
0,0,0.618371,1
2,1,0.500545,0
2,2,0.992517,1
1,1,0.590057,1
1,1,0.674886,1
0,1,0.650891,0
2,2,0.992263,1
0,0,0.989711,1
1,1,0.704239,1
0,0,0.581676,1
1,1,0.581083,1
1,1,0.579994,1
0,1,0.744207,0
1,1,0.611487,1
0,0,0.989301,1
1,0,0.539025,0
2,1,0.516176,0
1,1,0.619789,1
2,2,0.992276,1
2,2,0.992172,1
1,1,0.6376,1
1,0,0.539242,0
0,0,0.519795,1
0,1,0.572052,0
2,2,0.992136,1
2,1,0.665994,0
1,1,0.711614,1
1,1,0.639344,1
2,2,0.992032,1
1,1,0.575619,1
0,0,0.56852,1
0,0,0.58474,1
2,2,0.992133,1
2,2,0.992434,1
0,0,0.989782,1
2,2,0.992396,1
0,0,0.554417,1
2,2,0.992318,1
0,0,0.989752,1
0,0,0.988755,1
1,1,0.726831,1
2,2,0.476248,1
1,0,0.512824,0
1,0,0.539339,0
1,1,0.511118,1
1,0,0.500815,0
1,1,0.629824,1
1,1,0.658664,1
1,1,0.683587,1
1,1,0.679345,1
0,0,0.990273,1
2,2,0.992132,1
1,0,0.550113,0
0,0,0.555713,1
0,0,0.989664,1
0,0,0.989408,1
2,2,0.992231,1
2,1,0.715228,0
1,1,0.625894,1
2,2,0.992141,1
2,1,0.542101,0
0,0,0.989858,1
1,1,0.739763,1
2,2,0.992189,1
0,0,0.583113,1
0,0,0.989912,1
1,0,0.528775,0
1,0,0.548045,0
1,1,0.551762,1
2,2,0.992223,1
2,2,0.992263,1
2,2,0.99227,1
0,1,0.630257,0
0,0,0.990375,1
2,1,0.59166,0
0,1,0.64762,0
0,0,0.989251,1
0,0,0.586741,1
0,0,0.571594,1
2,2,0.992311,1
1,1,0.716746,1
1,1,0.579853,1
2,2,0.992245,1
0,1,0.665767,0
2,2,0.99224,1
1,1,0.65926,1
1,1,0.722059,1
0,1,0.700406,0
2,2,0.992297,1
0,1,0.469872,0
0,0,0.989876,1
0,0,0.989436,1
0,1,0.632518,0
2,2,0.99236,1
2,2,0.991211,1
1,0,0.511916,0
0,0,0.632408,1
1,1,0.683775,1
2,2,0.992149,1
1,1,0.621686,1
1,1,0.725858,1
0,0,0.989686,1
0,1,0.564878,0
0,0,0.98932,1
1,1,0.611282,1
1,1,0.597686,1
0,0,0.990394,1
2,1,0.690492,0
0,0,0.583632,1
1,1,0.724893,1
2,2,0.992375,1
2,1,0.643965,0
1,1,0.606413,1
0,0,0.567064,1
0,0,0.627025,1
2,2,0.992362,1
0,0,0.989043,1
0,1,0.782485,0
2,1,0.655889,0
1,0,0.542504,0
2,1,0.573637,0
0,0,0.633665,1
0,0,0.989717,1
0,0,0.989176,1
0,0,0.989135,1
1,1,0.63195,1
2,2,0.992102,1
0,0,0.625383,1
1,0,0.564563,0
1,1,0.738881,1
0,0,0.989021,1
0,0,0.563577,1
0,0,0.597807,1
2,2,0.99206,1
0,0,0.989804,1
2,2,0.99245,1
0,0,0.989108,1
2,2,0.992185,1
2,1,0.464979,0
1,1,0.698226,1
1,1,0.729705,1
1,1,0.709834,1
2,1,0.709133,0
0,0,0.989562,1
2,2,0.992069,1
0,0,0.60119,1
0,1,0.612643,0
0,1,0.728945,0
2,1,0.753867,0
0,0,0.580003,1
2,1,0.629389,0
0,0,0.990337,1
0,0,0.601449,1
2,2,0.992069,1
2,2,0.992517,1
0,1,0.685915,0
0,0,0.609798,1
2,2,0.992237,1
2,2,0.992128,1
0,0,0.989663,1
1,1,0.709661,1
0,0,0.624355,1
1,1,0.599413,1
2,1,0.533022,0
1,1,0.688255,1
2,2,0.99224,1
2,2,0.992399,1
1,1,0.567735,1
2,2,0.992436,1
1,1,0.624044,1
1,1,0.646303,1
0,0,0.989343,1
2,1,0.590245,0
0,0,0.59639,1
2,2,0.992491,1
1,1,0.613014,1
1,0,0.549468,0
2,1,0.675017,0
2,2,0.992113,1
2,2,0.992322,1
0,0,0.575446,1
1,1,0.709661,1
2,2,0.99209,1
1,0,0.561859,0
1,0,0.553316,0
1,1,0.664726,1
0,0,0.989294,1
1,1,0.615205,1
2,2,0.992248,1
0,0,0.589694,1
2,2,0.992499,1
1,1,0.635804,1
2,2,0.992374,1
0,0,0.989083,1
1,0,0.525511,0
2,2,0.992182,1
1,1,0.622568,1
0,0,0.591965,1
2,2,0.992274,1
0,0,0.989579,1
0,0,0.635318,1
2,1,0.533651,0
1,1,0.539253,1
2,2,0.992412,1
1,1,0.640843,1
1,0,0.527904,0
0,0,0.989282,1
0,1,0.608043,0
1,1,0.615339,1
1,1,0.625801,1
1,1,0.709926,1
2,2,0.991976,1
2,2,0.992409,1
2,2,0.99242,1
1,1,0.619623,1
2,1,0.594165,0
0,0,0.988788,1
2,2,0.992319,1
0,0,0.617916,1
2,2,0.992417,1
2,2,0.992396,1
1,1,0.602259,1
2,1,0.560113,0
2,2,0.992222,1
1,1,0.733809,1
2,2,0.990842,1
2,1,0.677994,0
0,0,0.604891,1
0,0,0.545757,1
1,1,0.61005,1
0,0,0.989641,1
1,1,0.533843,1
0,0,0.991062,1
1,1,0.665408,1
0,0,0.574517,1
1,1,0.748633,1
0,1,0.585677,0
2,2,0.992204,1
0,0,0.986481,1
1,1,0.680537,1
0,0,0.568436,1
1,1,0.619566,1
2,2,0.992309,1
1,1,0.555027,1
0,0,0.990615,1
0,0,0.988824,1
0,0,0.989594,1
1,1,0.66079,1
1,1,0.558177,1
2,2,0.992286,1
2,2,0.992254,1
2,2,0.992373,1
1,0,0.536683,0
2,2,0.552393,1
0,0,0.990471,1
2,1,0.58376,0
1,1,0.722059,1
2,1,0.567963,0
2,2,0.992353,1
2,1,0.567496,0
1,1,0.740296,1
2,2,0.992449,1
1,1,0.616894,1
1,0,0.540696,0
2,1,0.608683,0
0,0,0.990169,1
0,0,0.56605,1
1,1,0.694465,1
0,0,0.605007,1
2,1,0.483731,0
2,2,0.466291,1
2,2,0.99231,1
0,0,0.57264,1
0,0,0.562519,1
1,1,0.577086,1
1,0,0.520762,0
1,1,0.704668,1
2,2,0.992254,1
2,2,0.992437,1
2,2,0.9923,1
2,2,0.992061,1
0,0,0.580133,1
1,1,0.61612,1
1,1,0.566581,1
2,1,0.483731,0
1,0,0.524125,0
1,1,0.681688,1
0,0,0.989419,1
0,0,0.989151,1
0,0,0.99039,1
1,1,0.760473,1
2,1,0.535869,0
1,1,0.59423,1
2,1,0.641424,0
2,1,0.573637,0
2,2,0.992467,1
1,1,0.570652,1
1,1,0.71043,1
1,0,0.512824,0
2,1,0.627872,0
1,0,0.52268,0
2,2,0.992379,1
0,1,0.638843,0
2,2,0.992366,1
2,2,0.992289,1
0,0,0.98873,1
2,2,0.992112,1
0,0,0.989621,1
2,2,0.992311,1
0,0,0.579278,1
2,2,0.992263,1
2,2,0.992399,1
1,1,0.715079,1
2,2,0.99249,1
2,2,0.992372,1
1,0,0.582362,0
1,1,0.713617,1
1,1,0.620999,1
2,2,0.992419,1
2,1,0.620263,0
1,1,0.732693,1
1,1,0.542767,1
1,1,0.665641,1
2,2,0.992417,1
1,1,0.704239,1
0,0,0.989958,1
2,2,0.992343,1
2,1,0.556067,0
1,1,0.718182,1
0,0,0.989659,1
0,0,0.989438,1
2,2,0.992291,1
1,1,0.705309,1
0,0,0.989436,1
1,0,0.496193,0
0,0,0.588934,1
2,2,0.992191,1
0,0,0.989314,1
0,0,0.98989,1
1,1,0.63047,1
2,2,0.992102,1
2,2,0.992117,1
1,1,0.54899,1
0,0,0.989102,1
0,0,0.600178,1
1,1,0.629323,1
2,2,0.992347,1
0,0,0.989467,1
1,1,0.703246,1
0,0,0.537932,1
0,1,0.572386,0
0,1,0.713972,0
1,0,0.551156,0
1,0,0.521651,0
2,2,0.99201,1
1,0,0.521352,0
2,2,0.992174,1
1,1,0.693159,1
1,1,0.613151,1
0,0,0.626664,1
1,1,0.746887,1
1,0,0.582362,0
2,2,0.9924,1
2,2,0.992258,1
1,1,0.722059,1
2,2,0.99226,1
0,0,0.99001,1
0,0,0.599641,1
2,2,0.99234,1
0,0,0.989047,1
2,2,0.992328,1
1,1,0.644361,1
1,0,0.562681,0
1,1,0.734782,1
1,1,0.597035,1
1,1,0.578885,1
2,2,0.992219,1
0,0,0.988671,1
1,1,0.561252,1
2,1,0.503437,0
0,0,0.98988,1
0,0,0.989721,1
2,2,0.992354,1
0,0,0.563077,1
1,1,0.591738,1
0,0,0.989912,1
1,1,0.674932,1
1,1,0.787464,1
0,0,0.590428,1
0,1,0.696378,0
2,2,0.992388,1
0,0,0.597513,1
1,1,0.751143,1
1,1,0.701525,1
2,2,0.48025,1
2,1,0.520826,0
2,2,0.992446,1
1,0,0.497256,0
1,1,0.730304,1
2,2,0.992316,1
0,1,0.744373,0
1,1,0.701968,1
0,0,0.990262,1
0,0,0.988953,1
1,1,0.730892,1
2,2,0.992139,1
0,1,0.737575,0
1,1,0.52627,1
2,2,0.992379,1
2,2,0.992523,1
0,0,0.573582,1
1,1,0.66079,1
2,1,0.579149,0
1,1,0.548791,1
2,1,0.558214,0
0,0,0.559285,1
2,2,0.992278,1
0,0,0.989583,1
0,0,0.989774,1
0,0,0.989754,1
2,1,0.543211,0
2,2,0.992372,1
2,2,0.992325,1
2,1,0.569299,0
1,1,0.716216,1
1,1,0.562069,1
2,1,0.645491,0
1,1,0.625894,1
1,0,0.522594,0
2,2,0.992088,1
2,2,0.992412,1
0,1,0.632225,0
0,0,0.989025,1
1,0,0.512824,0
2,2,0.992088,1
1,0,0.498427,0
1,0,0.547604,0
0,0,0.989433,1
1,1,0.684161,1
2,1,0.727617,0
1,1,0.676402,1
2,2,0.992349,1
0,0,0.988564,1
2,2,0.992237,1
2,2,0.992231,1
0,0,0.988717,1
0,1,0.583741,0
0,0,0.9902,1
2,2,0.992295,1
0,0,0.578298,1
2,2,0.992264,1
1,1,0.627955,1
2,1,0.607177,0
2,1,0.603982,0
2,2,0.992103,1
2,2,0.992379,1
0,0,0.595891,1
1,1,0.679085,1
2,2,0.992185,1
2,2,0.992254,1
1,1,0.557195,1
1,0,0.516147,0
0,1,0.723006,0
2,2,0.992179,1
2,2,0.992394,1
0,0,0.639315,1
2,2,0.992396,1
0,1,0.749356,0
1,1,0.606413,1
2,2,0.992379,1
1,0,0.551903,0
1,1,0.540282,1
1,1,0.610048,1
0,0,0.571922,1
2,2,0.992329,1
2,2,0.992205,1
2,2,0.992414,1
1,1,0.67598,1
2,2,0.992349,1
1,1,0.63646,1
1,0,0.564851,0
1,1,0.617862,1
0,0,0.588669,1
2,2,0.992358,1
1,1,0.688255,1
0,0,0.622659,1
1,1,0.708843,1
2,2,0.992079,1
1,0,0.55991,0
1,1,0.668087,1
0,0,0.616525,1
2,2,0.992129,1
1,1,0.595283,1
1,0,0.5449,0
0,0,0.562705,1
2,2,0.992312,1
1,1,0.618087,1
0,1,0.746365,0
1,1,0.643728,1
2,2,0.992375,1
0,0,0.559575,1
2,1,0.556067,0
2,2,0.992501,1
0,0,0.583597,1
1,0,0.542505,0
2,2,0.99235,1
1,1,0.617408,1
2,2,0.992212,1
2,1,0.56678,0
0,0,0.563733,1
1,0,0.527825,0
0,1,0.574018,0
1,1,0.539253,1
1,1,0.531487,1
0,0,0.990112,1
2,2,0.992309,1
1,0,0.518279,0
1,1,0.610923,1
2,2,0.992246,1
0,0,0.568087,1
0,0,0.59838,1
2,2,0.992275,1
0,0,0.990446,1
0,0,0.989039,1
2,2,0.992392,1
0,0,0.990216,1
2,2,0.992082,1
2,1,0.693509,0
2,1,0.586361,0
2,2,0.992493,1
0,0,0.556644,1
0,0,0.989289,1
1,1,0.590357,1
2,1,0.590513,0
0,0,0.641313,1
0,0,0.989113,1
2,1,0.534253,0
2,1,0.593939,0
0,1,0.617372,0
0,0,0.578968,1
1,1,0.611397,1
2,2,0.992309,1
2,1,0.536074,0
0,0,0.568384,1
0,0,0.989246,1
0,0,0.989973,1
0,0,0.645637,1
0,0,0.60871,1
0,0,0.99041,1
1,1,0.619566,1
0,1,0.764802,0
2,2,0.992093,1
2,2,0.99241,1
1,1,0.58758,1
1,0,0.520221,0
1,1,0.570477,1
2,2,0.992422,1
0,0,0.617317,1
0,0,0.989248,1
2,1,0.56678,0
1,1,0.71859,1
1,1,0.621152,1
1,1,0.607872,1
1,1,0.531792,1
2,1,0.693798,0
1,2,0.470193,0
0,1,0.620237,0
2,2,0.992367,1
2,2,0.992406,1
1,1,0.586949,1
2,2,0.992411,1
0,0,0.989181,1
2,2,0.99232,1
2,1,0.526292,0
2,2,0.992131,1
2,2,0.99235,1
0,0,0.989596,1
2,2,0.992405,1
2,2,0.992523,1
0,0,0.560463,1
1,1,0.567863,1
2,2,0.992261,1
1,1,0.775942,1
2,2,0.992328,1
2,1,0.698187,0
1,1,0.711739,1
2,2,0.99206,1
0,0,0.989662,1
0,0,0.549281,1
1,0,0.537101,0
1,1,0.615025,1
2,2,0.991939,1
0,0,0.990378,1
0,0,0.613789,1
0,0,0.989923,1
0,1,0.670399,0
0,0,0.989058,1
1,1,0.493361,1
1,0,0.552414,0
0,0,0.988983,1
1,1,0.498908,1
1,1,0.736883,1
2,2,0.992279,1
2,1,0.690823,0
0,0,0.99062,1
0,0,0.641435,1
0,0,0.989159,1
2,2,0.992265,1
2,2,0.992422,1
1,1,0.645674,1
1,1,0.677187,1
2,2,0.992395,1
0,0,0.988216,1
0,0,0.542031,1
0,0,0.585415,1
1,0,0.530932,0
0,0,0.566563,1
0,0,0.989087,1
0,0,0.572074,1
2,2,0.992198,1
1,1,0.745743,1
2,2,0.99239,1
0,0,0.558041,1
2,2,0.992283,1
0,0,0.990106,1
2,2,0.992093,1
0,0,0.988974,1
2,2,0.992452,1
2,2,0.992247,1
2,2,0.992354,1
2,2,0.992343,1
1,0,0.517401,0
0,0,0.987749,1
1,0,0.536395,0
1,1,0.71859,1
0,1,0.742081,0
0,0,0.989548,1
0,0,0.562216,1
2,2,0.992461,1
0,1,0.563966,0
1,1,0.644651,1
0,0,0.989549,1
0,0,0.594646,1
2,2,0.992411,1
1,1,0.72053,1
0,0,0.527204,1
0,0,0.989584,1
1,0,0.54094,0
0,0,0.989813,1
2,2,0.992373,1
2,2,0.992172,1
0,1,0.699599,0
2,2,0.992324,1
2,2,0.992429,1
0,0,0.98945,1
0,0,0.98984,1
2,2,0.992496,1
2,2,0.99239,1
0,0,0.989978,1
1,1,0.593491,1
0,0,0.622506,1
1,1,0.644213,1
1,1,0.665008,1
2,2,0.992382,1
0,0,0.634882,1
0,0,0.604128,1
0,0,0.989279,1
1,0,0.549785,0
0,0,0.539303,1
1,1,0.602809,1
1,0,0.535907,0
2,1,0.497401,0
2,2,0.992225,1
0,1,0.544357,0
0,0,0.582254,1
2,2,0.992261,1
0,0,0.600571,1
0,0,0.989678,1
1,1,0.617862,1
2,2,0.992192,1
0,0,0.989427,1
1,0,0.531868,0
0,0,0.990332,1
0,0,0.532686,1
0,1,0.65768,0
2,2,0.992125,1
2,2,0.992012,1
1,1,0.623882,1
2,2,0.992281,1
2,2,0.992312,1
0,0,0.988224,1
1,1,0.629657,1
2,2,0.992356,1
2,2,0.992336,1
1,1,0.696168,1
1,1,0.677552,1
0,0,0.558026,1
2,2,0.992274,1
1,1,0.562276,1
1,0,0.551608,0
1,2,0.470193,0
2,1,0.570907,0
1,0,0.543825,0
1,1,0.597035,1
2,2,0.992486,1
2,2,0.992089,1
2,1,0.665438,0
0,0,0.989378,1
0,0,0.58958,1
0,0,0.564834,1
1,1,0.72053,1
2,1,0.577857,0
0,0,0.577512,1
1,0,0.52468,0
0,0,0.989316,1
1,1,0.699689,1
1,1,0.636821,1
2,2,0.992445,1
1,0,0.527904,0
1,1,0.656533,1
2,2,0.992298,1
1,0,0.531868,0
1,1,0.608819,1
0,0,0.98914,1
2,2,0.992437,1
2,1,0.549683,0
2,1,0.686756,0
0,0,0.989554,1
1,1,0.651544,1
1,1,0.619792,1
2,2,0.992152,1
1,1,0.589953,1
2,2,0.99218,1
2,2,0.992299,1
0,1,0.621665,0
1,0,0.515774,0
2,2,0.99221,1
2,2,0.992269,1
1,1,0.664726,1
2,2,0.992274,1
0,0,0.59918,1
2,2,0.992454,1
0,0,0.989976,1
2,2,0.99238,1
2,2,0.992394,1
1,1,0.739984,1
2,2,0.992216,1
0,0,0.611067,1
0,1,0.646961,0
2,2,0.992256,1
2,2,0.992355,1
0,0,0.98985,1
0,0,0.989839,1
0,1,0.652649,0
1,1,0.54859,1
0,0,0.580099,1
2,2,0.992312,1
1,0,0.534286,0
0,0,0.642271,1
2,2,0.992319,1
0,0,0.588918,1
2,2,0.992105,1
0,0,0.989041,1
0,1,0.733349,0
1,1,0.718878,1
0,0,0.990241,1
1,1,0.65337,1
1,1,0.63796,1
1,1,0.704046,1
2,2,0.992372,1
0,0,0.98986,1
0,0,0.990488,1
2,1,0.500421,0
1,1,0.66612,1
2,2,0.992439,1
0,0,0.988524,1
2,2,0.992344,1
0,0,0.989432,1
1,0,0.511591,0
1,0,0.551608,0
2,2,0.992366,1
1,0,0.528098,0
0,1,0.603485,0
1,1,0.519246,1
2,1,0.590516,0
2,2,0.992413,1
1,0,0.56168,0
2,2,0.992442,1
1,1,0.550768,1
2,1,0.686487,0
1,1,0.671088,1
0,0,0.989647,1
1,1,0.607948,1
2,2,0.992133,1
2,2,0.991791,1
1,0,0.504798,0
2,2,0.992407,1
2,2,0.992132,1
1,1,0.673793,1
2,2,0.992348,1
1,0,0.536853,0
2,1,0.520543,0
0,0,0.989266,1
2,1,0.563888,0
2,1,0.46733,0
0,0,0.989359,1
2,2,0.992279,1
1,1,0.615205,1
1,1,0.612572,1
0,0,0.638295,1
0,0,0.990008,1
1,1,0.580423,1
1,1,0.623882,1
2,1,0.675017,0
0,0,0.624862,1
1,1,0.646679,1
0,0,0.990181,1
0,0,0.582408,1
0,0,0.990236,1
2,2,0.992239,1
0,0,0.990173,1
0,0,0.605907,1
0,0,0.524769,1
1,1,0.641383,1
2,1,0.502699,0
2,2,0.992423,1
2,2,0.992397,1
1,1,0.701968,1
1,1,0.657547,1
0,0,0.640443,1
1,1,0.673905,1
2,2,0.992262,1
2,1,0.498424,0
2,2,0.992281,1
2,2,0.992414,1
1,1,0.711739,1
2,2,0.992301,1
1,0,0.517517,0
1,1,0.618466,1
1,0,0.578666,0
1,1,0.612966,1
0,0,0.634452,1
2,1,0.560362,0
1,2,0.446977,0
1,1,0.642513,1
1,0,0.536563,0
2,2,0.992371,1
1,1,0.652669,1
0,0,0.989232,1
0,1,0.730115,0
0,1,0.601925,0
0,0,0.989948,1
1,0,0.540423,0
0,0,0.989659,1
2,1,0.593939,0
0,0,0.585982,1
0,0,0.990384,1
0,0,0.511229,1
1,1,0.724488,1
1,1,0.678215,1
2,2,0.992222,1
2,2,0.992494,1
2,2,0.991296,1
1,1,0.570477,1
1,1,0.555239,1
0,0,0.591479,1
2,2,0.992485,1
1,1,0.639674,1
2,2,0.992196,1
2,2,0.992131,1
2,2,0.992244,1
0,0,0.990645,1
2,2,0.992246,1
2,1,0.624012,0
0,0,0.578516,1
1,1,0.517804,1
0,0,0.645338,1
1,1,0.612326,1
1,0,0.522594,0
1,1,0.560013,1
0,0,0.598106,1
0,0,0.582709,1
2,1,0.570175,0
2,2,0.992014,1
1,1,0.718258,1
2,2,0.992345,1
0,0,0.58035,1
1,0,0.557969,0
0,0,0.56921,1
0,0,0.989337,1
2,1,0.544135,0
0,0,0.989189,1
0,0,0.659296,1
0,0,0.629086,1
0,0,0.989248,1
0,0,0.989261,1
0,0,0.988698,1
0,0,0.989671,1
1,1,0.53348,1
0,1,0.586635,0
1,1,0.598193,1
1,1,0.558331,1
0,0,0.582948,1
2,2,0.992431,1
1,1,0.717571,1
0,0,0.988711,1
1,1,0.689589,1
2,2,0.992441,1
2,2,0.992432,1
0,0,0.987729,1
1,1,0.637539,1
0,0,0.990758,1
0,1,0.543566,0
2,1,0.516176,0
2,2,0.992256,1
2,2,0.992615,1
0,0,0.990047,1
2,2,0.992428,1
1,1,0.50648,1
0,0,0.989549,1
0,0,0.543482,1
1,1,0.501068,1
2,2,0.992201,1
2,2,0.992214,1
2,2,0.992372,1
0,0,0.590284,1
0,1,0.719296,0
1,0,0.541819,0
2,2,0.992244,1
2,2,0.99236,1
0,1,0.615279,0
1,1,0.593593,1
0,0,0.98992,1
0,0,0.990087,1
2,2,0.992382,1
0,0,0.579413,1
0,0,0.988276,1
2,2,0.992356,1
0,0,0.565233,1
2,1,0.628193,0
1,1,0.563304,1
2,2,0.992263,1
0,0,0.54818,1
2,2,0.992123,1
0,0,0.989956,1
0,0,0.990467,1
2,1,0.553664,0
2,2,0.992359,1
0,0,0.652995,1
0,0,0.577228,1
2,2,0.992419,1
1,1,0.585508,1
2,2,0.992339,1
1,1,0.672781,1
2,1,0.598674,0
0,0,0.99057,1
1,1,0.67598,1
2,2,0.99251,1
2,2,0.992348,1
0,0,0.597786,1
2,2,0.992253,1
1,0,0.540106,0
1,1,0.775942,1
0,0,0.575288,1
0,0,0.604359,1
2,2,0.992312,1
1,1,0.628356,1
0,0,0.619294,1
2,2,0.992214,1
1,1,0.633491,1
0,0,0.989843,1
1,1,0.570477,1
2,2,0.992417,1
1,1,0.610923,1
0,0,0.98989,1
2,1,0.511408,0
2,2,0.992302,1
1,1,0.611397,1
2,2,0.992416,1
2,2,0.992211,1
1,1,0.696453,1
1,0,0.544974,0
2,2,0.992372,1
2,2,0.992174,1
0,0,0.599424,1
0,0,0.988489,1
2,1,0.539723,0
2,2,0.992209,1
0,0,0.989402,1
2,2,0.992324,1
2,1,0.554827,0
2,2,0.992166,1
2,2,0.992246,1
0,0,0.988788,1
0,0,0.553942,1
2,1,0.618932,0
2,2,0.992134,1
1,0,0.5449,0
1,1,0.693561,1
0,0,0.990003,1
2,2,0.992499,1
1,1,0.587935,1
0,0,0.98951,1
2,2,0.992289,1
0,0,0.55721,1
1,1,0.612966,1
1,1,0.542079,1
1,1,0.608483,1
1,1,0.70671,1
1,0,0.557171,0
1,0,0.551903,0
1,1,0.655043,1
0,0,0.619023,1
1,1,0.690802,1
1,1,0.615418,1
1,1,0.679207,1
2,2,0.992148,1
2,1,0.551546,0
2,2,0.992158,1
1,1,0.546453,1
0,0,0.596439,1
1,1,0.709834,1
2,2,0.992325,1
0,0,0.990313,1
0,0,0.990049,1
2,2,0.992372,1
1,1,0.56798,1
0,0,0.990161,1
0,0,0.989185,1
2,2,0.992363,1
2,1,0.542101,0
0,0,0.989317,1
1,1,0.535449,1
1,1,0.536057,1
2,2,0.992352,1
1,0,0.548644,0
0,0,0.990368,1
1,1,0.610519,1
2,2,0.992325,1
1,1,0.713321,1
0,0,0.532651,1
2,1,0.575229,0
1,1,0.633047,1
1,1,0.630197,1
2,2,0.99251,1
0,0,0.989434,1
1,1,0.585547,1
2,1,0.567787,0
0,0,0.632763,1
0,0,0.645917,1
0,0,0.990617,1
0,0,0.98896,1
0,0,0.990284,1
1,1,0.634359,1
1,1,0.655343,1
0,0,0.621908,1
1,1,0.730304,1
0,1,0.645673,0
1,0,0.536883,0
2,2,0.992412,1
1,0,0.542784,0
2,2,0.99233,1
1,0,0.517016,0
2,2,0.992509,1
1,0,0.529928,0
1,1,0.599002,1
2,2,0.992247,1
2,2,0.992355,1
2,2,0.992527,1
0,0,0.989452,1
0,1,0.620141,0
0,1,0.712719,0
0,0,0.990408,1
1,1,0.587944,1
2,2,0.992462,1
0,0,0.598228,1
2,1,0.549683,0
2,1,0.656821,0
0,0,0.579811,1
0,1,0.616214,0
0,0,0.98947,1
1,0,0.508378,0
2,2,0.99241,1
2,2,0.992364,1
0,0,0.989517,1
0,0,0.621287,1
1,1,0.73201,1
1,1,0.732693,1
1,0,0.550093,0
1,1,0.732233,1
2,2,0.99231,1
0,0,0.989518,1
0,0,0.986896,1
2,2,0.992449,1
0,0,0.989489,1
1,1,0.633047,1
1,1,0.753194,1
0,0,0.57525,1
1,1,0.729674,1
0,1,0.57517,0
2,1,0.516759,0
0,0,0.577169,1
0,0,0.989376,1
1,0,0.552032,0
1,0,0.5449,0
1,0,0.536883,0
0,0,0.603922,1
0,0,0.536679,1
1,1,0.546453,1
1,0,0.515712,0
2,2,0.992433,1
1,0,0.498427,0
0,1,0.655155,0
2,2,0.992264,1
0,0,0.990204,1
1,1,0.603944,1
2,1,0.514144,0
1,1,0.639868,1
2,2,0.992241,1
2,2,0.992436,1
1,0,0.529428,0
2,2,0.992244,1
1,1,0.730304,1
2,2,0.992509,1
2,2,0.992519,1
2,2,0.992131,1
2,2,0.992324,1
1,1,0.584045,1
1,1,0.690307,1
1,1,0.546453,1
0,0,0.592852,1
2,2,0.992117,1
2,1,0.758269,0
0,0,0.60419,1
0,0,0.593904,1
2,2,0.992164,1
2,2,0.992252,1
2,2,0.992238,1
1,1,0.683775,1
2,2,0.992388,1
0,0,0.990645,1
0,1,0.675656,0
0,0,0.98895,1
0,0,0.614681,1
1,0,0.525511,0
2,1,0.638561,0
1,1,0.72053,1
2,2,0.992261,1
1,1,0.727594,1
0,0,0.610341,1
2,1,0.607229,0
0,0,0.990436,1
2,1,0.686571,0
2,2,0.992343,1
1,0,0.528661,0
2,1,0.568046,0
1,1,0.738707,1
1,0,0.549785,0
2,2,0.992383,1
1,0,0.517401,0
2,2,0.99221,1
0,0,0.98948,1
2,2,0.992185,1
1,1,0.587944,1
1,0,0.557969,0
2,2,0.992227,1
0,0,0.629521,1
0,1,0.724485,0
0,0,0.570535,1
2,2,0.992318,1
1,0,0.528208,0
0,0,0.990076,1
2,2,0.992338,1
2,2,0.992476,1
0,0,0.989786,1
1,1,0.590057,1
2,2,0.992277,1
0,0,0.989933,1
2,2,0.992098,1
0,0,0.990133,1
1,1,0.580423,1
0,0,0.989756,1
1,0,0.553316,0
0,0,0.571439,1
1,0,0.515774,0
2,2,0.99231,1
2,1,0.511408,0
1,0,0.563014,0
1,0,0.552032,0
1,1,0.547865,1
1,0,0.508782,0
0,1,0.645194,0
1,1,0.581083,1
2,2,0.992339,1
0,0,0.989367,1
1,0,0.544983,0
1,1,0.511022,1
2,1,0.618932,0
0,0,0.989974,1
2,2,0.992189,1
1,1,0.543736,1
0,0,0.98891,1
2,2,0.99212,1
1,1,0.787464,1
1,1,0.710118,1
2,2,0.992299,1
2,1,0.497401,0
2,2,0.992148,1
1,1,0.643744,1
0,0,0.556951,1
0,0,0.652123,1
0,0,0.9874,1
2,2,0.992532,1
2,2,0.992441,1
1,0,0.529284,0
2,1,0.742266,0
0,0,0.990248,1
1,1,0.621152,1
2,2,0.992263,1
1,1,0.607784,1
0,0,0.608835,1
0,1,0.744486,0
1,0,0.540278,0
1,1,0.625894,1
2,1,0.615908,0
1,1,0.63789,1
2,2,0.992276,1
1,1,0.631789,1
2,2,0.992162,1
2,2,0.992243,1
1,1,0.736708,1
1,1,0.55253,1
0,0,0.989934,1
1,1,0.644806,1
0,0,0.990657,1
2,1,0.546897,0
2,1,0.567815,0
2,2,0.991791,1
2,2,0.992445,1
0,0,0.616865,1
1,0,0.549785,0
1,1,0.644361,1
1,1,0.611151,1
0,0,0.629782,1
1,1,0.663837,1
0,0,0.590391,1
2,2,0.99241,1
0,0,0.989287,1
2,2,0.992309,1
0,0,0.990197,1
1,1,0.654512,1
0,0,0.59473,1
2,2,0.992172,1
0,1,0.636436,0
2,2,0.992266,1
1,1,0.74706,1
2,2,0.992383,1
0,0,0.990604,1
0,0,0.564551,1
2,1,0.588289,0
2,2,0.992296,1
1,1,0.733528,1
2,2,0.992388,1
1,1,0.696742,1
0,0,0.99053,1
2,2,0.99247,1
0,0,0.581376,1
0,0,0.989566,1
0,0,0.989109,1
1,1,0.708843,1
1,0,0.521577,0
1,1,0.597355,1
1,0,0.50566,0
2,1,0.569299,0
0,0,0.989436,1
2,2,0.99231,1
1,1,0.624689,1
1,1,0.622938,1
0,0,0.990396,1
1,1,0.645906,1
2,2,0.992278,1
0,0,0.988844,1
1,0,0.50566,0
1,0,0.550093,0
0,0,0.588858,1
2,2,0.992192,1
1,1,0.740296,1
2,2,0.992142,1
0,1,0.560804,0
1,1,0.635804,1
0,0,0.989008,1
0,0,0.639238,1
1,2,0.46855,0
1,1,0.613924,1
0,0,0.62976,1
1,1,0.602408,1
0,0,0.988782,1
1,1,0.636821,1
2,2,0.992273,1
1,1,0.705309,1
1,1,0.541696,1
0,0,0.615959,1
1,1,0.624685,1
1,0,0.508378,0
0,0,0.599345,1
2,2,0.99223,1
0,0,0.989453,1
1,1,0.74257,1
1,1,0.776809,1
0,0,0.988927,1
0,0,0.989737,1
1,0,0.529836,0
0,1,0.742777,0
1,1,0.70425,1
1,1,0.549923,1
1,1,0.598193,1
2,1,0.464889,0
0,0,0.5669,1
2,2,0.992363,1
0,1,0.615558,0
1,1,0.531263,1
1,1,0.674105,1
1,1,0.578942,1
2,2,0.99232,1
1,1,0.753194,1
0,0,0.589897,1
0,0,0.990124,1
0,0,0.563456,1
0,0,0.989356,1
0,0,0.989193,1
2,2,0.992363,1
2,2,0.992391,1
1,0,0.540106,0
1,1,0.605318,1
2,2,0.992248,1
0,0,0.989117,1
0,1,0.612165,0
2,2,0.992213,1
2,2,0.992134,1
0,0,0.587774,1
0,0,0.990133,1
2,1,0.554827,0
1,0,0.511543,0
0,1,0.632364,0
0,0,0.989485,1
0,0,0.989809,1
0,1,0.645687,0
2,2,0.992208,1
1,1,0.75162,1
1,1,0.53348,1
2,2,0.992263,1
0,0,0.989711,1
1,1,0.559332,1
0,0,0.584473,1
0,0,0.989802,1
2,2,0.992476,1
2,2,0.992022,1
2,1,0.705829,0
1,1,0.653571,1
0,0,0.989143,1
0,0,0.57436,1
0,0,0.989186,1
0,0,0.990405,1
1,1,0.744428,1
1,1,0.544028,1
2,2,0.992222,1
0,0,0.625369,1
0,0,0.558315,1
1,1,0.455279,1
2,2,0.992245,1
1,0,0.531375,0
2,2,0.992283,1
2,2,0.99223,1
2,2,0.99217,1
2,2,0.992526,1
0,0,0.630439,1
1,1,0.657966,1
0,0,0.580837,1
0,0,0.989768,1
2,2,0.992233,1
1,1,0.639478,1
1,0,0.51058,0
2,2,0.992463,1
0,0,0.546483,1
0,0,0.624553,1
0,0,0.990336,1
0,0,0.569762,1
1,1,0.604354,1
1,1,0.592107,1
0,0,0.989865,1
2,2,0.99233,1
0,0,0.569731,1
2,1,0.531055,0
2,1,0.548553,0
2,2,0.992438,1
2,2,0.992383,1
1,1,0.55608,1
0,0,0.555514,1
1,1,0.75499,1
2,2,0.992321,1
1,0,0.557171,0
1,1,0.598315,1
2,2,0.99216,1
0,1,0.562742,0
0,0,0.602165,1
1,1,0.642513,1
2,2,0.992367,1
1,1,0.683728,1
0,0,0.990263,1
0,0,0.988619,1
1,1,0.610519,1
1,1,0.57022,1
0,0,0.989651,1
0,1,0.581674,0
0,1,0.674026,0
0,1,0.633517,0
2,1,0.688908,0
0,1,0.596435,0
0,0,0.990019,1
2,2,0.992067,1
2,1,0.576146,0
2,2,0.99217,1
1,1,0.724268,1
1,2,0.470193,0
1,0,0.522408,0
2,2,0.992483,1
1,1,0.718258,1
0,0,0.989113,1
2,1,0.535266,0
1,1,0.6211,1
2,2,0.992311,1
1,0,0.536683,0
2,2,0.992519,1
0,0,0.60879,1
1,0,0.528923,0
2,2,0.992152,1
0,0,0.569588,1
0,0,0.59313,1
2,2,0.992309,1
2,2,0.99227,1
1,1,0.587944,1
1,1,0.764113,1
2,1,0.742266,0
0,0,0.584751,1
2,1,0.519036,0
2,2,0.992469,1
0,0,0.561282,1
1,1,0.738832,1
2,2,0.992333,1
2,2,0.992445,1
0,0,0.565326,1
2,1,0.627872,0
0,1,0.679108,0
1,1,0.694723,1
2,2,0.99242,1
1,0,0.535095,0
2,1,0.75485,0
0,0,0.593243,1
2,2,0.992007,1
2,2,0.992382,1
2,2,0.992224,1
1,1,0.640803,1
1,1,0.602273,1
0,0,0.98985,1
0,0,0.989798,1
2,2,0.992503,1
0,1,0.580352,0
1,1,0.660844,1
1,1,0.660844,1
1,0,0.540696,0
1,1,0.598315,1
1,1,0.654958,1
0,1,0.653429,0
1,1,0.637673,1
0,0,0.989711,1
1,1,0.570541,1
0,0,0.989107,1
2,2,0.992256,1
2,2,0.992398,1
0,1,0.571781,0
2,2,0.992103,1
2,2,0.992469,1
2,2,0.992211,1
0,0,0.563192,1
2,2,0.992197,1
2,2,0.9924,1
1,1,0.623723,1
2,2,0.992263,1
1,1,0.641639,1
2,2,0.992413,1
2,1,0.673051,0
2,2,0.992271,1
1,1,0.70425,1
1,1,0.740296,1
0,1,0.606516,0
0,0,0.559322,1
1,1,0.643309,1
0,0,0.989623,1
1,1,0.67649,1
0,0,0.564342,1
2,1,0.483731,0
1,0,0.519241,0
1,1,0.639674,1
1,1,0.6211,1
1,1,0.629323,1
2,2,0.992295,1
2,2,0.992035,1
2,2,0.992311,1
2,2,0.992557,1
2,2,0.991958,1
0,0,0.990213,1
1,0,0.550094,0
1,1,0.540991,1
1,1,0.664434,1
1,1,0.543746,1
1,1,0.56798,1
1,0,0.535907,0
0,0,0.636746,1
1,1,0.5589,1
2,2,0.992203,1
2,1,0.618038,0
0,0,0.990293,1
2,1,0.576278,0
0,0,0.990286,1
2,2,0.992243,1
1,1,0.616337,1
1,1,0.630614,1
2,2,0.992217,1
2,2,0.992222,1
1,0,0.55991,0
1,0,0.561126,0
1,1,0.61612,1
1,0,0.53069,0
0,0,0.636351,1
2,1,0.544241,0
2,2,0.992238,1
0,1,0.702798,0
0,0,0.605048,1
2,2,0.992391,1
2,1,0.673564,0
0,0,0.989555,1
0,0,0.596916,1
1,1,0.583393,1
0,1,0.566611,0
2,2,0.992499,1
0,0,0.580837,1
0,0,0.989671,1
2,2,0.992333,1
2,2,0.992321,1
2,2,0.992139,1
1,1,0.664434,1
0,0,0.988834,1
2,2,0.992465,1
0,1,0.610498,0
1,1,0.724268,1
1,1,0.63706,1
2,2,0.992383,1
0,0,0.588441,1
2,1,0.567787,0
2,2,0.992369,1
2,2,0.992189,1
1,0,0.540106,0
0,0,0.577552,1
0,0,0.989592,1
0,0,0.989676,1
0,0,0.639436,1
0,0,0.98985,1
2,1,0.571569,0
0,0,0.989953,1
2,2,0.992328,1
0,0,0.99008,1
1,0,0.511543,0
0,0,0.990007,1
1,1,0.711614,1
1,1,0.570565,1
0,0,0.990451,1
0,0,0.989609,1
1,1,0.723582,1
1,0,0.548751,0
2,2,0.992185,1
0,0,0.989741,1
1,1,0.696453,1
0,1,0.626035,0
2,2,0.992309,1
1,1,0.531604,1
