tipo_capa,origen,destino,peso,peso_absoluto,importancia_%
Capa 1 - Entrada a Oculta 1,margen_pct,Neurona H1_1,0.1738825679298263,0.1738825679298263,0.03461950858268203
Capa 1 - Entrada a Oculta 1,margen_pct,Neurona H1_2,-0.404304430381317,0.404304430381317,0.08049582464903016
Capa 1 - Entrada a Oculta 1,margen_pct,Neurona H1_3,-0.6332504388790359,0.6332504388790359,0.12607830252775726
Capa 1 - Entrada a Oculta 1,margen_pct,Neurona H1_4,0.7077722738008928,0.7077722738008928,0.14091538099047937
Capa 1 - Entrada a Oculta 1,margen_pct,Neurona H1_5,0.06905653097006292,0.06905653097006292,0.013748952497487591
Capa 1 - Entrada a Oculta 1,margen_pct,Neurona H1_6,-0.28943102136949184,0.28943102136949184,0.057624866297346714
Capa 1 - Entrada a Oculta 1,margen_pct,Neurona H1_7,0.9854908768823287,0.9854908768823287,0.1962083392059823
Capa 1 - Entrada a Oculta 1,margen_pct,Neurona H1_8,1.1215740422234273,1.1215740422234273,0.22330209774988632
Capa 1 - Entrada a Oculta 1,margen_pct,Neurona H1_9,-0.6605028817925069,0.6605028817925069,0.1315041838715543
Capa 1 - Entrada a Oculta 1,margen_pct,Neurona H1_10,-0.37699094190240046,0.37699094190240046,0.07505778931244343
Capa 1 - Entrada a Oculta 1,margen_pct,Neurona H1_11,-0.034522507918768854,0.034522507918768854,0.006873329934210849
Capa 1 - Entrada a Oculta 1,margen_pct,Neurona H1_12,0.6405965717792815,0.6405965717792815,0.1275408960126442
Capa 1 - Entrada a Oculta 1,margen_pct,Neurona H1_13,-0.34729041974868835,0.34729041974868835,0.06914450258190968
Capa 1 - Entrada a Oculta 1,margen_pct,Neurona H1_14,-0.7524680563171585,0.7524680563171585,0.14981418001820027
Capa 1 - Entrada a Oculta 1,margen_pct,Neurona H1_15,-0.4165210889230286,0.4165210889230286,0.08292812548442594
Capa 1 - Entrada a Oculta 1,margen_pct,Neurona H1_16,0.7947599539113144,0.7947599539113144,0.1582343726181259
Capa 1 - Entrada a Oculta 1,margen_pct,Neurona H1_17,0.5042665425555318,0.5042665425555318,0.10039798759474224
Capa 1 - Entrada a Oculta 1,margen_pct,Neurona H1_18,-0.20430949121363143,0.20430949121363143,0.040677419644781165
Capa 1 - Entrada a Oculta 1,margen_pct,Neurona H1_19,-0.2531523968516202,0.2531523968516202,0.050401898705959305
Capa 1 - Entrada a Oculta 1,margen_pct,Neurona H1_20,0.19374888114308486,0.19374888114308486,0.03857483319618908
Capa 1 - Entrada a Oculta 1,margen_pct,Neurona H1_21,0.49985287559005903,0.49985287559005903,0.09951923946483222
Capa 1 - Entrada a Oculta 1,margen_pct,Neurona H1_22,-0.3599420290724683,0.3599420290724683,0.07166340084056722
Capa 1 - Entrada a Oculta 1,margen_pct,Neurona H1_23,0.19087424847045897,0.19087424847045897,0.03800250227384963
Capa 1 - Entrada a Oculta 1,margen_pct,Neurona H1_24,-0.01317813513009999,0.01317813513009999,0.0026237280002924554
Capa 1 - Entrada a Oculta 1,margen_pct,Neurona H1_25,-0.009584295630316743,0.009584295630316743,0.0019082051109724706
Capa 1 - Entrada a Oculta 1,margen_pct,Neurona H1_26,-0.47699558179780815,0.47699558179780815,0.09496841940254133
Capa 1 - Entrada a Oculta 1,margen_pct,Neurona H1_27,-0.17525282600291456,0.17525282600291456,0.03489232294059347
Capa 1 - Entrada a Oculta 1,margen_pct,Neurona H1_28,-0.1511405041848122,0.1511405041848122,0.030091630484365958
Capa 1 - Entrada a Oculta 1,margen_pct,Neurona H1_29,-0.031004417966184868,0.031004417966184868,0.006172888557262234
Capa 1 - Entrada a Oculta 1,margen_pct,Neurona H1_30,0.06058299304225666,0.06058299304225666,0.012061895982795686
Capa 1 - Entrada a Oculta 1,margen_pct,Neurona H1_31,-0.7261382958604757,0.7261382958604757,0.14457200204163648
Capa 1 - Entrada a Oculta 1,margen_pct,Neurona H1_32,-0.34647891648404194,0.34647891648404194,0.06898293466529921
Capa 1 - Entrada a Oculta 1,margen_pct,Neurona H1_33,-0.38543766337540764,0.38543766337540764,0.07673950674974461
Capa 1 - Entrada a Oculta 1,margen_pct,Neurona H1_34,-0.32218726360222655,0.32218726360222655,0.06414653792098078
Capa 1 - Entrada a Oculta 1,margen_pct,Neurona H1_35,-0.1071803296959259,0.1071803296959259,0.02133928885441957
Capa 1 - Entrada a Oculta 1,margen_pct,Neurona H1_36,-0.3718304297380774,0.3718304297380774,0.07403034649692257
Capa 1 - Entrada a Oculta 1,margen_pct,Neurona H1_37,-0.8937712687990763,0.8937712687990763,0.17794723461659162
Capa 1 - Entrada a Oculta 1,margen_pct,Neurona H1_38,0.3771534307733699,0.3771534307733699,0.07509014036942452
Capa 1 - Entrada a Oculta 1,margen_pct,Neurona H1_39,1.0025399443205052,1.0025399443205052,0.19960275845990585
Capa 1 - Entrada a Oculta 1,margen_pct,Neurona H1_40,-0.09613611066626006,0.09613611066626006,0.019140417282423692
Capa 1 - Entrada a Oculta 1,margen_pct,Neurona H1_41,0.534493182734228,0.534493182734228,0.10641602287884457
Capa 1 - Entrada a Oculta 1,margen_pct,Neurona H1_42,-0.7036532008407863,0.7036532008407863,0.1400952856618168
Capa 1 - Entrada a Oculta 1,margen_pct,Neurona H1_43,-0.6467537359001857,0.6467537359001857,0.12876676930555905
Capa 1 - Entrada a Oculta 1,margen_pct,Neurona H1_44,0.11310037760214381,0.11310037760214381,0.02251795300539939
Capa 1 - Entrada a Oculta 1,margen_pct,Neurona H1_45,0.8011150972597783,0.8011150972597783,0.15949966299378396
Capa 1 - Entrada a Oculta 1,margen_pct,Neurona H1_46,0.1990884138718069,0.1990884138718069,0.03963791848029936
Capa 1 - Entrada a Oculta 1,margen_pct,Neurona H1_47,-0.11528305706381804,0.11528305706381804,0.02295251807570115
Capa 1 - Entrada a Oculta 1,margen_pct,Neurona H1_48,0.3944817512452556,0.3944817512452556,0.07854015808219497
Capa 1 - Entrada a Oculta 1,margen_pct,Neurona H1_49,0.1359129902511937,0.1359129902511937,0.027059877183307244
Capa 1 - Entrada a Oculta 1,margen_pct,Neurona H1_50,0.0723275493546423,0.0723275493546423,0.014400202650894327
Capa 1 - Entrada a Oculta 1,margen_pct,Neurona H1_51,-0.2864096100177188,0.2864096100177188,0.05702331217107724
Capa 1 - Entrada a Oculta 1,margen_pct,Neurona H1_52,0.05920379126207801,0.05920379126207801,0.011787300959070168
Capa 1 - Entrada a Oculta 1,margen_pct,Neurona H1_53,-0.42011371383671847,0.42011371383671847,0.08364340655322197
Capa 1 - Entrada a Oculta 1,margen_pct,Neurona H1_54,0.02409420167484081,0.02409420167484081,0.004797084788922903
Capa 1 - Entrada a Oculta 1,margen_pct,Neurona H1_55,0.34090199398091153,0.34090199398091153,0.0678725857743167
Capa 1 - Entrada a Oculta 1,margen_pct,Neurona H1_56,-0.3651322267212782,0.3651322267212782,0.07269675394886331
Capa 1 - Entrada a Oculta 1,margen_pct,Neurona H1_57,0.15510198329162478,0.15510198329162478,0.030880349339689975
Capa 1 - Entrada a Oculta 1,margen_pct,Neurona H1_58,-0.20580483482845893,0.20580483482845893,0.04097513816667734
Capa 1 - Entrada a Oculta 1,margen_pct,Neurona H1_59,1.0934230925961932,1.0934230925961932,0.21769732635828834
Capa 1 - Entrada a Oculta 1,margen_pct,Neurona H1_60,0.23601655571510208,0.23601655571510208,0.046990203063549785
Capa 1 - Entrada a Oculta 1,margen_pct,Neurona H1_61,0.37061772055025993,0.37061772055025993,0.07378889965934833
Capa 1 - Entrada a Oculta 1,margen_pct,Neurona H1_62,0.1495070835473154,0.1495070835473154,0.029766421232787776
Capa 1 - Entrada a Oculta 1,margen_pct,Neurona H1_63,0.3247726909123547,0.3247726909123547,0.0646612889050415
Capa 1 - Entrada a Oculta 1,margen_pct,Neurona H1_64,0.2668119465453136,0.2668119465453136,0.05312147493195128
Capa 1 - Entrada a Oculta 1,descuento_pct,Neurona H1_1,0.18777738318350698,0.18777738318350698,0.03738592549069381
Capa 1 - Entrada a Oculta 1,descuento_pct,Neurona H1_2,-0.2077741901011275,0.2077741901011275,0.04136723101748004
Capa 1 - Entrada a Oculta 1,descuento_pct,Neurona H1_3,0.14243247370036147,0.14243247370036147,0.028357887190349488
Capa 1 - Entrada a Oculta 1,descuento_pct,Neurona H1_4,-0.126925951990653,0.126925951990653,0.025270584260515577
Capa 1 - Entrada a Oculta 1,descuento_pct,Neurona H1_5,-0.21046994174727537,0.21046994174727537,0.04190394725282032
Capa 1 - Entrada a Oculta 1,descuento_pct,Neurona H1_6,0.12516518157749054,0.12516518157749054,0.024920020042627958
Capa 1 - Entrada a Oculta 1,descuento_pct,Neurona H1_7,-0.07706656076836657,0.07706656076836657,0.01534372590491635
Capa 1 - Entrada a Oculta 1,descuento_pct,Neurona H1_8,0.1461805596975094,0.1461805596975094,0.029104120104273667
Capa 1 - Entrada a Oculta 1,descuento_pct,Neurona H1_9,0.028207118191057014,0.028207118191057014,0.005615954387688344
Capa 1 - Entrada a Oculta 1,descuento_pct,Neurona H1_10,0.17500220064906402,0.17500220064906402,0.03484242416872712
Capa 1 - Entrada a Oculta 1,descuento_pct,Neurona H1_11,-0.32845186955407063,0.32845186955407063,0.06539380256687968
Capa 1 - Entrada a Oculta 1,descuento_pct,Neurona H1_12,0.03337237368672455,0.03337237368672455,0.006644341586548748
Capa 1 - Entrada a Oculta 1,descuento_pct,Neurona H1_13,0.13087932053189305,0.13087932053189305,0.026057688326054793
Capa 1 - Entrada a Oculta 1,descuento_pct,Neurona H1_14,-0.15279453239518925,0.15279453239518925,0.030420942643180262
Capa 1 - Entrada a Oculta 1,descuento_pct,Neurona H1_15,-0.043093747424146095,0.043093747424146095,0.008579838546048137
Capa 1 - Entrada a Oculta 1,descuento_pct,Neurona H1_16,0.01973067421982177,0.01973067421982177,0.003928319288284766
Capa 1 - Entrada a Oculta 1,descuento_pct,Neurona H1_17,-0.22286518876262892,0.22286518876262892,0.04437180452880484
Capa 1 - Entrada a Oculta 1,descuento_pct,Neurona H1_18,0.09847870954379984,0.09847870954379984,0.019606821838741833
Capa 1 - Entrada a Oculta 1,descuento_pct,Neurona H1_19,0.13274909578538494,0.13274909578538494,0.02642995508750538
Capa 1 - Entrada a Oculta 1,descuento_pct,Neurona H1_20,-0.14349141470548085,0.14349141470548085,0.028568719234364846
Capa 1 - Entrada a Oculta 1,descuento_pct,Neurona H1_21,0.17180591265608544,0.17180591265608544,0.03420605261680535
Capa 1 - Entrada a Oculta 1,descuento_pct,Neurona H1_22,0.4545684944137591,0.4545684944137591,0.09050325217260957
Capa 1 - Entrada a Oculta 1,descuento_pct,Neurona H1_23,-0.10043756981387857,0.10043756981387857,0.01999682516535266
Capa 1 - Entrada a Oculta 1,descuento_pct,Neurona H1_24,-0.2309854844170209,0.2309854844170209,0.04598853154433058
Capa 1 - Entrada a Oculta 1,descuento_pct,Neurona H1_25,-0.04390675604276657,0.04390675604276657,0.00874170617421363
Capa 1 - Entrada a Oculta 1,descuento_pct,Neurona H1_26,-0.04093530894438089,0.04093530894438089,0.008150099784048837
Capa 1 - Entrada a Oculta 1,descuento_pct,Neurona H1_27,0.09874110675320669,0.09874110675320669,0.019659064352475577
Capa 1 - Entrada a Oculta 1,descuento_pct,Neurona H1_28,0.2679366912505025,0.2679366912505025,0.05334540829938537
Capa 1 - Entrada a Oculta 1,descuento_pct,Neurona H1_29,-0.08052175146326751,0.08052175146326751,0.016031644224395045
Capa 1 - Entrada a Oculta 1,descuento_pct,Neurona H1_30,0.16295770576058516,0.16295770576058516,0.03244440061104627
Capa 1 - Entrada a Oculta 1,descuento_pct,Neurona H1_31,-0.039326251372941066,0.039326251372941066,0.007829741147368414
Capa 1 - Entrada a Oculta 1,descuento_pct,Neurona H1_32,0.2600505039165441,0.2600505039165441,0.05177529156288311
Capa 1 - Entrada a Oculta 1,descuento_pct,Neurona H1_33,-0.1689130344671003,0.1689130344671003,0.03363008906574575
Capa 1 - Entrada a Oculta 1,descuento_pct,Neurona H1_34,-0.0017367490653253596,0.0017367490653253596,0.00034578163808381905
Capa 1 - Entrada a Oculta 1,descuento_pct,Neurona H1_35,-0.16150698841072741,0.16150698841072741,0.03215556704743847
Capa 1 - Entrada a Oculta 1,descuento_pct,Neurona H1_36,-0.05153770022204337,0.05153770022204337,0.010261004748266522
Capa 1 - Entrada a Oculta 1,descuento_pct,Neurona H1_37,0.01600007256301498,0.01600007256301498,0.0031855674551710977
Capa 1 - Entrada a Oculta 1,descuento_pct,Neurona H1_38,0.08382259262509072,0.08382259262509072,0.01668883200516169
Capa 1 - Entrada a Oculta 1,descuento_pct,Neurona H1_39,-0.02393235633072221,0.02393235633072221,0.004764861856247775
Capa 1 - Entrada a Oculta 1,descuento_pct,Neurona H1_40,-0.19222307832884772,0.19222307832884772,0.03827105033714895
Capa 1 - Entrada a Oculta 1,descuento_pct,Neurona H1_41,-0.15503940963745502,0.15503940963745502,0.030867891108923254
Capa 1 - Entrada a Oculta 1,descuento_pct,Neurona H1_42,0.11212354793223224,0.11212354793223224,0.02232346908706337
Capa 1 - Entrada a Oculta 1,descuento_pct,Neurona H1_43,0.27369286716603314,0.27369286716603314,0.05449144601831049
Capa 1 - Entrada a Oculta 1,descuento_pct,Neurona H1_44,-0.19964045424742669,0.19964045424742669,0.03974782809774571
Capa 1 - Entrada a Oculta 1,descuento_pct,Neurona H1_45,0.08054561362506236,0.08054561362506236,0.01603639511072536
Capa 1 - Entrada a Oculta 1,descuento_pct,Neurona H1_46,-0.31171967631371783,0.31171967631371783,0.06206247203508503
Capa 1 - Entrada a Oculta 1,descuento_pct,Neurona H1_47,-0.01616322378219847,0.01616322378219847,0.0032180503837362963
Capa 1 - Entrada a Oculta 1,descuento_pct,Neurona H1_48,-0.009715707117452402,0.009715707117452402,0.0019343687521063647
Capa 1 - Entrada a Oculta 1,descuento_pct,Neurona H1_49,-0.263669186359309,0.263669186359309,0.05249576060918716
Capa 1 - Entrada a Oculta 1,descuento_pct,Neurona H1_50,0.15377968188346233,0.15377968188346233,0.030617083012916803
Capa 1 - Entrada a Oculta 1,descuento_pct,Neurona H1_51,-0.07548664683646247,0.07548664683646247,0.015029169681272778
Capa 1 - Entrada a Oculta 1,descuento_pct,Neurona H1_52,0.11001633196610461,0.11001633196610461,0.02190392857708907
Capa 1 - Entrada a Oculta 1,descuento_pct,Neurona H1_53,0.16452894246693003,0.16452894246693003,0.03275722922456596
Capa 1 - Entrada a Oculta 1,descuento_pct,Neurona H1_54,0.030038757914646896,0.030038757914646896,0.005980628477139288
Capa 1 - Entrada a Oculta 1,descuento_pct,Neurona H1_55,-0.38243206612783975,0.38243206612783975,0.07614110116517644
Capa 1 - Entrada a Oculta 1,descuento_pct,Neurona H1_56,0.20262809221904954,0.20262809221904954,0.040342658043219515
Capa 1 - Entrada a Oculta 1,descuento_pct,Neurona H1_57,0.17520488413938903,0.17520488413938903,0.03488277785637053
Capa 1 - Entrada a Oculta 1,descuento_pct,Neurona H1_58,0.1123408415261085,0.1123408415261085,0.022366731603414042
Capa 1 - Entrada a Oculta 1,descuento_pct,Neurona H1_59,0.05986880332609216,0.05986880332609216,0.011919702907878606
Capa 1 - Entrada a Oculta 1,descuento_pct,Neurona H1_60,-0.007418506387567082,0.007418506387567082,0.0014770028336521164
Capa 1 - Entrada a Oculta 1,descuento_pct,Neurona H1_61,0.16237275082401437,0.16237275082401437,0.03232793780118446
Capa 1 - Entrada a Oculta 1,descuento_pct,Neurona H1_62,0.1837705025642394,0.1837705025642394,0.036588167327584
Capa 1 - Entrada a Oculta 1,descuento_pct,Neurona H1_63,-0.1125838192821575,0.1125838192821575,0.02241510776101906
Capa 1 - Entrada a Oculta 1,descuento_pct,Neurona H1_64,-0.008200401769192966,0.008200401769192966,0.0016326759077113912
Capa 1 - Entrada a Oculta 1,cantidad,Neurona H1_1,0.17380758771849472,0.17380758771849472,0.03460458024282238
Capa 1 - Entrada a Oculta 1,cantidad,Neurona H1_2,-0.05180631585850388,0.05180631585850388,0.010314485332563163
Capa 1 - Entrada a Oculta 1,cantidad,Neurona H1_3,0.10367944414935237,0.10367944414935237,0.020642272824178392
Capa 1 - Entrada a Oculta 1,cantidad,Neurona H1_4,-0.21378224093259718,0.21378224093259718,0.04256341629241338
Capa 1 - Entrada a Oculta 1,cantidad,Neurona H1_5,0.04403602002620908,0.04403602002620908,0.008767442253669423
Capa 1 - Entrada a Oculta 1,cantidad,Neurona H1_6,0.20848845255721127,0.20848845255721127,0.04150943857470141
Capa 1 - Entrada a Oculta 1,cantidad,Neurona H1_7,0.23593838851978846,0.23593838851978846,0.04697464020453947
Capa 1 - Entrada a Oculta 1,cantidad,Neurona H1_8,-0.21156008583074862,0.21156008583074862,0.04212099173809266
Capa 1 - Entrada a Oculta 1,cantidad,Neurona H1_9,-0.03483534217983389,0.03483534217983389,0.006935614316796393
Capa 1 - Entrada a Oculta 1,cantidad,Neurona H1_10,-0.14301445890314585,0.14301445890314585,0.02847375873493652
Capa 1 - Entrada a Oculta 1,cantidad,Neurona H1_11,0.0008030301567889578,0.0008030301567889578,0.0001598809457215243
Capa 1 - Entrada a Oculta 1,cantidad,Neurona H1_12,0.024215566682034187,0.024215566682034187,0.004821248205406745
Capa 1 - Entrada a Oculta 1,cantidad,Neurona H1_13,-0.21095708376672004,0.21095708376672004,0.04200093579815831
Capa 1 - Entrada a Oculta 1,cantidad,Neurona H1_14,-0.08939830112204954,0.08939830112204954,0.017798939191080984
Capa 1 - Entrada a Oculta 1,cantidad,Neurona H1_15,0.19397169745598933,0.19397169745598933,0.038619195269678074
Capa 1 - Entrada a Oculta 1,cantidad,Neurona H1_16,0.04815461474586184,0.04815461474586184,0.00958744236606223
Capa 1 - Entrada a Oculta 1,cantidad,Neurona H1_17,-0.002342422379684626,0.002342422379684626,0.0004663694161135534
Capa 1 - Entrada a Oculta 1,cantidad,Neurona H1_18,0.15070628549032067,0.15070628549032067,0.030005178817590614
Capa 1 - Entrada a Oculta 1,cantidad,Neurona H1_19,0.12036527792020717,0.12036527792020717,0.023964373321753496
Capa 1 - Entrada a Oculta 1,cantidad,Neurona H1_20,-0.2101522316398713,0.2101522316398713,0.041840692103549
Capa 1 - Entrada a Oculta 1,cantidad,Neurona H1_21,0.1316409907940918,0.1316409907940918,0.026209334638237186
Capa 1 - Entrada a Oculta 1,cantidad,Neurona H1_22,0.14923153143869408,0.14923153143869408,0.0297115596172563
Capa 1 - Entrada a Oculta 1,cantidad,Neurona H1_23,-0.17901929672162042,0.17901929672162042,0.03564221619858401
Capa 1 - Entrada a Oculta 1,cantidad,Neurona H1_24,0.1400738622439659,0.1400738622439659,0.027888294576610014
Capa 1 - Entrada a Oculta 1,cantidad,Neurona H1_25,-0.13108015331214637,0.13108015331214637,0.026097673542758455
Capa 1 - Entrada a Oculta 1,cantidad,Neurona H1_26,-0.09543537258990684,0.09543537258990684,0.019000902389485645
Capa 1 - Entrada a Oculta 1,cantidad,Neurona H1_27,0.07913707993284157,0.07913707993284157,0.015755960189459916
Capa 1 - Entrada a Oculta 1,cantidad,Neurona H1_28,-0.2126594964216369,0.2126594964216369,0.04233988115777564
Capa 1 - Entrada a Oculta 1,cantidad,Neurona H1_29,0.10174725072952262,0.10174725072952262,0.020257578789131744
Capa 1 - Entrada a Oculta 1,cantidad,Neurona H1_30,0.21986573191080938,0.21986573191080938,0.043774621478995863
Capa 1 - Entrada a Oculta 1,cantidad,Neurona H1_31,0.10946155716950055,0.10946155716950055,0.02179347454445573
Capa 1 - Entrada a Oculta 1,cantidad,Neurona H1_32,-0.05714855064903845,0.05714855064903845,0.011378108589244375
Capa 1 - Entrada a Oculta 1,cantidad,Neurona H1_33,-0.036339924375947665,0.036339924375947665,0.007235172213093005
Capa 1 - Entrada a Oculta 1,cantidad,Neurona H1_34,0.13229977630338016,0.13229977630338016,0.026340496898287078
Capa 1 - Entrada a Oculta 1,cantidad,Neurona H1_35,0.04367969894453203,0.04367969894453203,0.008696499772820582
Capa 1 - Entrada a Oculta 1,cantidad,Neurona H1_36,-0.22898785972610222,0.22898785972610222,0.045590810335381406
Capa 1 - Entrada a Oculta 1,cantidad,Neurona H1_37,0.05318384441606938,0.05318384441606938,0.010588747222580651
Capa 1 - Entrada a Oculta 1,cantidad,Neurona H1_38,0.18538841829257074,0.18538841829257074,0.036910289597285165
Capa 1 - Entrada a Oculta 1,cantidad,Neurona H1_39,-0.09709236115941534,0.09709236115941534,0.01933080394710847
Capa 1 - Entrada a Oculta 1,cantidad,Neurona H1_40,0.23089149424789387,0.23089149424789387,0.045969818377705994
Capa 1 - Entrada a Oculta 1,cantidad,Neurona H1_41,0.12885139400536183,0.12885139400536183,0.025653934110631486
Capa 1 - Entrada a Oculta 1,cantidad,Neurona H1_42,0.06003674432121148,0.06003674432121148,0.011953139466765083
Capa 1 - Entrada a Oculta 1,cantidad,Neurona H1_43,0.12923348345805777,0.12923348345805777,0.025730006998468627
Capa 1 - Entrada a Oculta 1,cantidad,Neurona H1_44,-0.18754137445169364,0.18754137445169364,0.03733893684534613
Capa 1 - Entrada a Oculta 1,cantidad,Neurona H1_45,0.1694834291792798,0.1694834291792798,0.033743652977694556
Capa 1 - Entrada a Oculta 1,cantidad,Neurona H1_46,0.22281162480284245,0.22281162480284245,0.04436114010172841
Capa 1 - Entrada a Oculta 1,cantidad,Neurona H1_47,0.2030539506809082,0.2030539506809082,0.040427445212231614
Capa 1 - Entrada a Oculta 1,cantidad,Neurona H1_48,-0.2152376568815312,0.2152376568815312,0.0428531853332975
Capa 1 - Entrada a Oculta 1,cantidad,Neurona H1_49,-0.24498593180752426,0.24498593180752426,0.04877597950054275
Capa 1 - Entrada a Oculta 1,cantidad,Neurona H1_50,-0.18481864606877835,0.18481864606877835,0.03679684962094599
Capa 1 - Entrada a Oculta 1,cantidad,Neurona H1_51,-0.06198006667166963,0.06198006667166963,0.012340049239214237
Capa 1 - Entrada a Oculta 1,cantidad,Neurona H1_52,-0.07653688574449942,0.07653688574449942,0.015238269163317034
Capa 1 - Entrada a Oculta 1,cantidad,Neurona H1_53,0.015801831842564583,0.015801831842564583,0.003146098309961331
Capa 1 - Entrada a Oculta 1,cantidad,Neurona H1_54,-0.2125745074431331,0.2125745074431331,0.042322960101767705
Capa 1 - Entrada a Oculta 1,cantidad,Neurona H1_55,-0.13914099403726343,0.13914099403726343,0.02770256325648435
Capa 1 - Entrada a Oculta 1,cantidad,Neurona H1_56,0.17399076513140524,0.17399076513140524,0.034641050327741806
Capa 1 - Entrada a Oculta 1,cantidad,Neurona H1_57,0.008651057728164949,0.008651057728164949,0.0017224001855686382
Capa 1 - Entrada a Oculta 1,cantidad,Neurona H1_58,0.1022560907354016,0.1022560907354016,0.020358887339841945
Capa 1 - Entrada a Oculta 1,cantidad,Neurona H1_59,-0.26407981051448276,0.26407981051448276,0.05257751467248136
Capa 1 - Entrada a Oculta 1,cantidad,Neurona H1_60,0.034728405682604255,0.034728405682604255,0.006914323574269877
Capa 1 - Entrada a Oculta 1,cantidad,Neurona H1_61,0.26807827712089594,0.26807827712089594,0.05337359763034377
Capa 1 - Entrada a Oculta 1,cantidad,Neurona H1_62,0.0668404676429224,0.0668404676429224,0.013307740797619724
Capa 1 - Entrada a Oculta 1,cantidad,Neurona H1_63,-0.18275264225795332,0.18275264225795332,0.03638551433005256
Capa 1 - Entrada a Oculta 1,cantidad,Neurona H1_64,0.1397371126587129,0.1397371126587129,0.027821248723217822
Capa 1 - Entrada a Oculta 1,precio_unitario,Neurona H1_1,-0.08035668520696915,0.08035668520696915,0.015998780017564728
Capa 1 - Entrada a Oculta 1,precio_unitario,Neurona H1_2,0.09240469111399406,0.09240469111399406,0.018397502608726253
Capa 1 - Entrada a Oculta 1,precio_unitario,Neurona H1_3,-0.22533321751971683,0.22533321751971683,0.044863181805754146
Capa 1 - Entrada a Oculta 1,precio_unitario,Neurona H1_4,0.0795108056948274,0.0795108056948274,0.015830367891040784
Capa 1 - Entrada a Oculta 1,precio_unitario,Neurona H1_5,-0.2633334484940517,0.2633334484940517,0.052428916186274696
Capa 1 - Entrada a Oculta 1,precio_unitario,Neurona H1_6,0.13117849360412748,0.13117849360412748,0.026117252806066995
Capa 1 - Entrada a Oculta 1,precio_unitario,Neurona H1_7,-0.07726446316759192,0.07726446316759192,0.015383127691363858
Capa 1 - Entrada a Oculta 1,precio_unitario,Neurona H1_8,-0.17057508424505693,0.17057508424505693,0.033960998295105856
Capa 1 - Entrada a Oculta 1,precio_unitario,Neurona H1_9,0.06777158545583423,0.06777158545583423,0.013493123619482569
Capa 1 - Entrada a Oculta 1,precio_unitario,Neurona H1_10,-0.24027045191980476,0.24027045191980476,0.04783714130423631
Capa 1 - Entrada a Oculta 1,precio_unitario,Neurona H1_11,0.05245003913149882,0.05245003913149882,0.01044264874560474
Capa 1 - Entrada a Oculta 1,precio_unitario,Neurona H1_12,0.23381616185148996,0.23381616185148996,0.0465521111078493
Capa 1 - Entrada a Oculta 1,precio_unitario,Neurona H1_13,0.16583878882083963,0.16583878882083963,0.03301801578661782
Capa 1 - Entrada a Oculta 1,precio_unitario,Neurona H1_14,0.027220845055491275,0.027220845055491275,0.005419590303075985
Capa 1 - Entrada a Oculta 1,precio_unitario,Neurona H1_15,-0.21310859494236448,0.21310859494236448,0.042429295354252626
Capa 1 - Entrada a Oculta 1,precio_unitario,Neurona H1_16,0.08903076718961314,0.08903076718961314,0.017725764264578035
Capa 1 - Entrada a Oculta 1,precio_unitario,Neurona H1_17,0.06255683994603081,0.06255683994603081,0.012454883104159611
Capa 1 - Entrada a Oculta 1,precio_unitario,Neurona H1_18,-0.2587303466585143,0.2587303466585143,0.05151245213010399
Capa 1 - Entrada a Oculta 1,precio_unitario,Neurona H1_19,0.16937682539019394,0.16937682539019394,0.03372242847638231
Capa 1 - Entrada a Oculta 1,precio_unitario,Neurona H1_20,-0.00921040190971538,0.00921040190971538,0.0018337639693245416
Capa 1 - Entrada a Oculta 1,precio_unitario,Neurona H1_21,-0.08689446877641076,0.08689446877641076,0.01730043352480614
Capa 1 - Entrada a Oculta 1,precio_unitario,Neurona H1_22,0.23303296336003254,0.23303296336003254,0.04639617858844979
Capa 1 - Entrada a Oculta 1,precio_unitario,Neurona H1_23,-0.050736450026771,0.050736450026771,0.010101478187655215
Capa 1 - Entrada a Oculta 1,precio_unitario,Neurona H1_24,-0.007043529153796857,0.007043529153796857,0.0014023459677145393
Capa 1 - Entrada a Oculta 1,precio_unitario,Neurona H1_25,-0.17602254457755626,0.17602254457755626,0.03504557164814541
Capa 1 - Entrada a Oculta 1,precio_unitario,Neurona H1_26,-0.09029044458162422,0.09029044458162422,0.017976562333661864
Capa 1 - Entrada a Oculta 1,precio_unitario,Neurona H1_27,0.1995177949384947,0.1995177949384947,0.03972340698958707
Capa 1 - Entrada a Oculta 1,precio_unitario,Neurona H1_28,-0.1750687517512813,0.1750687517512813,0.03485567429771835
Capa 1 - Entrada a Oculta 1,precio_unitario,Neurona H1_29,-0.05838167053782332,0.05838167053782332,0.011623619137435107
Capa 1 - Entrada a Oculta 1,precio_unitario,Neurona H1_30,0.2720908070630874,0.2720908070630874,0.054172480557055716
Capa 1 - Entrada a Oculta 1,precio_unitario,Neurona H1_31,-0.1565425778736236,0.1565425778736236,0.031167167489947568
Capa 1 - Entrada a Oculta 1,precio_unitario,Neurona H1_32,0.2716594684741009,0.2716594684741009,0.054086602310827556
Capa 1 - Entrada a Oculta 1,precio_unitario,Neurona H1_33,0.23526986859932886,0.23526986859932886,0.04684153985181529
Capa 1 - Entrada a Oculta 1,precio_unitario,Neurona H1_34,-0.21549271139708376,0.21549271139708376,0.042903965938250306
Capa 1 - Entrada a Oculta 1,precio_unitario,Neurona H1_35,-0.02426770682626966,0.02426770682626966,0.004831629154988711
Capa 1 - Entrada a Oculta 1,precio_unitario,Neurona H1_36,0.0031586966680847216,0.0031586966680847216,0.0006288872295409135
Capa 1 - Entrada a Oculta 1,precio_unitario,Neurona H1_37,-0.0374259040489075,0.0374259040489075,0.007451387576462976
Capa 1 - Entrada a Oculta 1,precio_unitario,Neurona H1_38,-0.2590566174067705,0.2590566174067705,0.0515774116778264
Capa 1 - Entrada a Oculta 1,precio_unitario,Neurona H1_39,-0.13362414277178083,0.13362414277178083,0.026604174372488614
Capa 1 - Entrada a Oculta 1,precio_unitario,Neurona H1_40,-0.21855639725384737,0.21855639725384737,0.04351393679430342
Capa 1 - Entrada a Oculta 1,precio_unitario,Neurona H1_41,-0.1683207932868947,0.1683207932868947,0.033512175586175905
Capa 1 - Entrada a Oculta 1,precio_unitario,Neurona H1_42,0.1280910711881844,0.1280910711881844,0.0255025560707954
Capa 1 - Entrada a Oculta 1,precio_unitario,Neurona H1_43,0.20994128856761124,0.20994128856761124,0.04179869395740067
Capa 1 - Entrada a Oculta 1,precio_unitario,Neurona H1_44,-0.29402637170029194,0.29402637170029194,0.058539787051690356
Capa 1 - Entrada a Oculta 1,precio_unitario,Neurona H1_45,-0.05088476212917668,0.05088476212917668,0.010131006691652357
Capa 1 - Entrada a Oculta 1,precio_unitario,Neurona H1_46,0.2450252498473014,0.2450252498473014,0.04878380760678551
Capa 1 - Entrada a Oculta 1,precio_unitario,Neurona H1_47,0.0379819679780584,0.0379819679780584,0.007562098271600216
Capa 1 - Entrada a Oculta 1,precio_unitario,Neurona H1_48,0.05154785142923194,0.05154785142923194,0.010263025823803727
Capa 1 - Entrada a Oculta 1,precio_unitario,Neurona H1_49,-0.29890990000807455,0.29890990000807455,0.05951208319487407
Capa 1 - Entrada a Oculta 1,precio_unitario,Neurona H1_50,-0.014338829007178469,0.014338829007178469,0.0028548187422672423
Capa 1 - Entrada a Oculta 1,precio_unitario,Neurona H1_51,0.26767385450491393,0.26767385450491393,0.05329307827528876
Capa 1 - Entrada a Oculta 1,precio_unitario,Neurona H1_52,-0.06592683230912445,0.06592683230912445,0.013125838686002506
Capa 1 - Entrada a Oculta 1,precio_unitario,Neurona H1_53,-0.20030937180693248,0.20030937180693248,0.03988100761923612
Capa 1 - Entrada a Oculta 1,precio_unitario,Neurona H1_54,-0.0204439166328888,0.0204439166328888,0.004070323757937365
Capa 1 - Entrada a Oculta 1,precio_unitario,Neurona H1_55,0.2302188358176682,0.2302188358176682,0.045835894059842175
Capa 1 - Entrada a Oculta 1,precio_unitario,Neurona H1_56,-0.08515988323924317,0.08515988323924317,0.016955082638824264
Capa 1 - Entrada a Oculta 1,precio_unitario,Neurona H1_57,0.12537608626368085,0.12537608626368085,0.024962010546222543
Capa 1 - Entrada a Oculta 1,precio_unitario,Neurona H1_58,0.21692777149024473,0.21692777149024473,0.043189682188035046
Capa 1 - Entrada a Oculta 1,precio_unitario,Neurona H1_59,-0.14669694982528061,0.14669694982528061,0.02920693186207795
Capa 1 - Entrada a Oculta 1,precio_unitario,Neurona H1_60,-0.055348742475039875,0.055348742475039875,0.011019772067827975
Capa 1 - Entrada a Oculta 1,precio_unitario,Neurona H1_61,0.07978549988307378,0.07978549988307378,0.015885058697145318
Capa 1 - Entrada a Oculta 1,precio_unitario,Neurona H1_62,-0.06254630671977769,0.06254630671977769,0.012452785969748643
Capa 1 - Entrada a Oculta 1,precio_unitario,Neurona H1_63,-0.18288272202208058,0.18288272202208058,0.03641141282904675
Capa 1 - Entrada a Oculta 1,precio_unitario,Neurona H1_64,0.24393873831373863,0.24393873831373863,0.04856748635153157
Capa 1 - Entrada a Oculta 1,costo_unitario,Neurona H1_1,0.06328926382560451,0.06328926382560451,0.012600706547457825
Capa 1 - Entrada a Oculta 1,costo_unitario,Neurona H1_2,0.2387089389390566,0.2387089389390566,0.0475262486559244
Capa 1 - Entrada a Oculta 1,costo_unitario,Neurona H1_3,-0.17083227783845928,0.17083227783845928,0.03401220478417609
Capa 1 - Entrada a Oculta 1,costo_unitario,Neurona H1_4,-0.20989053899624324,0.20989053899624324,0.041788589866792514
Capa 1 - Entrada a Oculta 1,costo_unitario,Neurona H1_5,0.00747634219889423,0.00747634219889423,0.0014885177738238914
Capa 1 - Entrada a Oculta 1,costo_unitario,Neurona H1_6,-0.21264744662102683,0.21264744662102683,0.04233748207786438
Capa 1 - Entrada a Oculta 1,costo_unitario,Neurona H1_7,0.11773060740743084,0.11773060740743084,0.02343981816067255
Capa 1 - Entrada a Oculta 1,costo_unitario,Neurona H1_8,-0.2381495431165428,0.2381495431165428,0.04741487459060435
Capa 1 - Entrada a Oculta 1,costo_unitario,Neurona H1_9,0.05341898102623261,0.05341898102623261,0.010635562231069219
Capa 1 - Entrada a Oculta 1,costo_unitario,Neurona H1_10,-0.12193124583791566,0.12193124583791566,0.02427615293493009
Capa 1 - Entrada a Oculta 1,costo_unitario,Neurona H1_11,-0.2569581755962841,0.2569581755962841,0.051159618076470625
Capa 1 - Entrada a Oculta 1,costo_unitario,Neurona H1_12,-0.25183921420080496,0.25183921420080496,0.05014044789699222
Capa 1 - Entrada a Oculta 1,costo_unitario,Neurona H1_13,-0.05653194854989315,0.05653194854989315,0.011255344922261523
Capa 1 - Entrada a Oculta 1,costo_unitario,Neurona H1_14,0.12645246438591956,0.12645246438591956,0.02517631426904364
Capa 1 - Entrada a Oculta 1,costo_unitario,Neurona H1_15,-0.07092027137699297,0.07092027137699297,0.014120017738712028
Capa 1 - Entrada a Oculta 1,costo_unitario,Neurona H1_16,-0.18018338704769005,0.18018338704769005,0.03587398316357758
Capa 1 - Entrada a Oculta 1,costo_unitario,Neurona H1_17,-0.378781795369208,0.378781795369208,0.07541434297795802
Capa 1 - Entrada a Oculta 1,costo_unitario,Neurona H1_18,-0.07840617050739483,0.07840617050739483,0.015610438269530435
Capa 1 - Entrada a Oculta 1,costo_unitario,Neurona H1_19,0.06001328876250794,0.06001328876250794,0.011948469533916055
Capa 1 - Entrada a Oculta 1,costo_unitario,Neurona H1_20,-0.22987042980843783,0.22987042980843783,0.045766527446670945
Capa 1 - Entrada a Oculta 1,costo_unitario,Neurona H1_21,-0.04253128826630441,0.04253128826630441,0.008467854579661312
Capa 1 - Entrada a Oculta 1,costo_unitario,Neurona H1_22,0.02074752770170095,0.02074752770170095,0.004130771830033823
Capa 1 - Entrada a Oculta 1,costo_unitario,Neurona H1_23,0.06322587915554873,0.06322587915554873,0.012588086845810148
Capa 1 - Entrada a Oculta 1,costo_unitario,Neurona H1_24,-0.2517087867397716,0.2517087867397716,0.0501144801725652
Capa 1 - Entrada a Oculta 1,costo_unitario,Neurona H1_25,0.23379289850168572,0.23379289850168572,0.0465474794432276
Capa 1 - Entrada a Oculta 1,costo_unitario,Neurona H1_26,-0.21137999827934867,0.21137999827934867,0.042085136835525075
Capa 1 - Entrada a Oculta 1,costo_unitario,Neurona H1_27,-0.18604239439831366,0.18604239439831366,0.03704049431921436
Capa 1 - Entrada a Oculta 1,costo_unitario,Neurona H1_28,0.15230698778919702,0.15230698778919702,0.03032387394404304
Capa 1 - Entrada a Oculta 1,costo_unitario,Neurona H1_29,-0.27276215095073186,0.27276215095073186,0.054306143153352415
Capa 1 - Entrada a Oculta 1,costo_unitario,Neurona H1_30,0.11817825313574083,0.11817825313574083,0.023528943110446024
Capa 1 - Entrada a Oculta 1,costo_unitario,Neurona H1_31,0.31417695850537464,0.31417695850537464,0.0625517097024196
Capa 1 - Entrada a Oculta 1,costo_unitario,Neurona H1_32,0.2830892979706602,0.2830892979706602,0.056362247794246104
Capa 1 - Entrada a Oculta 1,costo_unitario,Neurona H1_33,0.1595304566345195,0.1595304566345195,0.031762045375858444
Capa 1 - Entrada a Oculta 1,costo_unitario,Neurona H1_34,0.30714573441691684,0.30714573441691684,0.061151813637074164
Capa 1 - Entrada a Oculta 1,costo_unitario,Neurona H1_35,-0.03390854552303901,0.03390854552303901,0.006751091824425221
Capa 1 - Entrada a Oculta 1,costo_unitario,Neurona H1_36,0.24000262860860247,0.24000262860860247,0.04778381846957153
Capa 1 - Entrada a Oculta 1,costo_unitario,Neurona H1_37,0.09063386061010362,0.09063386061010362,0.018044935456321125
Capa 1 - Entrada a Oculta 1,costo_unitario,Neurona H1_38,0.20921160004396785,0.20921160004396785,0.04165341511543445
Capa 1 - Entrada a Oculta 1,costo_unitario,Neurona H1_39,-0.2814183119775717,0.2814183119775717,0.05602955939069886
Capa 1 - Entrada a Oculta 1,costo_unitario,Neurona H1_40,0.264144917714821,0.264144917714821,0.05259047732484923
Capa 1 - Entrada a Oculta 1,costo_unitario,Neurona H1_41,0.10369122407157523,0.10369122407157523,0.020644618172095397
Capa 1 - Entrada a Oculta 1,costo_unitario,Neurona H1_42,0.2169185288353594,0.2169185288353594,0.043187842002593006
Capa 1 - Entrada a Oculta 1,costo_unitario,Neurona H1_43,-0.14575929109579924,0.14575929109579924,0.029020246762936745
Capa 1 - Entrada a Oculta 1,costo_unitario,Neurona H1_44,-0.0052269871019599455,0.0052269871019599455,0.0010406777803678331
Capa 1 - Entrada a Oculta 1,costo_unitario,Neurona H1_45,-0.2856450063449708,0.2856450063449708,0.0568710818254699
Capa 1 - Entrada a Oculta 1,costo_unitario,Neurona H1_46,0.06415337370745701,0.06415337370745701,0.012772748287048684
Capa 1 - Entrada a Oculta 1,costo_unitario,Neurona H1_47,-0.24418525969585592,0.24418525969585592,0.048616568034679175
Capa 1 - Entrada a Oculta 1,costo_unitario,Neurona H1_48,-0.259677476165231,0.259677476165231,0.05170102283317713
Capa 1 - Entrada a Oculta 1,costo_unitario,Neurona H1_49,-0.18493816926776313,0.18493816926776313,0.03682064633882488
Capa 1 - Entrada a Oculta 1,costo_unitario,Neurona H1_50,0.20127872143757117,0.20127872143757117,0.040074002283721745
Capa 1 - Entrada a Oculta 1,costo_unitario,Neurona H1_51,-0.07011982215574798,0.07011982215574798,0.013960650649677116
Capa 1 - Entrada a Oculta 1,costo_unitario,Neurona H1_52,0.04307042042539384,0.04307042042539384,0.008575194209107831
Capa 1 - Entrada a Oculta 1,costo_unitario,Neurona H1_53,0.11783869673790065,0.11783869673790065,0.023461338428911318
Capa 1 - Entrada a Oculta 1,costo_unitario,Neurona H1_54,-0.15150503886475764,0.15150503886475764,0.030164208268506736
Capa 1 - Entrada a Oculta 1,costo_unitario,Neurona H1_55,-0.03610077199207777,0.03610077199207777,0.007187557675853745
Capa 1 - Entrada a Oculta 1,costo_unitario,Neurona H1_56,0.12424496576694816,0.12424496576694816,0.024736807777417744
Capa 1 - Entrada a Oculta 1,costo_unitario,Neurona H1_57,-0.1731386357034612,0.1731386357034612,0.034471393861337594
Capa 1 - Entrada a Oculta 1,costo_unitario,Neurona H1_58,0.04117192930282149,0.04117192930282149,0.008197210202461669
Capa 1 - Entrada a Oculta 1,costo_unitario,Neurona H1_59,-0.12633293316223032,0.12633293316223032,0.02515251595346966
Capa 1 - Entrada a Oculta 1,costo_unitario,Neurona H1_60,0.1887976836702133,0.1887976836702133,0.03758906432098012
Capa 1 - Entrada a Oculta 1,costo_unitario,Neurona H1_61,-0.02050832745752275,0.02050832745752275,0.004083147763947746
Capa 1 - Entrada a Oculta 1,costo_unitario,Neurona H1_62,0.2235519399440099,0.2235519399440099,0.04450853467203335
Capa 1 - Entrada a Oculta 1,costo_unitario,Neurona H1_63,-0.009873497754373996,0.009873497754373996,0.0019657844044872206
Capa 1 - Entrada a Oculta 1,costo_unitario,Neurona H1_64,-0.0344713459031076,0.0344713459031076,0.006863143727155253
Capa 1 - Entrada a Oculta 1,utilidad_bruta,Neurona H1_1,-0.2447432567287693,0.2447432567287693,0.04872766360509801
Capa 1 - Entrada a Oculta 1,utilidad_bruta,Neurona H1_2,-0.07177170592818924,0.07177170592818924,0.01428953585719661
Capa 1 - Entrada a Oculta 1,utilidad_bruta,Neurona H1_3,0.0755657036416903,0.0755657036416903,0.015044909659004234
Capa 1 - Entrada a Oculta 1,utilidad_bruta,Neurona H1_4,0.010592100097881627,0.010592100097881627,0.0021088560205484563
Capa 1 - Entrada a Oculta 1,utilidad_bruta,Neurona H1_5,-0.228377856873922,0.228377856873922,0.04546936055908735
Capa 1 - Entrada a Oculta 1,utilidad_bruta,Neurona H1_6,-0.10727827219039958,0.10727827219039958,0.021358788917412712
Capa 1 - Entrada a Oculta 1,utilidad_bruta,Neurona H1_7,0.10775789393801231,0.10775789393801231,0.02145428019871597
Capa 1 - Entrada a Oculta 1,utilidad_bruta,Neurona H1_8,0.4881232124914574,0.4881232124914574,0.0971838979918567
Capa 1 - Entrada a Oculta 1,utilidad_bruta,Neurona H1_9,-0.4558217428969581,0.4558217428969581,0.09075277026483057
Capa 1 - Entrada a Oculta 1,utilidad_bruta,Neurona H1_10,0.1261661581790352,0.1261661581790352,0.02511931154413272
Capa 1 - Entrada a Oculta 1,utilidad_bruta,Neurona H1_11,0.1119244018264495,0.1119244018264495,0.02228381968229304
Capa 1 - Entrada a Oculta 1,utilidad_bruta,Neurona H1_12,0.3508682340254965,0.3508682340254965,0.06985683489640132
Capa 1 - Entrada a Oculta 1,utilidad_bruta,Neurona H1_13,-0.017602868632396632,0.017602868632396632,0.003504679445181738
Capa 1 - Entrada a Oculta 1,utilidad_bruta,Neurona H1_14,0.03474999923644426,0.03474999923644426,0.006918622787419272
Capa 1 - Entrada a Oculta 1,utilidad_bruta,Neurona H1_15,-0.22197774096977216,0.22197774096977216,0.04419511627967635
Capa 1 - Entrada a Oculta 1,utilidad_bruta,Neurona H1_16,0.09764987203818142,0.09764987203818142,0.019441802725664408
Capa 1 - Entrada a Oculta 1,utilidad_bruta,Neurona H1_17,0.16862579236317862,0.16862579236317862,0.03357290000648343
Capa 1 - Entrada a Oculta 1,utilidad_bruta,Neurona H1_18,0.15719555026798637,0.15719555026798637,0.03129717237588887
Capa 1 - Entrada a Oculta 1,utilidad_bruta,Neurona H1_19,-0.14334446474718396,0.14334446474718396,0.028539461929259154
Capa 1 - Entrada a Oculta 1,utilidad_bruta,Neurona H1_20,-0.1001393558215251,0.1001393558215251,0.019937451635327945
Capa 1 - Entrada a Oculta 1,utilidad_bruta,Neurona H1_21,0.3706357995482797,0.3706357995482797,0.07379249913475615
Capa 1 - Entrada a Oculta 1,utilidad_bruta,Neurona H1_22,0.01956558462682699,0.01956558462682699,0.003895450435186733
Capa 1 - Entrada a Oculta 1,utilidad_bruta,Neurona H1_23,-0.06472357396870121,0.06472357396870121,0.012886273484387372
Capa 1 - Entrada a Oculta 1,utilidad_bruta,Neurona H1_24,0.020658445029577005,0.020658445029577005,0.004113035731649265
Capa 1 - Entrada a Oculta 1,utilidad_bruta,Neurona H1_25,-0.1439412599824105,0.1439412599824105,0.028658282107808433
Capa 1 - Entrada a Oculta 1,utilidad_bruta,Neurona H1_26,-0.26644716989249273,0.26644716989249273,0.053048848971721664
Capa 1 - Entrada a Oculta 1,utilidad_bruta,Neurona H1_27,-0.11395414165883336,0.11395414165883336,0.02268793492158594
Capa 1 - Entrada a Oculta 1,utilidad_bruta,Neurona H1_28,-0.09718232366062012,0.09718232366062012,0.019348715216878965
Capa 1 - Entrada a Oculta 1,utilidad_bruta,Neurona H1_29,0.25575567618446776,0.25575567618446776,0.050920203975312155
Capa 1 - Entrada a Oculta 1,utilidad_bruta,Neurona H1_30,0.1596076454930026,0.1596076454930026,0.03177741345087917
Capa 1 - Entrada a Oculta 1,utilidad_bruta,Neurona H1_31,-0.03883912413554436,0.03883912413554436,0.007732755545092748
Capa 1 - Entrada a Oculta 1,utilidad_bruta,Neurona H1_32,0.17937206787981486,0.17937206787981486,0.03571245190009357
Capa 1 - Entrada a Oculta 1,utilidad_bruta,Neurona H1_33,-0.17385140864607657,0.17385140864607657,0.0346133048608021
Capa 1 - Entrada a Oculta 1,utilidad_bruta,Neurona H1_34,-0.22021337655921763,0.22021337655921763,0.04384383650746352
Capa 1 - Entrada a Oculta 1,utilidad_bruta,Neurona H1_35,-0.22314291943350933,0.22314291943350933,0.04442709988968368
Capa 1 - Entrada a Oculta 1,utilidad_bruta,Neurona H1_36,-0.1933862605030885,0.1933862605030885,0.03850263649178063
Capa 1 - Entrada a Oculta 1,utilidad_bruta,Neurona H1_37,-0.38909755245371846,0.38909755245371846,0.07746817991616219
Capa 1 - Entrada a Oculta 1,utilidad_bruta,Neurona H1_38,-0.1884711956819553,0.1884711956819553,0.037524061521411384
Capa 1 - Entrada a Oculta 1,utilidad_bruta,Neurona H1_39,0.2810030472139749,0.2810030472139749,0.05594688139589707
Capa 1 - Entrada a Oculta 1,utilidad_bruta,Neurona H1_40,-0.07573862019371312,0.07573862019371312,0.015079336836657017
Capa 1 - Entrada a Oculta 1,utilidad_bruta,Neurona H1_41,0.16682575363236907,0.16682575363236907,0.0332145175818831
Capa 1 - Entrada a Oculta 1,utilidad_bruta,Neurona H1_42,-0.2866378365325363,0.2866378365325363,0.05706875139987738
Capa 1 - Entrada a Oculta 1,utilidad_bruta,Neurona H1_43,-0.05491546453428394,0.05491546453428394,0.0109335077023584
Capa 1 - Entrada a Oculta 1,utilidad_bruta,Neurona H1_44,-0.107153297324166,0.107153297324166,0.0213339067885961
Capa 1 - Entrada a Oculta 1,utilidad_bruta,Neurona H1_45,0.06533285989895977,0.06533285989895977,0.013007580523632423
Capa 1 - Entrada a Oculta 1,utilidad_bruta,Neurona H1_46,0.2617047793922019,0.2617047793922019,0.0521046529514886
Capa 1 - Entrada a Oculta 1,utilidad_bruta,Neurona H1_47,-0.005266290963523271,0.005266290963523271,0.0010485030637698658
Capa 1 - Entrada a Oculta 1,utilidad_bruta,Neurona H1_48,-0.025742231028550094,0.025742231028550094,0.005125202592993267
Capa 1 - Entrada a Oculta 1,utilidad_bruta,Neurona H1_49,0.12291395140483145,0.12291395140483145,0.024471806727102176
Capa 1 - Entrada a Oculta 1,utilidad_bruta,Neurona H1_50,0.11301657322587358,0.11301657322587358,0.02250126780021698
Capa 1 - Entrada a Oculta 1,utilidad_bruta,Neurona H1_51,0.19329880484074635,0.19329880484074635,0.03848522432626511
Capa 1 - Entrada a Oculta 1,utilidad_bruta,Neurona H1_52,0.03519536998018451,0.03519536998018451,0.00700729479444653
Capa 1 - Entrada a Oculta 1,utilidad_bruta,Neurona H1_53,-0.2831471685316987,0.2831471685316987,0.05637376965298335
Capa 1 - Entrada a Oculta 1,utilidad_bruta,Neurona H1_54,0.13837041667000777,0.13837041667000777,0.02754914356584524
Capa 1 - Entrada a Oculta 1,utilidad_bruta,Neurona H1_55,0.3039099593163909,0.3039099593163909,0.06050758031801315
Capa 1 - Entrada a Oculta 1,utilidad_bruta,Neurona H1_56,-0.26408001927014824,0.26408001927014824,0.05257755623512125
Capa 1 - Entrada a Oculta 1,utilidad_bruta,Neurona H1_57,0.27242672495073395,0.27242672495073395,0.05423936082189715
Capa 1 - Entrada a Oculta 1,utilidad_bruta,Neurona H1_58,-0.11587931597408507,0.11587931597408507,0.02307123147352617
Capa 1 - Entrada a Oculta 1,utilidad_bruta,Neurona H1_59,0.4004537773043637,0.4004537773043637,0.07972917093075568
Capa 1 - Entrada a Oculta 1,utilidad_bruta,Neurona H1_60,-0.06413409016642954,0.06413409016642954,0.01276890899066577
Capa 1 - Entrada a Oculta 1,utilidad_bruta,Neurona H1_61,0.03144772582555196,0.03144772582555196,0.0062611498500694755
Capa 1 - Entrada a Oculta 1,utilidad_bruta,Neurona H1_62,0.28890633137288435,0.28890633137288435,0.0575204020600338
Capa 1 - Entrada a Oculta 1,utilidad_bruta,Neurona H1_63,0.19212035611987113,0.19212035611987113,0.03825059864703627
Capa 1 - Entrada a Oculta 1,utilidad_bruta,Neurona H1_64,0.208835960667458,0.208835960667458,0.04157862641882212
Capa 1 - Entrada a Oculta 1,region_natural,Neurona H1_1,0.13798026710550773,0.13798026710550773,0.02747146593342041
Capa 1 - Entrada a Oculta 1,region_natural,Neurona H1_2,-0.07093794318964713,0.07093794318964713,0.014123536144709455
Capa 1 - Entrada a Oculta 1,region_natural,Neurona H1_3,-0.056408380621442614,0.056408380621442614,0.011230742910625348
Capa 1 - Entrada a Oculta 1,region_natural,Neurona H1_4,-0.03047018013576,0.03047018013576,0.006066523374278215
Capa 1 - Entrada a Oculta 1,region_natural,Neurona H1_5,0.14925116297699947,0.14925116297699947,0.029715468198875186
Capa 1 - Entrada a Oculta 1,region_natural,Neurona H1_6,-0.1951065979609451,0.1951065979609451,0.038845150627018224
Capa 1 - Entrada a Oculta 1,region_natural,Neurona H1_7,-0.1229652260759916,0.1229652260759916,0.02448201536353673
Capa 1 - Entrada a Oculta 1,region_natural,Neurona H1_8,-0.07447839139003638,0.07447839139003638,0.01482842898313005
Capa 1 - Entrada a Oculta 1,region_natural,Neurona H1_9,0.15124620608147693,0.15124620608147693,0.030112675421546012
Capa 1 - Entrada a Oculta 1,region_natural,Neurona H1_10,0.053695921737554116,0.053695921737554116,0.010690700313319984
Capa 1 - Entrada a Oculta 1,region_natural,Neurona H1_11,-0.039144697827495196,0.039144697827495196,0.007793594369691905
Capa 1 - Entrada a Oculta 1,region_natural,Neurona H1_12,-0.029746586068518474,0.029746586068518474,0.0059224579206822265
Capa 1 - Entrada a Oculta 1,region_natural,Neurona H1_13,-0.06099877225906321,0.06099877225906321,0.012144676403720597
Capa 1 - Entrada a Oculta 1,region_natural,Neurona H1_14,-0.027054439093820652,0.027054439093820652,0.005386459364840759
Capa 1 - Entrada a Oculta 1,region_natural,Neurona H1_15,-0.1653174643751369,0.1653174643751369,0.032914221620605436
Capa 1 - Entrada a Oculta 1,region_natural,Neurona H1_16,0.16805735390763746,0.16805735390763746,0.0334597255794858
Capa 1 - Entrada a Oculta 1,region_natural,Neurona H1_17,-0.06126843351077641,0.06126843351077641,0.01219836516694308
Capa 1 - Entrada a Oculta 1,region_natural,Neurona H1_18,-0.0969120614946298,0.0969120614946298,0.01929490681338879
Capa 1 - Entrada a Oculta 1,region_natural,Neurona H1_19,0.15889009501785736,0.15889009501785736,0.031634551258719563
Capa 1 - Entrada a Oculta 1,region_natural,Neurona H1_20,-0.03999952780021231,0.03999952780021231,0.007963788506628952
Capa 1 - Entrada a Oculta 1,region_natural,Neurona H1_21,0.17980918481377323,0.17980918481377323,0.035799480597834644
Capa 1 - Entrada a Oculta 1,region_natural,Neurona H1_22,-0.31594827877478715,0.31594827877478715,0.06290437436570175
Capa 1 - Entrada a Oculta 1,region_natural,Neurona H1_23,0.14790983698789778,0.14790983698789778,0.0294484141339121
Capa 1 - Entrada a Oculta 1,region_natural,Neurona H1_24,-0.09470715531245782,0.09470715531245782,0.018855916468315692
Capa 1 - Entrada a Oculta 1,region_natural,Neurona H1_25,-0.013936585149110387,0.013936585149110387,0.0027747331715138874
Capa 1 - Entrada a Oculta 1,region_natural,Neurona H1_26,-0.15761740591349585,0.15761740591349585,0.03138116259592209
Capa 1 - Entrada a Oculta 1,region_natural,Neurona H1_27,-0.28452124486480107,0.28452124486480107,0.05664734421524939
Capa 1 - Entrada a Oculta 1,region_natural,Neurona H1_28,-0.09202159852474714,0.09202159852474714,0.01832122999934802
Capa 1 - Entrada a Oculta 1,region_natural,Neurona H1_29,0.28522813177351153,0.28522813177351153,0.05678808332265068
Capa 1 - Entrada a Oculta 1,region_natural,Neurona H1_30,0.07379658157092384,0.07379658157092384,0.01469268265061643
Capa 1 - Entrada a Oculta 1,region_natural,Neurona H1_31,-0.002901800439149695,0.002901800439149695,0.0005777399448627621
Capa 1 - Entrada a Oculta 1,region_natural,Neurona H1_32,-0.0266463616939861,0.0266463616939861,0.00530521235305478
Capa 1 - Entrada a Oculta 1,region_natural,Neurona H1_33,-0.16064074931793262,0.16064074931793262,0.03198310138820249
Capa 1 - Entrada a Oculta 1,region_natural,Neurona H1_34,-0.1897993490013501,0.1897993490013501,0.03778849294652388
Capa 1 - Entrada a Oculta 1,region_natural,Neurona H1_35,-0.04671365388167776,0.04671365388167776,0.00930055129009732
Capa 1 - Entrada a Oculta 1,region_natural,Neurona H1_36,0.1756266919290525,0.1756266919290525,0.034966758548445366
Capa 1 - Entrada a Oculta 1,region_natural,Neurona H1_37,-0.008712101017300555,0.008712101017300555,0.0017345537251517327
Capa 1 - Entrada a Oculta 1,region_natural,Neurona H1_38,-0.10333107854042968,0.10333107854042968,0.020572914254589764
Capa 1 - Entrada a Oculta 1,region_natural,Neurona H1_39,0.05113203922259849,0.05113203922259849,0.010180238834701174
Capa 1 - Entrada a Oculta 1,region_natural,Neurona H1_40,0.19331306211811133,0.19331306211811133,0.038488062908314934
Capa 1 - Entrada a Oculta 1,region_natural,Neurona H1_41,-0.12874064327419338,0.12874064327419338,0.025631883965330136
Capa 1 - Entrada a Oculta 1,region_natural,Neurona H1_42,0.164642431911349,0.164642431911349,0.0327798246396319
Capa 1 - Entrada a Oculta 1,region_natural,Neurona H1_43,0.1395069910201503,0.1395069910201503,0.027775432180846
Capa 1 - Entrada a Oculta 1,region_natural,Neurona H1_44,0.04446440595979625,0.04446440595979625,0.008852732634879497
Capa 1 - Entrada a Oculta 1,region_natural,Neurona H1_45,-0.01721279347087055,0.01721279347087055,0.0034270166261705006
Capa 1 - Entrada a Oculta 1,region_natural,Neurona H1_46,0.018168736958705214,0.018168736958705214,0.003617342166997612
Capa 1 - Entrada a Oculta 1,region_natural,Neurona H1_47,-0.21307467967495028,0.21307467967495028,0.042422542924119414
Capa 1 - Entrada a Oculta 1,region_natural,Neurona H1_48,-0.22536633931405906,0.22536633931405906,0.04486977625772916
Capa 1 - Entrada a Oculta 1,region_natural,Neurona H1_49,-0.16624974457879377,0.16624974457879377,0.03309983587105168
Capa 1 - Entrada a Oculta 1,region_natural,Neurona H1_50,-0.08717836073315216,0.08717836073315216,0.017356955579604233
Capa 1 - Entrada a Oculta 1,region_natural,Neurona H1_51,-0.08807417366819906,0.08807417366819906,0.017535309303974407
Capa 1 - Entrada a Oculta 1,region_natural,Neurona H1_52,-0.21139498122623393,0.21139498122623393,0.0420881198962451
Capa 1 - Entrada a Oculta 1,region_natural,Neurona H1_53,0.18980165619893488,0.18980165619893488,0.03778895230278679
Capa 1 - Entrada a Oculta 1,region_natural,Neurona H1_54,-0.21963406119244688,0.21963406119244688,0.04372849651938551
Capa 1 - Entrada a Oculta 1,region_natural,Neurona H1_55,0.12990650795884,0.12990650795884,0.02586400419990511
Capa 1 - Entrada a Oculta 1,region_natural,Neurona H1_56,0.0009890094312768663,0.0009890094312768663,0.00019690887305195983
Capa 1 - Entrada a Oculta 1,region_natural,Neurona H1_57,0.04694191830094984,0.04694191830094984,0.009345998065563046
Capa 1 - Entrada a Oculta 1,region_natural,Neurona H1_58,-0.20838921791860243,0.20838921791860243,0.04148968124960598
Capa 1 - Entrada a Oculta 1,region_natural,Neurona H1_59,0.005945769021126058,0.005945769021126058,0.0011837851494152598
Capa 1 - Entrada a Oculta 1,region_natural,Neurona H1_60,-0.09061251324315162,0.09061251324315162,0.01804068525825808
Capa 1 - Entrada a Oculta 1,region_natural,Neurona H1_61,-0.16099421451921964,0.16099421451921964,0.03205347527165338
Capa 1 - Entrada a Oculta 1,region_natural,Neurona H1_62,0.30042325278665843,0.30042325278665843,0.05981338728838132
Capa 1 - Entrada a Oculta 1,region_natural,Neurona H1_63,0.18070841117215333,0.18070841117215333,0.035978513924765254
Capa 1 - Entrada a Oculta 1,region_natural,Neurona H1_64,-0.07678829394054779,0.07678829394054779,0.015288323796765774
Capa 1 - Entrada a Oculta 1,tipo_sucursal,Neurona H1_1,0.0017476370029943615,0.0017476370029943615,0.0003479493944959042
Capa 1 - Entrada a Oculta 1,tipo_sucursal,Neurona H1_2,-0.10378253689984385,0.10378253689984385,0.020662798288018404
Capa 1 - Entrada a Oculta 1,tipo_sucursal,Neurona H1_3,-0.16949292112277722,0.16949292112277722,0.03374554279576711
Capa 1 - Entrada a Oculta 1,tipo_sucursal,Neurona H1_4,-0.06061435815604274,0.06061435815604274,0.012068140684831329
Capa 1 - Entrada a Oculta 1,tipo_sucursal,Neurona H1_5,-0.11909798387816661,0.11909798387816661,0.02371205880001886
Capa 1 - Entrada a Oculta 1,tipo_sucursal,Neurona H1_6,0.17267780983216777,0.17267780983216777,0.03437964478380613
Capa 1 - Entrada a Oculta 1,tipo_sucursal,Neurona H1_7,-0.025228305715906937,0.025228305715906937,0.005022881572641833
Capa 1 - Entrada a Oculta 1,tipo_sucursal,Neurona H1_8,-0.08119096458717241,0.08119096458717241,0.016164882591889244
Capa 1 - Entrada a Oculta 1,tipo_sucursal,Neurona H1_9,-0.10301006208247868,0.10301006208247868,0.02050900082063529
Capa 1 - Entrada a Oculta 1,tipo_sucursal,Neurona H1_10,-0.131851625066929,0.131851625066929,0.02625127130332737
Capa 1 - Entrada a Oculta 1,tipo_sucursal,Neurona H1_11,0.22516373313977606,0.22516373313977606,0.044829437963482634
Capa 1 - Entrada a Oculta 1,tipo_sucursal,Neurona H1_12,0.12967294661831383,0.12967294661831383,0.02581750282297472
Capa 1 - Entrada a Oculta 1,tipo_sucursal,Neurona H1_13,0.13384016481693495,0.13384016481693495,0.02664718372722324
Capa 1 - Entrada a Oculta 1,tipo_sucursal,Neurona H1_14,0.009012303079717723,0.009012303079717723,0.001794323074087183
Capa 1 - Entrada a Oculta 1,tipo_sucursal,Neurona H1_15,0.03929846312522432,0.03929846312522432,0.007824208588861941
Capa 1 - Entrada a Oculta 1,tipo_sucursal,Neurona H1_16,0.12410982866996907,0.12410982866996907,0.02470990237830612
Capa 1 - Entrada a Oculta 1,tipo_sucursal,Neurona H1_17,-0.08811744278023821,0.08811744278023821,0.017543924057100257
Capa 1 - Entrada a Oculta 1,tipo_sucursal,Neurona H1_18,-0.14255695329244,0.14255695329244,0.028382670711536447
Capa 1 - Entrada a Oculta 1,tipo_sucursal,Neurona H1_19,0.06479100715238761,0.06479100715238761,0.012899699233208446
Capa 1 - Entrada a Oculta 1,tipo_sucursal,Neurona H1_20,-0.10635648419972603,0.10635648419972603,0.02117526363575587
Capa 1 - Entrada a Oculta 1,tipo_sucursal,Neurona H1_21,-0.23218380458264273,0.23218380458264273,0.04622711356984614
Capa 1 - Entrada a Oculta 1,tipo_sucursal,Neurona H1_22,0.2626713739170785,0.2626713739170785,0.05229709908250872
Capa 1 - Entrada a Oculta 1,tipo_sucursal,Neurona H1_23,-0.09974815799608264,0.09974815799608264,0.019859565297228213
Capa 1 - Entrada a Oculta 1,tipo_sucursal,Neurona H1_24,0.0997631269890816,0.0997631269890816,0.01986254557977046
Capa 1 - Entrada a Oculta 1,tipo_sucursal,Neurona H1_25,-0.07259436242583812,0.07259436242583812,0.014453324349740889
Capa 1 - Entrada a Oculta 1,tipo_sucursal,Neurona H1_26,-0.004857864060726469,0.004857864060726469,0.0009671864669705915
Capa 1 - Entrada a Oculta 1,tipo_sucursal,Neurona H1_27,0.22565375466038173,0.22565375466038173,0.044926999809044715
Capa 1 - Entrada a Oculta 1,tipo_sucursal,Neurona H1_28,-0.24899770018671696,0.24899770018671696,0.04957471080229834
Capa 1 - Entrada a Oculta 1,tipo_sucursal,Neurona H1_29,0.09064625068656272,0.09064625068656272,0.018047402284154544
Capa 1 - Entrada a Oculta 1,tipo_sucursal,Neurona H1_30,-0.1986359365718525,0.1986359365718525,0.03954783157880178
Capa 1 - Entrada a Oculta 1,tipo_sucursal,Neurona H1_31,0.10986109089771172,0.10986109089771172,0.021873020536314212
Capa 1 - Entrada a Oculta 1,tipo_sucursal,Neurona H1_32,-0.19540323088313466,0.19540323088313466,0.0389042093706169
Capa 1 - Entrada a Oculta 1,tipo_sucursal,Neurona H1_33,-0.14581376303049748,0.14581376303049748,0.02903109196515139
Capa 1 - Entrada a Oculta 1,tipo_sucursal,Neurona H1_34,0.07846727961679724,0.07846727961679724,0.015622604913735334
Capa 1 - Entrada a Oculta 1,tipo_sucursal,Neurona H1_35,0.14604500001279883,0.14604500001279883,0.029077130569185844
Capa 1 - Entrada a Oculta 1,tipo_sucursal,Neurona H1_36,0.11487225641279614,0.11487225641279614,0.022870728872601942
Capa 1 - Entrada a Oculta 1,tipo_sucursal,Neurona H1_37,-0.04690376216840306,0.04690376216840306,0.009338401291637334
Capa 1 - Entrada a Oculta 1,tipo_sucursal,Neurona H1_38,-0.08818328039622884,0.08818328039622884,0.017557032133079277
Capa 1 - Entrada a Oculta 1,tipo_sucursal,Neurona H1_39,-0.04058262453759953,0.04058262453759953,0.008079881354490835
Capa 1 - Entrada a Oculta 1,tipo_sucursal,Neurona H1_40,-0.12994656867602838,0.12994656867602838,0.02587198017103921
Capa 1 - Entrada a Oculta 1,tipo_sucursal,Neurona H1_41,0.01996016709449109,0.01996016709449109,0.003974010645612116
Capa 1 - Entrada a Oculta 1,tipo_sucursal,Neurona H1_42,-0.05170452224490173,0.05170452224490173,0.010294218523062258
Capa 1 - Entrada a Oculta 1,tipo_sucursal,Neurona H1_43,0.08558167048728424,0.08558167048728424,0.01703905924112241
Capa 1 - Entrada a Oculta 1,tipo_sucursal,Neurona H1_44,0.3370765916923938,0.3370765916923938,0.0671109594138583
Capa 1 - Entrada a Oculta 1,tipo_sucursal,Neurona H1_45,-0.025417631979173943,0.025417631979173943,0.005060575875608099
Capa 1 - Entrada a Oculta 1,tipo_sucursal,Neurona H1_46,-0.08119232788687318,0.08119232788687318,0.016165154020855662
Capa 1 - Entrada a Oculta 1,tipo_sucursal,Neurona H1_47,-0.3521781959117608,0.3521781959117608,0.07011764446060569
Capa 1 - Entrada a Oculta 1,tipo_sucursal,Neurona H1_48,0.20868996484773308,0.20868996484773308,0.04154955907990381
Capa 1 - Entrada a Oculta 1,tipo_sucursal,Neurona H1_49,0.09797528328470992,0.09797528328470992,0.019506591149117188
Capa 1 - Entrada a Oculta 1,tipo_sucursal,Neurona H1_50,0.2856117752225245,0.2856117752225245,0.05686446560659046
Capa 1 - Entrada a Oculta 1,tipo_sucursal,Neurona H1_51,-0.06489069453028463,0.06489069453028463,0.01291954669736646
Capa 1 - Entrada a Oculta 1,tipo_sucursal,Neurona H1_52,0.04964529328821905,0.04964529328821905,0.009884232085730867
Capa 1 - Entrada a Oculta 1,tipo_sucursal,Neurona H1_53,-0.13632666097507645,0.13632666097507645,0.02714223780948366
Capa 1 - Entrada a Oculta 1,tipo_sucursal,Neurona H1_54,-0.0671531714025699,0.0671531714025699,0.01336999919775632
Capa 1 - Entrada a Oculta 1,tipo_sucursal,Neurona H1_55,0.1499309279116349,0.1499309279116349,0.02985080740089522
Capa 1 - Entrada a Oculta 1,tipo_sucursal,Neurona H1_56,-0.10438452282712632,0.10438452282712632,0.020782651918110982
Capa 1 - Entrada a Oculta 1,tipo_sucursal,Neurona H1_57,0.24128764651433282,0.24128764651433282,0.04803966176051192
Capa 1 - Entrada a Oculta 1,tipo_sucursal,Neurona H1_58,-0.1172779043735045,0.1172779043735045,0.023349686316204137
Capa 1 - Entrada a Oculta 1,tipo_sucursal,Neurona H1_59,-0.036296871427455614,0.036296871427455614,0.00722660049749451
Capa 1 - Entrada a Oculta 1,tipo_sucursal,Neurona H1_60,-0.141884888450647,0.141884888450647,0.028248864575386206
Capa 1 - Entrada a Oculta 1,tipo_sucursal,Neurona H1_61,0.25257345636510053,0.25257345636510053,0.05028663335543826
Capa 1 - Entrada a Oculta 1,tipo_sucursal,Neurona H1_62,0.07242371272949645,0.07242371272949645,0.014419348496396483
Capa 1 - Entrada a Oculta 1,tipo_sucursal,Neurona H1_63,0.03213992705842108,0.03213992705842108,0.006398965082542501
Capa 1 - Entrada a Oculta 1,tipo_sucursal,Neurona H1_64,0.24162201523461618,0.24162201523461618,0.048106233590681245
Capa 1 - Entrada a Oculta 1,canal,Neurona H1_1,0.24350802568612784,0.24350802568612784,0.04848173273237488
Capa 1 - Entrada a Oculta 1,canal,Neurona H1_2,-0.014224124568240624,0.014224124568240624,0.002831981425361024
Capa 1 - Entrada a Oculta 1,canal,Neurona H1_3,-0.09815854521877394,0.09815854521877394,0.019543078061950044
Capa 1 - Entrada a Oculta 1,canal,Neurona H1_4,-0.09889575166623975,0.09889575166623975,0.0196898537004692
Capa 1 - Entrada a Oculta 1,canal,Neurona H1_5,0.007483081438468565,0.007483081438468565,0.001489859536630032
Capa 1 - Entrada a Oculta 1,canal,Neurona H1_6,0.2290159406907147,0.2290159406907147,0.04559640117296211
Capa 1 - Entrada a Oculta 1,canal,Neurona H1_7,-0.02093114866970646,0.02093114866970646,0.004167330225469947
Capa 1 - Entrada a Oculta 1,canal,Neurona H1_8,-0.04013697578359568,0.04013697578359568,0.007991153996436608
Capa 1 - Entrada a Oculta 1,canal,Neurona H1_9,-0.00285218938092333,0.00285218938092333,0.0005678625288772982
Capa 1 - Entrada a Oculta 1,canal,Neurona H1_10,0.003233889273675281,0.003233889273675281,0.0006438578564737244
Capa 1 - Entrada a Oculta 1,canal,Neurona H1_11,0.39647948831016605,0.39647948831016605,0.07893790166447585
Capa 1 - Entrada a Oculta 1,canal,Neurona H1_12,-0.15340759737636528,0.15340759737636528,0.030543002080363927
Capa 1 - Entrada a Oculta 1,canal,Neurona H1_13,-0.09037051737476871,0.09037051737476871,0.017992504591603578
Capa 1 - Entrada a Oculta 1,canal,Neurona H1_14,-0.060786616010319705,0.060786616010319705,0.012102436717697502
Capa 1 - Entrada a Oculta 1,canal,Neurona H1_15,-0.34919104257422373,0.34919104257422373,0.06952291100435498
Capa 1 - Entrada a Oculta 1,canal,Neurona H1_16,-0.0713860443743002,0.0713860443743002,0.014212751774503164
Capa 1 - Entrada a Oculta 1,canal,Neurona H1_17,0.13950252660945214,0.13950252660945214,0.02777454332978795
Capa 1 - Entrada a Oculta 1,canal,Neurona H1_18,0.024136818054932525,0.024136818054932525,0.004805569585035089
Capa 1 - Entrada a Oculta 1,canal,Neurona H1_19,-0.2928217388478784,0.2928217388478784,0.058299948188774875
Capa 1 - Entrada a Oculta 1,canal,Neurona H1_20,0.3856333550839477,0.3856333550839477,0.07677846839416946
Capa 1 - Entrada a Oculta 1,canal,Neurona H1_21,0.047919065742617735,0.047919065742617735,0.009540545251322457
Capa 1 - Entrada a Oculta 1,canal,Neurona H1_22,-0.35219009007806,0.35219009007806,0.07012001255418275
Capa 1 - Entrada a Oculta 1,canal,Neurona H1_23,0.12525294909214701,0.12525294909214701,0.024937494297023348
Capa 1 - Entrada a Oculta 1,canal,Neurona H1_24,-0.13847923175593424,0.13847923175593424,0.027570808329863892
Capa 1 - Entrada a Oculta 1,canal,Neurona H1_25,-0.2151875756177787,0.2151875756177787,0.04284321430077277
Capa 1 - Entrada a Oculta 1,canal,Neurona H1_26,0.0975466752028646,0.0975466752028646,0.019421256538841365
Capa 1 - Entrada a Oculta 1,canal,Neurona H1_27,0.08383543599920644,0.08383543599920644,0.016691389083227214
Capa 1 - Entrada a Oculta 1,canal,Neurona H1_28,0.09114723526618378,0.09114723526618378,0.018147146842568136
Capa 1 - Entrada a Oculta 1,canal,Neurona H1_29,-0.11540855594662215,0.11540855594662215,0.022977504534677916
Capa 1 - Entrada a Oculta 1,canal,Neurona H1_30,0.02016386934109982,0.02016386934109982,0.004014567164639536
Capa 1 - Entrada a Oculta 1,canal,Neurona H1_31,0.02781779717192601,0.02781779717192601,0.005538441716213056
Capa 1 - Entrada a Oculta 1,canal,Neurona H1_32,0.03628281613819873,0.03628281613819873,0.007223802130683773
Capa 1 - Entrada a Oculta 1,canal,Neurona H1_33,-0.060177227853258346,0.060177227853258346,0.011981109325396254
Capa 1 - Entrada a Oculta 1,canal,Neurona H1_34,0.15560440528681072,0.15560440528681072,0.030980380083320855
Capa 1 - Entrada a Oculta 1,canal,Neurona H1_35,0.09938269023425911,0.09938269023425911,0.019786801739225954
Capa 1 - Entrada a Oculta 1,canal,Neurona H1_36,-0.2167772307756615,0.2167772307756615,0.04315970997389878
Capa 1 - Entrada a Oculta 1,canal,Neurona H1_37,-0.0018320464521128816,0.0018320464521128816,0.0003647550679053134
Capa 1 - Entrada a Oculta 1,canal,Neurona H1_38,0.2104042550487955,0.2104042550487955,0.041890869224074444
Capa 1 - Entrada a Oculta 1,canal,Neurona H1_39,-0.021300435861889372,0.021300435861889372,0.0042408542208391105
Capa 1 - Entrada a Oculta 1,canal,Neurona H1_40,-0.11810115948928063,0.11810115948928063,0.023513593991859413
Capa 1 - Entrada a Oculta 1,canal,Neurona H1_41,-0.028443188733469946,0.028443188733469946,0.005662955339344874
Capa 1 - Entrada a Oculta 1,canal,Neurona H1_42,0.09808085692996757,0.09808085692996757,0.019527610551818772
Capa 1 - Entrada a Oculta 1,canal,Neurona H1_43,-0.205811703151205,0.205811703151205,0.040976505629563856
Capa 1 - Entrada a Oculta 1,canal,Neurona H1_44,0.31594649885453135,0.31594649885453135,0.06290401998880643
Capa 1 - Entrada a Oculta 1,canal,Neurona H1_45,-0.19183677338795316,0.19183677338795316,0.03819413815799233
Capa 1 - Entrada a Oculta 1,canal,Neurona H1_46,0.177131103742158,0.177131103742158,0.03526628252198545
Capa 1 - Entrada a Oculta 1,canal,Neurona H1_47,-0.14571745323510862,0.14571745323510862,0.02901191696775081
Capa 1 - Entrada a Oculta 1,canal,Neurona H1_48,-0.14170935701424045,0.14170935701424045,0.028213916781932528
Capa 1 - Entrada a Oculta 1,canal,Neurona H1_49,0.08230518916221162,0.08230518916221162,0.016386721432308095
Capa 1 - Entrada a Oculta 1,canal,Neurona H1_50,-0.2092374760969276,0.2092374760969276,0.04165856696158092
Capa 1 - Entrada a Oculta 1,canal,Neurona H1_51,0.10807499991618809,0.10807499991618809,0.021517415067632252
Capa 1 - Entrada a Oculta 1,canal,Neurona H1_52,-0.03636756928968568,0.03636756928968568,0.007240676234225284
Capa 1 - Entrada a Oculta 1,canal,Neurona H1_53,0.16689618457047647,0.16689618457047647,0.03322854017480501
Capa 1 - Entrada a Oculta 1,canal,Neurona H1_54,0.008910311747116973,0.008910311747116973,0.0017740168993143571
Capa 1 - Entrada a Oculta 1,canal,Neurona H1_55,-0.25285704011714305,0.25285704011714305,0.05034309404758601
Capa 1 - Entrada a Oculta 1,canal,Neurona H1_56,-0.1833593638998942,0.1833593638998942,0.036506310827024865
Capa 1 - Entrada a Oculta 1,canal,Neurona H1_57,0.25780942615098695,0.25780942615098695,0.05132909956179376
Capa 1 - Entrada a Oculta 1,canal,Neurona H1_58,-0.16565445029034204,0.16565445029034204,0.032981314526597
Capa 1 - Entrada a Oculta 1,canal,Neurona H1_59,-0.014758010647725112,0.014758010647725112,0.0029382765757659042
Capa 1 - Entrada a Oculta 1,canal,Neurona H1_60,-0.09346203308562302,0.09346203308562302,0.01860801628987002
Capa 1 - Entrada a Oculta 1,canal,Neurona H1_61,-0.0315925899324101,0.0315925899324101,0.006289991868279845
Capa 1 - Entrada a Oculta 1,canal,Neurona H1_62,0.36145098612794335,0.36145098612794335,0.07196382975851372
Capa 1 - Entrada a Oculta 1,canal,Neurona H1_63,-0.09299057184970269,0.09299057184970269,0.01851414974247734
Capa 1 - Entrada a Oculta 1,canal,Neurona H1_64,0.3380654643048103,0.3380654643048103,0.067307841046677
Capa 1 - Entrada a Oculta 1,categoria_producto,Neurona H1_1,0.11259924681185529,0.11259924681185529,0.022418179336871322
Capa 1 - Entrada a Oculta 1,categoria_producto,Neurona H1_2,0.2457763559492209,0.2457763559492209,0.04893335062568319
Capa 1 - Entrada a Oculta 1,categoria_producto,Neurona H1_3,0.08423958202713785,0.08423958202713785,0.016771853370413696
Capa 1 - Entrada a Oculta 1,categoria_producto,Neurona H1_4,0.2516902524138349,0.2516902524138349,0.050110790042706424
Capa 1 - Entrada a Oculta 1,categoria_producto,Neurona H1_5,0.23300157963625176,0.23300157963625176,0.04638993018121886
Capa 1 - Entrada a Oculta 1,categoria_producto,Neurona H1_6,0.21692879766800838,0.21692879766800838,0.04318988649701391
Capa 1 - Entrada a Oculta 1,categoria_producto,Neurona H1_7,0.17620530377168342,0.17620530377168342,0.03508195846693338
Capa 1 - Entrada a Oculta 1,categoria_producto,Neurona H1_8,-0.06015726786604173,0.06015726786604173,0.011977135350563798
Capa 1 - Entrada a Oculta 1,categoria_producto,Neurona H1_9,0.040753885437934664,0.040753885437934664,0.008113978896755235
Capa 1 - Entrada a Oculta 1,categoria_producto,Neurona H1_10,0.08892312250701721,0.08892312250701721,0.017704332524425027
Capa 1 - Entrada a Oculta 1,categoria_producto,Neurona H1_11,-0.24383865520960246,0.24383865520960246,0.04854756009944159
Capa 1 - Entrada a Oculta 1,categoria_producto,Neurona H1_12,-0.021190737824072603,0.021190737824072603,0.004219013663692326
Capa 1 - Entrada a Oculta 1,categoria_producto,Neurona H1_13,0.1710183379866563,0.1710183379866563,0.034049248813224485
Capa 1 - Entrada a Oculta 1,categoria_producto,Neurona H1_14,-0.06907437407147232,0.06907437407147232,0.01375250500657311
Capa 1 - Entrada a Oculta 1,categoria_producto,Neurona H1_15,0.008609830785566461,0.008609830785566461,0.001714192022380583
Capa 1 - Entrada a Oculta 1,categoria_producto,Neurona H1_16,-0.07875064936662782,0.07875064936662782,0.015679022998671206
Capa 1 - Entrada a Oculta 1,categoria_producto,Neurona H1_17,0.046616054007510115,0.046616054007510115,0.009281119441800836
Capa 1 - Entrada a Oculta 1,categoria_producto,Neurona H1_18,-0.1130065568296912,0.1130065568296912,0.02249927356515517
Capa 1 - Entrada a Oculta 1,categoria_producto,Neurona H1_19,0.07637480433202642,0.07637480433202642,0.015205999230125878
Capa 1 - Entrada a Oculta 1,categoria_producto,Neurona H1_20,-0.10077749314323449,0.10077749314323449,0.020064502901874476
Capa 1 - Entrada a Oculta 1,categoria_producto,Neurona H1_21,0.20574619536065156,0.20574619536065156,0.04096346322086069
Capa 1 - Entrada a Oculta 1,categoria_producto,Neurona H1_22,-0.07233982417276218,0.07233982417276218,0.014402646531130919
Capa 1 - Entrada a Oculta 1,categoria_producto,Neurona H1_23,-0.2732470281676544,0.2732470281676544,0.05440268078315996
Capa 1 - Entrada a Oculta 1,categoria_producto,Neurona H1_24,-0.3500392371858286,0.3500392371858286,0.0696917840603826
Capa 1 - Entrada a Oculta 1,categoria_producto,Neurona H1_25,0.18202658450836415,0.18202658450836415,0.03624095836453698
Capa 1 - Entrada a Oculta 1,categoria_producto,Neurona H1_26,0.1276099355597296,0.1276099355597296,0.025406763380262744
Capa 1 - Entrada a Oculta 1,categoria_producto,Neurona H1_27,0.28238982422971737,0.28238982422971737,0.05622298462677491
Capa 1 - Entrada a Oculta 1,categoria_producto,Neurona H1_28,0.20672493754532725,0.20672493754532725,0.0411583279152692
Capa 1 - Entrada a Oculta 1,categoria_producto,Neurona H1_29,0.043187098210998476,0.043187098210998476,0.008598424413539698
Capa 1 - Entrada a Oculta 1,categoria_producto,Neurona H1_30,0.02672211748121642,0.02672211748121642,0.005320295107798006
Capa 1 - Entrada a Oculta 1,categoria_producto,Neurona H1_31,-0.020941558006823808,0.020941558006823808,0.004169402693917844
Capa 1 - Entrada a Oculta 1,categoria_producto,Neurona H1_32,-0.07461895506447926,0.07461895506447926,0.014856414797876886
Capa 1 - Entrada a Oculta 1,categoria_producto,Neurona H1_33,-0.18282571233438755,0.18282571233438755,0.03640006236766421
Capa 1 - Entrada a Oculta 1,categoria_producto,Neurona H1_34,-0.1355573072850878,0.1355573072850878,0.026989061749394482
Capa 1 - Entrada a Oculta 1,categoria_producto,Neurona H1_35,0.12160581079430434,0.12160581079430434,0.024211359773548012
Capa 1 - Entrada a Oculta 1,categoria_producto,Neurona H1_36,-0.23577830773481667,0.23577830773481667,0.04694276859040797
Capa 1 - Entrada a Oculta 1,categoria_producto,Neurona H1_37,0.034828635684193796,0.034828635684193796,0.006934279073211392
Capa 1 - Entrada a Oculta 1,categoria_producto,Neurona H1_38,0.2269643234108701,0.2269643234108701,0.04518793019813373
Capa 1 - Entrada a Oculta 1,categoria_producto,Neurona H1_39,-0.17663264729785055,0.17663264729785055,0.03516704130788766
Capa 1 - Entrada a Oculta 1,categoria_producto,Neurona H1_40,-0.0806189717601585,0.0806189717601585,0.016051000499970564
Capa 1 - Entrada a Oculta 1,categoria_producto,Neurona H1_41,-0.06066676012800602,0.06066676012800602,0.012078573763544915
Capa 1 - Entrada a Oculta 1,categoria_producto,Neurona H1_42,0.3185793469837946,0.3185793469837946,0.06342821231868224
Capa 1 - Entrada a Oculta 1,categoria_producto,Neurona H1_43,0.28862720694193716,0.28862720694193716,0.05746482920561914
Capa 1 - Entrada a Oculta 1,categoria_producto,Neurona H1_44,-0.15621328174982185,0.15621328174982185,0.031101605598839545
Capa 1 - Entrada a Oculta 1,categoria_producto,Neurona H1_45,0.2898591748237845,0.2898591748237845,0.05771011039261204
Capa 1 - Entrada a Oculta 1,categoria_producto,Neurona H1_46,0.12355125073287769,0.12355125073287769,0.024598691151571556
Capa 1 - Entrada a Oculta 1,categoria_producto,Neurona H1_47,0.012692923047992436,0.012692923047992436,0.0025271236998100598
Capa 1 - Entrada a Oculta 1,categoria_producto,Neurona H1_48,0.4556023016495771,0.4556023016495771,0.09070908015697475
Capa 1 - Entrada a Oculta 1,categoria_producto,Neurona H1_49,0.475927443785189,0.475927443785189,0.09475575626134433
Capa 1 - Entrada a Oculta 1,categoria_producto,Neurona H1_50,-0.07408743015115483,0.07408743015115483,0.014750589748719744
Capa 1 - Entrada a Oculta 1,categoria_producto,Neurona H1_51,0.038820342408573835,0.038820342408573835,0.007729016158414746
Capa 1 - Entrada a Oculta 1,categoria_producto,Neurona H1_52,0.23824692169162345,0.23824692169162345,0.047434262378902574
Capa 1 - Entrada a Oculta 1,categoria_producto,Neurona H1_53,-0.054477449455894555,0.054477449455894555,0.010846300186698951
Capa 1 - Entrada a Oculta 1,categoria_producto,Neurona H1_54,-0.17281271792485264,0.17281271792485264,0.03440650458883535
Capa 1 - Entrada a Oculta 1,categoria_producto,Neurona H1_55,0.028959382737138557,0.028959382737138557,0.005765728049416343
Capa 1 - Entrada a Oculta 1,categoria_producto,Neurona H1_56,-0.23100879135730998,0.23100879135730998,0.045993171887689775
Capa 1 - Entrada a Oculta 1,categoria_producto,Neurona H1_57,0.037580658987890266,0.037580658987890266,0.0074821988303000395
Capa 1 - Entrada a Oculta 1,categoria_producto,Neurona H1_58,0.24154814092809904,0.24154814092809904,0.04809152543322211
Capa 1 - Entrada a Oculta 1,categoria_producto,Neurona H1_59,-0.024617204322709096,0.024617204322709096,0.004901213080057577
Capa 1 - Entrada a Oculta 1,categoria_producto,Neurona H1_60,0.17960619870164538,0.17960619870164538,0.03575906665907908
Capa 1 - Entrada a Oculta 1,categoria_producto,Neurona H1_61,0.06398965032937763,0.06398965032937763,0.012740151443327744
Capa 1 - Entrada a Oculta 1,categoria_producto,Neurona H1_62,0.26031720678755577,0.26031720678755577,0.05182839132119667
Capa 1 - Entrada a Oculta 1,categoria_producto,Neurona H1_63,0.21452395807580654,0.21452395807580654,0.04271108999720719
Capa 1 - Entrada a Oculta 1,categoria_producto,Neurona H1_64,-0.17950672165207926,0.17950672165207926,0.035739261070674024
Capa 1 - Entrada a Oculta 1,es_fin_semana,Neurona H1_1,-0.18054605632809329,0.18054605632809329,0.035946189552148185
Capa 1 - Entrada a Oculta 1,es_fin_semana,Neurona H1_2,0.2666494311237656,0.2666494311237656,0.05308911858882797
Capa 1 - Entrada a Oculta 1,es_fin_semana,Neurona H1_3,0.18132132202998114,0.18132132202998114,0.03610054267644295
Capa 1 - Entrada a Oculta 1,es_fin_semana,Neurona H1_4,0.020687897469822955,0.020687897469822955,0.004118899626000578
Capa 1 - Entrada a Oculta 1,es_fin_semana,Neurona H1_5,-0.412920045138212,0.412920045138212,0.08221116824311477
Capa 1 - Entrada a Oculta 1,es_fin_semana,Neurona H1_6,-0.08853254727967781,0.08853254727967781,0.01762657014377905
Capa 1 - Entrada a Oculta 1,es_fin_semana,Neurona H1_7,0.07935708044404717,0.07935708044404717,0.01579976164510066
Capa 1 - Entrada a Oculta 1,es_fin_semana,Neurona H1_8,0.05956890633191985,0.05956890633191985,0.011859994297134724
Capa 1 - Entrada a Oculta 1,es_fin_semana,Neurona H1_9,-0.0547291851587133,0.0547291851587133,0.010896420025783787
Capa 1 - Entrada a Oculta 1,es_fin_semana,Neurona H1_10,-0.04347352911513446,0.04347352911513446,0.008655451965307181
Capa 1 - Entrada a Oculta 1,es_fin_semana,Neurona H1_11,-0.05903311349997389,0.05903311349997389,0.011753319517914885
Capa 1 - Entrada a Oculta 1,es_fin_semana,Neurona H1_12,-0.11491809460130376,0.11491809460130376,0.0228798551213073
Capa 1 - Entrada a Oculta 1,es_fin_semana,Neurona H1_13,-0.17780363150417894,0.17780363150417894,0.03540018082419347
Capa 1 - Entrada a Oculta 1,es_fin_semana,Neurona H1_14,0.1318191036324178,0.1318191036324178,0.026244796381231464
Capa 1 - Entrada a Oculta 1,es_fin_semana,Neurona H1_15,0.04698031396765305,0.04698031396765305,0.009353642530035794
Capa 1 - Entrada a Oculta 1,es_fin_semana,Neurona H1_16,-0.05036756053747091,0.05036756053747091,0.010028033373761968
Capa 1 - Entrada a Oculta 1,es_fin_semana,Neurona H1_17,-0.06366049907996511,0.06366049907996511,0.01267461839628512
Capa 1 - Entrada a Oculta 1,es_fin_semana,Neurona H1_18,0.10652440565617292,0.10652440565617292,0.02120869630455005
Capa 1 - Entrada a Oculta 1,es_fin_semana,Neurona H1_19,0.1153155242483811,0.1153155242483811,0.022958982196791707
Capa 1 - Entrada a Oculta 1,es_fin_semana,Neurona H1_20,0.24924198155159846,0.24924198155159846,0.04962334650459322
Capa 1 - Entrada a Oculta 1,es_fin_semana,Neurona H1_21,-0.17913708079929716,0.17913708079929716,0.03566566666251826
Capa 1 - Entrada a Oculta 1,es_fin_semana,Neurona H1_22,0.176783933498026,0.176783933498026,0.03519716194601587
Capa 1 - Entrada a Oculta 1,es_fin_semana,Neurona H1_23,-0.1293535439557024,0.1293535439557024,0.02575391069093265
Capa 1 - Entrada a Oculta 1,es_fin_semana,Neurona H1_24,0.028504064882447788,0.028504064882447788,0.005675075601813447
Capa 1 - Entrada a Oculta 1,es_fin_semana,Neurona H1_25,0.07020183350197479,0.07020183350197479,0.013976978867844
Capa 1 - Entrada a Oculta 1,es_fin_semana,Neurona H1_26,0.2427631919985362,0.2427631919985362,0.04833343853274783
Capa 1 - Entrada a Oculta 1,es_fin_semana,Neurona H1_27,0.022376733941549057,0.022376733941549057,0.004455142007417809
Capa 1 - Entrada a Oculta 1,es_fin_semana,Neurona H1_28,0.053348835668288366,0.053348835668288366,0.01062159649631905
Capa 1 - Entrada a Oculta 1,es_fin_semana,Neurona H1_29,0.05266948581385762,0.05266948581385762,0.010486339935548677
Capa 1 - Entrada a Oculta 1,es_fin_semana,Neurona H1_30,0.20677679368702498,0.20677679368702498,0.041168652320780014
Capa 1 - Entrada a Oculta 1,es_fin_semana,Neurona H1_31,-0.1460580490824842,0.1460580490824842,0.029079728600635155
Capa 1 - Entrada a Oculta 1,es_fin_semana,Neurona H1_32,-0.31096899748700224,0.31096899748700224,0.06191301408542555
Capa 1 - Entrada a Oculta 1,es_fin_semana,Neurona H1_33,0.2401155199095026,0.2401155199095026,0.04780629479601962
Capa 1 - Entrada a Oculta 1,es_fin_semana,Neurona H1_34,-0.07654290267678147,0.07654290267678147,0.015239467116862694
Capa 1 - Entrada a Oculta 1,es_fin_semana,Neurona H1_35,-0.11230070867051976,0.11230070867051976,0.0223587412697363
Capa 1 - Entrada a Oculta 1,es_fin_semana,Neurona H1_36,-0.03835178782333288,0.03835178782333288,0.0076357283166355126
Capa 1 - Entrada a Oculta 1,es_fin_semana,Neurona H1_37,0.06243486936221306,0.06243486936221306,0.012430599119148435
Capa 1 - Entrada a Oculta 1,es_fin_semana,Neurona H1_38,0.0064421495516753325,0.0064421495516753325,0.0012826130551807301
Capa 1 - Entrada a Oculta 1,es_fin_semana,Neurona H1_39,0.11835097174097027,0.11835097174097027,0.023563330877473608
Capa 1 - Entrada a Oculta 1,es_fin_semana,Neurona H1_40,-0.15805983880370894,0.15805983880370894,0.031469249684940546
Capa 1 - Entrada a Oculta 1,es_fin_semana,Neurona H1_41,0.1492904756912301,0.1492904756912301,0.029723295244817278
Capa 1 - Entrada a Oculta 1,es_fin_semana,Neurona H1_42,-0.09634144762183527,0.09634144762183527,0.01918129926720521
Capa 1 - Entrada a Oculta 1,es_fin_semana,Neurona H1_43,-0.008900063601028277,0.008900063601028277,0.0017719765235268466
Capa 1 - Entrada a Oculta 1,es_fin_semana,Neurona H1_44,-0.006176780896753918,0.006176780896753918,0.0012297789353721577
Capa 1 - Entrada a Oculta 1,es_fin_semana,Neurona H1_45,-0.12460221571284472,0.12460221571284472,0.024807935192404623
Capa 1 - Entrada a Oculta 1,es_fin_semana,Neurona H1_46,0.35305499585895395,0.35305499585895395,0.0702922127549352
Capa 1 - Entrada a Oculta 1,es_fin_semana,Neurona H1_47,0.18345226323198718,0.18345226323198718,0.03652480681119975
Capa 1 - Entrada a Oculta 1,es_fin_semana,Neurona H1_48,-0.08092871481032976,0.08092871481032976,0.016112669431546024
Capa 1 - Entrada a Oculta 1,es_fin_semana,Neurona H1_49,-0.4155276248329064,0.4155276248329064,0.08273032970188118
Capa 1 - Entrada a Oculta 1,es_fin_semana,Neurona H1_50,-0.11127174160900996,0.11127174160900996,0.022153876949860304
Capa 1 - Entrada a Oculta 1,es_fin_semana,Neurona H1_51,-0.11241819607632737,0.11241819607632737,0.022382132667172733
Capa 1 - Entrada a Oculta 1,es_fin_semana,Neurona H1_52,-0.11057444325986772,0.11057444325986772,0.022015046896507504
Capa 1 - Entrada a Oculta 1,es_fin_semana,Neurona H1_53,-0.17346633276926374,0.17346633276926374,0.0345366373846944
Capa 1 - Entrada a Oculta 1,es_fin_semana,Neurona H1_54,0.1472153038217097,0.1472153038217097,0.029310134620364144
Capa 1 - Entrada a Oculta 1,es_fin_semana,Neurona H1_55,0.09645971988956835,0.09645971988956835,0.019204846928345863
Capa 1 - Entrada a Oculta 1,es_fin_semana,Neurona H1_56,0.19640225950388177,0.19640225950388177,0.039103113034866084
Capa 1 - Entrada a Oculta 1,es_fin_semana,Neurona H1_57,0.3349349058550464,0.3349349058550464,0.06668455605376197
Capa 1 - Entrada a Oculta 1,es_fin_semana,Neurona H1_58,-0.21283057982348327,0.21283057982348327,0.042373943360612246
Capa 1 - Entrada a Oculta 1,es_fin_semana,Neurona H1_59,-0.0004675570388354324,0.0004675570388354324,9.308923321968113e-05
Capa 1 - Entrada a Oculta 1,es_fin_semana,Neurona H1_60,0.20826225966663697,0.20826225966663697,0.04146440423451535
Capa 1 - Entrada a Oculta 1,es_fin_semana,Neurona H1_61,0.267008653396002,0.267008653396002,0.0531606386881964
Capa 1 - Entrada a Oculta 1,es_fin_semana,Neurona H1_62,-0.06844639730825958,0.06844639730825958,0.013627476677381754
Capa 1 - Entrada a Oculta 1,es_fin_semana,Neurona H1_63,0.10664170748079763,0.10664170748079763,0.021232050753318018
Capa 1 - Entrada a Oculta 1,es_fin_semana,Neurona H1_64,-0.1477438835441454,0.1477438835441454,0.029415373290665348
Capa 1 - Entrada a Oculta 1,clase,Neurona H1_1,0.2737988316853408,0.2737988316853408,0.05451254324288743
Capa 1 - Entrada a Oculta 1,clase,Neurona H1_2,-0.09768690404201993,0.09768690404201993,0.019449175688865863
Capa 1 - Entrada a Oculta 1,clase,Neurona H1_3,0.06213774783513302,0.06213774783513302,0.012371443095751089
Capa 1 - Entrada a Oculta 1,clase,Neurona H1_4,0.08597626212495602,0.08597626212495602,0.01711762127726939
Capa 1 - Entrada a Oculta 1,clase,Neurona H1_5,0.012661990414422213,0.012661990414422213,0.002520965103315203
Capa 1 - Entrada a Oculta 1,clase,Neurona H1_6,-0.13221167975030934,0.13221167975030934,0.02632295713330977
Capa 1 - Entrada a Oculta 1,clase,Neurona H1_7,-0.02950438810416789,0.02950438810416789,0.005874237017314115
Capa 1 - Entrada a Oculta 1,clase,Neurona H1_8,0.04777081662536237,0.04777081662536237,0.009511029287483756
Capa 1 - Entrada a Oculta 1,clase,Neurona H1_9,0.043249327846945844,0.043249327846945844,0.00861081415128872
Capa 1 - Entrada a Oculta 1,clase,Neurona H1_10,-0.15651520929966664,0.15651520929966664,0.031161718487254093
Capa 1 - Entrada a Oculta 1,clase,Neurona H1_11,0.30627374995324685,0.30627374995324685,0.060978204091371044
Capa 1 - Entrada a Oculta 1,clase,Neurona H1_12,0.05236945025829415,0.05236945025829415,0.010426603737638767
Capa 1 - Entrada a Oculta 1,clase,Neurona H1_13,-0.16795219311418605,0.16795219311418605,0.03343878837436629
Capa 1 - Entrada a Oculta 1,clase,Neurona H1_14,0.06697628047867141,0.06697628047867141,0.013334780734335798
Capa 1 - Entrada a Oculta 1,clase,Neurona H1_15,-0.22550945684819912,0.22550945684819912,0.04489827053844103
Capa 1 - Entrada a Oculta 1,clase,Neurona H1_16,-0.17199042358145075,0.17199042358145075,0.034242788200138013
Capa 1 - Entrada a Oculta 1,clase,Neurona H1_17,0.06343075069229738,0.06343075069229738,0.012628876167070226
Capa 1 - Entrada a Oculta 1,clase,Neurona H1_18,0.20701320002165416,0.20701320002165416,0.04121572012768058
Capa 1 - Entrada a Oculta 1,clase,Neurona H1_19,0.1346809405928714,0.1346809405928714,0.026814579714858348
Capa 1 - Entrada a Oculta 1,clase,Neurona H1_20,-0.17797775502517832,0.17797775502517832,0.03543484830582462
Capa 1 - Entrada a Oculta 1,clase,Neurona H1_21,0.1258632224465368,0.1258632224465368,0.025058997929512872
Capa 1 - Entrada a Oculta 1,clase,Neurona H1_22,0.19759916615485604,0.19759916615485604,0.0393414136337668
Capa 1 - Entrada a Oculta 1,clase,Neurona H1_23,-0.06829227461688095,0.06829227461688095,0.013596791302185768
Capa 1 - Entrada a Oculta 1,clase,Neurona H1_24,0.17404834867714453,0.17404834867714453,0.034652515042575945
Capa 1 - Entrada a Oculta 1,clase,Neurona H1_25,-0.0731106945017691,0.0731106945017691,0.014556124549594276
Capa 1 - Entrada a Oculta 1,clase,Neurona H1_26,-0.16037698990949786,0.16037698990949786,0.03193058766464306
Capa 1 - Entrada a Oculta 1,clase,Neurona H1_27,-0.01625279911363799,0.01625279911363799,0.0032358845691436485
Capa 1 - Entrada a Oculta 1,clase,Neurona H1_28,0.10412293947649469,0.10412293947649469,0.02073057144126909
Capa 1 - Entrada a Oculta 1,clase,Neurona H1_29,-0.0989620441368103,0.0989620441368103,0.019703052336659175
Capa 1 - Entrada a Oculta 1,clase,Neurona H1_30,-0.061383793293159024,0.061383793293159024,0.012221332960804413
Capa 1 - Entrada a Oculta 1,clase,Neurona H1_31,-0.0015707392240521898,0.0015707392240521898,0.0003127295662563224
Capa 1 - Entrada a Oculta 1,clase,Neurona H1_32,0.17661875706209962,0.17661875706209962,0.0351642758027452
Capa 1 - Entrada a Oculta 1,clase,Neurona H1_33,0.05824486200849969,0.05824486200849969,0.011596380961052671
Capa 1 - Entrada a Oculta 1,clase,Neurona H1_34,-0.16066720110911872,0.16066720110911872,0.03198836786213887
Capa 1 - Entrada a Oculta 1,clase,Neurona H1_35,-0.12278161009875113,0.12278161009875113,0.024445457961747272
Capa 1 - Entrada a Oculta 1,clase,Neurona H1_36,0.05244767189248069,0.05244767189248069,0.010442177435268797
Capa 1 - Entrada a Oculta 1,clase,Neurona H1_37,0.07595636910395964,0.07595636910395964,0.015122690005159749
Capa 1 - Entrada a Oculta 1,clase,Neurona H1_38,0.07497625328279889,0.07497625328279889,0.014927551823761421
Capa 1 - Entrada a Oculta 1,clase,Neurona H1_39,-0.06461449993920207,0.06461449993920207,0.012864557165463919
Capa 1 - Entrada a Oculta 1,clase,Neurona H1_40,0.12226659028946364,0.12226659028946364,0.024342919030328484
Capa 1 - Entrada a Oculta 1,clase,Neurona H1_41,0.06962563913940806,0.06962563913940806,0.013862260262536638
Capa 1 - Entrada a Oculta 1,clase,Neurona H1_42,-2.4136957862652823e-06,2.4136957862652823e-06,4.805597420341587e-07
Capa 1 - Entrada a Oculta 1,clase,Neurona H1_43,0.16417434359882832,0.16417434359882832,0.03268662963138184
Capa 1 - Entrada a Oculta 1,clase,Neurona H1_44,0.30604602879860976,0.30604602879860976,0.06093286547829859
Capa 1 - Entrada a Oculta 1,clase,Neurona H1_45,0.0909356471665696,0.0909356471665696,0.018105020273368043
Capa 1 - Entrada a Oculta 1,clase,Neurona H1_46,0.18888348411811906,0.18888348411811906,0.037606146938162714
Capa 1 - Entrada a Oculta 1,clase,Neurona H1_47,-0.2213790147169918,0.2213790147169918,0.0440759116412035
Capa 1 - Entrada a Oculta 1,clase,Neurona H1_48,-0.07369124561145052,0.07369124561145052,0.014671710570456428
Capa 1 - Entrada a Oculta 1,clase,Neurona H1_49,-0.18041884251908172,0.18041884251908172,0.03592086165640024
Capa 1 - Entrada a Oculta 1,clase,Neurona H1_50,0.11989052630483865,0.11989052630483865,0.023869851669476513
Capa 1 - Entrada a Oculta 1,clase,Neurona H1_51,-0.13309666031087125,0.13309666031087125,0.026499154163734603
Capa 1 - Entrada a Oculta 1,clase,Neurona H1_52,0.14541821062774343,0.14541821062774343,0.028952338643498294
Capa 1 - Entrada a Oculta 1,clase,Neurona H1_53,-0.2419757352152814,0.2419757352152814,0.04817665819995805
Capa 1 - Entrada a Oculta 1,clase,Neurona H1_54,0.14837102767201546,0.14837102767201546,0.02954023584460542
Capa 1 - Entrada a Oculta 1,clase,Neurona H1_55,0.03251269875264468,0.03251269875264468,0.0064731828320340025
Capa 1 - Entrada a Oculta 1,clase,Neurona H1_56,0.2195092686330243,0.2195092686330243,0.04370365068731954
Capa 1 - Entrada a Oculta 1,clase,Neurona H1_57,0.11728722460118306,0.11728722460118306,0.02335154194616148
Capa 1 - Entrada a Oculta 1,clase,Neurona H1_58,-0.017565607316432457,0.017565607316432457,0.003497260826609551
Capa 1 - Entrada a Oculta 1,clase,Neurona H1_59,-0.026428971020800798,0.026428971020800798,0.005261930508498798
Capa 1 - Entrada a Oculta 1,clase,Neurona H1_60,0.27377730576860765,0.27377730576860765,0.05450825749608736
Capa 1 - Entrada a Oculta 1,clase,Neurona H1_61,0.2933417080596287,0.2933417080596287,0.05840347253168765
Capa 1 - Entrada a Oculta 1,clase,Neurona H1_62,0.07632528823090777,0.07632528823090777,0.015196140719821671
Capa 1 - Entrada a Oculta 1,clase,Neurona H1_63,-0.18269605776806463,0.18269605776806463,0.03637424852430406
Capa 1 - Entrada a Oculta 1,clase,Neurona H1_64,0.298303279579491,0.298303279579491,0.05939130684918394
Capa 1 - Entrada a Oculta 1,origen_REAL,Neurona H1_1,-0.24781312920894905,0.24781312920894905,0.049338866199703194
Capa 1 - Entrada a Oculta 1,origen_REAL,Neurona H1_2,-0.021821248595446964,0.021821248595446964,0.004344546506466291
Capa 1 - Entrada a Oculta 1,origen_REAL,Neurona H1_3,0.2729042100496589,0.2729042100496589,0.054334426702722
Capa 1 - Entrada a Oculta 1,origen_REAL,Neurona H1_4,-0.19993635661516296,0.19993635661516296,0.03980674139009838
Capa 1 - Entrada a Oculta 1,origen_REAL,Neurona H1_5,-0.1314911768096873,0.1314911768096873,0.026179507113945098
Capa 1 - Entrada a Oculta 1,origen_REAL,Neurona H1_6,0.1427257394454438,0.1427257394454438,0.028416275538875505
Capa 1 - Entrada a Oculta 1,origen_REAL,Neurona H1_7,0.21029529247996534,0.21029529247996534,0.04186917509664283
Capa 1 - Entrada a Oculta 1,origen_REAL,Neurona H1_8,0.023119161747594097,0.023119161747594097,0.00460295720309499
Capa 1 - Entrada a Oculta 1,origen_REAL,Neurona H1_9,-0.007473277657926048,0.007473277657926048,0.0014879076327176664
Capa 1 - Entrada a Oculta 1,origen_REAL,Neurona H1_10,-0.1080930412286211,0.1080930412286211,0.021521007039950427
Capa 1 - Entrada a Oculta 1,origen_REAL,Neurona H1_11,0.3758341560171201,0.3758341560171201,0.0748274766401579
Capa 1 - Entrada a Oculta 1,origen_REAL,Neurona H1_12,0.11187359523092516,0.11187359523092516,0.02227370423834284
Capa 1 - Entrada a Oculta 1,origen_REAL,Neurona H1_13,0.1520997115660587,0.1520997115660587,0.030282605856785327
Capa 1 - Entrada a Oculta 1,origen_REAL,Neurona H1_14,0.0634434089503336,0.0634434089503336,0.012631396389068003
Capa 1 - Entrada a Oculta 1,origen_REAL,Neurona H1_15,-0.3366564224728778,0.3366564224728778,0.06702730495628736
Capa 1 - Entrada a Oculta 1,origen_REAL,Neurona H1_16,-0.2668469017059734,0.2668469017059734,0.05312843440177553
Capa 1 - Entrada a Oculta 1,origen_REAL,Neurona H1_17,-0.22052325236012751,0.22052325236012751,0.043905531869321154
Capa 1 - Entrada a Oculta 1,origen_REAL,Neurona H1_18,0.24021946886703402,0.24021946886703402,0.0478269907281666
Capa 1 - Entrada a Oculta 1,origen_REAL,Neurona H1_19,0.25070632094564843,0.25070632094564843,0.04991489217719182
Capa 1 - Entrada a Oculta 1,origen_REAL,Neurona H1_20,0.2482138791836862,0.2482138791836862,0.049418654342672896
Capa 1 - Entrada a Oculta 1,origen_REAL,Neurona H1_21,-0.13659526040033634,0.13659526040033634,0.02719571516617787
Capa 1 - Entrada a Oculta 1,origen_REAL,Neurona H1_22,-0.08430638891172128,0.08430638891172128,0.016785154424922802
Capa 1 - Entrada a Oculta 1,origen_REAL,Neurona H1_23,-0.14962334647251557,0.14962334647251557,0.02978956883973156
Capa 1 - Entrada a Oculta 1,origen_REAL,Neurona H1_24,-0.15076220561508263,0.15076220561508263,0.03001631235019362
Capa 1 - Entrada a Oculta 1,origen_REAL,Neurona H1_25,-0.017361484559570876,0.017361484559570876,0.003456620585225825
Capa 1 - Entrada a Oculta 1,origen_REAL,Neurona H1_26,0.0424632058722854,0.0424632058722854,0.008454299574969746
Capa 1 - Entrada a Oculta 1,origen_REAL,Neurona H1_27,-0.03861525721472803,0.03861525721472803,0.007688184298654132
Capa 1 - Entrada a Oculta 1,origen_REAL,Neurona H1_28,-0.23574987572430922,0.23574987572430922,0.046937107860620594
Capa 1 - Entrada a Oculta 1,origen_REAL,Neurona H1_29,-0.030437378485896355,0.030437378485896355,0.006059992662128629
Capa 1 - Entrada a Oculta 1,origen_REAL,Neurona H1_30,-0.0993953830690376,0.0993953830690376,0.01978932884535157
Capa 1 - Entrada a Oculta 1,origen_REAL,Neurona H1_31,-0.01938286672739812,0.01938286672739812,0.0038590718380519117
Capa 1 - Entrada a Oculta 1,origen_REAL,Neurona H1_32,-0.09282932897509533,0.09282932897509533,0.01848204675971245
Capa 1 - Entrada a Oculta 1,origen_REAL,Neurona H1_33,0.021902087028461494,0.021902087028461494,0.00436064120105745
Capa 1 - Entrada a Oculta 1,origen_REAL,Neurona H1_34,0.014545675925262689,0.014545675925262689,0.0028960013561495487
Capa 1 - Entrada a Oculta 1,origen_REAL,Neurona H1_35,-0.2306589928547424,0.2306589928547424,0.04592352803318485
Capa 1 - Entrada a Oculta 1,origen_REAL,Neurona H1_36,0.0660020198866229,0.0660020198866229,0.013140808311856943
Capa 1 - Entrada a Oculta 1,origen_REAL,Neurona H1_37,0.24331780146905133,0.24331780146905133,0.04844385964944243
Capa 1 - Entrada a Oculta 1,origen_REAL,Neurona H1_38,0.040084626913527106,0.040084626913527106,0.007980731490154299
Capa 1 - Entrada a Oculta 1,origen_REAL,Neurona H1_39,-0.1422974909749857,0.1422974909749857,0.0283310125261707
Capa 1 - Entrada a Oculta 1,origen_REAL,Neurona H1_40,0.32622216726872394,0.32622216726872394,0.06494987539049052
Capa 1 - Entrada a Oculta 1,origen_REAL,Neurona H1_41,-0.012161773079913025,0.012161773079913025,0.002421373301149986
Capa 1 - Entrada a Oculta 1,origen_REAL,Neurona H1_42,-0.023173472942560728,0.023173472942560728,0.004613770402501165
Capa 1 - Entrada a Oculta 1,origen_REAL,Neurona H1_43,0.038004208662166854,0.038004208662166854,0.007566526326485443
Capa 1 - Entrada a Oculta 1,origen_REAL,Neurona H1_44,0.23008193949568972,0.23008193949568972,0.04580863840420001
Capa 1 - Entrada a Oculta 1,origen_REAL,Neurona H1_45,-0.07512717571474203,0.07512717571474203,0.01495760003670295
Capa 1 - Entrada a Oculta 1,origen_REAL,Neurona H1_46,0.3029444307848468,0.3029444307848468,0.0603153464231347
Capa 1 - Entrada a Oculta 1,origen_REAL,Neurona H1_47,-0.3422786505154259,0.3422786505154259,0.06814667404710582
Capa 1 - Entrada a Oculta 1,origen_REAL,Neurona H1_48,0.02743649345744257,0.02743649345744257,0.0054625252665463165
Capa 1 - Entrada a Oculta 1,origen_REAL,Neurona H1_49,-0.04891182662242725,0.04891182662242725,0.009738201026759284
Capa 1 - Entrada a Oculta 1,origen_REAL,Neurona H1_50,-0.1499866027191233,0.1499866027191233,0.02986189209154956
Capa 1 - Entrada a Oculta 1,origen_REAL,Neurona H1_51,0.130956635457733,0.130956635457733,0.02607308150071601
Capa 1 - Entrada a Oculta 1,origen_REAL,Neurona H1_52,-0.04134174782819389,0.04134174782819389,0.008231020572107237
Capa 1 - Entrada a Oculta 1,origen_REAL,Neurona H1_53,-0.18441957455951064,0.18441957455951064,0.036717395655521616
Capa 1 - Entrada a Oculta 1,origen_REAL,Neurona H1_54,-0.17837451427141082,0.17837451427141082,0.035513841906469786
Capa 1 - Entrada a Oculta 1,origen_REAL,Neurona H1_55,0.20995056083459393,0.20995056083459393,0.04180054003852433
Capa 1 - Entrada a Oculta 1,origen_REAL,Neurona H1_56,0.22596334309126256,0.22596334309126256,0.04498863795637356
Capa 1 - Entrada a Oculta 1,origen_REAL,Neurona H1_57,-0.24470888037780125,0.24470888037780125,0.04872081937458343
Capa 1 - Entrada a Oculta 1,origen_REAL,Neurona H1_58,-0.11538643270880258,0.11538643270880258,0.022973099863003867
Capa 1 - Entrada a Oculta 1,origen_REAL,Neurona H1_59,-0.059409078992360365,0.059409078992360365,0.011828173143240448
Capa 1 - Entrada a Oculta 1,origen_REAL,Neurona H1_60,0.08538334000743106,0.08538334000743106,0.01699957222507917
Capa 1 - Entrada a Oculta 1,origen_REAL,Neurona H1_61,-0.16173291730294054,0.16173291730294054,0.0322005488263262
Capa 1 - Entrada a Oculta 1,origen_REAL,Neurona H1_62,0.25913049522652415,0.25913049522652415,0.0515921205347606
Capa 1 - Entrada a Oculta 1,origen_REAL,Neurona H1_63,-0.17667394844879236,0.17667394844879236,0.035175264245738934
Capa 1 - Entrada a Oculta 1,origen_REAL,Neurona H1_64,0.19658789376588573,0.19658789376588573,0.03914007227122426
Capa 1 - Entrada a Oculta 1,origen_SINTETICO,Neurona H1_1,0.08644357275619877,0.08644357275619877,0.017210661451461065
Capa 1 - Entrada a Oculta 1,origen_SINTETICO,Neurona H1_2,0.02123115131169833,0.02123115131169833,0.004227059870384417
Capa 1 - Entrada a Oculta 1,origen_SINTETICO,Neurona H1_3,0.050756735829841595,0.050756735829841595,0.010105517031467278
Capa 1 - Entrada a Oculta 1,origen_SINTETICO,Neurona H1_4,-0.09220821455535001,0.09220821455535001,0.018358384702950793
Capa 1 - Entrada a Oculta 1,origen_SINTETICO,Neurona H1_5,-0.17043752549567873,0.17043752549567873,0.033933610752113944
Capa 1 - Entrada a Oculta 1,origen_SINTETICO,Neurona H1_6,-0.11600856231599806,0.11600856231599806,0.02309696404060525
Capa 1 - Entrada a Oculta 1,origen_SINTETICO,Neurona H1_7,0.2265588624311218,0.2265588624311218,0.04510720410790251
Capa 1 - Entrada a Oculta 1,origen_SINTETICO,Neurona H1_8,-0.10930959835662624,0.10930959835662624,0.021763219991114652
Capa 1 - Entrada a Oculta 1,origen_SINTETICO,Neurona H1_9,0.01674295847014239,0.01674295847014239,0.003333473857428339
Capa 1 - Entrada a Oculta 1,origen_SINTETICO,Neurona H1_10,-0.11302007400356101,0.11302007400356101,0.02250196479477278
Capa 1 - Entrada a Oculta 1,origen_SINTETICO,Neurona H1_11,-0.056619209050299706,0.056619209050299706,0.011272718231608858
Capa 1 - Entrada a Oculta 1,origen_SINTETICO,Neurona H1_12,0.12081185008924626,0.12081185008924626,0.024053284529029176
Capa 1 - Entrada a Oculta 1,origen_SINTETICO,Neurona H1_13,0.33563309391491186,0.33563309391491186,0.06682356324590669
Capa 1 - Entrada a Oculta 1,origen_SINTETICO,Neurona H1_14,0.03757381773526384,0.03757381773526384,0.00748083675699484
Capa 1 - Entrada a Oculta 1,origen_SINTETICO,Neurona H1_15,-0.021592236665285643,0.021592236665285643,0.004298950903777952
Capa 1 - Entrada a Oculta 1,origen_SINTETICO,Neurona H1_16,-0.2502538305096149,0.2502538305096149,0.04982480266033947
Capa 1 - Entrada a Oculta 1,origen_SINTETICO,Neurona H1_17,-0.02949851246040321,0.02949851246040321,0.0058730671938973
Capa 1 - Entrada a Oculta 1,origen_SINTETICO,Neurona H1_18,-0.03173656604624809,0.03173656604624809,0.006318657089687934
Capa 1 - Entrada a Oculta 1,origen_SINTETICO,Neurona H1_19,-0.06155344501830321,0.06155344501830321,0.012255110121014436
Capa 1 - Entrada a Oculta 1,origen_SINTETICO,Neurona H1_20,0.1142751105275833,0.1142751105275833,0.02275183888067025
Capa 1 - Entrada a Oculta 1,origen_SINTETICO,Neurona H1_21,0.10566308152075392,0.10566308152075392,0.021037209198892383
Capa 1 - Entrada a Oculta 1,origen_SINTETICO,Neurona H1_22,-0.18803921338959134,0.18803921338959134,0.03743805511573134
Capa 1 - Entrada a Oculta 1,origen_SINTETICO,Neurona H1_23,0.259594044485965,0.259594044485965,0.051684411830873654
Capa 1 - Entrada a Oculta 1,origen_SINTETICO,Neurona H1_24,0.0025507507216389618,0.0025507507216389618,0.0005078469771374663
Capa 1 - Entrada a Oculta 1,origen_SINTETICO,Neurona H1_25,0.17335881334715567,0.17335881334715567,0.03451523058353664
Capa 1 - Entrada a Oculta 1,origen_SINTETICO,Neurona H1_26,-0.10283174439784354,0.10283174439784354,0.020473498293342492
Capa 1 - Entrada a Oculta 1,origen_SINTETICO,Neurona H1_27,0.024420894611421835,0.024420894611421835,0.004862128393100826
Capa 1 - Entrada a Oculta 1,origen_SINTETICO,Neurona H1_28,0.21996362439344266,0.21996362439344266,0.043794111584778465
Capa 1 - Entrada a Oculta 1,origen_SINTETICO,Neurona H1_29,0.1517492413556689,0.1517492413556689,0.030212828267225798
Capa 1 - Entrada a Oculta 1,origen_SINTETICO,Neurona H1_30,0.27530294096809566,0.27530294096809566,0.054812006983523225
Capa 1 - Entrada a Oculta 1,origen_SINTETICO,Neurona H1_31,0.07053594406666304,0.07053594406666304,0.014043499299992539
Capa 1 - Entrada a Oculta 1,origen_SINTETICO,Neurona H1_32,0.1661766216170844,0.1661766216170844,0.03308527730413709
Capa 1 - Entrada a Oculta 1,origen_SINTETICO,Neurona H1_33,-0.33683973676865697,0.33683973676865697,0.06706380229418392
Capa 1 - Entrada a Oculta 1,origen_SINTETICO,Neurona H1_34,0.11223481179667784,0.11223481179667784,0.02234562139569313
Capa 1 - Entrada a Oculta 1,origen_SINTETICO,Neurona H1_35,0.04699685263681701,0.04699685263681701,0.009356935330492356
Capa 1 - Entrada a Oculta 1,origen_SINTETICO,Neurona H1_36,-0.09407354447484653,0.09407354447484653,0.01872976641145883
Capa 1 - Entrada a Oculta 1,origen_SINTETICO,Neurona H1_37,0.1806411839335853,0.1806411839335853,0.03596512917901239
Capa 1 - Entrada a Oculta 1,origen_SINTETICO,Neurona H1_38,0.05127512792088018,0.05127512792088018,0.010208727374278338
Capa 1 - Entrada a Oculta 1,origen_SINTETICO,Neurona H1_39,-0.20918669209473484,0.20918669209473484,0.041648456015896666
Capa 1 - Entrada a Oculta 1,origen_SINTETICO,Neurona H1_40,-0.0018874471484394582,0.0018874471484394582,0.0003757851838323942
Capa 1 - Entrada a Oculta 1,origen_SINTETICO,Neurona H1_41,-0.06460280988565352,0.06460280988565352,0.012862229710136026
Capa 1 - Entrada a Oculta 1,origen_SINTETICO,Neurona H1_42,-0.017347716230265472,0.017347716230265472,0.003453879351298627
Capa 1 - Entrada a Oculta 1,origen_SINTETICO,Neurona H1_43,-0.19902795146056557,0.19902795146056557,0.03962588059179898
Capa 1 - Entrada a Oculta 1,origen_SINTETICO,Neurona H1_44,-0.34108992668250154,0.34108992668250154,0.06791000262324595
Capa 1 - Entrada a Oculta 1,origen_SINTETICO,Neurona H1_45,-0.025267855689121006,0.025267855689121006,0.0050307558561507
Capa 1 - Entrada a Oculta 1,origen_SINTETICO,Neurona H1_46,-0.13883260823279145,0.13883260823279145,0.027641164548541392
Capa 1 - Entrada a Oculta 1,origen_SINTETICO,Neurona H1_47,-0.006655976214271069,0.006655976214271069,0.0013251853156958085
Capa 1 - Entrada a Oculta 1,origen_SINTETICO,Neurona H1_48,0.1036221121483739,0.1036221121483739,0.020630858191167348
Capa 1 - Entrada a Oculta 1,origen_SINTETICO,Neurona H1_49,0.037460305635654376,0.037460305635654376,0.007458236831347008
Capa 1 - Entrada a Oculta 1,origen_SINTETICO,Neurona H1_50,0.15705342436999462,0.15705342436999462,0.031268875527021685
Capa 1 - Entrada a Oculta 1,origen_SINTETICO,Neurona H1_51,-0.16994668782639913,0.16994668782639913,0.03383588641374791
Capa 1 - Entrada a Oculta 1,origen_SINTETICO,Neurona H1_52,-0.023318436363989857,0.023318436363989857,0.004642632193950932
Capa 1 - Entrada a Oculta 1,origen_SINTETICO,Neurona H1_53,-0.0146351406718588,0.0146351406718588,0.002913813524439366
Capa 1 - Entrada a Oculta 1,origen_SINTETICO,Neurona H1_54,0.1457103681674433,0.1457103681674433,0.029010506351587445
Capa 1 - Entrada a Oculta 1,origen_SINTETICO,Neurona H1_55,0.21358894874638737,0.21358894874638737,0.0425249323858371
Capa 1 - Entrada a Oculta 1,origen_SINTETICO,Neurona H1_56,-0.03400062505657093,0.03400062505657093,0.00676942458911434
Capa 1 - Entrada a Oculta 1,origen_SINTETICO,Neurona H1_57,0.07643912819971974,0.07643912819971974,0.015218805923264769
Capa 1 - Entrada a Oculta 1,origen_SINTETICO,Neurona H1_58,0.3418006947552244,0.3418006947552244,0.06805151445900315
Capa 1 - Entrada a Oculta 1,origen_SINTETICO,Neurona H1_59,-0.0826846428144099,0.0826846428144099,0.01646226954000748
Capa 1 - Entrada a Oculta 1,origen_SINTETICO,Neurona H1_60,0.07067260903365344,0.07067260903365344,0.014070708893536068
Capa 1 - Entrada a Oculta 1,origen_SINTETICO,Neurona H1_61,0.03225346431387463,0.03225346431387463,0.006421570016645007
Capa 1 - Entrada a Oculta 1,origen_SINTETICO,Neurona H1_62,-0.1961655843800261,0.1961655843800261,0.039055991712819954
Capa 1 - Entrada a Oculta 1,origen_SINTETICO,Neurona H1_63,-0.1032574662752051,0.1032574662752051,0.020558258268782367
Capa 1 - Entrada a Oculta 1,origen_SINTETICO,Neurona H1_64,-0.18380196863081735,0.18380196863081735,0.036594432129024
Capa 1 - Entrada a Oculta 1,bias_w0,Neurona H1_1,0.01062426190217084,0.01062426190217084,0.002115259341323396
Capa 1 - Entrada a Oculta 1,bias_w0,Neurona H1_2,0.03772577224264959,0.03772577224264959,0.007511090453125789
Capa 1 - Entrada a Oculta 1,bias_w0,Neurona H1_3,0.042742735584942224,0.042742735584942224,0.008509953119782488
Capa 1 - Entrada a Oculta 1,bias_w0,Neurona H1_4,-0.0011780457934650245,0.0011780457934650245,0.00023454545756486527
Capa 1 - Entrada a Oculta 1,bias_w0,Neurona H1_5,0.08153092102302915,0.08153092102302915,0.01623256691981814
Capa 1 - Entrada a Oculta 1,bias_w0,Neurona H1_6,-0.002701280118230211,0.002701280118230211,0.0005378169378947734
Capa 1 - Entrada a Oculta 1,bias_w0,Neurona H1_7,0.020201957574075863,0.020201957574075863,0.004022150419960135
Capa 1 - Entrada a Oculta 1,bias_w0,Neurona H1_8,-0.057470201098800494,0.057470201098800494,0.011442148249106396
Capa 1 - Entrada a Oculta 1,bias_w0,Neurona H1_9,-0.030818096937845457,0.030818096937845457,0.006135792587743693
Capa 1 - Entrada a Oculta 1,bias_w0,Neurona H1_10,-0.043583278119546424,0.043583278119546424,0.00867730266975338
Capa 1 - Entrada a Oculta 1,bias_w0,Neurona H1_11,-0.01813179045231768,0.01813179045231768,0.0036099862260875405
Capa 1 - Entrada a Oculta 1,bias_w0,Neurona H1_12,0.020681472576346265,0.020681472576346265,0.004117620448579246
Capa 1 - Entrada a Oculta 1,bias_w0,Neurona H1_13,-0.01502950322516902,0.01502950322516902,0.0029923299505627784
Capa 1 - Entrada a Oculta 1,bias_w0,Neurona H1_14,-0.018175357995438023,0.018175357995438023,0.003618660395965166
Capa 1 - Entrada a Oculta 1,bias_w0,Neurona H1_15,-0.02765976784755858,0.02765976784755858,0.005506978541862757
Capa 1 - Entrada a Oculta 1,bias_w0,Neurona H1_16,-0.03382535703497972,0.03382535703497972,0.006734529240776747
Capa 1 - Entrada a Oculta 1,bias_w0,Neurona H1_17,0.01968764207164309,0.01968764207164309,0.003919751713967573
Capa 1 - Entrada a Oculta 1,bias_w0,Neurona H1_18,-0.010822577509729692,0.010822577509729692,0.002154743396336514
Capa 1 - Entrada a Oculta 1,bias_w0,Neurona H1_19,-0.03037276827267725,0.03037276827267725,0.006047128958436546
Capa 1 - Entrada a Oculta 1,bias_w0,Neurona H1_20,-0.018596158325348326,0.018596158325348326,0.0037024405057620507
Capa 1 - Entrada a Oculta 1,bias_w0,Neurona H1_21,-0.02070438126024082,0.02070438126024082,0.004122181500259973
Capa 1 - Entrada a Oculta 1,bias_w0,Neurona H1_22,-0.06226349467518494,0.06226349467518494,0.012396478922287648
Capa 1 - Entrada a Oculta 1,bias_w0,Neurona H1_23,0.007854518343306706,0.007854518343306706,0.0015638115334751575
Capa 1 - Entrada a Oculta 1,bias_w0,Neurona H1_24,-0.01920816762429178,0.01920816762429178,0.003824289759713745
Capa 1 - Entrada a Oculta 1,bias_w0,Neurona H1_25,0.024858354794830045,0.024858354794830045,0.004949225430799246
Capa 1 - Entrada a Oculta 1,bias_w0,Neurona H1_26,0.01627193087692682,0.01627193087692682,0.0032396936470245716
Capa 1 - Entrada a Oculta 1,bias_w0,Neurona H1_27,0.011864686433184892,0.011864686433184892,0.0023622242223282634
Capa 1 - Entrada a Oculta 1,bias_w0,Neurona H1_28,-0.0058902509976751834,0.0058902509976751834,0.0011727316740023205
Capa 1 - Entrada a Oculta 1,bias_w0,Neurona H1_29,0.012604299992130768,0.012604299992130768,0.0025094791096734294
Capa 1 - Entrada a Oculta 1,bias_w0,Neurona H1_30,-0.02572226853220032,0.02572226853220032,0.005121228118599769
Capa 1 - Entrada a Oculta 1,bias_w0,Neurona H1_31,0.017377809620745043,0.017377809620745043,0.0034598708569589867
Capa 1 - Entrada a Oculta 1,bias_w0,Neurona H1_32,-0.021973264032592095,0.021973264032592095,0.004374812333533383
Capa 1 - Entrada a Oculta 1,bias_w0,Neurona H1_33,0.005897856847030545,0.005897856847030545,0.001174245976270635
Capa 1 - Entrada a Oculta 1,bias_w0,Neurona H1_34,0.014130310909844079,0.014130310909844079,0.0028133034015044712
Capa 1 - Entrada a Oculta 1,bias_w0,Neurona H1_35,0.0032511124615734513,0.0032511124615734513,0.000647286942599842
Capa 1 - Entrada a Oculta 1,bias_w0,Neurona H1_36,0.007840765032353493,0.007840765032353493,0.0015610732896577718
Capa 1 - Entrada a Oculta 1,bias_w0,Neurona H1_37,0.038534676381833985,0.038534676381833985,0.007672140891490392
Capa 1 - Entrada a Oculta 1,bias_w0,Neurona H1_38,-0.012589267123165616,0.012589267123165616,0.0025064861096139213
Capa 1 - Entrada a Oculta 1,bias_w0,Neurona H1_39,-0.0955483969525934,0.0955483969525934,0.01902340520814461
Capa 1 - Entrada a Oculta 1,bias_w0,Neurona H1_40,0.028585193548553666,0.028585193548553666,0.005691228080960681
Capa 1 - Entrada a Oculta 1,bias_w0,Neurona H1_41,-0.008392719346857746,0.008392719346857746,0.00167096577258878
Capa 1 - Entrada a Oculta 1,bias_w0,Neurona H1_42,0.027570890419549732,0.027570890419549732,0.0054892833069787135
Capa 1 - Entrada a Oculta 1,bias_w0,Neurona H1_43,-0.081911652786797,0.081911652786797,0.016308369495777218
Capa 1 - Entrada a Oculta 1,bias_w0,Neurona H1_44,0.005076643757503327,0.005076643757503327,0.0010107448620440967
Capa 1 - Entrada a Oculta 1,bias_w0,Neurona H1_45,0.020448846870497226,0.020448846870497226,0.004071305353765121
Capa 1 - Entrada a Oculta 1,bias_w0,Neurona H1_46,0.06355531665385544,0.06355531665385544,0.012653676884166895
Capa 1 - Entrada a Oculta 1,bias_w0,Neurona H1_47,-0.004687237959729177,0.004687237959729177,0.0009332153113899514
Capa 1 - Entrada a Oculta 1,bias_w0,Neurona H1_48,0.02266509179398062,0.02266509179398062,0.004512553208931505
Capa 1 - Entrada a Oculta 1,bias_w0,Neurona H1_49,0.08708029510215953,0.08708029510215953,0.017337431000491822
Capa 1 - Entrada a Oculta 1,bias_w0,Neurona H1_50,0.002591558591633324,0.002591558591633324,0.0005159717042008538
Capa 1 - Entrada a Oculta 1,bias_w0,Neurona H1_51,0.009828130947189878,0.009828130947189878,0.001956752006418926
Capa 1 - Entrada a Oculta 1,bias_w0,Neurona H1_52,0.021204333998352934,0.021204333998352934,0.00422172062205965
Capa 1 - Entrada a Oculta 1,bias_w0,Neurona H1_53,-0.022161584342009676,0.022161584342009676,0.00441230635404271
Capa 1 - Entrada a Oculta 1,bias_w0,Neurona H1_54,0.007366885856311957,0.007366885856311957,0.0014667253374884377
Capa 1 - Entrada a Oculta 1,bias_w0,Neurona H1_55,0.004356975382572431,0.004356975382572431,0.0008674610022574174
Capa 1 - Entrada a Oculta 1,bias_w0,Neurona H1_56,0.003240767508316425,0.003240767508316425,0.0006452272927894389
Capa 1 - Entrada a Oculta 1,bias_w0,Neurona H1_57,0.022962189551618682,0.022962189551618682,0.004571704499902762
Capa 1 - Entrada a Oculta 1,bias_w0,Neurona H1_58,0.012750716471155502,0.012750716471155502,0.00253863020062286
Capa 1 - Entrada a Oculta 1,bias_w0,Neurona H1_59,-0.04195529554536279,0.04195529554536279,0.008353176120609294
Capa 1 - Entrada a Oculta 1,bias_w0,Neurona H1_60,0.01229720446258096,0.01229720446258096,0.0024483372916779458
Capa 1 - Entrada a Oculta 1,bias_w0,Neurona H1_61,0.01573965975639132,0.01573965975639132,0.0031337200302033095
Capa 1 - Entrada a Oculta 1,bias_w0,Neurona H1_62,0.032327636185571156,0.032327636185571156,0.006436337418457406
Capa 1 - Entrada a Oculta 1,bias_w0,Neurona H1_63,0.03114944474527054,0.03114944474527054,0.0062017629630353385
Capa 1 - Entrada a Oculta 1,bias_w0,Neurona H1_64,0.04429041261922199,0.04429041261922199,0.008818091071788645
Capa 2 - Oculta 1 a Oculta 2,Neurona H1_1,Neurona H2_1,-0.08382415431084854,0.08382415431084854,0.016689142932209414
Capa 2 - Oculta 1 a Oculta 2,Neurona H1_1,Neurona H2_2,0.22634478199028793,0.22634478199028793,0.04506458132088557
Capa 2 - Oculta 1 a Oculta 2,Neurona H1_1,Neurona H2_3,-0.009259252481549251,0.009259252481549251,0.0018434899747028046
Capa 2 - Oculta 1 a Oculta 2,Neurona H1_1,Neurona H2_4,-0.24181314129404996,0.24181314129404996,0.04814428622777832
Capa 2 - Oculta 1 a Oculta 2,Neurona H1_1,Neurona H2_5,0.333413457130634,0.333413457130634,0.066381640081218
Capa 2 - Oculta 1 a Oculta 2,Neurona H1_1,Neurona H2_6,-0.1578566040670365,0.1578566040670365,0.031428786245768364
Capa 2 - Oculta 1 a Oculta 2,Neurona H1_1,Neurona H2_7,-0.06664589784310929,0.06664589784310929,0.013269002521927366
Capa 2 - Oculta 1 a Oculta 2,Neurona H1_1,Neurona H2_8,-0.18097911544924863,0.18097911544924863,0.03603241035127795
Capa 2 - Oculta 1 a Oculta 2,Neurona H1_1,Neurona H2_9,0.21932540449837273,0.21932540449837273,0.043667043878118365
Capa 2 - Oculta 1 a Oculta 2,Neurona H1_1,Neurona H2_10,-0.22200458329338235,0.22200458329338235,0.04420046050747138
Capa 2 - Oculta 1 a Oculta 2,Neurona H1_1,Neurona H2_11,0.033139495509180605,0.033139495509180605,0.006597976225361676
Capa 2 - Oculta 1 a Oculta 2,Neurona H1_1,Neurona H2_12,0.14036486671773613,0.14036486671773613,0.027946232712659128
Capa 2 - Oculta 1 a Oculta 2,Neurona H1_1,Neurona H2_13,0.042800155942953645,0.042800155942953645,0.008521385344419286
Capa 2 - Oculta 1 a Oculta 2,Neurona H1_1,Neurona H2_14,0.15994410650980861,0.15994410650980861,0.031844401851141096
Capa 2 - Oculta 1 a Oculta 2,Neurona H1_1,Neurona H2_15,-0.12222821042429509,0.12222821042429509,0.024335277711894875
Capa 2 - Oculta 1 a Oculta 2,Neurona H1_1,Neurona H2_16,0.10013315967107392,0.10013315967107392,0.019936217999971174
Capa 2 - Oculta 1 a Oculta 2,Neurona H1_1,Neurona H2_17,0.08619695828959177,0.08619695828959177,0.017161561235464945
Capa 2 - Oculta 1 a Oculta 2,Neurona H1_1,Neurona H2_18,-0.052515760253759786,0.052515760253759786,0.010455733628024324
Capa 2 - Oculta 1 a Oculta 2,Neurona H1_1,Neurona H2_19,0.17556145026067946,0.17556145026067946,0.03495376912388671
Capa 2 - Oculta 1 a Oculta 2,Neurona H1_1,Neurona H2_20,0.03115160015832401,0.03115160015832401,0.0062021920994438495
Capa 2 - Oculta 1 a Oculta 2,Neurona H1_1,Neurona H2_21,0.2738906180326772,0.2738906180326772,0.05453081763506612
Capa 2 - Oculta 1 a Oculta 2,Neurona H1_1,Neurona H2_22,0.09949205126931206,0.09949205126931206,0.01980857520011224
Capa 2 - Oculta 1 a Oculta 2,Neurona H1_1,Neurona H2_23,-0.0683050885201697,0.0683050885201697,0.013599342512696195
Capa 2 - Oculta 1 a Oculta 2,Neurona H1_1,Neurona H2_24,-0.0444891432037532,0.0444891432037532,0.008857657747498174
Capa 2 - Oculta 1 a Oculta 2,Neurona H1_1,Neurona H2_25,-0.1282110414373259,0.1282110414373259,0.025526441795047507
Capa 2 - Oculta 1 a Oculta 2,Neurona H1_1,Neurona H2_26,-0.3485697756889764,0.3485697756889764,0.06939921859215967
Capa 2 - Oculta 1 a Oculta 2,Neurona H1_1,Neurona H2_27,0.07064142718862632,0.07064142718862632,0.014064500679772076
Capa 2 - Oculta 1 a Oculta 2,Neurona H1_1,Neurona H2_28,-0.06944763431446672,0.06944763431446672,0.013826820024690012
Capa 2 - Oculta 1 a Oculta 2,Neurona H1_1,Neurona H2_29,-0.11367721241077855,0.11367721241077855,0.022632799121637903
Capa 2 - Oculta 1 a Oculta 2,Neurona H1_1,Neurona H2_30,-0.11489025993214635,0.11489025993214635,0.022874313320428333
Capa 2 - Oculta 1 a Oculta 2,Neurona H1_1,Neurona H2_31,-0.05150456904686593,0.05150456904686593,0.010254408428594774
Capa 2 - Oculta 1 a Oculta 2,Neurona H1_1,Neurona H2_32,-0.1330305090398924,0.1330305090398924,0.02648598363996863
Capa 2 - Oculta 1 a Oculta 2,Neurona H1_2,Neurona H2_1,0.08875699321682162,0.08875699321682162,0.017671256670667896
Capa 2 - Oculta 1 a Oculta 2,Neurona H1_2,Neurona H2_2,0.04038432040854536,0.04038432040854536,0.008040399584814286
Capa 2 - Oculta 1 a Oculta 2,Neurona H1_2,Neurona H2_3,0.037362728889448055,0.037362728889448055,0.007438809587759696
Capa 2 - Oculta 1 a Oculta 2,Neurona H1_2,Neurona H2_4,-0.3052075387435731,0.3052075387435731,0.06076592457098147
Capa 2 - Oculta 1 a Oculta 2,Neurona H1_2,Neurona H2_5,-0.15620353109134613,0.15620353109134613,0.03109966427137466
Capa 2 - Oculta 1 a Oculta 2,Neurona H1_2,Neurona H2_6,-0.3281543414657338,0.3281543414657338,0.06533456559833017
Capa 2 - Oculta 1 a Oculta 2,Neurona H1_2,Neurona H2_7,-0.15901160585360247,0.15901160585360247,0.03165874370923975
Capa 2 - Oculta 1 a Oculta 2,Neurona H1_2,Neurona H2_8,-0.12886420397260026,0.12886420397260026,0.02565648453748585
Capa 2 - Oculta 1 a Oculta 2,Neurona H1_2,Neurona H2_9,0.30922013790920955,0.30922013790920955,0.06156482127987799
Capa 2 - Oculta 1 a Oculta 2,Neurona H1_2,Neurona H2_10,0.08822355367584994,0.08822355367584994,0.017565050424769437
Capa 2 - Oculta 1 a Oculta 2,Neurona H1_2,Neurona H2_11,-0.14441598860227456,0.14441598860227456,0.02875279918174802
Capa 2 - Oculta 1 a Oculta 2,Neurona H1_2,Neurona H2_12,-0.11345758505828482,0.11345758505828482,0.022589071960800733
Capa 2 - Oculta 1 a Oculta 2,Neurona H1_2,Neurona H2_13,0.16770115222760434,0.16770115222760434,0.03338880687115358
Capa 2 - Oculta 1 a Oculta 2,Neurona H1_2,Neurona H2_14,0.14092084270959362,0.14092084270959362,0.028056925899739526
Capa 2 - Oculta 1 a Oculta 2,Neurona H1_2,Neurona H2_15,0.06913150535205476,0.06913150535205476,0.013763879676742814
Capa 2 - Oculta 1 a Oculta 2,Neurona H1_2,Neurona H2_16,-0.15505666032501603,0.15505666032501603,0.030871325670151478
Capa 2 - Oculta 1 a Oculta 2,Neurona H1_2,Neurona H2_17,-0.031777452831107986,0.031777452831107986,0.006326797528469277
Capa 2 - Oculta 1 a Oculta 2,Neurona H1_2,Neurona H2_18,0.24377980950130035,0.24377980950130035,0.04853584409174816
Capa 2 - Oculta 1 a Oculta 2,Neurona H1_2,Neurona H2_19,-0.14943822511660243,0.14943822511660243,0.029752711721469656
Capa 2 - Oculta 1 a Oculta 2,Neurona H1_2,Neurona H2_20,0.058302169889379495,0.058302169889379495,0.011607790791822909
Capa 2 - Oculta 1 a Oculta 2,Neurona H1_2,Neurona H2_21,-0.04376065872539114,0.04376065872539114,0.008712618627411198
Capa 2 - Oculta 1 a Oculta 2,Neurona H1_2,Neurona H2_22,-0.19870220704286,0.19870220704286,0.03956102583494337
Capa 2 - Oculta 1 a Oculta 2,Neurona H1_2,Neurona H2_23,-0.12478593811647498,0.12478593811647498,0.024844513783375717
Capa 2 - Oculta 1 a Oculta 2,Neurona H1_2,Neurona H2_24,-0.12227221817133535,0.12227221817133535,0.02434403952508008
Capa 2 - Oculta 1 a Oculta 2,Neurona H1_2,Neurona H2_25,0.28182193805991584,0.28182193805991584,0.05610992015824599
Capa 2 - Oculta 1 a Oculta 2,Neurona H1_2,Neurona H2_26,0.06997041502805919,0.06997041502805919,0.01393090412936219
Capa 2 - Oculta 1 a Oculta 2,Neurona H1_2,Neurona H2_27,0.3692489295793769,0.3692489295793769,0.07351637739717708
Capa 2 - Oculta 1 a Oculta 2,Neurona H1_2,Neurona H2_28,-0.14740603029326688,0.14740603029326688,0.02934810770068858
Capa 2 - Oculta 1 a Oculta 2,Neurona H1_2,Neurona H2_29,-0.007277511372482621,0.007277511372482621,0.0014489311402503845
Capa 2 - Oculta 1 a Oculta 2,Neurona H1_2,Neurona H2_30,-0.18628955840126574,0.18628955840126574,0.0370897039462828
Capa 2 - Oculta 1 a Oculta 2,Neurona H1_2,Neurona H2_31,0.051269914669849745,0.051269914669849745,0.010207689431309468
Capa 2 - Oculta 1 a Oculta 2,Neurona H1_2,Neurona H2_32,0.02436178019362562,0.02436178019362562,0.00485035888613632
Capa 2 - Oculta 1 a Oculta 2,Neurona H1_3,Neurona H2_1,-0.3592166035576159,0.3592166035576159,0.07151897075113087
Capa 2 - Oculta 1 a Oculta 2,Neurona H1_3,Neurona H2_2,0.2411747545689837,0.2411747545689837,0.04801718530575593
Capa 2 - Oculta 1 a Oculta 2,Neurona H1_3,Neurona H2_3,0.06233798553210876,0.06233798553210876,0.012411309833121944
Capa 2 - Oculta 1 a Oculta 2,Neurona H1_3,Neurona H2_4,-0.11256890151913186,0.11256890151913186,0.022412137678214046
Capa 2 - Oculta 1 a Oculta 2,Neurona H1_3,Neurona H2_5,-0.08818087912993965,0.08818087912993965,0.017556554048013602
Capa 2 - Oculta 1 a Oculta 2,Neurona H1_3,Neurona H2_6,-0.1119062100992737,0.1119062100992737,0.022280197762841347
Capa 2 - Oculta 1 a Oculta 2,Neurona H1_3,Neurona H2_7,0.09368250121197276,0.09368250121197276,0.018651910846312576
Capa 2 - Oculta 1 a Oculta 2,Neurona H1_3,Neurona H2_8,-0.13746202879619435,0.13746202879619435,0.027368286208099186
Capa 2 - Oculta 1 a Oculta 2,Neurona H1_3,Neurona H2_9,0.11242727682213682,0.11242727682213682,0.02238394061699329
Capa 2 - Oculta 1 a Oculta 2,Neurona H1_3,Neurona H2_10,0.05530390079930505,0.05530390079930505,0.011010844221888926
Capa 2 - Oculta 1 a Oculta 2,Neurona H1_3,Neurona H2_11,0.09417043733350432,0.09417043733350432,0.0187490574950438
Capa 2 - Oculta 1 a Oculta 2,Neurona H1_3,Neurona H2_12,0.10032551118012685,0.10032551118012685,0.019974514620488288
Capa 2 - Oculta 1 a Oculta 2,Neurona H1_3,Neurona H2_13,-0.08968324768895826,0.08968324768895826,0.017855671215666006
Capa 2 - Oculta 1 a Oculta 2,Neurona H1_3,Neurona H2_14,0.01917862268536189,0.01917862268536189,0.0038184074491461276
Capa 2 - Oculta 1 a Oculta 2,Neurona H1_3,Neurona H2_15,-0.015427815946754218,0.015427815946754218,0.003071632843588117
Capa 2 - Oculta 1 a Oculta 2,Neurona H1_3,Neurona H2_16,-0.32268283057628705,0.32268283057628705,0.06424520385003875
Capa 2 - Oculta 1 a Oculta 2,Neurona H1_3,Neurona H2_17,0.058300272596701515,0.058300272596701515,0.01160741304642306
Capa 2 - Oculta 1 a Oculta 2,Neurona H1_3,Neurona H2_18,-0.03802949863278854,0.03802949863278854,0.007571561485359716
Capa 2 - Oculta 1 a Oculta 2,Neurona H1_3,Neurona H2_19,-0.1545496453099594,0.1545496453099594,0.030770380469754013
Capa 2 - Oculta 1 a Oculta 2,Neurona H1_3,Neurona H2_20,0.10096034801616668,0.10096034801616668,0.020100908770031522
Capa 2 - Oculta 1 a Oculta 2,Neurona H1_3,Neurona H2_21,-0.15738475729761642,0.15738475729761642,0.0313348429397882
Capa 2 - Oculta 1 a Oculta 2,Neurona H1_3,Neurona H2_22,-0.13789915428036703,0.13789915428036703,0.02745531660816282
Capa 2 - Oculta 1 a Oculta 2,Neurona H1_3,Neurona H2_23,-0.15870823096426764,0.15870823096426764,0.03159834265978357
Capa 2 - Oculta 1 a Oculta 2,Neurona H1_3,Neurona H2_24,-0.03281667867537249,0.03281667867537249,0.006533704341861747
Capa 2 - Oculta 1 a Oculta 2,Neurona H1_3,Neurona H2_25,0.14281942087453844,0.14281942087453844,0.028434927236266404
Capa 2 - Oculta 1 a Oculta 2,Neurona H1_3,Neurona H2_26,-0.018518407347852612,0.018518407347852612,0.003686960514496848
Capa 2 - Oculta 1 a Oculta 2,Neurona H1_3,Neurona H2_27,-0.013203998914247082,0.013203998914247082,0.0026288774037543493
Capa 2 - Oculta 1 a Oculta 2,Neurona H1_3,Neurona H2_28,-0.19363904827692477,0.19363904827692477,0.03855296579511513
Capa 2 - Oculta 1 a Oculta 2,Neurona H1_3,Neurona H2_29,0.3545173777789497,0.3545173777789497,0.0705833687001987
Capa 2 - Oculta 1 a Oculta 2,Neurona H1_3,Neurona H2_30,-0.292597907877505,0.292597907877505,0.05825538409996387
Capa 2 - Oculta 1 a Oculta 2,Neurona H1_3,Neurona H2_31,0.0998906425302071,0.0998906425302071,0.0198879335494961
Capa 2 - Oculta 1 a Oculta 2,Neurona H1_3,Neurona H2_32,-0.2497482527538328,0.2497482527538328,0.04972414361404234
Capa 2 - Oculta 1 a Oculta 2,Neurona H1_4,Neurona H2_1,0.27141745566678926,0.27141745566678926,0.054038418271682105
Capa 2 - Oculta 1 a Oculta 2,Neurona H1_4,Neurona H2_2,-0.22041251321041572,0.22041251321041572,0.04388348402985381
Capa 2 - Oculta 1 a Oculta 2,Neurona H1_4,Neurona H2_3,0.011960378227932673,0.011960378227932673,0.002381276177616272
Capa 2 - Oculta 1 a Oculta 2,Neurona H1_4,Neurona H2_4,-0.05716954401154108,0.05716954401154108,0.01138228830606126
Capa 2 - Oculta 1 a Oculta 2,Neurona H1_4,Neurona H2_5,0.27923998921448706,0.27923998921448706,0.0555958617262907
Capa 2 - Oculta 1 a Oculta 2,Neurona H1_4,Neurona H2_6,-0.008315297685119996,0.008315297685119996,0.0016555513471237892
Capa 2 - Oculta 1 a Oculta 2,Neurona H1_4,Neurona H2_7,-0.27816285466597224,0.27816285466597224,0.05538140740121965
Capa 2 - Oculta 1 a Oculta 2,Neurona H1_4,Neurona H2_8,-0.06719056630294608,0.06719056630294608,0.013377444412592598
Capa 2 - Oculta 1 a Oculta 2,Neurona H1_4,Neurona H2_9,-0.3914959467610573,0.3914959467610573,0.07794569317868245
Capa 2 - Oculta 1 a Oculta 2,Neurona H1_4,Neurona H2_10,-0.1496184983172497,0.1496184983172497,0.02978860358625713
Capa 2 - Oculta 1 a Oculta 2,Neurona H1_4,Neurona H2_11,-0.2647171150183704,0.2647171150183704,0.05270440012744557
Capa 2 - Oculta 1 a Oculta 2,Neurona H1_4,Neurona H2_12,-0.021579847444310157,0.021579847444310157,0.004296484246268807
Capa 2 - Oculta 1 a Oculta 2,Neurona H1_4,Neurona H2_13,-0.09144088509536445,0.09144088509536445,0.018205611661110076
Capa 2 - Oculta 1 a Oculta 2,Neurona H1_4,Neurona H2_14,-0.26575758603447047,0.26575758603447047,0.05291155485089344
Capa 2 - Oculta 1 a Oculta 2,Neurona H1_4,Neurona H2_15,-0.017543571352333014,0.017543571352333014,0.0034928735308768573
Capa 2 - Oculta 1 a Oculta 2,Neurona H1_4,Neurona H2_16,0.09324443693362917,0.09324443693362917,0.018564693535086746
Capa 2 - Oculta 1 a Oculta 2,Neurona H1_4,Neurona H2_17,-0.03658822293440194,0.03658822293440194,0.00728460772682975
Capa 2 - Oculta 1 a Oculta 2,Neurona H1_4,Neurona H2_18,-0.33695700505363674,0.33695700505363674,0.06708715006530708
Capa 2 - Oculta 1 a Oculta 2,Neurona H1_4,Neurona H2_19,0.20879666669350036,0.20879666669350036,0.04157080310401334
Capa 2 - Oculta 1 a Oculta 2,Neurona H1_4,Neurona H2_20,-0.08858414843365246,0.08858414843365246,0.017636843781983096
Capa 2 - Oculta 1 a Oculta 2,Neurona H1_4,Neurona H2_21,-0.012059190109994431,0.012059190109994431,0.0024009493331248128
Capa 2 - Oculta 1 a Oculta 2,Neurona H1_4,Neurona H2_22,0.3256565491680109,0.3256565491680109,0.0648372624878558
Capa 2 - Oculta 1 a Oculta 2,Neurona H1_4,Neurona H2_23,-0.3911489809260892,0.3911489809260892,0.07787661329997704
Capa 2 - Oculta 1 a Oculta 2,Neurona H1_4,Neurona H2_24,0.10423370997163074,0.10423370997163074,0.020752625521518343
Capa 2 - Oculta 1 a Oculta 2,Neurona H1_4,Neurona H2_25,-0.06806115741059118,0.06806115741059118,0.01355077654520344
Capa 2 - Oculta 1 a Oculta 2,Neurona H1_4,Neurona H2_26,-0.14207003939132065,0.14207003939132065,0.028285727583887036
Capa 2 - Oculta 1 a Oculta 2,Neurona H1_4,Neurona H2_27,-0.3232828737293285,0.3232828737293285,0.06436467067948587
Capa 2 - Oculta 1 a Oculta 2,Neurona H1_4,Neurona H2_28,0.003347143403573231,0.003347143403573231,0.0006664064211096492
Capa 2 - Oculta 1 a Oculta 2,Neurona H1_4,Neurona H2_29,-0.0008339869210422507,0.0008339869210422507,0.0001660443465645084
Capa 2 - Oculta 1 a Oculta 2,Neurona H1_4,Neurona H2_30,0.4012925403224497,0.4012925403224497,0.07989616618421423
Capa 2 - Oculta 1 a Oculta 2,Neurona H1_4,Neurona H2_31,-0.12184680760615814,0.12184680760615814,0.02425934153098179
Capa 2 - Oculta 1 a Oculta 2,Neurona H1_4,Neurona H2_32,0.06523512406416795,0.06523512406416795,0.012988121605974984
Capa 2 - Oculta 1 a Oculta 2,Neurona H1_5,Neurona H2_1,0.008526573986825062,0.008526573986825062,0.0016976158382759308
Capa 2 - Oculta 1 a Oculta 2,Neurona H1_5,Neurona H2_2,0.2681927258870547,0.2681927258870547,0.053396384043550585
Capa 2 - Oculta 1 a Oculta 2,Neurona H1_5,Neurona H2_3,0.022988124097276668,0.022988124097276668,0.0045768679917736485
Capa 2 - Oculta 1 a Oculta 2,Neurona H1_5,Neurona H2_4,-0.27803023565318224,0.27803023565318224,0.05535500334527447
Capa 2 - Oculta 1 a Oculta 2,Neurona H1_5,Neurona H2_5,0.06443757761124635,0.06443757761124635,0.012829332449587841
Capa 2 - Oculta 1 a Oculta 2,Neurona H1_5,Neurona H2_6,0.19274992552619868,0.19274992552619868,0.038375944066794204
Capa 2 - Oculta 1 a Oculta 2,Neurona H1_5,Neurona H2_7,0.019141221495918206,0.019141221495918206,0.0038109609821749776
Capa 2 - Oculta 1 a Oculta 2,Neurona H1_5,Neurona H2_8,-0.2366114489983782,0.2366114489983782,0.047108644569051755
Capa 2 - Oculta 1 a Oculta 2,Neurona H1_5,Neurona H2_9,-0.18269376288493183,0.18269376288493183,0.036373791619812385
Capa 2 - Oculta 1 a Oculta 2,Neurona H1_5,Neurona H2_10,-0.14379353705134001,0.14379353705134001,0.028628870906093735
Capa 2 - Oculta 1 a Oculta 2,Neurona H1_5,Neurona H2_11,-0.1116159917978008,0.1116159917978008,0.022222416151387647
Capa 2 - Oculta 1 a Oculta 2,Neurona H1_5,Neurona H2_12,-0.028675085227600743,0.028675085227600743,0.005709125250247587
Capa 2 - Oculta 1 a Oculta 2,Neurona H1_5,Neurona H2_13,0.07851603506893004,0.07851603506893004,0.015632311981060482
Capa 2 - Oculta 1 a Oculta 2,Neurona H1_5,Neurona H2_14,-0.2270335547315126,0.2270335547315126,0.04520171395074164
Capa 2 - Oculta 1 a Oculta 2,Neurona H1_5,Neurona H2_15,0.16553712819614014,0.16553712819614014,0.03295795604221574
Capa 2 - Oculta 1 a Oculta 2,Neurona H1_5,Neurona H2_16,-0.16444048835921354,0.16444048835921354,0.032739618271508834
Capa 2 - Oculta 1 a Oculta 2,Neurona H1_5,Neurona H2_17,-0.14801445414379136,0.14801445414379136,0.029469243102390498
Capa 2 - Oculta 1 a Oculta 2,Neurona H1_5,Neurona H2_18,0.04697761234846428,0.04697761234846428,0.009353104645589949
Capa 2 - Oculta 1 a Oculta 2,Neurona H1_5,Neurona H2_19,0.03744231155943163,0.03744231155943163,0.0074546542636195635
Capa 2 - Oculta 1 a Oculta 2,Neurona H1_5,Neurona H2_20,-0.19001640960134136,0.19001640960134136,0.037831709074476354
Capa 2 - Oculta 1 a Oculta 2,Neurona H1_5,Neurona H2_21,0.11901263299031695,0.11901263299031695,0.02369506568892308
Capa 2 - Oculta 1 a Oculta 2,Neurona H1_5,Neurona H2_22,-0.12591410964585095,0.12591410964585095,0.02506912942144089
Capa 2 - Oculta 1 a Oculta 2,Neurona H1_5,Neurona H2_23,0.1738726210136303,0.1738726210136303,0.03461752818088144
Capa 2 - Oculta 1 a Oculta 2,Neurona H1_5,Neurona H2_24,0.1937509328322322,0.1937509328322322,0.038575241681472514
Capa 2 - Oculta 1 a Oculta 2,Neurona H1_5,Neurona H2_25,-0.2646425802083593,0.2646425802083593,0.052689560465680685
Capa 2 - Oculta 1 a Oculta 2,Neurona H1_5,Neurona H2_26,-0.23727661683643317,0.23727661683643317,0.04724107753201422
Capa 2 - Oculta 1 a Oculta 2,Neurona H1_5,Neurona H2_27,0.17112309107065282,0.17112309107065282,0.03407010484458896
Capa 2 - Oculta 1 a Oculta 2,Neurona H1_5,Neurona H2_28,-0.3196985057628274,0.3196985057628274,0.06365103354462451
Capa 2 - Oculta 1 a Oculta 2,Neurona H1_5,Neurona H2_29,0.2503053673708881,0.2503053673708881,0.04983506349805547
Capa 2 - Oculta 1 a Oculta 2,Neurona H1_5,Neurona H2_30,-0.049122215917312376,0.049122215917312376,0.00978008891745871
Capa 2 - Oculta 1 a Oculta 2,Neurona H1_5,Neurona H2_31,0.14829233010966966,0.14829233010966966,0.02952456739107668
Capa 2 - Oculta 1 a Oculta 2,Neurona H1_5,Neurona H2_32,-0.1423611970716585,0.1423611970716585,0.028343696222913797
Capa 2 - Oculta 1 a Oculta 2,Neurona H1_6,Neurona H2_1,-0.21115513427708035,0.21115513427708035,0.04204036707309779
Capa 2 - Oculta 1 a Oculta 2,Neurona H1_6,Neurona H2_2,-0.13561595902446605,0.13561595902446605,0.027000739138444852
Capa 2 - Oculta 1 a Oculta 2,Neurona H1_6,Neurona H2_3,-0.07375928234841858,0.07375928234841858,0.014685256484963247
Capa 2 - Oculta 1 a Oculta 2,Neurona H1_6,Neurona H2_4,-0.11593058600161861,0.11593058600161861,0.02308143918542831
Capa 2 - Oculta 1 a Oculta 2,Neurona H1_6,Neurona H2_5,0.02565466136781063,0.02565466136781063,0.005107767730731652
Capa 2 - Oculta 1 a Oculta 2,Neurona H1_6,Neurona H2_6,0.14665102579318295,0.14665102579318295,0.029197788522165934
Capa 2 - Oculta 1 a Oculta 2,Neurona H1_6,Neurona H2_7,0.1311919381808861,0.1311919381808861,0.026119929581812987
Capa 2 - Oculta 1 a Oculta 2,Neurona H1_6,Neurona H2_8,0.04235712151485588,0.04235712151485588,0.008433178490974703
Capa 2 - Oculta 1 a Oculta 2,Neurona H1_6,Neurona H2_9,-0.10954059062965499,0.10954059062965499,0.021809209874251643
Capa 2 - Oculta 1 a Oculta 2,Neurona H1_6,Neurona H2_10,-0.027361246955602474,0.027361246955602474,0.005447543909028516
Capa 2 - Oculta 1 a Oculta 2,Neurona H1_6,Neurona H2_11,0.2822925329942931,0.2822925329942931,0.05620361422754577
Capa 2 - Oculta 1 a Oculta 2,Neurona H1_6,Neurona H2_12,0.011038426313091796,0.011038426313091796,0.0021977182591391598
Capa 2 - Oculta 1 a Oculta 2,Neurona H1_6,Neurona H2_13,0.1649528112087643,0.1649528112087643,0.032841620246165
Capa 2 - Oculta 1 a Oculta 2,Neurona H1_6,Neurona H2_14,-0.22192947831836965,0.22192947831836965,0.04418550732752925
Capa 2 - Oculta 1 a Oculta 2,Neurona H1_6,Neurona H2_15,-0.2607898435297291,0.2607898435297291,0.05192249190843186
Capa 2 - Oculta 1 a Oculta 2,Neurona H1_6,Neurona H2_16,-0.2511374992596566,0.2511374992596566,0.050000738513142504
Capa 2 - Oculta 1 a Oculta 2,Neurona H1_6,Neurona H2_17,-0.2091376542048105,0.2091376542048105,0.04163869271603675
Capa 2 - Oculta 1 a Oculta 2,Neurona H1_6,Neurona H2_18,0.2727730502961372,0.2727730502961372,0.05430831318101129
Capa 2 - Oculta 1 a Oculta 2,Neurona H1_6,Neurona H2_19,-0.20470709703272705,0.20470709703272705,0.040756581795597
Capa 2 - Oculta 1 a Oculta 2,Neurona H1_6,Neurona H2_20,0.18273814040366398,0.18273814040366398,0.03638262705345543
Capa 2 - Oculta 1 a Oculta 2,Neurona H1_6,Neurona H2_21,0.09392914208768216,0.09392914208768216,0.018701016320283422
Capa 2 - Oculta 1 a Oculta 2,Neurona H1_6,Neurona H2_22,-0.20908230558227286,0.20908230558227286,0.041627672967848105
Capa 2 - Oculta 1 a Oculta 2,Neurona H1_6,Neurona H2_23,0.2863376090653,0.2863376090653,0.05700897699291705
Capa 2 - Oculta 1 a Oculta 2,Neurona H1_6,Neurona H2_24,0.21774449977233498,0.21774449977233498,0.04335229039027274
Capa 2 - Oculta 1 a Oculta 2,Neurona H1_6,Neurona H2_25,-0.15151893718023604,0.15151893718023604,0.030166975382299215
Capa 2 - Oculta 1 a Oculta 2,Neurona H1_6,Neurona H2_26,-0.17221591291463684,0.17221591291463684,0.03428768246411443
Capa 2 - Oculta 1 a Oculta 2,Neurona H1_6,Neurona H2_27,0.17313913394713004,0.17313913394713004,0.03447149306018873
Capa 2 - Oculta 1 a Oculta 2,Neurona H1_6,Neurona H2_28,-0.2751931215744337,0.2751931215744337,0.05479014226478409
Capa 2 - Oculta 1 a Oculta 2,Neurona H1_6,Neurona H2_29,0.1349894578563246,0.1349894578563246,0.026876004595898378
Capa 2 - Oculta 1 a Oculta 2,Neurona H1_6,Neurona H2_30,-0.28324687862514103,0.28324687862514103,0.05639362163973972
Capa 2 - Oculta 1 a Oculta 2,Neurona H1_6,Neurona H2_31,-0.0550838164627193,0.0550838164627193,0.010967026076861192
Capa 2 - Oculta 1 a Oculta 2,Neurona H1_6,Neurona H2_32,0.24365555113485063,0.24365555113485063,0.04851110461593416
Capa 2 - Oculta 1 a Oculta 2,Neurona H1_7,Neurona H2_1,0.3149005297171389,0.3149005297171389,0.0626957706055572
Capa 2 - Oculta 1 a Oculta 2,Neurona H1_7,Neurona H2_2,-0.051599255385915005,0.051599255385915005,0.010273260200606187
Capa 2 - Oculta 1 a Oculta 2,Neurona H1_7,Neurona H2_3,-0.21974438249036607,0.21974438249036607,0.04375046116578818
Capa 2 - Oculta 1 a Oculta 2,Neurona H1_7,Neurona H2_4,0.06494328561488023,0.06494328561488023,0.012930017427849718
Capa 2 - Oculta 1 a Oculta 2,Neurona H1_7,Neurona H2_5,0.009220725573397493,0.009220725573397493,0.001835819380443107
Capa 2 - Oculta 1 a Oculta 2,Neurona H1_7,Neurona H2_6,0.11670592033795854,0.11670592033795854,0.023235805974640904
Capa 2 - Oculta 1 a Oculta 2,Neurona H1_7,Neurona H2_7,-0.29373677504789103,0.29373677504789103,0.0584821292087411
Capa 2 - Oculta 1 a Oculta 2,Neurona H1_7,Neurona H2_8,-0.1623914079842729,0.1623914079842729,0.03233165238699595
Capa 2 - Oculta 1 a Oculta 2,Neurona H1_7,Neurona H2_9,-0.16164935035857078,0.16164935035857078,0.03218391089313783
Capa 2 - Oculta 1 a Oculta 2,Neurona H1_7,Neurona H2_10,-0.4285100341210319,0.4285100341210319,0.08531508926188223
Capa 2 - Oculta 1 a Oculta 2,Neurona H1_7,Neurona H2_11,-0.1876612341548606,0.1876612341548606,0.03736280056021938
Capa 2 - Oculta 1 a Oculta 2,Neurona H1_7,Neurona H2_12,-0.21307861239041867,0.21307861239041867,0.0424233259162188
Capa 2 - Oculta 1 a Oculta 2,Neurona H1_7,Neurona H2_13,-0.26990731494892467,0.26990731494892467,0.053737753690030254
Capa 2 - Oculta 1 a Oculta 2,Neurona H1_7,Neurona H2_14,-0.0024807835795207594,0.0024807835795207594,0.0004939167246348439
Capa 2 - Oculta 1 a Oculta 2,Neurona H1_7,Neurona H2_15,0.0002002807874099861,0.0002002807874099861,3.987531654975631e-05
Capa 2 - Oculta 1 a Oculta 2,Neurona H1_7,Neurona H2_16,0.11708395878263592,0.11708395878263592,0.023311072318679335
Capa 2 - Oculta 1 a Oculta 2,Neurona H1_7,Neurona H2_17,-0.281545066505043,0.281545066505043,0.05605479584484105
Capa 2 - Oculta 1 a Oculta 2,Neurona H1_7,Neurona H2_18,-0.3821650986061218,0.3821650986061218,0.07608794871568454
Capa 2 - Oculta 1 a Oculta 2,Neurona H1_7,Neurona H2_19,0.011504085441907693,0.011504085441907693,0.0022904296240481028
Capa 2 - Oculta 1 a Oculta 2,Neurona H1_7,Neurona H2_20,-0.1956601424354227,0.1956601424354227,0.038955359706129636
Capa 2 - Oculta 1 a Oculta 2,Neurona H1_7,Neurona H2_21,0.20413579032062,0.20413579032062,0.040642836307141154
Capa 2 - Oculta 1 a Oculta 2,Neurona H1_7,Neurona H2_22,0.40096381160474914,0.40096381160474914,0.07983071726199449
Capa 2 - Oculta 1 a Oculta 2,Neurona H1_7,Neurona H2_23,-0.07698956936486501,0.07698956936486501,0.015328397142602517
Capa 2 - Oculta 1 a Oculta 2,Neurona H1_7,Neurona H2_24,0.08925869314447131,0.08925869314447131,0.01777114365277302
Capa 2 - Oculta 1 a Oculta 2,Neurona H1_7,Neurona H2_25,-0.36536357936349917,0.36536357936349917,0.07274281558044805
Capa 2 - Oculta 1 a Oculta 2,Neurona H1_7,Neurona H2_26,-0.3202451617659574,0.3202451617659574,0.06375987114932201
Capa 2 - Oculta 1 a Oculta 2,Neurona H1_7,Neurona H2_27,-0.15699633573420635,0.15699633573420635,0.03125750934730526
Capa 2 - Oculta 1 a Oculta 2,Neurona H1_7,Neurona H2_28,0.28084633478141424,0.28084633478141424,0.0559156804108378
Capa 2 - Oculta 1 a Oculta 2,Neurona H1_7,Neurona H2_29,-0.0033616789307809535,0.0033616789307809535,0.0006693004018859432
Capa 2 - Oculta 1 a Oculta 2,Neurona H1_7,Neurona H2_30,0.35419929302248077,0.35419929302248077,0.07052003895939891
Capa 2 - Oculta 1 a Oculta 2,Neurona H1_7,Neurona H2_31,-0.42518119445322355,0.42518119445322355,0.0846523270608054
Capa 2 - Oculta 1 a Oculta 2,Neurona H1_7,Neurona H2_32,0.06685801906841463,0.06685801906841463,0.013311235234886786
Capa 2 - Oculta 1 a Oculta 2,Neurona H1_8,Neurona H2_1,0.4615461765348461,0.4615461765348461,0.09189248818950393
Capa 2 - Oculta 1 a Oculta 2,Neurona H1_8,Neurona H2_2,-0.16412471956973995,0.16412471956973995,0.03267674963293584
Capa 2 - Oculta 1 a Oculta 2,Neurona H1_8,Neurona H2_3,-0.3346640277610869,0.3346640277610869,0.0666306250208221
Capa 2 - Oculta 1 a Oculta 2,Neurona H1_8,Neurona H2_4,0.1246780565755392,0.1246780565755392,0.0248230348854229
Capa 2 - Oculta 1 a Oculta 2,Neurona H1_8,Neurona H2_5,0.34114444027076873,0.34114444027076873,0.06792085611856384
Capa 2 - Oculta 1 a Oculta 2,Neurona H1_8,Neurona H2_6,0.22342715390419496,0.22342715390419496,0.04448369013800211
Capa 2 - Oculta 1 a Oculta 2,Neurona H1_8,Neurona H2_7,-0.24480862941963955,0.24480862941963955,0.048740679115851046
Capa 2 - Oculta 1 a Oculta 2,Neurona H1_8,Neurona H2_8,-0.03297715895104456,0.03297715895104456,0.006565655493418369
Capa 2 - Oculta 1 a Oculta 2,Neurona H1_8,Neurona H2_9,-0.3038230778988591,0.3038230778988591,0.06049028248295281
Capa 2 - Oculta 1 a Oculta 2,Neurona H1_8,Neurona H2_10,-0.27664104853294547,0.27664104853294547,0.05507842026967026
Capa 2 - Oculta 1 a Oculta 2,Neurona H1_8,Neurona H2_11,-0.4040706136988865,0.4040706136988865,0.08044927243427656
Capa 2 - Oculta 1 a Oculta 2,Neurona H1_8,Neurona H2_12,-0.18444383295307637,0.18444383295307637,0.03672222543043378
Capa 2 - Oculta 1 a Oculta 2,Neurona H1_8,Neurona H2_13,-0.11347157769977441,0.11347157769977441,0.022591857854624996
Capa 2 - Oculta 1 a Oculta 2,Neurona H1_8,Neurona H2_14,0.06679707106748584,0.06679707106748584,0.013299100666905808
Capa 2 - Oculta 1 a Oculta 2,Neurona H1_8,Neurona H2_15,0.13168820460786151,0.13168820460786151,0.026218734769892026
Capa 2 - Oculta 1 a Oculta 2,Neurona H1_8,Neurona H2_16,0.09921501432199852,0.09921501432199852,0.019753417957558105
Capa 2 - Oculta 1 a Oculta 2,Neurona H1_8,Neurona H2_17,0.09809502035383154,0.09809502035383154,0.019530430447912188
Capa 2 - Oculta 1 a Oculta 2,Neurona H1_8,Neurona H2_18,-0.16605971102191983,0.16605971102191983,0.033062000748005596
Capa 2 - Oculta 1 a Oculta 2,Neurona H1_8,Neurona H2_19,0.4716857855104557,0.4716857855104557,0.09391125455657197
Capa 2 - Oculta 1 a Oculta 2,Neurona H1_8,Neurona H2_20,0.1987003806320996,0.1987003806320996,0.03956066220192513
Capa 2 - Oculta 1 a Oculta 2,Neurona H1_8,Neurona H2_21,0.2758832658273965,0.2758832658273965,0.0549275479585991
Capa 2 - Oculta 1 a Oculta 2,Neurona H1_8,Neurona H2_22,0.4930496763384521,0.4930496763384521,0.09816474247479609
Capa 2 - Oculta 1 a Oculta 2,Neurona H1_8,Neurona H2_23,0.01197040560716898,0.01197040560716898,0.0023832725993718626
Capa 2 - Oculta 1 a Oculta 2,Neurona H1_8,Neurona H2_24,-0.2785085734277787,0.2785085734277787,0.055450238991321205
Capa 2 - Oculta 1 a Oculta 2,Neurona H1_8,Neurona H2_25,-0.11332672542585316,0.11332672542585316,0.02256301819231761
Capa 2 - Oculta 1 a Oculta 2,Neurona H1_8,Neurona H2_26,0.07444254900010357,0.07444254900010357,0.014821292868563327
Capa 2 - Oculta 1 a Oculta 2,Neurona H1_8,Neurona H2_27,-0.39253313507241017,0.39253313507241017,0.07815219432525644
Capa 2 - Oculta 1 a Oculta 2,Neurona H1_8,Neurona H2_28,0.26878358410612974,0.26878358410612974,0.05351402217962109
Capa 2 - Oculta 1 a Oculta 2,Neurona H1_8,Neurona H2_29,-0.3420361452962136,0.3420361452962136,0.06809839197019717
Capa 2 - Oculta 1 a Oculta 2,Neurona H1_8,Neurona H2_30,0.5798011790258045,0.5798011790258045,0.11543671187116136
Capa 2 - Oculta 1 a Oculta 2,Neurona H1_8,Neurona H2_31,-0.21971100409544161,0.21971100409544161,0.04374381562539088
Capa 2 - Oculta 1 a Oculta 2,Neurona H1_8,Neurona H2_32,-0.038352295052875955,0.038352295052875955,0.007635829304547809
Capa 2 - Oculta 1 a Oculta 2,Neurona H1_9,Neurona H2_1,-0.39953255491043427,0.39953255491043427,0.07954575825774943
Capa 2 - Oculta 1 a Oculta 2,Neurona H1_9,Neurona H2_2,0.29651682969377025,0.29651682969377025,0.059035629923730445
Capa 2 - Oculta 1 a Oculta 2,Neurona H1_9,Neurona H2_3,-0.05752229682125849,0.05752229682125849,0.011452520354442932
Capa 2 - Oculta 1 a Oculta 2,Neurona H1_9,Neurona H2_4,0.13010208792375996,0.13010208792375996,0.02590294359650339
Capa 2 - Oculta 1 a Oculta 2,Neurona H1_9,Neurona H2_5,-0.3342332582518363,0.3342332582518363,0.066544860076698
Capa 2 - Oculta 1 a Oculta 2,Neurona H1_9,Neurona H2_6,0.05547228457492775,0.05547228457492775,0.011044368937073182
Capa 2 - Oculta 1 a Oculta 2,Neurona H1_9,Neurona H2_7,0.07170026269601004,0.07170026269601004,0.014275311719498111
Capa 2 - Oculta 1 a Oculta 2,Neurona H1_9,Neurona H2_8,0.13310019020708228,0.13310019020708228,0.026499856955702932
Capa 2 - Oculta 1 a Oculta 2,Neurona H1_9,Neurona H2_9,0.3087906627819667,0.3087906627819667,0.06147931404341003
Capa 2 - Oculta 1 a Oculta 2,Neurona H1_9,Neurona H2_10,0.32398602971929774,0.32398602971929774,0.06450466697192345
Capa 2 - Oculta 1 a Oculta 2,Neurona H1_9,Neurona H2_11,0.0978185974688487,0.0978185974688487,0.019475395463364603
Capa 2 - Oculta 1 a Oculta 2,Neurona H1_9,Neurona H2_12,0.17098655952248115,0.17098655952248115,0.034042921814340384
Capa 2 - Oculta 1 a Oculta 2,Neurona H1_9,Neurona H2_13,-0.0386611257407843,0.0386611257407843,0.007697316587476326
Capa 2 - Oculta 1 a Oculta 2,Neurona H1_9,Neurona H2_14,-0.20983792649375085,0.20983792649375085,0.04177811487206891
Capa 2 - Oculta 1 a Oculta 2,Neurona H1_9,Neurona H2_15,-0.19905209100326218,0.19905209100326218,0.039630686703852176
Capa 2 - Oculta 1 a Oculta 2,Neurona H1_9,Neurona H2_16,-0.34416389121852403,0.34416389121852403,0.06852201993415108
Capa 2 - Oculta 1 a Oculta 2,Neurona H1_9,Neurona H2_17,-0.006723337825566586,0.006723337825566586,0.0013385968146640635
Capa 2 - Oculta 1 a Oculta 2,Neurona H1_9,Neurona H2_18,0.11483025044783901,0.11483025044783901,0.022862365608350265
Capa 2 - Oculta 1 a Oculta 2,Neurona H1_9,Neurona H2_19,-0.37595265639807784,0.37595265639807784,0.07485106971797162
Capa 2 - Oculta 1 a Oculta 2,Neurona H1_9,Neurona H2_20,-0.30957131398373705,0.30957131398373705,0.061634739404914214
Capa 2 - Oculta 1 a Oculta 2,Neurona H1_9,Neurona H2_21,0.0017912468069185676,0.0017912468069185676,0.0003566319783754592
Capa 2 - Oculta 1 a Oculta 2,Neurona H1_9,Neurona H2_22,-0.3703307344017489,0.3703307344017489,0.07373176156005654
Capa 2 - Oculta 1 a Oculta 2,Neurona H1_9,Neurona H2_23,-0.11596771813123646,0.11596771813123646,0.02308883208337836
Capa 2 - Oculta 1 a Oculta 2,Neurona H1_9,Neurona H2_24,0.07308670339812641,0.07308670339812641,0.014551347991320756
Capa 2 - Oculta 1 a Oculta 2,Neurona H1_9,Neurona H2_25,0.2031042615037778,0.2031042615037778,0.040437461949302346
Capa 2 - Oculta 1 a Oculta 2,Neurona H1_9,Neurona H2_26,0.31972019163179277,0.31972019163179277,0.06365535113744424
Capa 2 - Oculta 1 a Oculta 2,Neurona H1_9,Neurona H2_27,0.06993376485273269,0.06993376485273269,0.013923607187096046
Capa 2 - Oculta 1 a Oculta 2,Neurona H1_9,Neurona H2_28,-0.2954977036479738,0.2954977036479738,0.058832724921179955
Capa 2 - Oculta 1 a Oculta 2,Neurona H1_9,Neurona H2_29,-0.062266191700440676,0.062266191700440676,0.012397015892094918
Capa 2 - Oculta 1 a Oculta 2,Neurona H1_9,Neurona H2_30,-0.278452095879178,0.278452095879178,0.05543899447726906
Capa 2 - Oculta 1 a Oculta 2,Neurona H1_9,Neurona H2_31,-0.03112518877557257,0.03112518877557257,0.006196933670708122
Capa 2 - Oculta 1 a Oculta 2,Neurona H1_9,Neurona H2_32,-0.28790083507823333,0.28790083507823333,0.05732021070090587
Capa 2 - Oculta 1 a Oculta 2,Neurona H1_10,Neurona H2_1,-0.21364981712553027,0.21364981712553027,0.042537051101354355
Capa 2 - Oculta 1 a Oculta 2,Neurona H1_10,Neurona H2_2,-0.05536295745187322,0.05536295745187322,0.011022602227966185
Capa 2 - Oculta 1 a Oculta 2,Neurona H1_10,Neurona H2_3,-0.11289570905478995,0.11289570905478995,0.022477204098731635
Capa 2 - Oculta 1 a Oculta 2,Neurona H1_10,Neurona H2_4,-0.17337485918981974,0.17337485918981974,0.034518425263684496
Capa 2 - Oculta 1 a Oculta 2,Neurona H1_10,Neurona H2_5,0.08633210744409589,0.08633210744409589,0.017188469035194394
Capa 2 - Oculta 1 a Oculta 2,Neurona H1_10,Neurona H2_6,-0.20223677979593707,0.20223677979593707,0.04026474888906026
Capa 2 - Oculta 1 a Oculta 2,Neurona H1_10,Neurona H2_7,0.20374540538063327,0.20374540538063327,0.040565111812148225
Capa 2 - Oculta 1 a Oculta 2,Neurona H1_10,Neurona H2_8,0.03143959792774029,0.03143959792774029,0.006259531609486763
Capa 2 - Oculta 1 a Oculta 2,Neurona H1_10,Neurona H2_9,-0.09165261425971831,0.09165261425971831,0.01824776631588554
Capa 2 - Oculta 1 a Oculta 2,Neurona H1_10,Neurona H2_10,0.3228181914716463,0.3228181914716463,0.06427215380675057
Capa 2 - Oculta 1 a Oculta 2,Neurona H1_10,Neurona H2_11,-0.10065429943167227,0.10065429943167227,0.020039975395721693
Capa 2 - Oculta 1 a Oculta 2,Neurona H1_10,Neurona H2_12,0.1269540271297261,0.1269540271297261,0.0252761739382485
Capa 2 - Oculta 1 a Oculta 2,Neurona H1_10,Neurona H2_13,-0.010013204529292672,0.010013204529292672,0.001993599613055499
Capa 2 - Oculta 1 a Oculta 2,Neurona H1_10,Neurona H2_14,0.2066228774452131,0.2066228774452131,0.041138008049086426
Capa 2 - Oculta 1 a Oculta 2,Neurona H1_10,Neurona H2_15,0.17169901287457673,0.17169901287457673,0.03418476918427103
Capa 2 - Oculta 1 a Oculta 2,Neurona H1_10,Neurona H2_16,-0.2342622936746891,0.2342622936746891,0.04664093464356153
Capa 2 - Oculta 1 a Oculta 2,Neurona H1_10,Neurona H2_17,0.2135758774193042,0.2135758774193042,0.04252232992300525
Capa 2 - Oculta 1 a Oculta 2,Neurona H1_10,Neurona H2_18,0.10202762718330215,0.10202762718330215,0.020313400917615142
Capa 2 - Oculta 1 a Oculta 2,Neurona H1_10,Neurona H2_19,0.13077412537310856,0.13077412537310856,0.026036744278898405
Capa 2 - Oculta 1 a Oculta 2,Neurona H1_10,Neurona H2_20,-0.0008134070345282226,0.0008134070345282226,0.00016194695160257901
Capa 2 - Oculta 1 a Oculta 2,Neurona H1_10,Neurona H2_21,-0.01667672311635006,0.01667672311635006,0.003320286593021156
Capa 2 - Oculta 1 a Oculta 2,Neurona H1_10,Neurona H2_22,-0.26156016685327893,0.26156016685327893,0.052075861019715265
Capa 2 - Oculta 1 a Oculta 2,Neurona H1_10,Neurona H2_23,0.17210114892676373,0.17210114892676373,0.034264833291190094
Capa 2 - Oculta 1 a Oculta 2,Neurona H1_10,Neurona H2_24,-0.039832746966560854,0.039832746966560854,0.007930582932483337
Capa 2 - Oculta 1 a Oculta 2,Neurona H1_10,Neurona H2_25,0.23822203745958978,0.23822203745958978,0.047429308001389524
Capa 2 - Oculta 1 a Oculta 2,Neurona H1_10,Neurona H2_26,0.30249052700553464,0.30249052700553464,0.060224975513786555
Capa 2 - Oculta 1 a Oculta 2,Neurona H1_10,Neurona H2_27,-0.10606514027818172,0.10606514027818172,0.021117257916651894
Capa 2 - Oculta 1 a Oculta 2,Neurona H1_10,Neurona H2_28,0.13103110773225285,0.13103110773225285,0.02608790871184825
Capa 2 - Oculta 1 a Oculta 2,Neurona H1_10,Neurona H2_29,0.07407801150789162,0.07407801150789162,0.01474871452450854
Capa 2 - Oculta 1 a Oculta 2,Neurona H1_10,Neurona H2_30,-0.07291805588100193,0.07291805588100193,0.014517770765978107
Capa 2 - Oculta 1 a Oculta 2,Neurona H1_10,Neurona H2_31,0.3358112015604187,0.3358112015604187,0.06685902395502594
Capa 2 - Oculta 1 a Oculta 2,Neurona H1_10,Neurona H2_32,0.12853743217153987,0.12853743217153987,0.025591425231621716
Capa 2 - Oculta 1 a Oculta 2,Neurona H1_11,Neurona H2_1,-0.10889776206919904,0.10889776206919904,0.021681224595848814
Capa 2 - Oculta 1 a Oculta 2,Neurona H1_11,Neurona H2_2,-0.26631004150603216,0.26631004150603216,0.05302154711272269
Capa 2 - Oculta 1 a Oculta 2,Neurona H1_11,Neurona H2_3,0.07190598661942348,0.07190598661942348,0.014316270748439693
Capa 2 - Oculta 1 a Oculta 2,Neurona H1_11,Neurona H2_4,0.21531697536676828,0.21531697536676828,0.04286897741075025
Capa 2 - Oculta 1 a Oculta 2,Neurona H1_11,Neurona H2_5,0.2028008547044406,0.2028008547044406,0.04037705454665841
Capa 2 - Oculta 1 a Oculta 2,Neurona H1_11,Neurona H2_6,-0.003990423169439959,0.003990423169439959,0.0007944815331845777
Capa 2 - Oculta 1 a Oculta 2,Neurona H1_11,Neurona H2_7,-0.07461050698489798,0.07461050698489798,0.014854732810044218
Capa 2 - Oculta 1 a Oculta 2,Neurona H1_11,Neurona H2_8,0.09332070326751754,0.09332070326751754,0.018579877938170116
Capa 2 - Oculta 1 a Oculta 2,Neurona H1_11,Neurona H2_9,-0.17428967578414514,0.17428967578414514,0.03470056256080338
Capa 2 - Oculta 1 a Oculta 2,Neurona H1_11,Neurona H2_10,-0.09047893896859692,0.09047893896859692,0.01801409101250115
Capa 2 - Oculta 1 a Oculta 2,Neurona H1_11,Neurona H2_11,0.07089178422374635,0.07089178422374635,0.014114346030167242
Capa 2 - Oculta 1 a Oculta 2,Neurona H1_11,Neurona H2_12,0.14376886051801419,0.14376886051801419,0.028623957880783406
Capa 2 - Oculta 1 a Oculta 2,Neurona H1_11,Neurona H2_13,0.1354406328588651,0.1354406328588651,0.026965832213805687
Capa 2 - Oculta 1 a Oculta 2,Neurona H1_11,Neurona H2_14,0.15928835876879635,0.15928835876879635,0.031713844401833065
Capa 2 - Oculta 1 a Oculta 2,Neurona H1_11,Neurona H2_15,0.22010147552696796,0.22010147552696796,0.04382155734059533
Capa 2 - Oculta 1 a Oculta 2,Neurona H1_11,Neurona H2_16,-0.011786374218257149,0.011786374218257149,0.002346632490338695
Capa 2 - Oculta 1 a Oculta 2,Neurona H1_11,Neurona H2_17,0.03979755335153019,0.03979755335153019,0.007923575987094186
Capa 2 - Oculta 1 a Oculta 2,Neurona H1_11,Neurona H2_18,0.1508747284573111,0.1508747284573111,0.030038715317602334
Capa 2 - Oculta 1 a Oculta 2,Neurona H1_11,Neurona H2_19,0.298748636822258,0.298748636822258,0.059479976168207084
Capa 2 - Oculta 1 a Oculta 2,Neurona H1_11,Neurona H2_20,0.2986842035621289,0.2986842035621289,0.05946714769535551
Capa 2 - Oculta 1 a Oculta 2,Neurona H1_11,Neurona H2_21,-0.1965790208950614,0.1965790208950614,0.03913830570870271
Capa 2 - Oculta 1 a Oculta 2,Neurona H1_11,Neurona H2_22,0.17192176583317623,0.17192176583317623,0.03422911864410398
Capa 2 - Oculta 1 a Oculta 2,Neurona H1_11,Neurona H2_23,-0.203169228453011,0.203169228453011,0.0404503966780871
Capa 2 - Oculta 1 a Oculta 2,Neurona H1_11,Neurona H2_24,-0.1935523048765455,0.1935523048765455,0.03853569543886451
Capa 2 - Oculta 1 a Oculta 2,Neurona H1_11,Neurona H2_25,0.14161270456115158,0.14161270456115158,0.028194673562390256
Capa 2 - Oculta 1 a Oculta 2,Neurona H1_11,Neurona H2_26,0.09249559173273457,0.09249559173273457,0.01841560065494287
Capa 2 - Oculta 1 a Oculta 2,Neurona H1_11,Neurona H2_27,-0.16606673675605865,0.16606673675605865,0.03306339955103809
Capa 2 - Oculta 1 a Oculta 2,Neurona H1_11,Neurona H2_28,0.10210478451634314,0.10210478451634314,0.02032876271601294
Capa 2 - Oculta 1 a Oculta 2,Neurona H1_11,Neurona H2_29,-0.25925896671282406,0.25925896671282406,0.051617698830362865
Capa 2 - Oculta 1 a Oculta 2,Neurona H1_11,Neurona H2_30,-0.18762238353057312,0.18762238353057312,0.03735506551502781
Capa 2 - Oculta 1 a Oculta 2,Neurona H1_11,Neurona H2_31,0.14035340637796384,0.14035340637796384,0.02794395099266942
Capa 2 - Oculta 1 a Oculta 2,Neurona H1_11,Neurona H2_32,0.08934973963106306,0.08934973963106306,0.017789270740850405
Capa 2 - Oculta 1 a Oculta 2,Neurona H1_12,Neurona H2_1,0.20186907818630093,0.20186907818630093,0.040191540578519314
Capa 2 - Oculta 1 a Oculta 2,Neurona H1_12,Neurona H2_2,-0.2693134511381691,0.2693134511381691,0.05361951714948358
Capa 2 - Oculta 1 a Oculta 2,Neurona H1_12,Neurona H2_3,-0.08285109271748022,0.08285109271748022,0.016495409226846332
Capa 2 - Oculta 1 a Oculta 2,Neurona H1_12,Neurona H2_4,-0.01605795773432179,0.01605795773432179,0.003197092222769854
Capa 2 - Oculta 1 a Oculta 2,Neurona H1_12,Neurona H2_5,-0.02183916050768716,0.02183916050768716,0.004348112715586126
Capa 2 - Oculta 1 a Oculta 2,Neurona H1_12,Neurona H2_6,-0.12223830788772563,0.12223830788772563,0.0243372880872077
Capa 2 - Oculta 1 a Oculta 2,Neurona H1_12,Neurona H2_7,-0.20342434231918202,0.20342434231918202,0.040501189099573724
Capa 2 - Oculta 1 a Oculta 2,Neurona H1_12,Neurona H2_8,0.07632732738254318,0.07632732738254318,0.015196546708923304
Capa 2 - Oculta 1 a Oculta 2,Neurona H1_12,Neurona H2_9,-0.31399861926964584,0.31399861926964584,0.06251620288436736
Capa 2 - Oculta 1 a Oculta 2,Neurona H1_12,Neurona H2_10,-0.24656239466357535,0.24656239466357535,0.049089848625119774
Capa 2 - Oculta 1 a Oculta 2,Neurona H1_12,Neurona H2_11,0.09977229871111541,0.09977229871111541,0.01986437164269009
Capa 2 - Oculta 1 a Oculta 2,Neurona H1_12,Neurona H2_12,-0.22153281933595242,0.22153281933595242,0.04410653368911524
Capa 2 - Oculta 1 a Oculta 2,Neurona H1_12,Neurona H2_13,0.0676495123231384,0.0676495123231384,0.013468819217290949
Capa 2 - Oculta 1 a Oculta 2,Neurona H1_12,Neurona H2_14,0.030995809147306857,0.030995809147306857,0.006171174566707675
Capa 2 - Oculta 1 a Oculta 2,Neurona H1_12,Neurona H2_15,0.016036104527720467,0.016036104527720467,0.0031927413135182784
Capa 2 - Oculta 1 a Oculta 2,Neurona H1_12,Neurona H2_16,0.12907665155162165,0.12907665155162165,0.025698782226511643
Capa 2 - Oculta 1 a Oculta 2,Neurona H1_12,Neurona H2_17,-0.24807386189797764,0.24807386189797764,0.049390777312318314
Capa 2 - Oculta 1 a Oculta 2,Neurona H1_12,Neurona H2_18,-0.12103148107281032,0.12103148107281032,0.02409701241280179
Capa 2 - Oculta 1 a Oculta 2,Neurona H1_12,Neurona H2_19,0.3571852393617606,0.3571852393617606,0.07111453210584155
Capa 2 - Oculta 1 a Oculta 2,Neurona H1_12,Neurona H2_20,-0.043219224456931986,0.043219224456931986,0.008604820654750453
Capa 2 - Oculta 1 a Oculta 2,Neurona H1_12,Neurona H2_21,-0.015293791147054182,0.015293791147054182,0.0030449488995979404
Capa 2 - Oculta 1 a Oculta 2,Neurona H1_12,Neurona H2_22,0.35526397993646924,0.35526397993646924,0.07073201499699441
Capa 2 - Oculta 1 a Oculta 2,Neurona H1_12,Neurona H2_23,-0.08769212436304984,0.08769212436304984,0.017459244409395905
Capa 2 - Oculta 1 a Oculta 2,Neurona H1_12,Neurona H2_24,0.02701820829285987,0.02701820829285987,0.00537924591877913
Capa 2 - Oculta 1 a Oculta 2,Neurona H1_12,Neurona H2_25,-0.10643612445609305,0.10643612445609305,0.02119111977689555
Capa 2 - Oculta 1 a Oculta 2,Neurona H1_12,Neurona H2_26,-0.34589402592816365,0.34589402592816365,0.0688664846734442
Capa 2 - Oculta 1 a Oculta 2,Neurona H1_12,Neurona H2_27,0.05051510504779484,0.05051510504779484,0.01005740905243005
Capa 2 - Oculta 1 a Oculta 2,Neurona H1_12,Neurona H2_28,0.2992780513745579,0.2992780513745579,0.05958538105068236
Capa 2 - Oculta 1 a Oculta 2,Neurona H1_12,Neurona H2_29,0.04291860715996995,0.04291860715996995,0.00854496863383666
Capa 2 - Oculta 1 a Oculta 2,Neurona H1_12,Neurona H2_30,0.3367458658588879,0.3367458658588879,0.06704511287174723
Capa 2 - Oculta 1 a Oculta 2,Neurona H1_12,Neurona H2_31,0.03959168812656103,0.03959168812656103,0.007882588825427863
Capa 2 - Oculta 1 a Oculta 2,Neurona H1_12,Neurona H2_32,0.3388032937896007,0.3388032937896007,0.06745474073009763
Capa 2 - Oculta 1 a Oculta 2,Neurona H1_13,Neurona H2_1,-0.2545364308603924,0.2545364308603924,0.05067745581220557
Capa 2 - Oculta 1 a Oculta 2,Neurona H1_13,Neurona H2_2,0.07687193618399119,0.07687193618399119,0.015304976721778545
Capa 2 - Oculta 1 a Oculta 2,Neurona H1_13,Neurona H2_3,0.1345346242426168,0.1345346242426168,0.02678544855925298
Capa 2 - Oculta 1 a Oculta 2,Neurona H1_13,Neurona H2_4,-0.26646076353031345,0.26646076353031345,0.053051555425087334
Capa 2 - Oculta 1 a Oculta 2,Neurona H1_13,Neurona H2_5,-0.14288540304617436,0.14288540304617436,0.028448064092849834
Capa 2 - Oculta 1 a Oculta 2,Neurona H1_13,Neurona H2_6,-0.21282957464035623,0.21282957464035623,0.04237374323160387
Capa 2 - Oculta 1 a Oculta 2,Neurona H1_13,Neurona H2_7,0.2504779901509823,0.2504779901509823,0.049869432186580076
Capa 2 - Oculta 1 a Oculta 2,Neurona H1_13,Neurona H2_8,-0.13846847073420357,0.13846847073420357,0.02756866584204238
Capa 2 - Oculta 1 a Oculta 2,Neurona H1_13,Neurona H2_9,-0.053141784929008874,0.053141784929008874,0.010580373302235387
Capa 2 - Oculta 1 a Oculta 2,Neurona H1_13,Neurona H2_10,-0.13877906440650617,0.13877906440650617,0.027630504129985918
Capa 2 - Oculta 1 a Oculta 2,Neurona H1_13,Neurona H2_11,0.2797611250987229,0.2797611250987229,0.05569961835026882
Capa 2 - Oculta 1 a Oculta 2,Neurona H1_13,Neurona H2_12,0.2288167724456946,0.2288167724456946,0.04555674736033465
Capa 2 - Oculta 1 a Oculta 2,Neurona H1_13,Neurona H2_13,0.27634418305024433,0.27634418305024433,0.055019315223956755
Capa 2 - Oculta 1 a Oculta 2,Neurona H1_13,Neurona H2_14,-0.1869031104742868,0.1869031104742868,0.03721186036202222
Capa 2 - Oculta 1 a Oculta 2,Neurona H1_13,Neurona H2_15,-0.1189910882427705,0.1189910882427705,0.02369077619296339
Capa 2 - Oculta 1 a Oculta 2,Neurona H1_13,Neurona H2_16,-0.11963204130218569,0.11963204130218569,0.02381838806461734
Capa 2 - Oculta 1 a Oculta 2,Neurona H1_13,Neurona H2_17,0.23279893031570717,0.23279893031570717,0.046349583296678376
Capa 2 - Oculta 1 a Oculta 2,Neurona H1_13,Neurona H2_18,-0.014936342270882764,0.014936342270882764,0.0029737818781775957
Capa 2 - Oculta 1 a Oculta 2,Neurona H1_13,Neurona H2_19,-0.20018708856049372,0.20018708856049372,0.039856661384015384
Capa 2 - Oculta 1 a Oculta 2,Neurona H1_13,Neurona H2_20,0.05241897015394842,0.05241897015394842,0.010436463003423872
Capa 2 - Oculta 1 a Oculta 2,Neurona H1_13,Neurona H2_21,-0.2442020182815515,0.2442020182815515,0.04861990461987129
Capa 2 - Oculta 1 a Oculta 2,Neurona H1_13,Neurona H2_22,-0.07348614603881902,0.07348614603881902,0.014630875847921814
Capa 2 - Oculta 1 a Oculta 2,Neurona H1_13,Neurona H2_23,0.20010203085529527,0.20010203085529527,0.039839726644724384
Capa 2 - Oculta 1 a Oculta 2,Neurona H1_13,Neurona H2_24,-0.08694036687166729,0.08694036687166729,0.017309571700769258
Capa 2 - Oculta 1 a Oculta 2,Neurona H1_13,Neurona H2_25,-0.048128178334014435,0.048128178334014435,0.00958217895410701
Capa 2 - Oculta 1 a Oculta 2,Neurona H1_13,Neurona H2_26,0.1877253653220991,0.1877253653220991,0.03737556888726368
Capa 2 - Oculta 1 a Oculta 2,Neurona H1_13,Neurona H2_27,0.2779075969980818,0.2779075969980818,0.05533058634923303
Capa 2 - Oculta 1 a Oculta 2,Neurona H1_13,Neurona H2_28,0.13866458815167115,0.13866458815167115,0.027607712243864397
Capa 2 - Oculta 1 a Oculta 2,Neurona H1_13,Neurona H2_29,0.03711736807747922,0.03711736807747922,0.0073899589707200584
Capa 2 - Oculta 1 a Oculta 2,Neurona H1_13,Neurona H2_30,-0.07668023108952005,0.07668023108952005,0.01526680880050615
Capa 2 - Oculta 1 a Oculta 2,Neurona H1_13,Neurona H2_31,-0.04024905234779578,0.04024905234779578,0.008013468111200595
Capa 2 - Oculta 1 a Oculta 2,Neurona H1_13,Neurona H2_32,-0.06715848879058647,0.06715848879058647,0.013371057874093277
Capa 2 - Oculta 1 a Oculta 2,Neurona H1_14,Neurona H2_1,-0.32413954925062743,0.32413954925062743,0.06453523225972517
Capa 2 - Oculta 1 a Oculta 2,Neurona H1_14,Neurona H2_2,0.04537426596305559,0.04537426596305559,0.009033883089274601
Capa 2 - Oculta 1 a Oculta 2,Neurona H1_14,Neurona H2_3,0.2511011291592714,0.2511011291592714,0.0499934973329746
Capa 2 - Oculta 1 a Oculta 2,Neurona H1_14,Neurona H2_4,0.07838597199309735,0.07838597199309735,0.015606416804656733
Capa 2 - Oculta 1 a Oculta 2,Neurona H1_14,Neurona H2_5,-0.05066908850980104,0.05066908850980104,0.0100880667074669
Capa 2 - Oculta 1 a Oculta 2,Neurona H1_14,Neurona H2_6,-0.28992365989517366,0.28992365989517366,0.057722949180933326
Capa 2 - Oculta 1 a Oculta 2,Neurona H1_14,Neurona H2_7,-0.01908986170985697,0.01908986170985697,0.0038007353996135948
Capa 2 - Oculta 1 a Oculta 2,Neurona H1_14,Neurona H2_8,0.1939301070782515,0.1939301070782515,0.03861091474762118
Capa 2 - Oculta 1 a Oculta 2,Neurona H1_14,Neurona H2_9,0.15730467622126804,0.15730467622126804,0.031318899032684915
Capa 2 - Oculta 1 a Oculta 2,Neurona H1_14,Neurona H2_10,0.2256120500278445,0.2256120500278445,0.04491869653919282
Capa 2 - Oculta 1 a Oculta 2,Neurona H1_14,Neurona H2_11,-0.1129493947351696,0.1129493947351696,0.022487892760020677
Capa 2 - Oculta 1 a Oculta 2,Neurona H1_14,Neurona H2_12,0.09705929855748968,0.09705929855748968,0.01932422128016975
Capa 2 - Oculta 1 a Oculta 2,Neurona H1_14,Neurona H2_13,0.14801075745172748,0.14801075745172748,0.02946850710185774
Capa 2 - Oculta 1 a Oculta 2,Neurona H1_14,Neurona H2_14,-0.20207457006935106,0.20207457006935106,0.04023245340890606
Capa 2 - Oculta 1 a Oculta 2,Neurona H1_14,Neurona H2_15,-0.2427011509475707,0.2427011509475707,0.04832108634171482
Capa 2 - Oculta 1 a Oculta 2,Neurona H1_14,Neurona H2_16,-0.1592108792150431,0.1592108792150431,0.03169841845023781
Capa 2 - Oculta 1 a Oculta 2,Neurona H1_14,Neurona H2_17,0.2760953560438018,0.2760953560438018,0.0549697744977776
Capa 2 - Oculta 1 a Oculta 2,Neurona H1_14,Neurona H2_18,-0.008777109672018649,0.008777109672018649,0.0017474967573760435
Capa 2 - Oculta 1 a Oculta 2,Neurona H1_14,Neurona H2_19,-0.37395061783180134,0.37395061783180134,0.07445246971940223
Capa 2 - Oculta 1 a Oculta 2,Neurona H1_14,Neurona H2_20,0.1117612902139894,0.1117612902139894,0.022251344639310146
Capa 2 - Oculta 1 a Oculta 2,Neurona H1_14,Neurona H2_21,0.06359424740698748,0.06359424740698748,0.012661427882776074
Capa 2 - Oculta 1 a Oculta 2,Neurona H1_14,Neurona H2_22,-0.16599760608094022,0.16599760608094022,0.033049635836658424
Capa 2 - Oculta 1 a Oculta 2,Neurona H1_14,Neurona H2_23,0.3113873750385051,0.3113873750385051,0.061996311827157195
Capa 2 - Oculta 1 a Oculta 2,Neurona H1_14,Neurona H2_24,-0.08342394956560446,0.08342394956560446,0.016609463342830456
Capa 2 - Oculta 1 a Oculta 2,Neurona H1_14,Neurona H2_25,-0.004705510982390719,0.004705510982390719,0.0009368534165340973
Capa 2 - Oculta 1 a Oculta 2,Neurona H1_14,Neurona H2_26,-0.13851391321621584,0.13851391321621584,0.027577713306746698
Capa 2 - Oculta 1 a Oculta 2,Neurona H1_14,Neurona H2_27,0.1984077861230138,0.1984077861230138,0.03950240749451461
Capa 2 - Oculta 1 a Oculta 2,Neurona H1_14,Neurona H2_28,0.10460448536378515,0.10460448536378515,0.020826445813130996
Capa 2 - Oculta 1 a Oculta 2,Neurona H1_14,Neurona H2_29,0.18203801116595242,0.18203801116595242,0.03624323337850278
Capa 2 - Oculta 1 a Oculta 2,Neurona H1_14,Neurona H2_30,-0.393760915415262,0.393760915415262,0.07839664178553411
Capa 2 - Oculta 1 a Oculta 2,Neurona H1_14,Neurona H2_31,0.2759932913570655,0.2759932913570655,0.05494945371841183
Capa 2 - Oculta 1 a Oculta 2,Neurona H1_14,Neurona H2_32,0.021306377119304915,0.021306377119304915,0.004242037107741105
Capa 2 - Oculta 1 a Oculta 2,Neurona H1_15,Neurona H2_1,-0.25355721889053817,0.25355721889053817,0.05048249758494777
Capa 2 - Oculta 1 a Oculta 2,Neurona H1_15,Neurona H2_2,0.2896706053460202,0.2896706053460202,0.057672566763416686
Capa 2 - Oculta 1 a Oculta 2,Neurona H1_15,Neurona H2_3,0.34110069926232023,0.34110069926232023,0.06791214741224884
Capa 2 - Oculta 1 a Oculta 2,Neurona H1_15,Neurona H2_4,-0.16270503641268322,0.16270503641268322,0.03239409488596748
Capa 2 - Oculta 1 a Oculta 2,Neurona H1_15,Neurona H2_5,-0.17898211804952469,0.17898211804952469,0.0356348140341633
Capa 2 - Oculta 1 a Oculta 2,Neurona H1_15,Neurona H2_6,-0.06430671996176897,0.06430671996176897,0.012803279075905092
Capa 2 - Oculta 1 a Oculta 2,Neurona H1_15,Neurona H2_7,0.3436554536877176,0.3436554536877176,0.06842079151504575
Capa 2 - Oculta 1 a Oculta 2,Neurona H1_15,Neurona H2_8,0.02277640908606728,0.02277640908606728,0.0045347161548476836
Capa 2 - Oculta 1 a Oculta 2,Neurona H1_15,Neurona H2_9,0.284026661575526,0.284026661575526,0.056548874134943125
Capa 2 - Oculta 1 a Oculta 2,Neurona H1_15,Neurona H2_10,0.21075306261872062,0.21075306261872062,0.04196031578680062
Capa 2 - Oculta 1 a Oculta 2,Neurona H1_15,Neurona H2_11,0.29811601577593244,0.29811601577593244,0.0593540231758882
Capa 2 - Oculta 1 a Oculta 2,Neurona H1_15,Neurona H2_12,0.1809534715021656,0.1809534715021656,0.036027304716729845
Capa 2 - Oculta 1 a Oculta 2,Neurona H1_15,Neurona H2_13,-0.07059829084805515,0.07059829084805515,0.014055912361055552
Capa 2 - Oculta 1 a Oculta 2,Neurona H1_15,Neurona H2_14,-0.11593718851952284,0.11593718851952284,0.023082753727351482
Capa 2 - Oculta 1 a Oculta 2,Neurona H1_15,Neurona H2_15,-0.20785281384508847,0.20785281384508847,0.04138288477398517
Capa 2 - Oculta 1 a Oculta 2,Neurona H1_15,Neurona H2_16,-0.2300940975805284,0.2300940975805284,0.04581105904318316
Capa 2 - Oculta 1 a Oculta 2,Neurona H1_15,Neurona H2_17,-0.09014890227297326,0.09014890227297326,0.01794838167571844
Capa 2 - Oculta 1 a Oculta 2,Neurona H1_15,Neurona H2_18,0.3145168997323339,0.3145168997323339,0.06261939100230168
Capa 2 - Oculta 1 a Oculta 2,Neurona H1_15,Neurona H2_19,0.11805005456323468,0.11805005456323468,0.02350341915117855
Capa 2 - Oculta 1 a Oculta 2,Neurona H1_15,Neurona H2_20,-0.2975820528374106,0.2975820528374106,0.05924771272307472
Capa 2 - Oculta 1 a Oculta 2,Neurona H1_15,Neurona H2_21,-0.2752791413580359,0.2752791413580359,0.054807268551059656
Capa 2 - Oculta 1 a Oculta 2,Neurona H1_15,Neurona H2_22,0.037050219840187935,0.037050219840187935,0.007376589953889367
Capa 2 - Oculta 1 a Oculta 2,Neurona H1_15,Neurona H2_23,0.08975966124301117,0.08975966124301117,0.017870884929851755
Capa 2 - Oculta 1 a Oculta 2,Neurona H1_15,Neurona H2_24,-0.07809118008680488,0.07809118008680488,0.01554772460191611
Capa 2 - Oculta 1 a Oculta 2,Neurona H1_15,Neurona H2_25,0.032474301198801535,0.032474301198801535,0.006465537991837237
Capa 2 - Oculta 1 a Oculta 2,Neurona H1_15,Neurona H2_26,-0.14531869137813452,0.14531869137813452,0.02893252465318865
Capa 2 - Oculta 1 a Oculta 2,Neurona H1_15,Neurona H2_27,0.38885621381937274,0.38885621381937274,0.0774201301028742
Capa 2 - Oculta 1 a Oculta 2,Neurona H1_15,Neurona H2_28,-0.29154378546808674,0.29154378546808674,0.05804551142420041
Capa 2 - Oculta 1 a Oculta 2,Neurona H1_15,Neurona H2_29,0.3073973613015314,0.3073973613015314,0.06120191181077415
Capa 2 - Oculta 1 a Oculta 2,Neurona H1_15,Neurona H2_30,0.1577787374013051,0.1577787374013051,0.031413283221315216
Capa 2 - Oculta 1 a Oculta 2,Neurona H1_15,Neurona H2_31,0.21735333877637344,0.21735333877637344,0.04327441138481449
Capa 2 - Oculta 1 a Oculta 2,Neurona H1_15,Neurona H2_32,-0.20431346094208877,0.20431346094208877,0.04067821000605795
Capa 2 - Oculta 1 a Oculta 2,Neurona H1_16,Neurona H2_1,0.22528175541089226,0.22528175541089226,0.04485293585103111
Capa 2 - Oculta 1 a Oculta 2,Neurona H1_16,Neurona H2_2,-0.24524698678995127,0.24524698678995127,0.048827954780826924
Capa 2 - Oculta 1 a Oculta 2,Neurona H1_16,Neurona H2_3,0.11870542725779855,0.11870542725779855,0.023633901929840214
Capa 2 - Oculta 1 a Oculta 2,Neurona H1_16,Neurona H2_4,0.14361738497629217,0.14361738497629217,0.028593799545309388
Capa 2 - Oculta 1 a Oculta 2,Neurona H1_16,Neurona H2_5,0.3510926442092048,0.3510926442092048,0.06990151430488616
Capa 2 - Oculta 1 a Oculta 2,Neurona H1_16,Neurona H2_6,-0.11640520581745836,0.11640520581745836,0.02317593459680621
Capa 2 - Oculta 1 a Oculta 2,Neurona H1_16,Neurona H2_7,-0.07742860700185603,0.07742860700185603,0.015415808246676302
Capa 2 - Oculta 1 a Oculta 2,Neurona H1_16,Neurona H2_8,0.0742643254464167,0.0742643254464167,0.01478580908246587
Capa 2 - Oculta 1 a Oculta 2,Neurona H1_16,Neurona H2_9,-0.33628267978619947,0.33628267978619947,0.06695289388504992
Capa 2 - Oculta 1 a Oculta 2,Neurona H1_16,Neurona H2_10,-0.03290001724041345,0.03290001724041345,0.006550296805396495
Capa 2 - Oculta 1 a Oculta 2,Neurona H1_16,Neurona H2_11,-0.0874774542998724,0.0874774542998724,0.017416504230302072
Capa 2 - Oculta 1 a Oculta 2,Neurona H1_16,Neurona H2_12,-0.143594319143282,0.143594319143282,0.028589207205701284
Capa 2 - Oculta 1 a Oculta 2,Neurona H1_16,Neurona H2_13,-0.1124350806018721,0.1124350806018721,0.02238549432661893
Capa 2 - Oculta 1 a Oculta 2,Neurona H1_16,Neurona H2_14,0.12731436624135314,0.12731436624135314,0.025347916397059453
Capa 2 - Oculta 1 a Oculta 2,Neurona H1_16,Neurona H2_15,0.0024509906887062406,0.0024509906887062406,0.00048798504757522986
Capa 2 - Oculta 1 a Oculta 2,Neurona H1_16,Neurona H2_16,0.3296246291130214,0.3296246291130214,0.0656272955506784
Capa 2 - Oculta 1 a Oculta 2,Neurona H1_16,Neurona H2_17,0.13270890226025941,0.13270890226025941,0.026421952674701054
Capa 2 - Oculta 1 a Oculta 2,Neurona H1_16,Neurona H2_18,-0.3381861102270274,0.3381861102270274,0.06733186129545402
Capa 2 - Oculta 1 a Oculta 2,Neurona H1_16,Neurona H2_19,0.31800275719338444,0.31800275719338444,0.06331341498485264
Capa 2 - Oculta 1 a Oculta 2,Neurona H1_16,Neurona H2_20,0.09942496557639205,0.09942496557639205,0.019795218635682177
Capa 2 - Oculta 1 a Oculta 2,Neurona H1_16,Neurona H2_21,-0.10900275996609962,0.10900275996609962,0.02170212936874347
Capa 2 - Oculta 1 a Oculta 2,Neurona H1_16,Neurona H2_22,0.39232434103900393,0.39232434103900393,0.07811062404643218
Capa 2 - Oculta 1 a Oculta 2,Neurona H1_16,Neurona H2_23,0.023510116254716412,0.023510116254716412,0.004680795097231805
Capa 2 - Oculta 1 a Oculta 2,Neurona H1_16,Neurona H2_24,0.07558493526598843,0.07558493526598843,0.01504873861891882
Capa 2 - Oculta 1 a Oculta 2,Neurona H1_16,Neurona H2_25,0.08630466102440275,0.08630466102440275,0.01718300453364347
Capa 2 - Oculta 1 a Oculta 2,Neurona H1_16,Neurona H2_26,0.11744593021197326,0.11744593021197326,0.023383139767152304
Capa 2 - Oculta 1 a Oculta 2,Neurona H1_16,Neurona H2_27,-0.2274378845550164,0.2274378845550164,0.04528221483108678
Capa 2 - Oculta 1 a Oculta 2,Neurona H1_16,Neurona H2_28,0.2968765280430671,0.2968765280430671,0.059107244808643364
Capa 2 - Oculta 1 a Oculta 2,Neurona H1_16,Neurona H2_29,-0.3049927516550409,0.3049927516550409,0.06072316109248321
Capa 2 - Oculta 1 a Oculta 2,Neurona H1_16,Neurona H2_30,0.3903814164671172,0.3903814164671172,0.07772379347052832
Capa 2 - Oculta 1 a Oculta 2,Neurona H1_16,Neurona H2_31,-0.1669978980377529,0.1669978980377529,0.033248791027407854
Capa 2 - Oculta 1 a Oculta 2,Neurona H1_16,Neurona H2_32,0.23747411928027892,0.23747411928027892,0.04728039968852032
Capa 2 - Oculta 1 a Oculta 2,Neurona H1_17,Neurona H2_1,0.06455448360361582,0.06455448360361582,0.012852608089316344
Capa 2 - Oculta 1 a Oculta 2,Neurona H1_17,Neurona H2_2,0.11065953693488084,0.11065953693488084,0.022031988797282957
Capa 2 - Oculta 1 a Oculta 2,Neurona H1_17,Neurona H2_3,0.1259030648193567,0.1259030648193567,0.02506693042892448
Capa 2 - Oculta 1 a Oculta 2,Neurona H1_17,Neurona H2_4,-0.17347566760402078,0.17347566760402078,0.03453849592287817
Capa 2 - Oculta 1 a Oculta 2,Neurona H1_17,Neurona H2_5,0.3646413482459426,0.3646413482459426,0.07259902148613136
Capa 2 - Oculta 1 a Oculta 2,Neurona H1_17,Neurona H2_6,0.19655300334124254,0.19655300334124254,0.03913312569015079
Capa 2 - Oculta 1 a Oculta 2,Neurona H1_17,Neurona H2_7,0.03259177122307599,0.03259177122307599,0.006488925928661465
Capa 2 - Oculta 1 a Oculta 2,Neurona H1_17,Neurona H2_8,0.12861363614736357,0.12861363614736357,0.025606597219397554
Capa 2 - Oculta 1 a Oculta 2,Neurona H1_17,Neurona H2_9,-0.19001904082663182,0.19001904082663182,0.03783223294370379
Capa 2 - Oculta 1 a Oculta 2,Neurona H1_17,Neurona H2_10,-0.10819265787091903,0.10819265787091903,0.021540840420858416
Capa 2 - Oculta 1 a Oculta 2,Neurona H1_17,Neurona H2_11,-0.29687020138282694,0.29687020138282694,0.05910598518917092
Capa 2 - Oculta 1 a Oculta 2,Neurona H1_17,Neurona H2_12,-0.07789916989625272,0.07789916989625272,0.015509495936910048
Capa 2 - Oculta 1 a Oculta 2,Neurona H1_17,Neurona H2_13,0.0714166454471048,0.0714166454471048,0.01421884435822338
Capa 2 - Oculta 1 a Oculta 2,Neurona H1_17,Neurona H2_14,0.004029538192367375,0.004029538192367375,0.0008022692193688188
Capa 2 - Oculta 1 a Oculta 2,Neurona H1_17,Neurona H2_15,-0.12828518905188166,0.12828518905188166,0.025541204367334425
Capa 2 - Oculta 1 a Oculta 2,Neurona H1_17,Neurona H2_16,0.23486223120607547,0.23486223120607547,0.046760380444047324
Capa 2 - Oculta 1 a Oculta 2,Neurona H1_17,Neurona H2_17,0.06300380229873612,0.06300380229873612,0.012543871995857265
Capa 2 - Oculta 1 a Oculta 2,Neurona H1_17,Neurona H2_18,-0.33153555231732357,0.33153555231732357,0.066007754748284
Capa 2 - Oculta 1 a Oculta 2,Neurona H1_17,Neurona H2_19,0.23661527240838168,0.23661527240838168,0.04710940579875412
Capa 2 - Oculta 1 a Oculta 2,Neurona H1_17,Neurona H2_20,0.16021680150672882,0.16021680150672882,0.0318986946241242
Capa 2 - Oculta 1 a Oculta 2,Neurona H1_17,Neurona H2_21,0.11956532195609136,0.11956532195609136,0.02380510443876431
Capa 2 - Oculta 1 a Oculta 2,Neurona H1_17,Neurona H2_22,0.04712164814399986,0.04712164814399986,0.009381781749448745
Capa 2 - Oculta 1 a Oculta 2,Neurona H1_17,Neurona H2_23,-0.3421839569564071,0.3421839569564071,0.06812782083761965
Capa 2 - Oculta 1 a Oculta 2,Neurona H1_17,Neurona H2_24,0.0788284557401824,0.0788284557401824,0.015694514019129028
Capa 2 - Oculta 1 a Oculta 2,Neurona H1_17,Neurona H2_25,-0.38480963256157263,0.38480963256157263,0.07661446765923312
Capa 2 - Oculta 1 a Oculta 2,Neurona H1_17,Neurona H2_26,-0.19284777785455354,0.19284777785455354,0.0383954261779779
Capa 2 - Oculta 1 a Oculta 2,Neurona H1_17,Neurona H2_27,-0.12839344122461288,0.12839344122461288,0.02556275705698917
Capa 2 - Oculta 1 a Oculta 2,Neurona H1_17,Neurona H2_28,0.2441906159359267,0.2441906159359267,0.04861763444634602
Capa 2 - Oculta 1 a Oculta 2,Neurona H1_17,Neurona H2_29,-0.06125306993928544,0.06125306993928544,0.012195306324981954
Capa 2 - Oculta 1 a Oculta 2,Neurona H1_17,Neurona H2_30,0.3382451381214495,0.3382451381214495,0.06734361357586886
Capa 2 - Oculta 1 a Oculta 2,Neurona H1_17,Neurona H2_31,-0.32074495352583515,0.32074495352583515,0.06385937822082802
Capa 2 - Oculta 1 a Oculta 2,Neurona H1_17,Neurona H2_32,0.2706927521549004,0.2706927521549004,0.05389413193091526
Capa 2 - Oculta 1 a Oculta 2,Neurona H1_18,Neurona H2_1,0.030792483433930186,0.030792483433930186,0.006130693014340884
Capa 2 - Oculta 1 a Oculta 2,Neurona H1_18,Neurona H2_2,0.07662959842155966,0.07662959842155966,0.015256727985023102
Capa 2 - Oculta 1 a Oculta 2,Neurona H1_18,Neurona H2_3,-0.04639470603123703,0.04639470603123703,0.009237049709822654
Capa 2 - Oculta 1 a Oculta 2,Neurona H1_18,Neurona H2_4,-0.038071181611677836,0.038071181611677836,0.007579860444033895
Capa 2 - Oculta 1 a Oculta 2,Neurona H1_18,Neurona H2_5,-0.0748203132999444,0.0748203132999444,0.014896504631169965
Capa 2 - Oculta 1 a Oculta 2,Neurona H1_18,Neurona H2_6,-0.055879474306615204,0.055879474306615204,0.01112543921673815
Capa 2 - Oculta 1 a Oculta 2,Neurona H1_18,Neurona H2_7,0.17865230916156039,0.17865230916156039,0.0355691500532165
Capa 2 - Oculta 1 a Oculta 2,Neurona H1_18,Neurona H2_8,0.036435995428302996,0.036435995428302996,0.007254299677456798
Capa 2 - Oculta 1 a Oculta 2,Neurona H1_18,Neurona H2_9,0.14696399478405223,0.14696399478405223,0.0292600997290598
Capa 2 - Oculta 1 a Oculta 2,Neurona H1_18,Neurona H2_10,0.2409786662628914,0.2409786662628914,0.04797814469992324
Capa 2 - Oculta 1 a Oculta 2,Neurona H1_18,Neurona H2_11,-0.2098483600729705,0.2098483600729705,0.041780192167048175
Capa 2 - Oculta 1 a Oculta 2,Neurona H1_18,Neurona H2_12,-0.1663314703144601,0.1663314703144601,0.03311610722499482
Capa 2 - Oculta 1 a Oculta 2,Neurona H1_18,Neurona H2_13,0.11153085454727218,0.11153085454727218,0.022205465574855036
Capa 2 - Oculta 1 a Oculta 2,Neurona H1_18,Neurona H2_14,-0.044277033064301446,0.044277033064301446,0.008815427241699645
Capa 2 - Oculta 1 a Oculta 2,Neurona H1_18,Neurona H2_15,0.05397456650132564,0.05397456650132564,0.010746177667408754
Capa 2 - Oculta 1 a Oculta 2,Neurona H1_18,Neurona H2_16,0.17149422547581186,0.17149422547581186,0.034143996614636414
Capa 2 - Oculta 1 a Oculta 2,Neurona H1_18,Neurona H2_17,0.12273833522063521,0.12273833522063521,0.02443684206061247
Capa 2 - Oculta 1 a Oculta 2,Neurona H1_18,Neurona H2_18,0.23641305661410458,0.23641305661410458,0.04706914522802023
Capa 2 - Oculta 1 a Oculta 2,Neurona H1_18,Neurona H2_19,-0.2150411168149539,0.2150411168149539,0.04281405478327906
Capa 2 - Oculta 1 a Oculta 2,Neurona H1_18,Neurona H2_20,0.08463442948101942,0.08463442948101942,0.016850466338816712
Capa 2 - Oculta 1 a Oculta 2,Neurona H1_18,Neurona H2_21,0.09377142780419695,0.09377142780419695,0.0186696158696475
Capa 2 - Oculta 1 a Oculta 2,Neurona H1_18,Neurona H2_22,-0.29848536597985004,0.29848536597985004,0.059427559716708676
Capa 2 - Oculta 1 a Oculta 2,Neurona H1_18,Neurona H2_23,-0.21375729617288902,0.21375729617288902,0.042558449864018105
Capa 2 - Oculta 1 a Oculta 2,Neurona H1_18,Neurona H2_24,-0.22095138529733413,0.22095138529733413,0.04399077187969491
Capa 2 - Oculta 1 a Oculta 2,Neurona H1_18,Neurona H2_25,0.009749198988659136,0.009749198988659136,0.0019410368852981839
Capa 2 - Oculta 1 a Oculta 2,Neurona H1_18,Neurona H2_26,0.12777580933078822,0.12777580933078822,0.025439788360910157
Capa 2 - Oculta 1 a Oculta 2,Neurona H1_18,Neurona H2_27,0.013229166489223367,0.013229166489223367,0.0026338881940150983
Capa 2 - Oculta 1 a Oculta 2,Neurona H1_18,Neurona H2_28,-0.27883225674418094,0.27883225674418094,0.05551468338896077
Capa 2 - Oculta 1 a Oculta 2,Neurona H1_18,Neurona H2_29,-0.10223619406802008,0.10223619406802008,0.02035492597180269
Capa 2 - Oculta 1 a Oculta 2,Neurona H1_18,Neurona H2_30,0.1959739113637917,0.1959739113637917,0.03901783017823028
Capa 2 - Oculta 1 a Oculta 2,Neurona H1_18,Neurona H2_31,-0.08500479627908697,0.08500479627908697,0.016924205280546712
Capa 2 - Oculta 1 a Oculta 2,Neurona H1_18,Neurona H2_32,0.19130880951218118,0.19130880951218118,0.03808902210095313
Capa 2 - Oculta 1 a Oculta 2,Neurona H1_19,Neurona H2_1,-0.0926031772916376,0.0926031772916376,0.018437020623742268
Capa 2 - Oculta 1 a Oculta 2,Neurona H1_19,Neurona H2_2,0.07880320969413569,0.07880320969413569,0.01568948760550863
Capa 2 - Oculta 1 a Oculta 2,Neurona H1_19,Neurona H2_3,0.0545553305516111,0.0545553305516111,0.010861806084119765
Capa 2 - Oculta 1 a Oculta 2,Neurona H1_19,Neurona H2_4,-0.21873296779354248,0.21873296779354248,0.04354909147017001
Capa 2 - Oculta 1 a Oculta 2,Neurona H1_19,Neurona H2_5,-0.03337038882119384,0.03337038882119384,0.0066439464056511225
Capa 2 - Oculta 1 a Oculta 2,Neurona H1_19,Neurona H2_6,0.21033708915754984,0.21033708915754984,0.04187749669239329
Capa 2 - Oculta 1 a Oculta 2,Neurona H1_19,Neurona H2_7,0.09215005964113045,0.09215005964113045,0.018346806230330345
Capa 2 - Oculta 1 a Oculta 2,Neurona H1_19,Neurona H2_8,-0.055817913713955274,0.055817913713955274,0.01111318268354268
Capa 2 - Oculta 1 a Oculta 2,Neurona H1_19,Neurona H2_9,0.08133482313986411,0.08133482313986411,0.01619352440721838
Capa 2 - Oculta 1 a Oculta 2,Neurona H1_19,Neurona H2_10,-0.06616611651399582,0.06616611651399582,0.013173479468416
Capa 2 - Oculta 1 a Oculta 2,Neurona H1_19,Neurona H2_11,0.049993584947100565,0.049993584947100565,0.009953575932083488
Capa 2 - Oculta 1 a Oculta 2,Neurona H1_19,Neurona H2_12,0.10159734438295845,0.10159734438295845,0.020227732875804934
Capa 2 - Oculta 1 a Oculta 2,Neurona H1_19,Neurona H2_13,-0.19527937161373052,0.19527937161373052,0.03887954935385253
Capa 2 - Oculta 1 a Oculta 2,Neurona H1_19,Neurona H2_14,-0.11001520940649778,0.11001520940649778,0.021903705078768303
Capa 2 - Oculta 1 a Oculta 2,Neurona H1_19,Neurona H2_15,-0.17765236303164672,0.17765236303164672,0.03537006371558698
Capa 2 - Oculta 1 a Oculta 2,Neurona H1_19,Neurona H2_16,0.08530842424514447,0.08530842424514447,0.016984656716835096
Capa 2 - Oculta 1 a Oculta 2,Neurona H1_19,Neurona H2_17,0.23660719560821572,0.23660719560821572,0.047107797731562595
Capa 2 - Oculta 1 a Oculta 2,Neurona H1_19,Neurona H2_18,-0.0032050059038751196,0.0032050059038751196,0.0006381072623768107
Capa 2 - Oculta 1 a Oculta 2,Neurona H1_19,Neurona H2_19,0.01565339983011584,0.01565339983011584,0.00311654593222679
Capa 2 - Oculta 1 a Oculta 2,Neurona H1_19,Neurona H2_20,-0.2841367629057801,0.2841367629057801,0.056570794986429716
Capa 2 - Oculta 1 a Oculta 2,Neurona H1_19,Neurona H2_21,-0.1911951496757552,0.1911951496757552,0.03806639276133903
Capa 2 - Oculta 1 a Oculta 2,Neurona H1_19,Neurona H2_22,-0.1111418023137235,0.1111418023137235,0.022128006417799766
Capa 2 - Oculta 1 a Oculta 2,Neurona H1_19,Neurona H2_23,0.10296092905425723,0.10296092905425723,0.020499218579019835
Capa 2 - Oculta 1 a Oculta 2,Neurona H1_19,Neurona H2_24,0.08664743160755431,0.08664743160755431,0.017251249150033628
Capa 2 - Oculta 1 a Oculta 2,Neurona H1_19,Neurona H2_25,-0.15765649692784808,0.15765649692784808,0.031388945502069526
Capa 2 - Oculta 1 a Oculta 2,Neurona H1_19,Neurona H2_26,-0.20017565490632033,0.20017565490632033,0.03985438497705004
Capa 2 - Oculta 1 a Oculta 2,Neurona H1_19,Neurona H2_27,0.2883392351879244,0.2883392351879244,0.05740749487516666
Capa 2 - Oculta 1 a Oculta 2,Neurona H1_19,Neurona H2_28,-0.12166651859982147,0.12166651859982147,0.024223446519327983
Capa 2 - Oculta 1 a Oculta 2,Neurona H1_19,Neurona H2_29,0.047289879334899934,0.047289879334899934,0.009415276085462864
Capa 2 - Oculta 1 a Oculta 2,Neurona H1_19,Neurona H2_30,-0.22740327132308338,0.22740327132308338,0.04527532343826779
Capa 2 - Oculta 1 a Oculta 2,Neurona H1_19,Neurona H2_31,0.2520898829124987,0.2520898829124987,0.05019035530127781
Capa 2 - Oculta 1 a Oculta 2,Neurona H1_19,Neurona H2_32,0.10743592399018854,0.10743592399018854,0.021390176927728228
Capa 2 - Oculta 1 a Oculta 2,Neurona H1_20,Neurona H2_1,-0.005107904419921818,0.005107904419921818,0.0010169687681192245
Capa 2 - Oculta 1 a Oculta 2,Neurona H1_20,Neurona H2_2,-0.034665369542229964,0.034665369542229964,0.006901773263858154
Capa 2 - Oculta 1 a Oculta 2,Neurona H1_20,Neurona H2_3,-0.24243578037940303,0.24243578037940303,0.048268251840984544
Capa 2 - Oculta 1 a Oculta 2,Neurona H1_20,Neurona H2_4,-0.13272026491745578,0.13272026491745578,0.026424214946376784
Capa 2 - Oculta 1 a Oculta 2,Neurona H1_20,Neurona H2_5,0.1699469959668788,0.1699469959668788,0.03383594776361241
Capa 2 - Oculta 1 a Oculta 2,Neurona H1_20,Neurona H2_6,0.0629650044335518,0.0629650044335518,0.012536147454848183
Capa 2 - Oculta 1 a Oculta 2,Neurona H1_20,Neurona H2_7,-0.1698205315003289,0.1698205315003289,0.03381076905974776
Capa 2 - Oculta 1 a Oculta 2,Neurona H1_20,Neurona H2_8,-0.11264944233125937,0.11264944233125937,0.022428173117360714
Capa 2 - Oculta 1 a Oculta 2,Neurona H1_20,Neurona H2_9,-0.06875266182398058,0.06875266182398058,0.013688453042964607
Capa 2 - Oculta 1 a Oculta 2,Neurona H1_20,Neurona H2_10,0.06705673701345617,0.06705673701345617,0.013350799394111046
Capa 2 - Oculta 1 a Oculta 2,Neurona H1_20,Neurona H2_11,0.018349984337694268,0.018349984337694268,0.0036534279878317768
Capa 2 - Oculta 1 a Oculta 2,Neurona H1_20,Neurona H2_12,0.02440229600338819,0.02440229600338819,0.004858425464865337
Capa 2 - Oculta 1 a Oculta 2,Neurona H1_20,Neurona H2_13,0.1673412458367791,0.1673412458367791,0.03331715056578337
Capa 2 - Oculta 1 a Oculta 2,Neurona H1_20,Neurona H2_14,0.17900419924728092,0.17900419924728092,0.03563921033578421
Capa 2 - Oculta 1 a Oculta 2,Neurona H1_20,Neurona H2_15,0.20829384321430275,0.20829384321430275,0.0414706924260949
Capa 2 - Oculta 1 a Oculta 2,Neurona H1_20,Neurona H2_16,0.12308382360190644,0.12308382360190644,0.024505627782626098
Capa 2 - Oculta 1 a Oculta 2,Neurona H1_20,Neurona H2_17,-0.09171202782437973,0.09171202782437973,0.018259595382112314
Capa 2 - Oculta 1 a Oculta 2,Neurona H1_20,Neurona H2_18,-0.15206726959770633,0.15206726959770633,0.030276146756168253
Capa 2 - Oculta 1 a Oculta 2,Neurona H1_20,Neurona H2_19,0.261734459933627,0.261734459933627,0.05211056226011474
Capa 2 - Oculta 1 a Oculta 2,Neurona H1_20,Neurona H2_20,-0.21800936619929503,0.21800936619929503,0.043405024517969244
Capa 2 - Oculta 1 a Oculta 2,Neurona H1_20,Neurona H2_21,0.06280277321098232,0.06280277321098232,0.012503847694906811
Capa 2 - Oculta 1 a Oculta 2,Neurona H1_20,Neurona H2_22,0.2029119434213968,0.2029119434213968,0.040399171983937436
Capa 2 - Oculta 1 a Oculta 2,Neurona H1_20,Neurona H2_23,-0.13694008297195803,0.13694008297195803,0.02726436832744575
Capa 2 - Oculta 1 a Oculta 2,Neurona H1_20,Neurona H2_24,0.2214823564828001,0.2214823564828001,0.04409648668326173
Capa 2 - Oculta 1 a Oculta 2,Neurona H1_20,Neurona H2_25,0.18929454582842337,0.18929454582842337,0.03768798811739832
Capa 2 - Oculta 1 a Oculta 2,Neurona H1_20,Neurona H2_26,-0.1368839080656579,0.1368839080656579,0.027253184068586782
Capa 2 - Oculta 1 a Oculta 2,Neurona H1_20,Neurona H2_27,-0.11375974502070027,0.11375974502070027,0.022649231121875498
Capa 2 - Oculta 1 a Oculta 2,Neurona H1_20,Neurona H2_28,0.2341405057022599,0.2341405057022599,0.04661668701594149
Capa 2 - Oculta 1 a Oculta 2,Neurona H1_20,Neurona H2_29,-0.20580264517683491,0.20580264517683491,0.04097470221346999
Capa 2 - Oculta 1 a Oculta 2,Neurona H1_20,Neurona H2_30,-0.11920343808083007,0.11920343808083007,0.02373305442205074
Capa 2 - Oculta 1 a Oculta 2,Neurona H1_20,Neurona H2_31,0.05142837036328256,0.05142837036328256,0.01023923749448844
Capa 2 - Oculta 1 a Oculta 2,Neurona H1_20,Neurona H2_32,-0.1913415865002668,0.1913415865002668,0.03809554790301514
Capa 2 - Oculta 1 a Oculta 2,Neurona H1_21,Neurona H2_1,0.2954642459431608,0.2954642459431608,0.05882606359041678
Capa 2 - Oculta 1 a Oculta 2,Neurona H1_21,Neurona H2_2,0.05174948962388255,0.05174948962388255,0.010303171396148395
Capa 2 - Oculta 1 a Oculta 2,Neurona H1_21,Neurona H2_3,0.06872024313570743,0.06872024313570743,0.013681998577342933
Capa 2 - Oculta 1 a Oculta 2,Neurona H1_21,Neurona H2_4,-0.12708975643020098,0.12708975643020098,0.02530319724333684
Capa 2 - Oculta 1 a Oculta 2,Neurona H1_21,Neurona H2_5,0.3734931441668743,0.3734931441668743,0.0743613880563129
Capa 2 - Oculta 1 a Oculta 2,Neurona H1_21,Neurona H2_6,0.25461083561304515,0.25461083561304515,0.05069226957993238
Capa 2 - Oculta 1 a Oculta 2,Neurona H1_21,Neurona H2_7,-0.08664407925212238,0.08664407925212238,0.01725058170591298
Capa 2 - Oculta 1 a Oculta 2,Neurona H1_21,Neurona H2_8,0.15029231930543333,0.15029231930543333,0.029922759365995952
Capa 2 - Oculta 1 a Oculta 2,Neurona H1_21,Neurona H2_9,-0.21511974294675335,0.21511974294675335,0.04282970901519581
Capa 2 - Oculta 1 a Oculta 2,Neurona H1_21,Neurona H2_10,-0.2058082223736696,0.2058082223736696,0.040975812616979586
Capa 2 - Oculta 1 a Oculta 2,Neurona H1_21,Neurona H2_11,-0.012767860933973618,0.012767860933973618,0.002542043612816754
Capa 2 - Oculta 1 a Oculta 2,Neurona H1_21,Neurona H2_12,-0.31174064957191056,0.31174064957191056,0.062066647749192856
Capa 2 - Oculta 1 a Oculta 2,Neurona H1_21,Neurona H2_13,-0.2938730289144972,0.2938730289144972,0.05850925695340553
Capa 2 - Oculta 1 a Oculta 2,Neurona H1_21,Neurona H2_14,-0.08625538197339822,0.08625538197339822,0.017173193219320773
Capa 2 - Oculta 1 a Oculta 2,Neurona H1_21,Neurona H2_15,-0.16048447962863546,0.16048447962863546,0.03195198855202664
Capa 2 - Oculta 1 a Oculta 2,Neurona H1_21,Neurona H2_16,-0.14782977296135144,0.14782977296135144,0.029432473621374328
Capa 2 - Oculta 1 a Oculta 2,Neurona H1_21,Neurona H2_17,-0.0005714308148342301,0.0005714308148342301,0.00011377019694433252
Capa 2 - Oculta 1 a Oculta 2,Neurona H1_21,Neurona H2_18,-0.25787252159129326,0.25787252159129326,0.05134166167864779
Capa 2 - Oculta 1 a Oculta 2,Neurona H1_21,Neurona H2_19,-0.020610565632721515,0.020610565632721515,0.0041035030843568614
Capa 2 - Oculta 1 a Oculta 2,Neurona H1_21,Neurona H2_20,0.04742882735242444,0.04742882735242444,0.00944294022766243
Capa 2 - Oculta 1 a Oculta 2,Neurona H1_21,Neurona H2_21,-0.0555935274919733,0.0555935274919733,0.01106850804576717
Capa 2 - Oculta 1 a Oculta 2,Neurona H1_21,Neurona H2_22,0.34351398697763397,0.34351398697763397,0.06839262590855505
Capa 2 - Oculta 1 a Oculta 2,Neurona H1_21,Neurona H2_23,-0.26028346941342123,0.26028346941342123,0.051821674309092965
Capa 2 - Oculta 1 a Oculta 2,Neurona H1_21,Neurona H2_24,-0.06347403789394379,0.06347403789394379,0.012637494521783754
Capa 2 - Oculta 1 a Oculta 2,Neurona H1_21,Neurona H2_25,-0.03135243421392989,0.03135243421392989,0.006242177570066463
Capa 2 - Oculta 1 a Oculta 2,Neurona H1_21,Neurona H2_26,-0.28203393643398644,0.28203393643398644,0.05615212841188539
Capa 2 - Oculta 1 a Oculta 2,Neurona H1_21,Neurona H2_27,-0.08770571163970509,0.08770571163970509,0.01746194959627221
Capa 2 - Oculta 1 a Oculta 2,Neurona H1_21,Neurona H2_28,-0.14422662283836832,0.14422662283836832,0.028715097014320495
Capa 2 - Oculta 1 a Oculta 2,Neurona H1_21,Neurona H2_29,-0.05085636389210025,0.05085636389210025,0.010125352686055905
Capa 2 - Oculta 1 a Oculta 2,Neurona H1_21,Neurona H2_30,0.34173136779668883,0.34173136779668883,0.06803771166517161
Capa 2 - Oculta 1 a Oculta 2,Neurona H1_21,Neurona H2_31,-0.024317403780082254,0.024317403780082254,0.004841523672533118
Capa 2 - Oculta 1 a Oculta 2,Neurona H1_21,Neurona H2_32,-0.006695854680140355,0.006695854680140355,0.001333125001127548
Capa 2 - Oculta 1 a Oculta 2,Neurona H1_22,Neurona H2_1,-0.1888423686201816,0.1888423686201816,0.03759796096327936
Capa 2 - Oculta 1 a Oculta 2,Neurona H1_22,Neurona H2_2,0.15750871202666983,0.15750871202666983,0.031359521962288375
Capa 2 - Oculta 1 a Oculta 2,Neurona H1_22,Neurona H2_3,0.17287700722124277,0.17287700722124277,0.034419304398929325
Capa 2 - Oculta 1 a Oculta 2,Neurona H1_22,Neurona H2_4,0.018042396054177116,0.018042396054177116,0.0035921880639686104
Capa 2 - Oculta 1 a Oculta 2,Neurona H1_22,Neurona H2_5,-0.32838588953802994,0.32838588953802994,0.06538066613946893
Capa 2 - Oculta 1 a Oculta 2,Neurona H1_22,Neurona H2_6,0.1155965895403146,0.1155965895403146,0.023014941470928453
Capa 2 - Oculta 1 a Oculta 2,Neurona H1_22,Neurona H2_7,-0.06378051362671261,0.06378051362671261,0.012698512940060481
Capa 2 - Oculta 1 a Oculta 2,Neurona H1_22,Neurona H2_8,-0.07011738637656982,0.07011738637656982,0.013960165693196615
Capa 2 - Oculta 1 a Oculta 2,Neurona H1_22,Neurona H2_9,0.16413902727252516,0.16413902727252516,0.032679598254538735
Capa 2 - Oculta 1 a Oculta 2,Neurona H1_22,Neurona H2_10,0.2931885624775827,0.2931885624775827,0.058372981696090016
Capa 2 - Oculta 1 a Oculta 2,Neurona H1_22,Neurona H2_11,0.19333085069412018,0.19333085069412018,0.038491604561553344
Capa 2 - Oculta 1 a Oculta 2,Neurona H1_22,Neurona H2_12,0.1932988341441208,0.1932988341441208,0.038485230160480895
Capa 2 - Oculta 1 a Oculta 2,Neurona H1_22,Neurona H2_13,-0.08771677940213447,0.08771677940213447,0.017464153155265942
Capa 2 - Oculta 1 a Oculta 2,Neurona H1_22,Neurona H2_14,-0.04983144215584202,0.04983144215584202,0.009921293778556398
Capa 2 - Oculta 1 a Oculta 2,Neurona H1_22,Neurona H2_15,-0.21073654260509503,0.21073654260509503,0.04195702670060695
Capa 2 - Oculta 1 a Oculta 2,Neurona H1_22,Neurona H2_16,0.052525907388228786,0.052525907388228786,0.010457753892695024
Capa 2 - Oculta 1 a Oculta 2,Neurona H1_22,Neurona H2_17,0.2536137463965819,0.2536137463965819,0.05049375204538009
Capa 2 - Oculta 1 a Oculta 2,Neurona H1_22,Neurona H2_18,0.19878896223890977,0.19878896223890977,0.03957829853967734
Capa 2 - Oculta 1 a Oculta 2,Neurona H1_22,Neurona H2_19,-0.2585976293595992,0.2585976293595992,0.051486028505679966
Capa 2 - Oculta 1 a Oculta 2,Neurona H1_22,Neurona H2_20,0.08885302645668758,0.08885302645668758,0.017690376606676113
Capa 2 - Oculta 1 a Oculta 2,Neurona H1_22,Neurona H2_21,-0.14306202367488036,0.14306202367488036,0.028483228741291382
Capa 2 - Oculta 1 a Oculta 2,Neurona H1_22,Neurona H2_22,-0.3265443611070178,0.3265443611070178,0.06501402323741329
Capa 2 - Oculta 1 a Oculta 2,Neurona H1_22,Neurona H2_23,0.34874606427218047,0.34874606427218047,0.069434317131317
Capa 2 - Oculta 1 a Oculta 2,Neurona H1_22,Neurona H2_24,0.18004627947574647,0.18004627947574647,0.0358466854486878
Capa 2 - Oculta 1 a Oculta 2,Neurona H1_22,Neurona H2_25,0.18176599474841645,0.18176599474841645,0.036189075708682086
Capa 2 - Oculta 1 a Oculta 2,Neurona H1_22,Neurona H2_26,0.3154983510873496,0.3154983510873496,0.06281479508456808
Capa 2 - Oculta 1 a Oculta 2,Neurona H1_22,Neurona H2_27,0.008708043815801812,0.008708043815801812,0.0017337459482493114
Capa 2 - Oculta 1 a Oculta 2,Neurona H1_22,Neurona H2_28,0.04153675211695927,0.04153675211695927,0.008269845353273901
Capa 2 - Oculta 1 a Oculta 2,Neurona H1_22,Neurona H2_29,0.06131812921607773,0.06131812921607773,0.01220825943591256
Capa 2 - Oculta 1 a Oculta 2,Neurona H1_22,Neurona H2_30,-0.30466179289193124,0.30466179289193124,0.06065726817477214
Capa 2 - Oculta 1 a Oculta 2,Neurona H1_22,Neurona H2_31,0.14721068915641225,0.14721068915641225,0.029309215854056665
Capa 2 - Oculta 1 a Oculta 2,Neurona H1_22,Neurona H2_32,-0.023378223578067178,0.023378223578067178,0.0046545356526790085
Capa 2 - Oculta 1 a Oculta 2,Neurona H1_23,Neurona H2_1,0.004179914669863954,0.004179914669863954,0.0008322087343834997
Capa 2 - Oculta 1 a Oculta 2,Neurona H1_23,Neurona H2_2,-0.18765001780123164,0.18765001780123164,0.03736056741715422
Capa 2 - Oculta 1 a Oculta 2,Neurona H1_23,Neurona H2_3,-0.22954300248542162,0.22954300248542162,0.04570133762831066
Capa 2 - Oculta 1 a Oculta 2,Neurona H1_23,Neurona H2_4,0.0967025195976354,0.0967025195976354,0.019253187637120608
Capa 2 - Oculta 1 a Oculta 2,Neurona H1_23,Neurona H2_5,0.10441745229320074,0.10441745229320074,0.020789208078092737
Capa 2 - Oculta 1 a Oculta 2,Neurona H1_23,Neurona H2_6,0.20614194578716663,0.20614194578716663,0.04104225596846301
Capa 2 - Oculta 1 a Oculta 2,Neurona H1_23,Neurona H2_7,-0.06807044449239602,0.06807044449239602,0.013552625575914674
Capa 2 - Oculta 1 a Oculta 2,Neurona H1_23,Neurona H2_8,0.2704125276982914,0.2704125276982914,0.0538383400646221
Capa 2 - Oculta 1 a Oculta 2,Neurona H1_23,Neurona H2_9,0.1382869840953417,0.1382869840953417,0.027532532385270245
Capa 2 - Oculta 1 a Oculta 2,Neurona H1_23,Neurona H2_10,-0.05400620880110969,0.05400620880110969,0.010752477556362498
Capa 2 - Oculta 1 a Oculta 2,Neurona H1_23,Neurona H2_11,-0.057574377088244776,0.057574377088244776,0.011462889382640444
Capa 2 - Oculta 1 a Oculta 2,Neurona H1_23,Neurona H2_12,-0.049615239832243876,0.049615239832243876,0.009878248530913044
Capa 2 - Oculta 1 a Oculta 2,Neurona H1_23,Neurona H2_13,-0.2319567687229723,0.2319567687229723,0.04618191139698883
Capa 2 - Oculta 1 a Oculta 2,Neurona H1_23,Neurona H2_14,-0.2492216169741011,0.2492216169741011,0.04961929197702415
Capa 2 - Oculta 1 a Oculta 2,Neurona H1_23,Neurona H2_15,-0.07867463867232243,0.07867463867232243,0.015663889492677992
Capa 2 - Oculta 1 a Oculta 2,Neurona H1_23,Neurona H2_16,-0.089741052753996,0.089741052753996,0.017867180034341863
Capa 2 - Oculta 1 a Oculta 2,Neurona H1_23,Neurona H2_17,0.08077870468611947,0.08077870468611947,0.016082802856394667
Capa 2 - Oculta 1 a Oculta 2,Neurona H1_23,Neurona H2_18,-0.21152841780876766,0.21152841780876766,0.04211468672792505
Capa 2 - Oculta 1 a Oculta 2,Neurona H1_23,Neurona H2_19,0.1499008000450355,0.1499008000450355,0.029844809031140663
Capa 2 - Oculta 1 a Oculta 2,Neurona H1_23,Neurona H2_20,0.12686787176931896,0.12686787176931896,0.02525902065902926
Capa 2 - Oculta 1 a Oculta 2,Neurona H1_23,Neurona H2_21,-0.008803413948876265,0.008803413948876265,0.0017527338616428784
Capa 2 - Oculta 1 a Oculta 2,Neurona H1_23,Neurona H2_22,-0.1479998185954941,0.1479998185954941,0.029466329207709033
Capa 2 - Oculta 1 a Oculta 2,Neurona H1_23,Neurona H2_23,0.058566431269674764,0.058566431269674764,0.011660404456505475
Capa 2 - Oculta 1 a Oculta 2,Neurona H1_23,Neurona H2_24,0.1783981008244391,0.1783981008244391,0.03551853791990414
Capa 2 - Oculta 1 a Oculta 2,Neurona H1_23,Neurona H2_25,-0.07492283574388418,0.07492283574388418,0.014916916548650521
Capa 2 - Oculta 1 a Oculta 2,Neurona H1_23,Neurona H2_26,0.1579250640633427,0.1579250640633427,0.0314424164299663
Capa 2 - Oculta 1 a Oculta 2,Neurona H1_23,Neurona H2_27,0.1280707765875325,0.1280707765875325,0.02549851547541073
Capa 2 - Oculta 1 a Oculta 2,Neurona H1_23,Neurona H2_28,-0.19438757303638546,0.19438757303638546,0.03870199487631065
Capa 2 - Oculta 1 a Oculta 2,Neurona H1_23,Neurona H2_29,-0.2315841723214045,0.2315841723214045,0.04610772854775026
Capa 2 - Oculta 1 a Oculta 2,Neurona H1_23,Neurona H2_30,0.1611960539674429,0.1611960539674429,0.03209366091299328
Capa 2 - Oculta 1 a Oculta 2,Neurona H1_23,Neurona H2_31,0.14364417454107528,0.14364417454107528,0.0285991332689769
Capa 2 - Oculta 1 a Oculta 2,Neurona H1_23,Neurona H2_32,0.19979810940335765,0.19979810940335765,0.03977921677625924
Capa 2 - Oculta 1 a Oculta 2,Neurona H1_24,Neurona H2_1,-0.15713213994255562,0.15713213994255562,0.031284547566331374
Capa 2 - Oculta 1 a Oculta 2,Neurona H1_24,Neurona H2_2,0.03326037623966297,0.03326037623966297,0.0066220432237746735
Capa 2 - Oculta 1 a Oculta 2,Neurona H1_24,Neurona H2_3,-0.15052671674259444,0.15052671674259444,0.02996942720731074
Capa 2 - Oculta 1 a Oculta 2,Neurona H1_24,Neurona H2_4,-0.09912066240523122,0.09912066240523122,0.019734632768040796
Capa 2 - Oculta 1 a Oculta 2,Neurona H1_24,Neurona H2_5,0.05735355685975694,0.05735355685975694,0.011418924723696312
Capa 2 - Oculta 1 a Oculta 2,Neurona H1_24,Neurona H2_6,-0.032104789810627796,0.032104789810627796,0.006391969359704762
Capa 2 - Oculta 1 a Oculta 2,Neurona H1_24,Neurona H2_7,-0.05134886087955032,0.05134886087955032,0.010223407389796267
Capa 2 - Oculta 1 a Oculta 2,Neurona H1_24,Neurona H2_8,0.2476160907625422,0.2476160907625422,0.04929963642372443
Capa 2 - Oculta 1 a Oculta 2,Neurona H1_24,Neurona H2_9,-0.17489536301584663,0.17489536301584663,0.034821153109735076
Capa 2 - Oculta 1 a Oculta 2,Neurona H1_24,Neurona H2_10,0.003751537830285447,0.003751537830285447,0.0007469201637638426
Capa 2 - Oculta 1 a Oculta 2,Neurona H1_24,Neurona H2_11,0.14791434987648963,0.14791434987648963,0.029449312636776408
Capa 2 - Oculta 1 a Oculta 2,Neurona H1_24,Neurona H2_12,-0.1354099415700972,0.1354099415700972,0.026959721668352143
Capa 2 - Oculta 1 a Oculta 2,Neurona H1_24,Neurona H2_13,0.018466254547694374,0.018466254547694374,0.00367657704515783
Capa 2 - Oculta 1 a Oculta 2,Neurona H1_24,Neurona H2_14,0.15732463660310358,0.15732463660310358,0.03132287308608484
Capa 2 - Oculta 1 a Oculta 2,Neurona H1_24,Neurona H2_15,0.19747060494093688,0.19747060494093688,0.03931581747365907
Capa 2 - Oculta 1 a Oculta 2,Neurona H1_24,Neurona H2_16,0.23310566604796995,0.23310566604796995,0.046410653480090734
Capa 2 - Oculta 1 a Oculta 2,Neurona H1_24,Neurona H2_17,-0.2734718455367958,0.2734718455367958,0.054447441261068645
Capa 2 - Oculta 1 a Oculta 2,Neurona H1_24,Neurona H2_18,0.04320216915494864,0.04320216915494864,0.008601424994216896
Capa 2 - Oculta 1 a Oculta 2,Neurona H1_24,Neurona H2_19,-0.08724637679871808,0.08724637679871808,0.017370497378495598
Capa 2 - Oculta 1 a Oculta 2,Neurona H1_24,Neurona H2_20,0.05835028215821576,0.05835028215821576,0.01161736980324274
Capa 2 - Oculta 1 a Oculta 2,Neurona H1_24,Neurona H2_21,0.14998238020584753,0.14998238020584753,0.029861051401557853
Capa 2 - Oculta 1 a Oculta 2,Neurona H1_24,Neurona H2_22,0.014602896561527846,0.014602896561527846,0.0029073938167732474
Capa 2 - Oculta 1 a Oculta 2,Neurona H1_24,Neurona H2_23,0.049139301738784155,0.049139301738784155,0.009783490654332778
Capa 2 - Oculta 1 a Oculta 2,Neurona H1_24,Neurona H2_24,0.1305194311759859,0.1305194311759859,0.025986035412286737
Capa 2 - Oculta 1 a Oculta 2,Neurona H1_24,Neurona H2_25,0.20892916585691457,0.20892916585691457,0.041597183298299804
Capa 2 - Oculta 1 a Oculta 2,Neurona H1_24,Neurona H2_26,0.0498961313766436,0.0498961313766436,0.009934173212426105
Capa 2 - Oculta 1 a Oculta 2,Neurona H1_24,Neurona H2_27,-0.09839280157532244,0.09839280157532244,0.019589717814529218
Capa 2 - Oculta 1 a Oculta 2,Neurona H1_24,Neurona H2_28,-0.0159459555857084,0.0159459555857084,0.003174792923930623
Capa 2 - Oculta 1 a Oculta 2,Neurona H1_24,Neurona H2_29,0.14493332788321128,0.14493332788321128,0.028855799913159896
Capa 2 - Oculta 1 a Oculta 2,Neurona H1_24,Neurona H2_30,-0.070300479445158,0.070300479445158,0.013996618985409185
Capa 2 - Oculta 1 a Oculta 2,Neurona H1_24,Neurona H2_31,0.15771184335279062,0.15771184335279062,0.03139996481272344
Capa 2 - Oculta 1 a Oculta 2,Neurona H1_24,Neurona H2_32,-0.239474003774987,0.239474003774987,0.04767857081776693
Capa 2 - Oculta 1 a Oculta 2,Neurona H1_25,Neurona H2_1,0.19404793084576985,0.19404793084576985,0.03863437311368633
Capa 2 - Oculta 1 a Oculta 2,Neurona H1_25,Neurona H2_2,-0.11856785985372112,0.11856785985372112,0.02360651266372311
Capa 2 - Oculta 1 a Oculta 2,Neurona H1_25,Neurona H2_3,0.27020685322304366,0.27020685322304366,0.053797390880665076
Capa 2 - Oculta 1 a Oculta 2,Neurona H1_25,Neurona H2_4,-0.04096035048200764,0.04096035048200764,0.008155085480643465
Capa 2 - Oculta 1 a Oculta 2,Neurona H1_25,Neurona H2_5,-0.01682922438597303,0.01682922438597303,0.003350649147907699
Capa 2 - Oculta 1 a Oculta 2,Neurona H1_25,Neurona H2_6,0.18043405660688408,0.18043405660688408,0.03592389073659799
Capa 2 - Oculta 1 a Oculta 2,Neurona H1_25,Neurona H2_7,0.2861651430084436,0.2861651430084436,0.05697463950752881
Capa 2 - Oculta 1 a Oculta 2,Neurona H1_25,Neurona H2_8,0.09820038216608565,0.09820038216608565,0.01955140767528492
Capa 2 - Oculta 1 a Oculta 2,Neurona H1_25,Neurona H2_9,0.1446230910971907,0.1446230910971907,0.028794032680226938
Capa 2 - Oculta 1 a Oculta 2,Neurona H1_25,Neurona H2_10,0.1223357049695223,0.1223357049695223,0.024356679560138726
Capa 2 - Oculta 1 a Oculta 2,Neurona H1_25,Neurona H2_11,-0.150455452802769,0.150455452802769,0.029955238766193302
Capa 2 - Oculta 1 a Oculta 2,Neurona H1_25,Neurona H2_12,-0.007403503066306551,0.007403503066306551,0.0014740157164538166
Capa 2 - Oculta 1 a Oculta 2,Neurona H1_25,Neurona H2_13,-0.01319448107636853,0.01319448107636853,0.0026269824301865673
Capa 2 - Oculta 1 a Oculta 2,Neurona H1_25,Neurona H2_14,-0.18590086500793562,0.18590086500793562,0.03701231623326112
Capa 2 - Oculta 1 a Oculta 2,Neurona H1_25,Neurona H2_15,-0.2849025877430425,0.2849025877430425,0.05672326846230532
Capa 2 - Oculta 1 a Oculta 2,Neurona H1_25,Neurona H2_16,-0.2837001902694894,0.2837001902694894,0.05648387465675567
Capa 2 - Oculta 1 a Oculta 2,Neurona H1_25,Neurona H2_17,0.1429560762733206,0.1429560762733206,0.028462134924807776
Capa 2 - Oculta 1 a Oculta 2,Neurona H1_25,Neurona H2_18,0.02007737345913082,0.02007737345913082,0.003997346088577438
Capa 2 - Oculta 1 a Oculta 2,Neurona H1_25,Neurona H2_19,-0.04753871171654354,0.04753871171654354,0.00946481788182877
Capa 2 - Oculta 1 a Oculta 2,Neurona H1_25,Neurona H2_20,-0.18306602200462965,0.18306602200462965,0.03644790731722123
Capa 2 - Oculta 1 a Oculta 2,Neurona H1_25,Neurona H2_21,-0.004442006314916629,0.004442006314916629,0.0008843904111517664
Capa 2 - Oculta 1 a Oculta 2,Neurona H1_25,Neurona H2_22,-0.24018514838120672,0.24018514838120672,0.04782015762023747
Capa 2 - Oculta 1 a Oculta 2,Neurona H1_25,Neurona H2_23,-0.15412470608392792,0.15412470608392792,0.03068577631789532
Capa 2 - Oculta 1 a Oculta 2,Neurona H1_25,Neurona H2_24,0.18906329922753806,0.18906329922753806,0.037641947598332046
Capa 2 - Oculta 1 a Oculta 2,Neurona H1_25,Neurona H2_25,-0.21312163022970546,0.21312163022970546,0.04243189064167765
Capa 2 - Oculta 1 a Oculta 2,Neurona H1_25,Neurona H2_26,0.24986644780639725,0.24986644780639725,0.0497476759018697
Capa 2 - Oculta 1 a Oculta 2,Neurona H1_25,Neurona H2_27,-0.0015840750738307342,0.0015840750738307342,0.00031538469477991306
Capa 2 - Oculta 1 a Oculta 2,Neurona H1_25,Neurona H2_28,0.15648205938025558,0.15648205938025558,0.031155118435660475
Capa 2 - Oculta 1 a Oculta 2,Neurona H1_25,Neurona H2_29,-0.13186831143981717,0.13186831143981717,0.026254593511161623
Capa 2 - Oculta 1 a Oculta 2,Neurona H1_25,Neurona H2_30,-0.10190832722786901,0.10190832722786901,0.02028964864687172
Capa 2 - Oculta 1 a Oculta 2,Neurona H1_25,Neurona H2_31,0.09699863846409473,0.09699863846409473,0.019312144033733176
Capa 2 - Oculta 1 a Oculta 2,Neurona H1_25,Neurona H2_32,0.22552345856273762,0.22552345856273762,0.04490105823868269
Capa 2 - Oculta 1 a Oculta 2,Neurona H1_26,Neurona H2_1,-0.4000427799213905,0.4000427799213905,0.07964734255890277
Capa 2 - Oculta 1 a Oculta 2,Neurona H1_26,Neurona H2_2,0.2578563516688421,0.2578563516688421,0.051338442294578734
Capa 2 - Oculta 1 a Oculta 2,Neurona H1_26,Neurona H2_3,0.15378165926253454,0.15378165926253454,0.030617476703282527
Capa 2 - Oculta 1 a Oculta 2,Neurona H1_26,Neurona H2_4,-0.011755795015862039,0.011755795015862039,0.002340544260952778
Capa 2 - Oculta 1 a Oculta 2,Neurona H1_26,Neurona H2_5,0.1075513028820352,0.1075513028820352,0.02141314852622772
Capa 2 - Oculta 1 a Oculta 2,Neurona H1_26,Neurona H2_6,-0.1854741589431836,0.1854741589431836,0.036927360309002365
Capa 2 - Oculta 1 a Oculta 2,Neurona H1_26,Neurona H2_7,0.006133893361151503,0.006133893361151503,0.001221240152994173
Capa 2 - Oculta 1 a Oculta 2,Neurona H1_26,Neurona H2_8,-0.02220329001270464,0.02220329001270464,0.004420609830588751
Capa 2 - Oculta 1 a Oculta 2,Neurona H1_26,Neurona H2_9,0.24043760213097753,0.24043760213097753,0.04787042042036156
Capa 2 - Oculta 1 a Oculta 2,Neurona H1_26,Neurona H2_10,0.04774312343106925,0.04774312343106925,0.009505515653834756
Capa 2 - Oculta 1 a Oculta 2,Neurona H1_26,Neurona H2_11,0.22656716098077623,0.22656716098077623,0.04510885632476591
Capa 2 - Oculta 1 a Oculta 2,Neurona H1_26,Neurona H2_12,-0.13872316814124017,0.13872316814124017,0.027619375347738482
Capa 2 - Oculta 1 a Oculta 2,Neurona H1_26,Neurona H2_13,-0.09398293824696659,0.09398293824696659,0.018711726977597928
Capa 2 - Oculta 1 a Oculta 2,Neurona H1_26,Neurona H2_14,-0.21792992018695187,0.21792992018695187,0.043389207050244225
Capa 2 - Oculta 1 a Oculta 2,Neurona H1_26,Neurona H2_15,0.06528325947549854,0.06528325947549854,0.012997705224997462
Capa 2 - Oculta 1 a Oculta 2,Neurona H1_26,Neurona H2_16,0.13441589768789272,0.13441589768789272,0.02676181045090665
Capa 2 - Oculta 1 a Oculta 2,Neurona H1_26,Neurona H2_17,0.18250770181990164,0.18250770181990164,0.03633674740822519
Capa 2 - Oculta 1 a Oculta 2,Neurona H1_26,Neurona H2_18,-0.05520366064464138,0.05520366064464138,0.010990886701500172
Capa 2 - Oculta 1 a Oculta 2,Neurona H1_26,Neurona H2_19,-0.22534856709940362,0.22534856709940362,0.04486623786198816
Capa 2 - Oculta 1 a Oculta 2,Neurona H1_26,Neurona H2_20,0.04150760310666148,0.04150760310666148,0.008264041870934094
Capa 2 - Oculta 1 a Oculta 2,Neurona H1_26,Neurona H2_21,-0.2022859431790116,0.2022859431790116,0.04027453717423782
Capa 2 - Oculta 1 a Oculta 2,Neurona H1_26,Neurona H2_22,-0.20072640968889757,0.20072640968889757,0.0399640386366974
Capa 2 - Oculta 1 a Oculta 2,Neurona H1_26,Neurona H2_23,-0.010647602767050946,0.010647602767050946,0.0021199064389690334
Capa 2 - Oculta 1 a Oculta 2,Neurona H1_26,Neurona H2_24,0.09843796071067389,0.09843796071067389,0.019598708865745558
Capa 2 - Oculta 1 a Oculta 2,Neurona H1_26,Neurona H2_25,0.2987308529991034,0.2987308529991034,0.05947643546124799
Capa 2 - Oculta 1 a Oculta 2,Neurona H1_26,Neurona H2_26,-0.021937347109385965,0.021937347109385965,0.004367661379610848
Capa 2 - Oculta 1 a Oculta 2,Neurona H1_26,Neurona H2_27,0.1499645329678383,0.1499645329678383,0.029857498068887454
Capa 2 - Oculta 1 a Oculta 2,Neurona H1_26,Neurona H2_28,0.005061369988864799,0.005061369988864799,0.0010077038995671404
Capa 2 - Oculta 1 a Oculta 2,Neurona H1_26,Neurona H2_29,-0.12284595364186805,0.12284595364186805,0.02445826857220522
Capa 2 - Oculta 1 a Oculta 2,Neurona H1_26,Neurona H2_30,-0.27056268910265197,0.27056268910265197,0.053868236759207065
Capa 2 - Oculta 1 a Oculta 2,Neurona H1_26,Neurona H2_31,0.19623082519203808,0.19623082519203808,0.039068980966879635
Capa 2 - Oculta 1 a Oculta 2,Neurona H1_26,Neurona H2_32,0.09491429848254763,0.09491429848254763,0.01889715806510222
Capa 2 - Oculta 1 a Oculta 2,Neurona H1_27,Neurona H2_1,-0.11475326872075846,0.11475326872075846,0.022847038772583435
Capa 2 - Oculta 1 a Oculta 2,Neurona H1_27,Neurona H2_2,0.2506359686038497,0.2506359686038497,0.04990088523256413
Capa 2 - Oculta 1 a Oculta 2,Neurona H1_27,Neurona H2_3,0.19893551305850438,0.19893551305850438,0.03960747637743968
Capa 2 - Oculta 1 a Oculta 2,Neurona H1_27,Neurona H2_4,-0.07313314692197413,0.07313314692197413,0.014560594760514465
Capa 2 - Oculta 1 a Oculta 2,Neurona H1_27,Neurona H2_5,0.1639661888672542,0.1639661888672542,0.03264518663567473
Capa 2 - Oculta 1 a Oculta 2,Neurona H1_27,Neurona H2_6,0.145093085404067,0.145093085404067,0.02888760716635531
Capa 2 - Oculta 1 a Oculta 2,Neurona H1_27,Neurona H2_7,-0.06887475620624682,0.06887475620624682,0.013712761675883285
Capa 2 - Oculta 1 a Oculta 2,Neurona H1_27,Neurona H2_8,-0.19521740516556388,0.19521740516556388,0.03886721201601767
Capa 2 - Oculta 1 a Oculta 2,Neurona H1_27,Neurona H2_9,-0.17577997370405612,0.17577997370405612,0.034997276499660855
Capa 2 - Oculta 1 a Oculta 2,Neurona H1_27,Neurona H2_10,0.20889072384890972,0.20889072384890972,0.041589529607410004
Capa 2 - Oculta 1 a Oculta 2,Neurona H1_27,Neurona H2_11,-0.013894674723657413,0.013894674723657413,0.00276638892889689
Capa 2 - Oculta 1 a Oculta 2,Neurona H1_27,Neurona H2_12,0.08507889982397682,0.08507889982397682,0.016938959078692577
Capa 2 - Oculta 1 a Oculta 2,Neurona H1_27,Neurona H2_13,-0.06789580715682655,0.06789580715682655,0.013517855795311689
Capa 2 - Oculta 1 a Oculta 2,Neurona H1_27,Neurona H2_14,0.13236966402693667,0.13236966402693667,0.02635441133878732
Capa 2 - Oculta 1 a Oculta 2,Neurona H1_27,Neurona H2_15,0.16633815481532785,0.16633815481532785,0.033117438089485245
Capa 2 - Oculta 1 a Oculta 2,Neurona H1_27,Neurona H2_16,0.18853384593939448,0.18853384593939448,0.03753653500366406
Capa 2 - Oculta 1 a Oculta 2,Neurona H1_27,Neurona H2_17,0.0689992415566585,0.0689992415566585,0.013737546343537462
Capa 2 - Oculta 1 a Oculta 2,Neurona H1_27,Neurona H2_18,0.19331784730154258,0.19331784730154258,0.03848901562428204
Capa 2 - Oculta 1 a Oculta 2,Neurona H1_27,Neurona H2_19,0.16454432580607034,0.16454432580607034,0.032760292002208015
Capa 2 - Oculta 1 a Oculta 2,Neurona H1_27,Neurona H2_20,-0.1457863557601404,0.1457863557601404,0.029025635258118295
Capa 2 - Oculta 1 a Oculta 2,Neurona H1_27,Neurona H2_21,0.055250803923878156,0.055250803923878156,0.011000272789936663
Capa 2 - Oculta 1 a Oculta 2,Neurona H1_27,Neurona H2_22,-0.16833789353637474,0.16833789353637474,0.03351558019562404
Capa 2 - Oculta 1 a Oculta 2,Neurona H1_27,Neurona H2_23,0.047330989331587775,0.047330989331587775,0.009423460965063581
Capa 2 - Oculta 1 a Oculta 2,Neurona H1_27,Neurona H2_24,0.1884178308892492,0.1884178308892492,0.037513436747915706
Capa 2 - Oculta 1 a Oculta 2,Neurona H1_27,Neurona H2_25,-0.03597917361616516,0.03597917361616516,0.007163347796343306
Capa 2 - Oculta 1 a Oculta 2,Neurona H1_27,Neurona H2_26,0.1384345767170865,0.1384345767170865,0.02756191764278091
Capa 2 - Oculta 1 a Oculta 2,Neurona H1_27,Neurona H2_27,-0.1791422131749455,0.1791422131749455,0.03566668850343608
Capa 2 - Oculta 1 a Oculta 2,Neurona H1_27,Neurona H2_28,0.15300135815117663,0.15300135815117663,0.03046212104375124
Capa 2 - Oculta 1 a Oculta 2,Neurona H1_27,Neurona H2_29,0.27358410467470073,0.27358410467470073,0.054469791725721056
Capa 2 - Oculta 1 a Oculta 2,Neurona H1_27,Neurona H2_30,-0.08136234279675172,0.08136234279675172,0.016199003490079623
Capa 2 - Oculta 1 a Oculta 2,Neurona H1_27,Neurona H2_31,0.12369375805955063,0.12369375805955063,0.024627063941768904
Capa 2 - Oculta 1 a Oculta 2,Neurona H1_27,Neurona H2_32,0.18245009280471294,0.18245009280471294,0.036325277622498486
Capa 2 - Oculta 1 a Oculta 2,Neurona H1_28,Neurona H2_1,-0.20469867339357148,0.20469867339357148,0.0407549046737813
Capa 2 - Oculta 1 a Oculta 2,Neurona H1_28,Neurona H2_2,0.00793259120823418,0.00793259120823418,0.0015793556115826423
Capa 2 - Oculta 1 a Oculta 2,Neurona H1_28,Neurona H2_3,-0.11121550087012329,0.11121550087012329,0.022142679583926708
Capa 2 - Oculta 1 a Oculta 2,Neurona H1_28,Neurona H2_4,0.09547676436209813,0.09547676436209813,0.019009143369761526
Capa 2 - Oculta 1 a Oculta 2,Neurona H1_28,Neurona H2_5,-0.11854057776564081,0.11854057776564081,0.023601080880113662
Capa 2 - Oculta 1 a Oculta 2,Neurona H1_28,Neurona H2_6,-0.2906248199074203,0.2906248199074203,0.05786254808006852
Capa 2 - Oculta 1 a Oculta 2,Neurona H1_28,Neurona H2_7,-0.08529538510295982,0.08529538510295982,0.016982060661922017
Capa 2 - Oculta 1 a Oculta 2,Neurona H1_28,Neurona H2_8,-0.1367628290727034,0.1367628290727034,0.02722907759669788
Capa 2 - Oculta 1 a Oculta 2,Neurona H1_28,Neurona H2_9,-0.17007785145497528,0.17007785145497528,0.03386200070697057
Capa 2 - Oculta 1 a Oculta 2,Neurona H1_28,Neurona H2_10,0.03908999805449183,0.03908999805449183,0.007782703805539868
Capa 2 - Oculta 1 a Oculta 2,Neurona H1_28,Neurona H2_11,-0.06433596034882276,0.06433596034882276,0.012809100751088643
Capa 2 - Oculta 1 a Oculta 2,Neurona H1_28,Neurona H2_12,-0.10722185384300388,0.10722185384300388,0.021347556190146607
Capa 2 - Oculta 1 a Oculta 2,Neurona H1_28,Neurona H2_13,0.2202707728215327,0.2202707728215327,0.04385526393471795
Capa 2 - Oculta 1 a Oculta 2,Neurona H1_28,Neurona H2_14,-0.08897724364422446,0.08897724364422446,0.017715107883889507
Capa 2 - Oculta 1 a Oculta 2,Neurona H1_28,Neurona H2_15,-0.1740876849841019,0.1740876849841019,0.03466034678576064
Capa 2 - Oculta 1 a Oculta 2,Neurona H1_28,Neurona H2_16,0.002666464962331887,0.002666464962331887,0.0005308853426073387
Capa 2 - Oculta 1 a Oculta 2,Neurona H1_28,Neurona H2_17,0.1903308384876221,0.1903308384876221,0.037894310942258945
Capa 2 - Oculta 1 a Oculta 2,Neurona H1_28,Neurona H2_18,0.14543630780987649,0.14543630780987649,0.028955941739309658
Capa 2 - Oculta 1 a Oculta 2,Neurona H1_28,Neurona H2_19,-0.1892687309219937,0.1892687309219937,0.03768284844534641
Capa 2 - Oculta 1 a Oculta 2,Neurona H1_28,Neurona H2_20,-0.1220612356481466,0.1220612356481466,0.024302033524367713
Capa 2 - Oculta 1 a Oculta 2,Neurona H1_28,Neurona H2_21,-0.14544262652995152,0.14544262652995152,0.028957199777918552
Capa 2 - Oculta 1 a Oculta 2,Neurona H1_28,Neurona H2_22,0.1558927814108057,0.1558927814108057,0.031037794922649166
Capa 2 - Oculta 1 a Oculta 2,Neurona H1_28,Neurona H2_23,-0.1206219919802884,0.1206219919802884,0.024015484337147886
Capa 2 - Oculta 1 a Oculta 2,Neurona H1_28,Neurona H2_24,-0.16313511771247588,0.16313511771247588,0.032479722809609785
Capa 2 - Oculta 1 a Oculta 2,Neurona H1_28,Neurona H2_25,-0.011912432519593627,0.011912432519593627,0.0023717303279022495
Capa 2 - Oculta 1 a Oculta 2,Neurona H1_28,Neurona H2_26,0.09301962160682826,0.09301962160682826,0.018519933463802065
Capa 2 - Oculta 1 a Oculta 2,Neurona H1_28,Neurona H2_27,-0.09761921565354846,0.09761921565354846,0.019435699129521616
Capa 2 - Oculta 1 a Oculta 2,Neurona H1_28,Neurona H2_28,-0.2601875465071692,0.2601875465071692,0.05180257634018323
Capa 2 - Oculta 1 a Oculta 2,Neurona H1_28,Neurona H2_29,-0.14475536602531996,0.14475536602531996,0.028820368229926733
Capa 2 - Oculta 1 a Oculta 2,Neurona H1_28,Neurona H2_30,0.07864356901579173,0.07864356901579173,0.015657703615314142
Capa 2 - Oculta 1 a Oculta 2,Neurona H1_28,Neurona H2_31,-0.1317947388714346,0.1317947388714346,0.026239945428878884
Capa 2 - Oculta 1 a Oculta 2,Neurona H1_28,Neurona H2_32,-0.13141472816008395,0.13141472816008395,0.02616428641233834
Capa 2 - Oculta 1 a Oculta 2,Neurona H1_29,Neurona H2_1,0.1615881137447243,0.1615881137447243,0.03217171886317259
Capa 2 - Oculta 1 a Oculta 2,Neurona H1_29,Neurona H2_2,0.20903844588564496,0.20903844588564496,0.04161894063106518
Capa 2 - Oculta 1 a Oculta 2,Neurona H1_29,Neurona H2_3,0.23271339137681046,0.23271339137681046,0.04633255274517144
Capa 2 - Oculta 1 a Oculta 2,Neurona H1_29,Neurona H2_4,-0.05375247311727255,0.05375247311727255,0.010701959526930831
Capa 2 - Oculta 1 a Oculta 2,Neurona H1_29,Neurona H2_5,-0.06038760361073111,0.06038760361073111,0.012022994520836638
Capa 2 - Oculta 1 a Oculta 2,Neurona H1_29,Neurona H2_6,0.11928769170309256,0.11928769170309256,0.023749829070790776
Capa 2 - Oculta 1 a Oculta 2,Neurona H1_29,Neurona H2_7,0.12002291205015046,0.12002291205015046,0.023896209282551886
Capa 2 - Oculta 1 a Oculta 2,Neurona H1_29,Neurona H2_8,0.25093684261618704,0.25093684261618704,0.04996078836475517
Capa 2 - Oculta 1 a Oculta 2,Neurona H1_29,Neurona H2_9,-0.22712699604660225,0.22712699604660225,0.04522031784213936
Capa 2 - Oculta 1 a Oculta 2,Neurona H1_29,Neurona H2_10,0.16457689798563088,0.16457689798563088,0.032766777027494205
Capa 2 - Oculta 1 a Oculta 2,Neurona H1_29,Neurona H2_11,-0.21589796186969856,0.21589796186969856,0.0429846501171295
Capa 2 - Oculta 1 a Oculta 2,Neurona H1_29,Neurona H2_12,0.08978159624505007,0.08978159624505007,0.017875252124334717
Capa 2 - Oculta 1 a Oculta 2,Neurona H1_29,Neurona H2_13,0.21153549480252662,0.21153549480252662,0.042116095736597366
Capa 2 - Oculta 1 a Oculta 2,Neurona H1_29,Neurona H2_14,-0.1488322726430473,0.1488322726430473,0.029632068363663916
Capa 2 - Oculta 1 a Oculta 2,Neurona H1_29,Neurona H2_15,0.1474565461050249,0.1474565461050249,0.029358165250444934
Capa 2 - Oculta 1 a Oculta 2,Neurona H1_29,Neurona H2_16,0.16163838062513544,0.16163838062513544,0.0321817268514289
Capa 2 - Oculta 1 a Oculta 2,Neurona H1_29,Neurona H2_17,-0.1360379254183352,0.1360379254183352,0.027084751408151222
Capa 2 - Oculta 1 a Oculta 2,Neurona H1_29,Neurona H2_18,0.17178335002250872,0.17178335002250872,0.03420156046272656
Capa 2 - Oculta 1 a Oculta 2,Neurona H1_29,Neurona H2_19,-0.1934735688938676,0.1934735688938676,0.03852001933596049
Capa 2 - Oculta 1 a Oculta 2,Neurona H1_29,Neurona H2_20,-0.162582886186393,0.162582886186393,0.032369775134667635
Capa 2 - Oculta 1 a Oculta 2,Neurona H1_29,Neurona H2_21,-0.048609587332055094,0.048609587332055094,0.009678026071721323
Capa 2 - Oculta 1 a Oculta 2,Neurona H1_29,Neurona H2_22,-0.1923594408548761,0.1923594408548761,0.03829819971558521
Capa 2 - Oculta 1 a Oculta 2,Neurona H1_29,Neurona H2_23,-0.18899352399603508,0.18899352399603508,0.037628055554669276
Capa 2 - Oculta 1 a Oculta 2,Neurona H1_29,Neurona H2_24,0.1037388866073914,0.1037388866073914,0.02065410764299179
Capa 2 - Oculta 1 a Oculta 2,Neurona H1_29,Neurona H2_25,-0.18602962574768475,0.18602962574768475,0.03703795211837559
Capa 2 - Oculta 1 a Oculta 2,Neurona H1_29,Neurona H2_26,-0.05643178589705237,0.05643178589705237,0.011235402832258084
Capa 2 - Oculta 1 a Oculta 2,Neurona H1_29,Neurona H2_27,-0.16453032609550708,0.16453032609550708,0.03275750470095194
Capa 2 - Oculta 1 a Oculta 2,Neurona H1_29,Neurona H2_28,0.045157435975124685,0.045157435975124685,0.00899071287550604
Capa 2 - Oculta 1 a Oculta 2,Neurona H1_29,Neurona H2_29,0.06863888984073206,0.06863888984073206,0.013665801375247515
Capa 2 - Oculta 1 a Oculta 2,Neurona H1_29,Neurona H2_30,-0.0775483760365085,0.0775483760365085,0.015439653909714614
Capa 2 - Oculta 1 a Oculta 2,Neurona H1_29,Neurona H2_31,-0.2434618873172801,0.2434618873172801,0.04847254671864543
Capa 2 - Oculta 1 a Oculta 2,Neurona H1_29,Neurona H2_32,0.1499911941469552,0.1499911941469552,0.029862806231345893
Capa 2 - Oculta 1 a Oculta 2,Neurona H1_30,Neurona H2_1,0.08146248207086544,0.08146248207086544,0.016218940925447168
Capa 2 - Oculta 1 a Oculta 2,Neurona H1_30,Neurona H2_2,0.01963800097933175,0.01963800097933175,0.003909868318284002
Capa 2 - Oculta 1 a Oculta 2,Neurona H1_30,Neurona H2_3,0.20849846176592177,0.20849846176592177,0.04151143137875868
Capa 2 - Oculta 1 a Oculta 2,Neurona H1_30,Neurona H2_4,0.2294697410361427,0.2294697410361427,0.04568675148892771
Capa 2 - Oculta 1 a Oculta 2,Neurona H1_30,Neurona H2_5,0.06523495985005767,0.06523495985005767,0.012988088911427921
Capa 2 - Oculta 1 a Oculta 2,Neurona H1_30,Neurona H2_6,0.21144324739630266,0.21144324739630266,0.042097729548948304
Capa 2 - Oculta 1 a Oculta 2,Neurona H1_30,Neurona H2_7,-0.1621700858835639,0.1621700858835639,0.032287587806766584
Capa 2 - Oculta 1 a Oculta 2,Neurona H1_30,Neurona H2_8,-0.143772044950695,0.143772044950695,0.028624591891977497
Capa 2 - Oculta 1 a Oculta 2,Neurona H1_30,Neurona H2_9,0.25706391170764903,0.25706391170764903,0.05118066982569701
Capa 2 - Oculta 1 a Oculta 2,Neurona H1_30,Neurona H2_10,-0.06563897207527217,0.06563897207527217,0.013068526558886441
Capa 2 - Oculta 1 a Oculta 2,Neurona H1_30,Neurona H2_11,0.026035179587114526,0.026035179587114526,0.005183527790615139
Capa 2 - Oculta 1 a Oculta 2,Neurona H1_30,Neurona H2_12,0.2476867689085635,0.2476867689085635,0.04931370823501594
Capa 2 - Oculta 1 a Oculta 2,Neurona H1_30,Neurona H2_13,0.04099620867384696,0.04099620867384696,0.00816222474132336
Capa 2 - Oculta 1 a Oculta 2,Neurona H1_30,Neurona H2_14,0.1805656926303116,0.1805656926303116,0.03595009908224814
Capa 2 - Oculta 1 a Oculta 2,Neurona H1_30,Neurona H2_15,0.13177545820332318,0.13177545820332318,0.026236106704485115
Capa 2 - Oculta 1 a Oculta 2,Neurona H1_30,Neurona H2_16,0.1892364202122177,0.1892364202122177,0.037676415477926384
Capa 2 - Oculta 1 a Oculta 2,Neurona H1_30,Neurona H2_17,-0.03689030154554512,0.03689030154554512,0.0073447506911051355
Capa 2 - Oculta 1 a Oculta 2,Neurona H1_30,Neurona H2_18,0.20383933980101432,0.20383933980101432,0.04058381387936121
Capa 2 - Oculta 1 a Oculta 2,Neurona H1_30,Neurona H2_19,-0.1662594664642573,0.1662594664642573,0.03310177146989435
Capa 2 - Oculta 1 a Oculta 2,Neurona H1_30,Neurona H2_20,0.1448479048201605,0.1448479048201605,0.028838792432193554
Capa 2 - Oculta 1 a Oculta 2,Neurona H1_30,Neurona H2_21,-0.12952760325481216,0.12952760325481216,0.0257885653861742
Capa 2 - Oculta 1 a Oculta 2,Neurona H1_30,Neurona H2_22,0.04459531626307697,0.04459531626307697,0.008878796491779847
Capa 2 - Oculta 1 a Oculta 2,Neurona H1_30,Neurona H2_23,0.10512715613210072,0.10512715613210072,0.02093050802802145
Capa 2 - Oculta 1 a Oculta 2,Neurona H1_30,Neurona H2_24,0.08620208032811742,0.08620208032811742,0.017162581018292003
Capa 2 - Oculta 1 a Oculta 2,Neurona H1_30,Neurona H2_25,-0.038088776413642535,0.038088776413642535,0.007583363517429231
Capa 2 - Oculta 1 a Oculta 2,Neurona H1_30,Neurona H2_26,0.24258715372636686,0.24258715372636686,0.04829838982978235
Capa 2 - Oculta 1 a Oculta 2,Neurona H1_30,Neurona H2_27,-0.12581094448867622,0.12581094448867622,0.025048589541642904
Capa 2 - Oculta 1 a Oculta 2,Neurona H1_30,Neurona H2_28,0.10947549862820603,0.10947549862820603,0.021796250247938007
Capa 2 - Oculta 1 a Oculta 2,Neurona H1_30,Neurona H2_29,-0.0956864236641507,0.0956864236641507,0.019050885921031973
Capa 2 - Oculta 1 a Oculta 2,Neurona H1_30,Neurona H2_30,0.14067008067712738,0.14067008067712738,0.02800699991556221
Capa 2 - Oculta 1 a Oculta 2,Neurona H1_30,Neurona H2_31,-0.15349789731720204,0.15349789731720204,0.030560980533374096
Capa 2 - Oculta 1 a Oculta 2,Neurona H1_30,Neurona H2_32,-0.2319224202667041,0.2319224202667041,0.04617507272022706
Capa 2 - Oculta 1 a Oculta 2,Neurona H1_31,Neurona H2_1,-0.07184880037910511,0.07184880037910511,0.01430488513594798
Capa 2 - Oculta 1 a Oculta 2,Neurona H1_31,Neurona H2_2,0.28409417545575116,0.28409417545575116,0.05656231595020806
Capa 2 - Oculta 1 a Oculta 2,Neurona H1_31,Neurona H2_3,-0.05658654686010427,0.05658654686010427,0.01126621528546962
Capa 2 - Oculta 1 a Oculta 2,Neurona H1_31,Neurona H2_4,0.07649669683689918,0.07649669683689918,0.015230267669848427
Capa 2 - Oculta 1 a Oculta 2,Neurona H1_31,Neurona H2_5,-0.23637450822505127,0.23637450822505127,0.047061470356976116
Capa 2 - Oculta 1 a Oculta 2,Neurona H1_31,Neurona H2_6,-0.08031049709463561,0.08031049709463561,0.015989584100053352
Capa 2 - Oculta 1 a Oculta 2,Neurona H1_31,Neurona H2_7,0.14418157566020975,0.14418157566020975,0.02870612825345244
Capa 2 - Oculta 1 a Oculta 2,Neurona H1_31,Neurona H2_8,0.18088689576704242,0.18088689576704242,0.03601404968339939
Capa 2 - Oculta 1 a Oculta 2,Neurona H1_31,Neurona H2_9,0.23226257783147358,0.23226257783147358,0.04624279709233177
Capa 2 - Oculta 1 a Oculta 2,Neurona H1_31,Neurona H2_10,0.36286818020119865,0.36286818020119865,0.07224598893620765
Capa 2 - Oculta 1 a Oculta 2,Neurona H1_31,Neurona H2_11,0.08952132596445052,0.08952132596445052,0.017823433075879733
Capa 2 - Oculta 1 a Oculta 2,Neurona H1_31,Neurona H2_12,0.16005201049155596,0.16005201049155596,0.031865885216993586
Capa 2 - Oculta 1 a Oculta 2,Neurona H1_31,Neurona H2_13,-0.09491915709036342,0.09491915709036342,0.01889812539964864
Capa 2 - Oculta 1 a Oculta 2,Neurona H1_31,Neurona H2_14,0.12527920267700682,0.12527920267700682,0.024942721308662305
Capa 2 - Oculta 1 a Oculta 2,Neurona H1_31,Neurona H2_15,0.16439091713261644,0.16439091713261644,0.03272974878588377
Capa 2 - Oculta 1 a Oculta 2,Neurona H1_31,Neurona H2_16,-0.13233868638991614,0.13233868638991614,0.02634824378223768
Capa 2 - Oculta 1 a Oculta 2,Neurona H1_31,Neurona H2_17,0.1341266160286947,0.1341266160286947,0.026704215322178967
Capa 2 - Oculta 1 a Oculta 2,Neurona H1_31,Neurona H2_18,0.1490537038058412,0.1490537038058412,0.029676154657834075
Capa 2 - Oculta 1 a Oculta 2,Neurona H1_31,Neurona H2_19,-0.39325648197647595,0.39325648197647595,0.07829621056939004
Capa 2 - Oculta 1 a Oculta 2,Neurona H1_31,Neurona H2_20,0.155779107701231,0.155779107701231,0.031015162820931905
Capa 2 - Oculta 1 a Oculta 2,Neurona H1_31,Neurona H2_21,0.04605467210500637,0.04605467210500637,0.009169349953787903
Capa 2 - Oculta 1 a Oculta 2,Neurona H1_31,Neurona H2_22,-0.25715624654983504,0.25715624654983504,0.05119905342158931
Capa 2 - Oculta 1 a Oculta 2,Neurona H1_31,Neurona H2_23,-0.09100891514275279,0.09100891514275279,0.018119607712238472
Capa 2 - Oculta 1 a Oculta 2,Neurona H1_31,Neurona H2_24,0.0006406359214310852,0.0006406359214310852,0.0001275487304127486
Capa 2 - Oculta 1 a Oculta 2,Neurona H1_31,Neurona H2_25,0.12039120740438944,0.12039120740438944,0.023969535805899434
Capa 2 - Oculta 1 a Oculta 2,Neurona H1_31,Neurona H2_26,-0.0542602278821563,0.0542602278821563,0.010803052009346233
Capa 2 - Oculta 1 a Oculta 2,Neurona H1_31,Neurona H2_27,0.33580347808032474,0.33580347808032474,0.06685748623282305
Capa 2 - Oculta 1 a Oculta 2,Neurona H1_31,Neurona H2_28,-0.19835661535756538,0.19835661535756538,0.03949221954540209
Capa 2 - Oculta 1 a Oculta 2,Neurona H1_31,Neurona H2_29,-0.0006515491112616634,0.0006515491112616634,0.0001297215144560382
Capa 2 - Oculta 1 a Oculta 2,Neurona H1_31,Neurona H2_30,-0.37138260556964314,0.37138260556964314,0.07394118602024444
Capa 2 - Oculta 1 a Oculta 2,Neurona H1_31,Neurona H2_31,0.3132138856482199,0.3132138856482199,0.06235996472509979
Capa 2 - Oculta 1 a Oculta 2,Neurona H1_31,Neurona H2_32,-0.03666532080070632,0.03666532080070632,0.007299957685574942
Capa 2 - Oculta 1 a Oculta 2,Neurona H1_32,Neurona H2_1,0.012794001879506056,0.012794001879506056,0.002547248198296449
Capa 2 - Oculta 1 a Oculta 2,Neurona H1_32,Neurona H2_2,0.004036886889303428,0.004036886889303428,0.0008037323233457045
Capa 2 - Oculta 1 a Oculta 2,Neurona H1_32,Neurona H2_3,0.05927346476478921,0.05927346476478921,0.011801172748829272
Capa 2 - Oculta 1 a Oculta 2,Neurona H1_32,Neurona H2_4,0.11939667898080926,0.11939667898080926,0.023771528117689136
Capa 2 - Oculta 1 a Oculta 2,Neurona H1_32,Neurona H2_5,-0.17174078149548433,0.17174078149548433,0.034193085194019535
Capa 2 - Oculta 1 a Oculta 2,Neurona H1_32,Neurona H2_6,0.10964158380324354,0.10964158380324354,0.021829317318496726
Capa 2 - Oculta 1 a Oculta 2,Neurona H1_32,Neurona H2_7,0.32708436243085554,0.32708436243085554,0.06512153591500847
Capa 2 - Oculta 1 a Oculta 2,Neurona H1_32,Neurona H2_8,-0.2991649183487345,0.2991649183487345,0.05956285659751199
Capa 2 - Oculta 1 a Oculta 2,Neurona H1_32,Neurona H2_9,0.11397315406947905,0.11397315406947905,0.02269172023670615
Capa 2 - Oculta 1 a Oculta 2,Neurona H1_32,Neurona H2_10,0.14771871240835466,0.14771871240835466,0.0294103617914569
Capa 2 - Oculta 1 a Oculta 2,Neurona H1_32,Neurona H2_11,-0.17801256048711983,0.17801256048711983,0.03544177797107373
Capa 2 - Oculta 1 a Oculta 2,Neurona H1_32,Neurona H2_12,-0.043431266738997575,0.043431266738997575,0.008647037650342694
Capa 2 - Oculta 1 a Oculta 2,Neurona H1_32,Neurona H2_13,-0.2003941270340572,0.2003941270340572,0.039897882136031015
Capa 2 - Oculta 1 a Oculta 2,Neurona H1_32,Neurona H2_14,0.07116867194691819,0.07116867194691819,0.014169473562633032
Capa 2 - Oculta 1 a Oculta 2,Neurona H1_32,Neurona H2_15,-0.07111842957516146,0.07111842957516146,0.014159470453977837
Capa 2 - Oculta 1 a Oculta 2,Neurona H1_32,Neurona H2_16,-0.1861277095569922,0.1861277095569922,0.0370574803167371
Capa 2 - Oculta 1 a Oculta 2,Neurona H1_32,Neurona H2_17,0.18449696360018805,0.18449696360018805,0.0367328035862293
Capa 2 - Oculta 1 a Oculta 2,Neurona H1_32,Neurona H2_18,0.10224983050974065,0.10224983050974065,0.0203576409472991
Capa 2 - Oculta 1 a Oculta 2,Neurona H1_32,Neurona H2_19,-0.17184871073579389,0.17184871073579389,0.03421457358877757
Capa 2 - Oculta 1 a Oculta 2,Neurona H1_32,Neurona H2_20,0.14897676861485068,0.14897676861485068,0.029660837087266093
Capa 2 - Oculta 1 a Oculta 2,Neurona H1_32,Neurona H2_21,0.18589815170853669,0.18589815170853669,0.037011776023319745
Capa 2 - Oculta 1 a Oculta 2,Neurona H1_32,Neurona H2_22,-0.2752591262111588,0.2752591262111588,0.0548032835941008
Capa 2 - Oculta 1 a Oculta 2,Neurona H1_32,Neurona H2_23,0.2831311170725231,0.2831311170725231,0.05637057385460453
Capa 2 - Oculta 1 a Oculta 2,Neurona H1_32,Neurona H2_24,0.0922718895318012,0.0922718895318012,0.01837106220374917
Capa 2 - Oculta 1 a Oculta 2,Neurona H1_32,Neurona H2_25,0.23345190109004896,0.23345190109004896,0.046479587860078254
Capa 2 - Oculta 1 a Oculta 2,Neurona H1_32,Neurona H2_26,-0.059031127028066795,0.059031127028066795,0.01175292401719244
Capa 2 - Oculta 1 a Oculta 2,Neurona H1_32,Neurona H2_27,-0.09194208395773473,0.09194208395773473,0.018305398882589696
Capa 2 - Oculta 1 a Oculta 2,Neurona H1_32,Neurona H2_28,-0.33137045917106256,0.33137045917106256,0.06597488518774111
Capa 2 - Oculta 1 a Oculta 2,Neurona H1_32,Neurona H2_29,0.09417121799914349,0.09417121799914349,0.018749212923279752
Capa 2 - Oculta 1 a Oculta 2,Neurona H1_32,Neurona H2_30,-0.30809639172234243,0.30809639172234243,0.06134108671450912
Capa 2 - Oculta 1 a Oculta 2,Neurona H1_32,Neurona H2_31,0.07885122377051582,0.07885122377051582,0.015699047067098834
Capa 2 - Oculta 1 a Oculta 2,Neurona H1_32,Neurona H2_32,0.12203464095830412,0.12203464095830412,0.024296738599728532
Capa 2 - Oculta 1 a Oculta 2,Neurona H1_33,Neurona H2_1,-0.08760389651293801,0.08760389651293801,0.017441678503563353
Capa 2 - Oculta 1 a Oculta 2,Neurona H1_33,Neurona H2_2,0.18457842594587634,0.18457842594587634,0.03674902250000138
Capa 2 - Oculta 1 a Oculta 2,Neurona H1_33,Neurona H2_3,0.10137750967192133,0.10137750967192133,0.02018396443049078
Capa 2 - Oculta 1 a Oculta 2,Neurona H1_33,Neurona H2_4,0.1850893108608238,0.1850893108608238,0.03685073818610123
Capa 2 - Oculta 1 a Oculta 2,Neurona H1_33,Neurona H2_5,-0.26909077400798065,0.26909077400798065,0.05357518278686455
Capa 2 - Oculta 1 a Oculta 2,Neurona H1_33,Neurona H2_6,0.13838669022631456,0.13838669022631456,0.027552383583110577
Capa 2 - Oculta 1 a Oculta 2,Neurona H1_33,Neurona H2_7,0.28702607187396,0.28702607187396,0.057146047916109784
Capa 2 - Oculta 1 a Oculta 2,Neurona H1_33,Neurona H2_8,-0.25655633825096597,0.25655633825096597,0.051079613441211855
Capa 2 - Oculta 1 a Oculta 2,Neurona H1_33,Neurona H2_9,0.0871988429716826,0.0871988429716826,0.017361033533139423
Capa 2 - Oculta 1 a Oculta 2,Neurona H1_33,Neurona H2_10,0.20588513133604927,0.20588513133604927,0.04099112496550818
Capa 2 - Oculta 1 a Oculta 2,Neurona H1_33,Neurona H2_11,0.1647604515631808,0.1647604515631808,0.03280332200568854
Capa 2 - Oculta 1 a Oculta 2,Neurona H1_33,Neurona H2_12,0.3228500254921043,0.3228500254921043,0.0642784918667274
Capa 2 - Oculta 1 a Oculta 2,Neurona H1_33,Neurona H2_13,0.12215354632497094,0.12215354632497094,0.024320412309007486
Capa 2 - Oculta 1 a Oculta 2,Neurona H1_33,Neurona H2_14,0.08015236417548084,0.08015236417548084,0.015958100300285154
Capa 2 - Oculta 1 a Oculta 2,Neurona H1_33,Neurona H2_15,0.18148676831488592,0.18148676831488592,0.036133482545852656
Capa 2 - Oculta 1 a Oculta 2,Neurona H1_33,Neurona H2_16,0.14003765130240153,0.14003765130240153,0.02788108508449589
Capa 2 - Oculta 1 a Oculta 2,Neurona H1_33,Neurona H2_17,0.19428154183400928,0.19428154183400928,0.03868088437533061
Capa 2 - Oculta 1 a Oculta 2,Neurona H1_33,Neurona H2_18,0.027109488391416997,0.027109488391416997,0.005397419518312707
Capa 2 - Oculta 1 a Oculta 2,Neurona H1_33,Neurona H2_19,0.03302073898810567,0.03302073898810567,0.006574332150802906
Capa 2 - Oculta 1 a Oculta 2,Neurona H1_33,Neurona H2_20,0.21215404984384642,0.21215404984384642,0.042239248228631385
Capa 2 - Oculta 1 a Oculta 2,Neurona H1_33,Neurona H2_21,-0.224635977648606,0.224635977648606,0.04472436339520565
Capa 2 - Oculta 1 a Oculta 2,Neurona H1_33,Neurona H2_22,-0.0835656253200319,0.0835656253200319,0.016637670569436044
Capa 2 - Oculta 1 a Oculta 2,Neurona H1_33,Neurona H2_23,0.21419252035243475,0.21419252035243475,0.04264510171991464
Capa 2 - Oculta 1 a Oculta 2,Neurona H1_33,Neurona H2_24,0.10830204562896506,0.10830204562896506,0.021562619202214136
Capa 2 - Oculta 1 a Oculta 2,Neurona H1_33,Neurona H2_25,0.24447786484607564,0.24447786484607564,0.04867482486070821
Capa 2 - Oculta 1 a Oculta 2,Neurona H1_33,Neurona H2_26,-0.006603110770394099,0.006603110770394099,0.0013146599610854219
Capa 2 - Oculta 1 a Oculta 2,Neurona H1_33,Neurona H2_27,-0.0991263611427478,0.0991263611427478,0.01973576736994319
Capa 2 - Oculta 1 a Oculta 2,Neurona H1_33,Neurona H2_28,-0.05383359082015779,0.05383359082015779,0.010718109823333035
Capa 2 - Oculta 1 a Oculta 2,Neurona H1_33,Neurona H2_29,0.1493090153830636,0.1493090153830636,0.02972698644301035
Capa 2 - Oculta 1 a Oculta 2,Neurona H1_33,Neurona H2_30,-0.05959122089454029,0.05959122089454029,0.011864437061014704
Capa 2 - Oculta 1 a Oculta 2,Neurona H1_33,Neurona H2_31,0.17129707678941572,0.17129707678941572,0.03410474489019955
Capa 2 - Oculta 1 a Oculta 2,Neurona H1_33,Neurona H2_32,-0.27627488158859664,0.27627488158859664,0.05500551750648072
Capa 2 - Oculta 1 a Oculta 2,Neurona H1_34,Neurona H2_1,-0.15709497870208186,0.15709497870208186,0.031277148872495414
Capa 2 - Oculta 1 a Oculta 2,Neurona H1_34,Neurona H2_2,-0.059709530657300454,0.059709530657300454,0.011887992187305131
Capa 2 - Oculta 1 a Oculta 2,Neurona H1_34,Neurona H2_3,0.1877034707463458,0.1877034707463458,0.03737120974153545
Capa 2 - Oculta 1 a Oculta 2,Neurona H1_34,Neurona H2_4,-0.037918529933640234,0.037918529933640234,0.007549467943273748
Capa 2 - Oculta 1 a Oculta 2,Neurona H1_34,Neurona H2_5,-0.09823824354453121,0.09823824354453121,0.019558945764534773
Capa 2 - Oculta 1 a Oculta 2,Neurona H1_34,Neurona H2_6,-0.0368621765028549,0.0368621765028549,0.007339151077708609
Capa 2 - Oculta 1 a Oculta 2,Neurona H1_34,Neurona H2_7,-0.03026128041309676,0.03026128041309676,0.006024932053033301
Capa 2 - Oculta 1 a Oculta 2,Neurona H1_34,Neurona H2_8,-0.23541800509899863,0.23541800509899863,0.04687103339382346
Capa 2 - Oculta 1 a Oculta 2,Neurona H1_34,Neurona H2_9,0.09188278018546547,0.09188278018546547,0.01829359167570574
Capa 2 - Oculta 1 a Oculta 2,Neurona H1_34,Neurona H2_10,0.007698858288501894,0.007698858288501894,0.0015328200737362448
Capa 2 - Oculta 1 a Oculta 2,Neurona H1_34,Neurona H2_11,0.13567150868532876,0.13567150868532876,0.027011798912773572
Capa 2 - Oculta 1 a Oculta 2,Neurona H1_34,Neurona H2_12,-0.06443283795763666,0.06443283795763666,0.012828388798474488
Capa 2 - Oculta 1 a Oculta 2,Neurona H1_34,Neurona H2_13,-0.08977441069974812,0.08977441069974812,0.017873821503369004
Capa 2 - Oculta 1 a Oculta 2,Neurona H1_34,Neurona H2_14,-0.06687342830079912,0.06687342830079912,0.01331430316779771
Capa 2 - Oculta 1 a Oculta 2,Neurona H1_34,Neurona H2_15,-0.20539722014137635,0.20539722014137635,0.0408939832796413
Capa 2 - Oculta 1 a Oculta 2,Neurona H1_34,Neurona H2_16,-0.11934518825825033,0.11934518825825033,0.023761276466055622
Capa 2 - Oculta 1 a Oculta 2,Neurona H1_34,Neurona H2_17,0.20178538926309372,0.20178538926309372,0.04017487835970266
Capa 2 - Oculta 1 a Oculta 2,Neurona H1_34,Neurona H2_18,0.26161746156227467,0.26161746156227467,0.05208726822800207
Capa 2 - Oculta 1 a Oculta 2,Neurona H1_34,Neurona H2_19,-0.2806874998558282,0.2806874998558282,0.055884056843650914
Capa 2 - Oculta 1 a Oculta 2,Neurona H1_34,Neurona H2_20,-0.12222007058903937,0.12222007058903937,0.024333657094602116
Capa 2 - Oculta 1 a Oculta 2,Neurona H1_34,Neurona H2_21,-0.030908990404391618,0.030908990404391618,0.006153889209979423
Capa 2 - Oculta 1 a Oculta 2,Neurona H1_34,Neurona H2_22,-0.2535286324185272,0.2535286324185272,0.05047680610232869
Capa 2 - Oculta 1 a Oculta 2,Neurona H1_34,Neurona H2_23,0.28776504824915045,0.28776504824915045,0.05729317594204064
Capa 2 - Oculta 1 a Oculta 2,Neurona H1_34,Neurona H2_24,0.16565315801882274,0.16565315801882274,0.0329810572391329
Capa 2 - Oculta 1 a Oculta 2,Neurona H1_34,Neurona H2_25,-0.047310863316005404,0.047310863316005404,0.009419453934471128
Capa 2 - Oculta 1 a Oculta 2,Neurona H1_34,Neurona H2_26,-0.10207045113041466,0.10207045113041466,0.020321927039711547
Capa 2 - Oculta 1 a Oculta 2,Neurona H1_34,Neurona H2_27,-0.09686563205795426,0.09686563205795426,0.019285662848909695
Capa 2 - Oculta 1 a Oculta 2,Neurona H1_34,Neurona H2_28,-0.22334849061281975,0.22334849061281975,0.04446802850772296
Capa 2 - Oculta 1 a Oculta 2,Neurona H1_34,Neurona H2_29,0.05356034737770934,0.05356034737770934,0.010663707856456038
Capa 2 - Oculta 1 a Oculta 2,Neurona H1_34,Neurona H2_30,0.024618224909103502,0.024618224909103502,0.004901416275811246
Capa 2 - Oculta 1 a Oculta 2,Neurona H1_34,Neurona H2_31,-0.05537966341372645,0.05537966341372645,0.011025928335905846
Capa 2 - Oculta 1 a Oculta 2,Neurona H1_34,Neurona H2_32,-0.28511393012208336,0.28511393012208336,0.05676534610926095
Capa 2 - Oculta 1 a Oculta 2,Neurona H1_35,Neurona H2_1,0.14970722993755567,0.14970722993755567,0.029806269791255766
Capa 2 - Oculta 1 a Oculta 2,Neurona H1_35,Neurona H2_2,-0.041341858226765615,0.041341858226765615,0.008231042552138627
Capa 2 - Oculta 1 a Oculta 2,Neurona H1_35,Neurona H2_3,-0.06107766787237176,0.06107766787237176,0.012160384288614346
Capa 2 - Oculta 1 a Oculta 2,Neurona H1_35,Neurona H2_4,-0.00022284875588229972,0.00022284875588229972,4.436853279059458e-05
Capa 2 - Oculta 1 a Oculta 2,Neurona H1_35,Neurona H2_5,-0.11806309324263786,0.11806309324263786,0.023506015113953196
Capa 2 - Oculta 1 a Oculta 2,Neurona H1_35,Neurona H2_6,-0.14048666054079925,0.14048666054079925,0.02797048150512321
Capa 2 - Oculta 1 a Oculta 2,Neurona H1_35,Neurona H2_7,0.1315041903904443,0.1315041903904443,0.026182098079653004
Capa 2 - Oculta 1 a Oculta 2,Neurona H1_35,Neurona H2_8,0.17119284627563125,0.17119284627563125,0.03408399290102951
Capa 2 - Oculta 1 a Oculta 2,Neurona H1_35,Neurona H2_9,0.20484858115723334,0.20484858115723334,0.0407847508692481
Capa 2 - Oculta 1 a Oculta 2,Neurona H1_35,Neurona H2_10,0.1791721132993957,0.1791721132993957,0.03567264153039761
Capa 2 - Oculta 1 a Oculta 2,Neurona H1_35,Neurona H2_11,0.1196362652373103,0.1196362652373103,0.023819229037694976
Capa 2 - Oculta 1 a Oculta 2,Neurona H1_35,Neurona H2_12,-0.10915981804578684,0.10915981804578684,0.02173339917113048
Capa 2 - Oculta 1 a Oculta 2,Neurona H1_35,Neurona H2_13,0.11881124850982262,0.11881124850982262,0.02365497063032177
Capa 2 - Oculta 1 a Oculta 2,Neurona H1_35,Neurona H2_14,-0.11201217757311524,0.11201217757311524,0.02230129557565731
Capa 2 - Oculta 1 a Oculta 2,Neurona H1_35,Neurona H2_15,0.12763162553632534,0.12763162553632534,0.02541108179089961
Capa 2 - Oculta 1 a Oculta 2,Neurona H1_35,Neurona H2_16,-0.20869309573876343,0.20869309573876343,0.041550182431112546
Capa 2 - Oculta 1 a Oculta 2,Neurona H1_35,Neurona H2_17,-0.04034966266111195,0.04034966266111195,0.008033499329089908
Capa 2 - Oculta 1 a Oculta 2,Neurona H1_35,Neurona H2_18,-0.04214077270815636,0.04214077270815636,0.008390104078976085
Capa 2 - Oculta 1 a Oculta 2,Neurona H1_35,Neurona H2_19,-0.24786258334632857,0.24786258334632857,0.049348712373208925
Capa 2 - Oculta 1 a Oculta 2,Neurona H1_35,Neurona H2_20,0.18131317530418722,0.18131317530418722,0.03609892068726427
Capa 2 - Oculta 1 a Oculta 2,Neurona H1_35,Neurona H2_21,0.06856160946510949,0.06856160946510949,0.013650415079433102
Capa 2 - Oculta 1 a Oculta 2,Neurona H1_35,Neurona H2_22,0.09620054539863379,0.09620054539863379,0.01915324604839485
Capa 2 - Oculta 1 a Oculta 2,Neurona H1_35,Neurona H2_23,0.07923702272626182,0.07923702272626182,0.01577585850609845
Capa 2 - Oculta 1 a Oculta 2,Neurona H1_35,Neurona H2_24,-0.0781622788669662,0.0781622788669662,0.015561880160229502
Capa 2 - Oculta 1 a Oculta 2,Neurona H1_35,Neurona H2_25,0.02183694457647077,0.02183694457647077,0.004347671530189121
Capa 2 - Oculta 1 a Oculta 2,Neurona H1_35,Neurona H2_26,-0.15613240151481722,0.15613240151481722,0.031085502581594933
Capa 2 - Oculta 1 a Oculta 2,Neurona H1_35,Neurona H2_27,-0.11117034706725314,0.11117034706725314,0.022133689594391732
Capa 2 - Oculta 1 a Oculta 2,Neurona H1_35,Neurona H2_28,-0.10496355313137612,0.10496355313137612,0.0208979351510783
Capa 2 - Oculta 1 a Oculta 2,Neurona H1_35,Neurona H2_29,0.11148887550787231,0.11148887550787231,0.02219710767140273
Capa 2 - Oculta 1 a Oculta 2,Neurona H1_35,Neurona H2_30,0.02853225447738211,0.02853225447738211,0.005680688067372186
Capa 2 - Oculta 1 a Oculta 2,Neurona H1_35,Neurona H2_31,0.1823964180816543,0.1823964180816543,0.03631459114277988
Capa 2 - Oculta 1 a Oculta 2,Neurona H1_35,Neurona H2_32,-0.0009971963802283418,0.0009971963802283418,0.0001985388705431745
Capa 2 - Oculta 1 a Oculta 2,Neurona H1_36,Neurona H2_1,-0.09582692760306742,0.09582692760306742,0.019078859842611
Capa 2 - Oculta 1 a Oculta 2,Neurona H1_36,Neurona H2_2,-0.15329595070603114,0.15329595070603114,0.030520773556206058
Capa 2 - Oculta 1 a Oculta 2,Neurona H1_36,Neurona H2_3,0.28890306660446147,0.28890306660446147,0.05751975205422941
Capa 2 - Oculta 1 a Oculta 2,Neurona H1_36,Neurona H2_4,0.12586834986406212,0.12586834986406212,0.02506001878328296
Capa 2 - Oculta 1 a Oculta 2,Neurona H1_36,Neurona H2_5,0.12087727645104389,0.12087727645104389,0.024066310725506218
Capa 2 - Oculta 1 a Oculta 2,Neurona H1_36,Neurona H2_6,-0.2395095337792254,0.2395095337792254,0.047685644737259364
Capa 2 - Oculta 1 a Oculta 2,Neurona H1_36,Neurona H2_7,-0.12167968484043984,0.12167968484043984,0.02422606787916592
Capa 2 - Oculta 1 a Oculta 2,Neurona H1_36,Neurona H2_8,-0.0007130648685113708,0.0007130648685113708,0.00014196912105301398
Capa 2 - Oculta 1 a Oculta 2,Neurona H1_36,Neurona H2_9,0.30652455826029434,0.30652455826029434,0.061028139288681595
Capa 2 - Oculta 1 a Oculta 2,Neurona H1_36,Neurona H2_10,0.25314046450992606,0.25314046450992606,0.050399523011773216
Capa 2 - Oculta 1 a Oculta 2,Neurona H1_36,Neurona H2_11,-0.014645007305654626,0.014645007305654626,0.002915777942249865
Capa 2 - Oculta 1 a Oculta 2,Neurona H1_36,Neurona H2_12,0.04490181244693292,0.04490181244693292,0.008939818981807958
Capa 2 - Oculta 1 a Oculta 2,Neurona H1_36,Neurona H2_13,-0.08310287426051924,0.08310287426051924,0.01654553819258439
Capa 2 - Oculta 1 a Oculta 2,Neurona H1_36,Neurona H2_14,0.05542957479031487,0.05542957479031487,0.011035865544395161
Capa 2 - Oculta 1 a Oculta 2,Neurona H1_36,Neurona H2_15,-0.006212441445975043,0.006212441445975043,0.0012368788459872467
Capa 2 - Oculta 1 a Oculta 2,Neurona H1_36,Neurona H2_16,-0.2782201341622235,0.2782201341622235,0.0553928115806937
Capa 2 - Oculta 1 a Oculta 2,Neurona H1_36,Neurona H2_17,0.10657555749473743,0.10657555749473743,0.02121888048537558
Capa 2 - Oculta 1 a Oculta 2,Neurona H1_36,Neurona H2_18,-0.10554566077463638,0.10554566077463638,0.021013831073204467
Capa 2 - Oculta 1 a Oculta 2,Neurona H1_36,Neurona H2_19,-0.3315387617677864,0.3315387617677864,0.06600839374044502
Capa 2 - Oculta 1 a Oculta 2,Neurona H1_36,Neurona H2_20,0.14620483595962147,0.14620483595962147,0.029108953436760933
Capa 2 - Oculta 1 a Oculta 2,Neurona H1_36,Neurona H2_21,-0.21327922273882785,0.21327922273882785,0.042463266847395584
Capa 2 - Oculta 1 a Oculta 2,Neurona H1_36,Neurona H2_22,-0.1356242071944898,0.1356242071944898,0.027002381324871753
Capa 2 - Oculta 1 a Oculta 2,Neurona H1_36,Neurona H2_23,0.31214587212448097,0.31214587212448097,0.062147326369273226
Capa 2 - Oculta 1 a Oculta 2,Neurona H1_36,Neurona H2_24,0.12140515914547563,0.12140515914547563,0.024171410619579007
Capa 2 - Oculta 1 a Oculta 2,Neurona H1_36,Neurona H2_25,0.031963155046492615,0.031963155046492615,0.006363770294145971
Capa 2 - Oculta 1 a Oculta 2,Neurona H1_36,Neurona H2_26,0.24507304582662137,0.24507304582662137,0.0487933236458916
Capa 2 - Oculta 1 a Oculta 2,Neurona H1_36,Neurona H2_27,-0.04750941106598973,0.04750941106598973,0.009458984208359356
Capa 2 - Oculta 1 a Oculta 2,Neurona H1_36,Neurona H2_28,-0.06117392587609913,0.06117392587609913,0.012179548974447238
Capa 2 - Oculta 1 a Oculta 2,Neurona H1_36,Neurona H2_29,0.1203291667695493,0.1203291667695493,0.023957183697715767
Capa 2 - Oculta 1 a Oculta 2,Neurona H1_36,Neurona H2_30,-0.1095049451637097,0.1095049451637097,0.021802112966672473
Capa 2 - Oculta 1 a Oculta 2,Neurona H1_36,Neurona H2_31,-0.10331808566340916,0.10331808566340916,0.020570327410934987
Capa 2 - Oculta 1 a Oculta 2,Neurona H1_36,Neurona H2_32,-0.11681289765299144,0.11681289765299144,0.023257104843872167
Capa 2 - Oculta 1 a Oculta 2,Neurona H1_37,Neurona H2_1,-0.2645257692535351,0.2645257692535351,0.05266630374764832
Capa 2 - Oculta 1 a Oculta 2,Neurona H1_37,Neurona H2_2,0.13344167534187742,0.13344167534187742,0.026567845643100687
Capa 2 - Oculta 1 a Oculta 2,Neurona H1_37,Neurona H2_3,0.3028528209027657,0.3028528209027657,0.060297107164670086
Capa 2 - Oculta 1 a Oculta 2,Neurona H1_37,Neurona H2_4,0.0014413158969224839,0.0014413158969224839,0.00028696176194039844
Capa 2 - Oculta 1 a Oculta 2,Neurona H1_37,Neurona H2_5,0.03827499353795545,0.03827499353795545,0.0076204387999612615
Capa 2 - Oculta 1 a Oculta 2,Neurona H1_37,Neurona H2_6,-0.2750833666002447,0.2750833666002447,0.05476829037177281
Capa 2 - Oculta 1 a Oculta 2,Neurona H1_37,Neurona H2_7,-0.052332999963154124,0.052332999963154124,0.010419346590930705
Capa 2 - Oculta 1 a Oculta 2,Neurona H1_37,Neurona H2_8,-0.20786000664082876,0.20786000664082876,0.04138431683849186
Capa 2 - Oculta 1 a Oculta 2,Neurona H1_37,Neurona H2_9,0.3317459469023595,0.3317459469023595,0.06604964369223693
Capa 2 - Oculta 1 a Oculta 2,Neurona H1_37,Neurona H2_10,0.08958742470092818,0.08958742470092818,0.017836593140180806
Capa 2 - Oculta 1 a Oculta 2,Neurona H1_37,Neurona H2_11,0.2534268809938377,0.2534268809938377,0.05045654769251639
Capa 2 - Oculta 1 a Oculta 2,Neurona H1_37,Neurona H2_12,0.18639200062169606,0.18639200062169606,0.03711009989149823
Capa 2 - Oculta 1 a Oculta 2,Neurona H1_37,Neurona H2_13,-0.12828412208328305,0.12828412208328305,0.025540991937020117
Capa 2 - Oculta 1 a Oculta 2,Neurona H1_37,Neurona H2_14,0.14904733158610362,0.14904733158610362,0.029674885967599495
Capa 2 - Oculta 1 a Oculta 2,Neurona H1_37,Neurona H2_15,-0.1788920850751136,0.1788920850751136,0.0356168887333844
Capa 2 - Oculta 1 a Oculta 2,Neurona H1_37,Neurona H2_16,-0.2724976294448131,0.2724976294448131,0.054253477698422196
Capa 2 - Oculta 1 a Oculta 2,Neurona H1_37,Neurona H2_17,-0.0406302794068291,0.0406302794068291,0.00808936929899235
Capa 2 - Oculta 1 a Oculta 2,Neurona H1_37,Neurona H2_18,0.3651167435850441,0.3651167435850441,0.07269367130191297
Capa 2 - Oculta 1 a Oculta 2,Neurona H1_37,Neurona H2_19,-0.1417455998403397,0.1417455998403397,0.028221132622163903
Capa 2 - Oculta 1 a Oculta 2,Neurona H1_37,Neurona H2_20,0.00942391225551543,0.00942391225551543,0.0018762732520946194
Capa 2 - Oculta 1 a Oculta 2,Neurona H1_37,Neurona H2_21,-0.2888386415607087,0.2888386415607087,0.05750692521723424
Capa 2 - Oculta 1 a Oculta 2,Neurona H1_37,Neurona H2_22,-0.3227161832920506,0.3227161832920506,0.06425184427779053
Capa 2 - Oculta 1 a Oculta 2,Neurona H1_37,Neurona H2_23,0.3208014388466183,0.3208014388466183,0.06387062428229888
Capa 2 - Oculta 1 a Oculta 2,Neurona H1_37,Neurona H2_24,0.03266932478806052,0.03266932478806052,0.00650436661567549
Capa 2 - Oculta 1 a Oculta 2,Neurona H1_37,Neurona H2_25,0.30960294769790375,0.30960294769790375,0.061641037584496766
Capa 2 - Oculta 1 a Oculta 2,Neurona H1_37,Neurona H2_26,-0.02377509290497034,0.02377509290497034,0.0047335511700623955
Capa 2 - Oculta 1 a Oculta 2,Neurona H1_37,Neurona H2_27,0.31885163060377303,0.31885163060377303,0.06348242318772447
Capa 2 - Oculta 1 a Oculta 2,Neurona H1_37,Neurona H2_28,-0.31448731719334133,0.31448731719334133,0.06261350120567202
Capa 2 - Oculta 1 a Oculta 2,Neurona H1_37,Neurona H2_29,0.34298507154051255,0.34298507154051255,0.0682873203984459
Capa 2 - Oculta 1 a Oculta 2,Neurona H1_37,Neurona H2_30,-0.15472366030021356,0.15472366030021356,0.030805026343232546
Capa 2 - Oculta 1 a Oculta 2,Neurona H1_37,Neurona H2_31,0.4706353634319042,0.4706353634319042,0.09370211860581623
Capa 2 - Oculta 1 a Oculta 2,Neurona H1_37,Neurona H2_32,-0.3194936339205367,0.3194936339205367,0.0636102441625319
Capa 2 - Oculta 1 a Oculta 2,Neurona H1_38,Neurona H2_1,-0.05265682842287971,0.05265682842287971,0.010483819886179663
Capa 2 - Oculta 1 a Oculta 2,Neurona H1_38,Neurona H2_2,-0.22889778343513165,0.22889778343513165,0.04557287641040274
Capa 2 - Oculta 1 a Oculta 2,Neurona H1_38,Neurona H2_3,-0.23690069121612967,0.23690069121612967,0.04716623184510327
Capa 2 - Oculta 1 a Oculta 2,Neurona H1_38,Neurona H2_4,0.18009233551801967,0.18009233551801967,0.03585585507143805
Capa 2 - Oculta 1 a Oculta 2,Neurona H1_38,Neurona H2_5,0.19187008968437144,0.19187008968437144,0.03820077133475943
Capa 2 - Oculta 1 a Oculta 2,Neurona H1_38,Neurona H2_6,0.0834510052041632,0.0834510052041632,0.016614850041005238
Capa 2 - Oculta 1 a Oculta 2,Neurona H1_38,Neurona H2_7,-0.052535906428793494,0.052535906428793494,0.01045974467230433
Capa 2 - Oculta 1 a Oculta 2,Neurona H1_38,Neurona H2_8,-0.22778828322893524,0.22778828322893524,0.04535197817794504
Capa 2 - Oculta 1 a Oculta 2,Neurona H1_38,Neurona H2_9,-0.0912856044897904,0.0912856044897904,0.018174695748598566
Capa 2 - Oculta 1 a Oculta 2,Neurona H1_38,Neurona H2_10,-0.22668385983346628,0.22668385983346628,0.045132090723592616
Capa 2 - Oculta 1 a Oculta 2,Neurona H1_38,Neurona H2_11,0.13362113492636743,0.13362113492636743,0.02660357551930083
Capa 2 - Oculta 1 a Oculta 2,Neurona H1_38,Neurona H2_12,0.119646869568923,0.119646869568923,0.0238213403289742
Capa 2 - Oculta 1 a Oculta 2,Neurona H1_38,Neurona H2_13,-0.14581417103620842,0.14581417103620842,0.02903117319789013
Capa 2 - Oculta 1 a Oculta 2,Neurona H1_38,Neurona H2_14,-0.2569681300050221,0.2569681300050221,0.05116159997001432
Capa 2 - Oculta 1 a Oculta 2,Neurona H1_38,Neurona H2_15,-0.2158407921622602,0.2158407921622602,0.042973267796285644
Capa 2 - Oculta 1 a Oculta 2,Neurona H1_38,Neurona H2_16,0.05281866380809312,0.05281866380809312,0.010516040836066016
Capa 2 - Oculta 1 a Oculta 2,Neurona H1_38,Neurona H2_17,0.1279860828374278,0.1279860828374278,0.025481653198509962
Capa 2 - Oculta 1 a Oculta 2,Neurona H1_38,Neurona H2_18,-0.14143767933609908,0.14143767933609908,0.028159826554130424
Capa 2 - Oculta 1 a Oculta 2,Neurona H1_38,Neurona H2_19,0.12318618118772036,0.12318618118772036,0.02452600687733798
Capa 2 - Oculta 1 a Oculta 2,Neurona H1_38,Neurona H2_20,0.14602129300155237,0.14602129300155237,0.029072410572874033
Capa 2 - Oculta 1 a Oculta 2,Neurona H1_38,Neurona H2_21,0.1461719451129599,0.1461719451129599,0.029102404965790845
Capa 2 - Oculta 1 a Oculta 2,Neurona H1_38,Neurona H2_22,-0.18937382652468776,0.18937382652468776,0.03770377267117759
Capa 2 - Oculta 1 a Oculta 2,Neurona H1_38,Neurona H2_23,-0.06694057905140087,0.06694057905140087,0.01332767268502113
Capa 2 - Oculta 1 a Oculta 2,Neurona H1_38,Neurona H2_24,-0.21646728137625718,0.21646728137625718,0.04309799995879706
Capa 2 - Oculta 1 a Oculta 2,Neurona H1_38,Neurona H2_25,0.052730045997142996,0.052730045997142996,0.01049839729017587
Capa 2 - Oculta 1 a Oculta 2,Neurona H1_38,Neurona H2_26,-0.13231035433213942,0.13231035433213942,0.026342602952745434
Capa 2 - Oculta 1 a Oculta 2,Neurona H1_38,Neurona H2_27,-0.035981020362608244,0.035981020362608244,0.00716371547813624
Capa 2 - Oculta 1 a Oculta 2,Neurona H1_38,Neurona H2_28,-0.08656429758556106,0.08656429758556106,0.01723469741041894
Capa 2 - Oculta 1 a Oculta 2,Neurona H1_38,Neurona H2_29,-0.1354589056305355,0.1354589056305355,0.026969470268978234
Capa 2 - Oculta 1 a Oculta 2,Neurona H1_38,Neurona H2_30,-0.048066555170846285,0.048066555170846285,0.009569909963307123
Capa 2 - Oculta 1 a Oculta 2,Neurona H1_38,Neurona H2_31,-0.11321197341397238,0.11321197341397238,0.022540171403778172
Capa 2 - Oculta 1 a Oculta 2,Neurona H1_38,Neurona H2_32,0.09624194506572499,0.09624194506572499,0.019161488600522112
Capa 2 - Oculta 1 a Oculta 2,Neurona H1_39,Neurona H2_1,0.5390835252401512,0.5390835252401512,0.10732994658996318
Capa 2 - Oculta 1 a Oculta 2,Neurona H1_39,Neurona H2_2,-0.1551159264522474,0.1551159264522474,0.03088312538201895
Capa 2 - Oculta 1 a Oculta 2,Neurona H1_39,Neurona H2_3,-0.21480613044961078,0.21480613044961078,0.042767269688092906
Capa 2 - Oculta 1 a Oculta 2,Neurona H1_39,Neurona H2_4,0.26950561025358005,0.26950561025358005,0.05365777546499162
Capa 2 - Oculta 1 a Oculta 2,Neurona H1_39,Neurona H2_5,0.3175097614744977,0.3175097614744977,0.06321526098514801
Capa 2 - Oculta 1 a Oculta 2,Neurona H1_39,Neurona H2_6,-0.0663679183219314,0.0663679183219314,0.013213657615685173
Capa 2 - Oculta 1 a Oculta 2,Neurona H1_39,Neurona H2_7,0.01944203306084101,0.01944203306084101,0.003870851681269195
Capa 2 - Oculta 1 a Oculta 2,Neurona H1_39,Neurona H2_8,0.3018840759009223,0.3018840759009223,0.0601042328800018
Capa 2 - Oculta 1 a Oculta 2,Neurona H1_39,Neurona H2_9,-0.2808429717219418,0.2808429717219418,0.05591501083557412
Capa 2 - Oculta 1 a Oculta 2,Neurona H1_39,Neurona H2_10,-0.22979035234801234,0.22979035234801234,0.04575058425948729
Capa 2 - Oculta 1 a Oculta 2,Neurona H1_39,Neurona H2_11,-0.09767736185781871,0.09767736185781871,0.019447275868016745
Capa 2 - Oculta 1 a Oculta 2,Neurona H1_39,Neurona H2_12,-0.2534354896695168,0.2534354896695168,0.050458261654560466
Capa 2 - Oculta 1 a Oculta 2,Neurona H1_39,Neurona H2_13,-0.1901896540317024,0.1901896540317024,0.037866201531743304
Capa 2 - Oculta 1 a Oculta 2,Neurona H1_39,Neurona H2_14,-0.13325988256485433,0.13325988256485433,0.026531651235119774
Capa 2 - Oculta 1 a Oculta 2,Neurona H1_39,Neurona H2_15,0.3626445935905609,0.3626445935905609,0.07220147349870232
Capa 2 - Oculta 1 a Oculta 2,Neurona H1_39,Neurona H2_16,-0.014514346239610888,0.014514346239610888,0.0028897637077513897
Capa 2 - Oculta 1 a Oculta 2,Neurona H1_39,Neurona H2_17,-0.2789634098779317,0.2789634098779317,0.05554079559269452
Capa 2 - Oculta 1 a Oculta 2,Neurona H1_39,Neurona H2_18,-0.23426476555897852,0.23426476555897852,0.04664142678846365
Capa 2 - Oculta 1 a Oculta 2,Neurona H1_39,Neurona H2_19,0.1204841337328749,0.1204841337328749,0.023988037164976776
Capa 2 - Oculta 1 a Oculta 2,Neurona H1_39,Neurona H2_20,0.2144520277501967,0.2144520277501967,0.04269676888063725
Capa 2 - Oculta 1 a Oculta 2,Neurona H1_39,Neurona H2_21,0.15532867233713052,0.15532867233713052,0.030925482462865687
Capa 2 - Oculta 1 a Oculta 2,Neurona H1_39,Neurona H2_22,0.40540996444429533,0.40540996444429533,0.08071593323402168
Capa 2 - Oculta 1 a Oculta 2,Neurona H1_39,Neurona H2_23,-0.07533055964513952,0.07533055964513952,0.014998093179907602
Capa 2 - Oculta 1 a Oculta 2,Neurona H1_39,Neurona H2_24,-0.26444315234091414,0.26444315234091414,0.05264985496299091
Capa 2 - Oculta 1 a Oculta 2,Neurona H1_39,Neurona H2_25,-0.09050309842532536,0.09050309842532536,0.01801890108937959
Capa 2 - Oculta 1 a Oculta 2,Neurona H1_39,Neurona H2_26,-0.184597315540926,0.184597315540926,0.03675278336289713
Capa 2 - Oculta 1 a Oculta 2,Neurona H1_39,Neurona H2_27,-0.2868527645972091,0.2868527645972091,0.0571115429463112
Capa 2 - Oculta 1 a Oculta 2,Neurona H1_39,Neurona H2_28,0.31734586185732777,0.31734586185732777,0.06318262905274175
Capa 2 - Oculta 1 a Oculta 2,Neurona H1_39,Neurona H2_29,-0.12513961494837272,0.12513961494837272,0.024914929801859644
Capa 2 - Oculta 1 a Oculta 2,Neurona H1_39,Neurona H2_30,0.35532661376534425,0.35532661376534425,0.07074448520836822
Capa 2 - Oculta 1 a Oculta 2,Neurona H1_39,Neurona H2_31,-0.441243949697403,0.441243949697403,0.08785037445369766
Capa 2 - Oculta 1 a Oculta 2,Neurona H1_39,Neurona H2_32,0.3193604686574714,0.3193604686574714,0.06358373134976125
Capa 2 - Oculta 1 a Oculta 2,Neurona H1_40,Neurona H2_1,0.005077428869179654,0.005077428869179654,0.0010109011754729847
Capa 2 - Oculta 1 a Oculta 2,Neurona H1_40,Neurona H2_2,0.2888739220394778,0.2888739220394778,0.057513949456938586
Capa 2 - Oculta 1 a Oculta 2,Neurona H1_40,Neurona H2_3,-0.16116718432033475,0.16116718432033475,0.03208791305104404
Capa 2 - Oculta 1 a Oculta 2,Neurona H1_40,Neurona H2_4,-0.23662505871697723,0.23662505871697723,0.04711135422405316
Capa 2 - Oculta 1 a Oculta 2,Neurona H1_40,Neurona H2_5,0.20816534419200486,0.20816534419200486,0.04144510864815631
Capa 2 - Oculta 1 a Oculta 2,Neurona H1_40,Neurona H2_6,-0.07381187590721704,0.07381187590721704,0.014695727708053028
Capa 2 - Oculta 1 a Oculta 2,Neurona H1_40,Neurona H2_7,0.03569112417508007,0.03569112417508007,0.007105997998622891
Capa 2 - Oculta 1 a Oculta 2,Neurona H1_40,Neurona H2_8,-0.18143326410154878,0.18143326410154878,0.03612283001411882
Capa 2 - Oculta 1 a Oculta 2,Neurona H1_40,Neurona H2_9,0.07553341014180633,0.07553341014180633,0.015038480118023168
Capa 2 - Oculta 1 a Oculta 2,Neurona H1_40,Neurona H2_10,0.03859735719717185,0.03859735719717185,0.007684620457730949
Capa 2 - Oculta 1 a Oculta 2,Neurona H1_40,Neurona H2_11,0.14251288827718814,0.14251288827718814,0.02837389749641851
Capa 2 - Oculta 1 a Oculta 2,Neurona H1_40,Neurona H2_12,0.054621908238549725,0.054621908238549725,0.010875061506050944
Capa 2 - Oculta 1 a Oculta 2,Neurona H1_40,Neurona H2_13,0.1622905193811894,0.1622905193811894,0.032311565762431306
Capa 2 - Oculta 1 a Oculta 2,Neurona H1_40,Neurona H2_14,0.15110350515895124,0.15110350515895124,0.030084264086982976
Capa 2 - Oculta 1 a Oculta 2,Neurona H1_40,Neurona H2_15,-0.07846054053326285,0.07846054053326285,0.01562126318199629
Capa 2 - Oculta 1 a Oculta 2,Neurona H1_40,Neurona H2_16,-0.14062847023998326,0.14062847023998326,0.02799871539973644
Capa 2 - Oculta 1 a Oculta 2,Neurona H1_40,Neurona H2_17,-0.06675195316002555,0.06675195316002555,0.01329011782404151
Capa 2 - Oculta 1 a Oculta 2,Neurona H1_40,Neurona H2_18,0.2886999508567051,0.2886999508567051,0.057479312305400945
Capa 2 - Oculta 1 a Oculta 2,Neurona H1_40,Neurona H2_19,-0.09968626358937772,0.09968626358937772,0.0198472423026368
Capa 2 - Oculta 1 a Oculta 2,Neurona H1_40,Neurona H2_20,0.07516254011702002,0.07516254011702002,0.01496464098533144
Capa 2 - Oculta 1 a Oculta 2,Neurona H1_40,Neurona H2_21,-0.2276326092104696,0.2276326092104696,0.04532098393808227
Capa 2 - Oculta 1 a Oculta 2,Neurona H1_40,Neurona H2_22,-0.08005255610039241,0.08005255610039241,0.015938228805670814
Capa 2 - Oculta 1 a Oculta 2,Neurona H1_40,Neurona H2_23,-0.056399914512474614,0.056399914512474614,0.011229057333194735
Capa 2 - Oculta 1 a Oculta 2,Neurona H1_40,Neurona H2_24,-0.1435812682094527,0.1435812682094527,0.02858660880310639
Capa 2 - Oculta 1 a Oculta 2,Neurona H1_40,Neurona H2_25,-0.22490863629200722,0.22490863629200722,0.0447786489303099
Capa 2 - Oculta 1 a Oculta 2,Neurona H1_40,Neurona H2_26,-0.12654346804902405,0.12654346804902405,0.025194432831090487
Capa 2 - Oculta 1 a Oculta 2,Neurona H1_40,Neurona H2_27,0.21067779415627877,0.21067779415627877,0.041945330056991505
Capa 2 - Oculta 1 a Oculta 2,Neurona H1_40,Neurona H2_28,-0.1434872859404436,0.1434872859404436,0.028567897209372087
Capa 2 - Oculta 1 a Oculta 2,Neurona H1_40,Neurona H2_29,0.2534650951622075,0.2534650951622075,0.05046415602120402
Capa 2 - Oculta 1 a Oculta 2,Neurona H1_40,Neurona H2_30,-0.005206462185834119,0.005206462185834119,0.001036591329848747
Capa 2 - Oculta 1 a Oculta 2,Neurona H1_40,Neurona H2_31,0.21944921890011906,0.21944921890011906,0.04369169496186384
Capa 2 - Oculta 1 a Oculta 2,Neurona H1_40,Neurona H2_32,0.2668887155840875,0.2668887155840875,0.053136759422100915
Capa 2 - Oculta 1 a Oculta 2,Neurona H1_41,Neurona H2_1,0.2591684195445415,0.2591684195445415,0.051599671155094354
Capa 2 - Oculta 1 a Oculta 2,Neurona H1_41,Neurona H2_2,-0.1238209568244663,0.1238209568244663,0.02465238884228154
Capa 2 - Oculta 1 a Oculta 2,Neurona H1_41,Neurona H2_3,-0.1625108608670487,0.1625108608670487,0.032355435105124154
Capa 2 - Oculta 1 a Oculta 2,Neurona H1_41,Neurona H2_4,0.3022140568885264,0.3022140568885264,0.06016993112548143
Capa 2 - Oculta 1 a Oculta 2,Neurona H1_41,Neurona H2_5,0.24470629311976308,0.24470629311976308,0.04872030425910679
Capa 2 - Oculta 1 a Oculta 2,Neurona H1_41,Neurona H2_6,0.06678668404622383,0.06678668404622383,0.013297032641479167
Capa 2 - Oculta 1 a Oculta 2,Neurona H1_41,Neurona H2_7,-0.18409879435431792,0.18409879435431792,0.036653529258797446
Capa 2 - Oculta 1 a Oculta 2,Neurona H1_41,Neurona H2_8,0.052850828149886,0.052850828149886,0.010522444662050484
Capa 2 - Oculta 1 a Oculta 2,Neurona H1_41,Neurona H2_9,-0.01505374942147766,0.01505374942147766,0.0029971572970368837
Capa 2 - Oculta 1 a Oculta 2,Neurona H1_41,Neurona H2_10,0.12930718613322567,0.12930718613322567,0.025744680984630203
Capa 2 - Oculta 1 a Oculta 2,Neurona H1_41,Neurona H2_11,-0.03676801073264068,0.03676801073264068,0.0073204029494233075
Capa 2 - Oculta 1 a Oculta 2,Neurona H1_41,Neurona H2_12,-0.2949656602057648,0.2949656602057648,0.05872679663444482
Capa 2 - Oculta 1 a Oculta 2,Neurona H1_41,Neurona H2_13,-0.09752654452127017,0.09752654452127017,0.019417248579259618
Capa 2 - Oculta 1 a Oculta 2,Neurona H1_41,Neurona H2_14,0.13469508917492198,0.13469508917492198,0.026817396655990314
Capa 2 - Oculta 1 a Oculta 2,Neurona H1_41,Neurona H2_15,0.08314892963300625,0.08314892963300625,0.01655470768198218
Capa 2 - Oculta 1 a Oculta 2,Neurona H1_41,Neurona H2_16,0.011398845755209592,0.011398845755209592,0.0022694767115148924
Capa 2 - Oculta 1 a Oculta 2,Neurona H1_41,Neurona H2_17,0.10732664609310825,0.10732664609310825,0.02136842001936812
Capa 2 - Oculta 1 a Oculta 2,Neurona H1_41,Neurona H2_18,-0.08914938787156415,0.08914938787156415,0.01774938129396619
Capa 2 - Oculta 1 a Oculta 2,Neurona H1_41,Neurona H2_19,0.12644290790017917,0.12644290790017917,0.025174411600800077
Capa 2 - Oculta 1 a Oculta 2,Neurona H1_41,Neurona H2_20,0.0068315500161390775,0.0068315500161390775,0.0013601415439884377
Capa 2 - Oculta 1 a Oculta 2,Neurona H1_41,Neurona H2_21,0.20148375461980875,0.20148375461980875,0.040114823788123914
Capa 2 - Oculta 1 a Oculta 2,Neurona H1_41,Neurona H2_22,0.12862309077341785,0.12862309077341785,0.025608479607676777
Capa 2 - Oculta 1 a Oculta 2,Neurona H1_41,Neurona H2_23,-0.10605529850127178,0.10605529850127178,0.02111529844777437
Capa 2 - Oculta 1 a Oculta 2,Neurona H1_41,Neurona H2_24,-0.20048895107069833,0.20048895107069833,0.03991676132322859
Capa 2 - Oculta 1 a Oculta 2,Neurona H1_41,Neurona H2_25,-0.2980381309328092,0.2980381309328092,0.05933851653236971
Capa 2 - Oculta 1 a Oculta 2,Neurona H1_41,Neurona H2_26,0.06430502454515545,0.06430502454515545,0.012802941523436768
Capa 2 - Oculta 1 a Oculta 2,Neurona H1_41,Neurona H2_27,-0.16442131632629392,0.16442131632629392,0.032735801176062694
Capa 2 - Oculta 1 a Oculta 2,Neurona H1_41,Neurona H2_28,-0.11846188459183701,0.11846188459183701,0.023585413300330746
Capa 2 - Oculta 1 a Oculta 2,Neurona H1_41,Neurona H2_29,-0.23960378087148562,0.23960378087148562,0.04770440905652518
Capa 2 - Oculta 1 a Oculta 2,Neurona H1_41,Neurona H2_30,0.13156557810919023,0.13156557810919023,0.026194320194159924
Capa 2 - Oculta 1 a Oculta 2,Neurona H1_41,Neurona H2_31,-0.2510591063704918,0.2510591063704918,0.04998513071914927
Capa 2 - Oculta 1 a Oculta 2,Neurona H1_41,Neurona H2_32,0.17237970383632964,0.17237970383632964,0.03432029275557043
Capa 2 - Oculta 1 a Oculta 2,Neurona H1_42,Neurona H2_1,-0.19932505999295227,0.19932505999295227,0.03968503402799105
Capa 2 - Oculta 1 a Oculta 2,Neurona H1_42,Neurona H2_2,0.20552943780834032,0.20552943780834032,0.04092030742881126
Capa 2 - Oculta 1 a Oculta 2,Neurona H1_42,Neurona H2_3,0.010199691379607474,0.010199691379607474,0.0020307285972423214
Capa 2 - Oculta 1 a Oculta 2,Neurona H1_42,Neurona H2_4,-0.3039916973604446,0.3039916973604446,0.06052385412252005
Capa 2 - Oculta 1 a Oculta 2,Neurona H1_42,Neurona H2_5,0.22021025418545656,0.22021025418545656,0.04384321485201809
Capa 2 - Oculta 1 a Oculta 2,Neurona H1_42,Neurona H2_6,0.05440546724959874,0.05440546724959874,0.010831968740836797
Capa 2 - Oculta 1 a Oculta 2,Neurona H1_42,Neurona H2_7,0.34215765389097796,0.34215765389097796,0.06812258397454467
Capa 2 - Oculta 1 a Oculta 2,Neurona H1_42,Neurona H2_8,-0.125551384393273,0.125551384393273,0.024996911888974696
Capa 2 - Oculta 1 a Oculta 2,Neurona H1_42,Neurona H2_9,-0.015462472267282994,0.015462472267282994,0.0030785328152199733
Capa 2 - Oculta 1 a Oculta 2,Neurona H1_42,Neurona H2_10,0.04940756036625372,0.04940756036625372,0.009836900159187853
Capa 2 - Oculta 1 a Oculta 2,Neurona H1_42,Neurona H2_11,0.2680468176403916,0.2680468176403916,0.053367334140171696
Capa 2 - Oculta 1 a Oculta 2,Neurona H1_42,Neurona H2_12,-0.06140270037891419,0.06140270037891419,0.012225097306048257
Capa 2 - Oculta 1 a Oculta 2,Neurona H1_42,Neurona H2_13,-0.03596984941482939,0.03596984941482939,0.007161491375242484
Capa 2 - Oculta 1 a Oculta 2,Neurona H1_42,Neurona H2_14,-0.0840936591344635,0.0840936591344635,0.016742800551056966
Capa 2 - Oculta 1 a Oculta 2,Neurona H1_42,Neurona H2_15,-0.0819887563045647,0.0819887563045647,0.016323720579712157
Capa 2 - Oculta 1 a Oculta 2,Neurona H1_42,Neurona H2_16,-0.14087455622356276,0.14087455622356276,0.028047710396313937
Capa 2 - Oculta 1 a Oculta 2,Neurona H1_42,Neurona H2_17,0.01795311704737808,0.01795311704737808,0.0035744128759268743
Capa 2 - Oculta 1 a Oculta 2,Neurona H1_42,Neurona H2_18,0.10364695397561123,0.10364695397561123,0.02063580412600999
Capa 2 - Oculta 1 a Oculta 2,Neurona H1_42,Neurona H2_19,-0.3065919264631251,0.3065919264631251,0.06104155210000515
Capa 2 - Oculta 1 a Oculta 2,Neurona H1_42,Neurona H2_20,-0.28098974770581997,0.28098974770581997,0.055944233502884
Capa 2 - Oculta 1 a Oculta 2,Neurona H1_42,Neurona H2_21,-0.20548226535732983,0.20548226535732983,0.0409109155323603
Capa 2 - Oculta 1 a Oculta 2,Neurona H1_42,Neurona H2_22,-0.4618339630968432,0.4618339630968432,0.09194978564877002
Capa 2 - Oculta 1 a Oculta 2,Neurona H1_42,Neurona H2_23,0.3150790017236267,0.3150790017236267,0.06273130385787762
Capa 2 - Oculta 1 a Oculta 2,Neurona H1_42,Neurona H2_24,0.3024601941386411,0.3024601941386411,0.06021893632907552
Capa 2 - Oculta 1 a Oculta 2,Neurona H1_42,Neurona H2_25,-0.1578915873075801,0.1578915873075801,0.031435751306215017
Capa 2 - Oculta 1 a Oculta 2,Neurona H1_42,Neurona H2_26,-0.22332723434913188,0.22332723434913188,0.044463796448052234
Capa 2 - Oculta 1 a Oculta 2,Neurona H1_42,Neurona H2_27,0.14704258971487236,0.14704258971487236,0.02927574774895321
Capa 2 - Oculta 1 a Oculta 2,Neurona H1_42,Neurona H2_28,-0.015831373083294152,0.015831373083294152,0.0031519798842281257
Capa 2 - Oculta 1 a Oculta 2,Neurona H1_42,Neurona H2_29,0.36639047035214667,0.36639047035214667,0.07294726656031458
Capa 2 - Oculta 1 a Oculta 2,Neurona H1_42,Neurona H2_30,-0.405165884585308,0.405165884585308,0.0806673376509585
Capa 2 - Oculta 1 a Oculta 2,Neurona H1_42,Neurona H2_31,0.0701519860495416,0.0701519860495416,0.013967054386466247
Capa 2 - Oculta 1 a Oculta 2,Neurona H1_42,Neurona H2_32,0.04785714821211944,0.04785714821211944,0.009528217652851695
Capa 2 - Oculta 1 a Oculta 2,Neurona H1_43,Neurona H2_1,-0.2831964259535262,0.2831964259535262,0.056383576661000426
Capa 2 - Oculta 1 a Oculta 2,Neurona H1_43,Neurona H2_2,0.361345580626651,0.361345580626651,0.0719428438327818
Capa 2 - Oculta 1 a Oculta 2,Neurona H1_43,Neurona H2_3,0.005741995131503888,0.005741995131503888,0.0011432143664742796
Capa 2 - Oculta 1 a Oculta 2,Neurona H1_43,Neurona H2_4,-0.07383679639066905,0.07383679639066905,0.014700689303117
Capa 2 - Oculta 1 a Oculta 2,Neurona H1_43,Neurona H2_5,-0.1729413508335463,0.1729413508335463,0.034432115023162124
Capa 2 - Oculta 1 a Oculta 2,Neurona H1_43,Neurona H2_6,-0.1742870911838238,0.1742870911838238,0.034700047974470356
Capa 2 - Oculta 1 a Oculta 2,Neurona H1_43,Neurona H2_7,-0.07747568395600853,0.07747568395600853,0.015425181129983308
Capa 2 - Oculta 1 a Oculta 2,Neurona H1_43,Neurona H2_8,0.117532528850202,0.117532528850202,0.02340038130168392
Capa 2 - Oculta 1 a Oculta 2,Neurona H1_43,Neurona H2_9,0.38159590535947924,0.38159590535947924,0.07597462401199545
Capa 2 - Oculta 1 a Oculta 2,Neurona H1_43,Neurona H2_10,0.14089743213877168,0.14089743213877168,0.02805226492384559
Capa 2 - Oculta 1 a Oculta 2,Neurona H1_43,Neurona H2_11,-0.01214485661957795,0.01214485661957795,0.0024180052835808237
Capa 2 - Oculta 1 a Oculta 2,Neurona H1_43,Neurona H2_12,-0.1042971824902861,0.1042971824902861,0.020765262713564187
Capa 2 - Oculta 1 a Oculta 2,Neurona H1_43,Neurona H2_13,0.2468893296137205,0.2468893296137205,0.04915494041348753
Capa 2 - Oculta 1 a Oculta 2,Neurona H1_43,Neurona H2_14,0.07152110749213687,0.07152110749213687,0.014239642444584814
Capa 2 - Oculta 1 a Oculta 2,Neurona H1_43,Neurona H2_15,-0.12470941009517648,0.12470941009517648,0.024829277279097565
Capa 2 - Oculta 1 a Oculta 2,Neurona H1_43,Neurona H2_16,0.044374582851486315,0.044374582851486315,0.008834849117824964
Capa 2 - Oculta 1 a Oculta 2,Neurona H1_43,Neurona H2_17,0.07552718273910133,0.07552718273910133,0.015037240260434452
Capa 2 - Oculta 1 a Oculta 2,Neurona H1_43,Neurona H2_18,-0.03415048899279826,0.03415048899279826,0.006799262058667646
Capa 2 - Oculta 1 a Oculta 2,Neurona H1_43,Neurona H2_19,-0.2762210397514271,0.2762210397514271,0.05499479775483344
Capa 2 - Oculta 1 a Oculta 2,Neurona H1_43,Neurona H2_20,-0.20489490039460054,0.20489490039460054,0.040793972893368564
Capa 2 - Oculta 1 a Oculta 2,Neurona H1_43,Neurona H2_21,-0.2885630883397655,0.2885630883397655,0.057452063380242745
Capa 2 - Oculta 1 a Oculta 2,Neurona H1_43,Neurona H2_22,-0.30716855192339815,0.30716855192339815,0.0611563565355997
Capa 2 - Oculta 1 a Oculta 2,Neurona H1_43,Neurona H2_23,0.13484244352971989,0.13484244352971989,0.02684673447525165
Capa 2 - Oculta 1 a Oculta 2,Neurona H1_43,Neurona H2_24,0.1844866748829614,0.1844866748829614,0.03673075513284738
Capa 2 - Oculta 1 a Oculta 2,Neurona H1_43,Neurona H2_25,-0.15888242923661924,0.15888242923661924,0.03163302502418941
Capa 2 - Oculta 1 a Oculta 2,Neurona H1_43,Neurona H2_26,0.22971265329178275,0.22971265329178275,0.04573511460559368
Capa 2 - Oculta 1 a Oculta 2,Neurona H1_43,Neurona H2_27,0.1418207434670133,0.1418207434670133,0.028236093497538202
Capa 2 - Oculta 1 a Oculta 2,Neurona H1_43,Neurona H2_28,-0.32842351178765244,0.32842351178765244,0.06538815661887243
Capa 2 - Oculta 1 a Oculta 2,Neurona H1_43,Neurona H2_29,0.3716664493949998,0.3716664493949998,0.07399769849222519
Capa 2 - Oculta 1 a Oculta 2,Neurona H1_43,Neurona H2_30,-0.24651090338042078,0.24651090338042078,0.04907959686187332
Capa 2 - Oculta 1 a Oculta 2,Neurona H1_43,Neurona H2_31,0.04493662462736984,0.04493662462736984,0.008946749984689766
Capa 2 - Oculta 1 a Oculta 2,Neurona H1_43,Neurona H2_32,-0.00282287751727309,0.00282287751727309,0.0005620266229133179
Capa 2 - Oculta 1 a Oculta 2,Neurona H1_44,Neurona H2_1,-0.08347021495818695,0.08347021495818695,0.016618674646612423
Capa 2 - Oculta 1 a Oculta 2,Neurona H1_44,Neurona H2_2,-0.23345234232539358,0.23345234232539358,0.04647967570873946
Capa 2 - Oculta 1 a Oculta 2,Neurona H1_44,Neurona H2_3,-0.30057199602813706,0.30057199602813706,0.059843001630901636
Capa 2 - Oculta 1 a Oculta 2,Neurona H1_44,Neurona H2_4,0.10721261622359744,0.10721261622359744,0.02134571700725362
Capa 2 - Oculta 1 a Oculta 2,Neurona H1_44,Neurona H2_5,-0.21477358567959795,0.21477358567959795,0.04276079011996716
Capa 2 - Oculta 1 a Oculta 2,Neurona H1_44,Neurona H2_6,0.1636235766238212,0.1636235766238212,0.0325769735442575
Capa 2 - Oculta 1 a Oculta 2,Neurona H1_44,Neurona H2_7,-0.16007059208987576,0.16007059208987576,0.03186958475864501
Capa 2 - Oculta 1 a Oculta 2,Neurona H1_44,Neurona H2_8,0.380645882706214,0.380645882706214,0.07578547729194166
Capa 2 - Oculta 1 a Oculta 2,Neurona H1_44,Neurona H2_9,-0.298289130208847,0.298289130208847,0.05938848975104535
Capa 2 - Oculta 1 a Oculta 2,Neurona H1_44,Neurona H2_10,-0.22474432642684497,0.22474432642684497,0.04474593531873327
Capa 2 - Oculta 1 a Oculta 2,Neurona H1_44,Neurona H2_11,-0.15292441616390348,0.15292441616390348,0.03044680212006335
Capa 2 - Oculta 1 a Oculta 2,Neurona H1_44,Neurona H2_12,-0.038791510864824186,0.038791510864824186,0.007723275882732275
Capa 2 - Oculta 1 a Oculta 2,Neurona H1_44,Neurona H2_13,0.10903096675665427,0.10903096675665427,0.021707745257899713
Capa 2 - Oculta 1 a Oculta 2,Neurona H1_44,Neurona H2_14,0.14892054115730113,0.14892054115730113,0.02964964236560771
Capa 2 - Oculta 1 a Oculta 2,Neurona H1_44,Neurona H2_15,0.21910747121566612,0.21910747121566612,0.043623654001600336
Capa 2 - Oculta 1 a Oculta 2,Neurona H1_44,Neurona H2_16,0.24044274691133397,0.24044274691133397,0.047871444731020334
Capa 2 - Oculta 1 a Oculta 2,Neurona H1_44,Neurona H2_17,0.04174814922347108,0.04174814922347108,0.008311933896308263
Capa 2 - Oculta 1 a Oculta 2,Neurona H1_44,Neurona H2_18,0.09446968561963955,0.09446968561963955,0.018808636949922755
Capa 2 - Oculta 1 a Oculta 2,Neurona H1_44,Neurona H2_19,0.081304101033504,0.081304101033504,0.01618740772607274
Capa 2 - Oculta 1 a Oculta 2,Neurona H1_44,Neurona H2_20,-0.028227139749481513,0.028227139749481513,0.0056199406211674555
Capa 2 - Oculta 1 a Oculta 2,Neurona H1_44,Neurona H2_21,0.0926013243264575,0.0926013243264575,0.01843665170381706
Capa 2 - Oculta 1 a Oculta 2,Neurona H1_44,Neurona H2_22,0.04667447530029405,0.04667447530029405,0.0092927509496111
Capa 2 - Oculta 1 a Oculta 2,Neurona H1_44,Neurona H2_23,-0.27005156461692037,0.27005156461692037,0.05376647337526771
Capa 2 - Oculta 1 a Oculta 2,Neurona H1_44,Neurona H2_24,0.11060845143405171,0.11060845143405171,0.022021817824105713
Capa 2 - Oculta 1 a Oculta 2,Neurona H1_44,Neurona H2_25,0.14798829608654088,0.14798829608654088,0.029464035110017994
Capa 2 - Oculta 1 a Oculta 2,Neurona H1_44,Neurona H2_26,-0.024367149162045892,0.024367149162045892,0.004851427831980165
Capa 2 - Oculta 1 a Oculta 2,Neurona H1_44,Neurona H2_27,-0.09740510504653344,0.09740510504653344,0.019393070336506606
Capa 2 - Oculta 1 a Oculta 2,Neurona H1_44,Neurona H2_28,-0.08333523664029216,0.08333523664029216,0.01659180085995015
Capa 2 - Oculta 1 a Oculta 2,Neurona H1_44,Neurona H2_29,-0.30095992086803436,0.30095992086803436,0.05992023632719207
Capa 2 - Oculta 1 a Oculta 2,Neurona H1_44,Neurona H2_30,0.19609762479280884,0.19609762479280884,0.03904246115860194
Capa 2 - Oculta 1 a Oculta 2,Neurona H1_44,Neurona H2_31,0.12370979384969003,0.12370979384969003,0.024630256620488632
Capa 2 - Oculta 1 a Oculta 2,Neurona H1_44,Neurona H2_32,-0.28143418993181324,0.28143418993181324,0.056032720644754896
Capa 2 - Oculta 1 a Oculta 2,Neurona H1_45,Neurona H2_1,0.44927081190145096,0.44927081190145096,0.08944849914367344
Capa 2 - Oculta 1 a Oculta 2,Neurona H1_45,Neurona H2_2,-0.012825609953122801,0.012825609953122801,0.002553541272920804
Capa 2 - Oculta 1 a Oculta 2,Neurona H1_45,Neurona H2_3,-0.055832089762609685,0.055832089762609685,0.011116005093194797
Capa 2 - Oculta 1 a Oculta 2,Neurona H1_45,Neurona H2_4,0.024450929055028093,0.024450929055028093,0.004868108162611836
Capa 2 - Oculta 1 a Oculta 2,Neurona H1_45,Neurona H2_5,0.33019928867172216,0.33019928867172216,0.06574170858104376
Capa 2 - Oculta 1 a Oculta 2,Neurona H1_45,Neurona H2_6,-0.1947942967900955,0.1947942967900955,0.03878297238112889
Capa 2 - Oculta 1 a Oculta 2,Neurona H1_45,Neurona H2_7,-0.22799873066043067,0.22799873066043067,0.04539387764347283
Capa 2 - Oculta 1 a Oculta 2,Neurona H1_45,Neurona H2_8,0.16887194809111175,0.16887194809111175,0.033621908888956886
Capa 2 - Oculta 1 a Oculta 2,Neurona H1_45,Neurona H2_9,0.06769236681493392,0.06769236681493392,0.01347735142074403
Capa 2 - Oculta 1 a Oculta 2,Neurona H1_45,Neurona H2_10,-0.3016905526235742,0.3016905526235742,0.060065702963858596
Capa 2 - Oculta 1 a Oculta 2,Neurona H1_45,Neurona H2_11,-0.23469292065893102,0.23469292065893102,0.04672667121137502
Capa 2 - Oculta 1 a Oculta 2,Neurona H1_45,Neurona H2_12,-0.02808146151887179,0.02808146151887179,0.005590936513309223
Capa 2 - Oculta 1 a Oculta 2,Neurona H1_45,Neurona H2_13,-0.010551936482396745,0.010551936482396745,0.0021008595626657344
Capa 2 - Oculta 1 a Oculta 2,Neurona H1_45,Neurona H2_14,0.10690928560628099,0.10690928560628099,0.02128532477222627
Capa 2 - Oculta 1 a Oculta 2,Neurona H1_45,Neurona H2_15,0.26077665294025404,0.26077665294025404,0.05191986570080807
Capa 2 - Oculta 1 a Oculta 2,Neurona H1_45,Neurona H2_16,-0.021327011875634183,0.021327011875634183,0.004246145427122096
Capa 2 - Oculta 1 a Oculta 2,Neurona H1_45,Neurona H2_17,-0.050913313751019186,0.050913313751019186,0.010136691235705242
Capa 2 - Oculta 1 a Oculta 2,Neurona H1_45,Neurona H2_18,-0.31976760368003443,0.31976760368003443,0.06366479073700022
Capa 2 - Oculta 1 a Oculta 2,Neurona H1_45,Neurona H2_19,0.36996690374924884,0.36996690374924884,0.0736593239457124
Capa 2 - Oculta 1 a Oculta 2,Neurona H1_45,Neurona H2_20,0.09108641869620236,0.09108641869620236,0.01813503844210277
Capa 2 - Oculta 1 a Oculta 2,Neurona H1_45,Neurona H2_21,0.01594809922984313,0.01594809922984313,0.003175219717181977
Capa 2 - Oculta 1 a Oculta 2,Neurona H1_45,Neurona H2_22,0.2938471089400916,0.2938471089400916,0.0585040963626282
Capa 2 - Oculta 1 a Oculta 2,Neurona H1_45,Neurona H2_23,-0.05076160576453568,0.05076160576453568,0.0101064866211619
Capa 2 - Oculta 1 a Oculta 2,Neurona H1_45,Neurona H2_24,-0.2956374760247447,0.2956374760247447,0.05886055319088435
Capa 2 - Oculta 1 a Oculta 2,Neurona H1_45,Neurona H2_25,-0.19796784538054482,0.19796784538054482,0.03941481658479258
Capa 2 - Oculta 1 a Oculta 2,Neurona H1_45,Neurona H2_26,0.004733572679225499,0.004733572679225499,0.0009424404179568526
Capa 2 - Oculta 1 a Oculta 2,Neurona H1_45,Neurona H2_27,-0.14086863385003753,0.14086863385003753,0.02804653126913904
Capa 2 - Oculta 1 a Oculta 2,Neurona H1_45,Neurona H2_28,-0.18552284709537753,0.18552284709537753,0.036937053977107344
Capa 2 - Oculta 1 a Oculta 2,Neurona H1_45,Neurona H2_29,-0.12693341080804252,0.12693341080804252,0.025272069289151322
Capa 2 - Oculta 1 a Oculta 2,Neurona H1_45,Neurona H2_30,0.4164470006640411,0.4164470006640411,0.08291337472965833
Capa 2 - Oculta 1 a Oculta 2,Neurona H1_45,Neurona H2_31,-0.3915574468336384,0.3915574468336384,0.07795793766250797
Capa 2 - Oculta 1 a Oculta 2,Neurona H1_45,Neurona H2_32,0.059403656112657646,0.059403656112657646,0.011827093463818605
Capa 2 - Oculta 1 a Oculta 2,Neurona H1_46,Neurona H2_1,0.25954062799498084,0.25954062799498084,0.05167377676440264
Capa 2 - Oculta 1 a Oculta 2,Neurona H1_46,Neurona H2_2,-0.2156402046004646,0.2156402046004646,0.0429333314018567
Capa 2 - Oculta 1 a Oculta 2,Neurona H1_46,Neurona H2_3,-0.12945259421566827,0.12945259421566827,0.025773631306781786
Capa 2 - Oculta 1 a Oculta 2,Neurona H1_46,Neurona H2_4,0.09731616837830075,0.09731616837830075,0.01937536330706798
Capa 2 - Oculta 1 a Oculta 2,Neurona H1_46,Neurona H2_5,-0.06759575723973096,0.06759575723973096,0.013458116738062915
Capa 2 - Oculta 1 a Oculta 2,Neurona H1_46,Neurona H2_6,0.15453275774962913,0.15453275774962913,0.03076701820609093
Capa 2 - Oculta 1 a Oculta 2,Neurona H1_46,Neurona H2_7,0.08735866377167285,0.08735866377167285,0.01739285338502467
Capa 2 - Oculta 1 a Oculta 2,Neurona H1_46,Neurona H2_8,0.14510995215822206,0.14510995215822206,0.028890965287570018
Capa 2 - Oculta 1 a Oculta 2,Neurona H1_46,Neurona H2_9,0.09136295317925687,0.09136295317925687,0.01819009564549867
Capa 2 - Oculta 1 a Oculta 2,Neurona H1_46,Neurona H2_10,-0.22835865004856298,0.22835865004856298,0.04546553653656871
Capa 2 - Oculta 1 a Oculta 2,Neurona H1_46,Neurona H2_11,-0.31899023236369356,0.31899023236369356,0.06351001839105204
Capa 2 - Oculta 1 a Oculta 2,Neurona H1_46,Neurona H2_12,-0.14287456095931567,0.14287456095931567,0.02844590546519942
Capa 2 - Oculta 1 a Oculta 2,Neurona H1_46,Neurona H2_13,0.11086358795326448,0.11086358795326448,0.02207261475574642
Capa 2 - Oculta 1 a Oculta 2,Neurona H1_46,Neurona H2_14,-0.20524934760808003,0.20524934760808003,0.04086454229256282
Capa 2 - Oculta 1 a Oculta 2,Neurona H1_46,Neurona H2_15,0.20989099415662693,0.20989099415662693,0.0417886804878881
Capa 2 - Oculta 1 a Oculta 2,Neurona H1_46,Neurona H2_16,0.2856767383215604,0.2856767383215604,0.05687739956881224
Capa 2 - Oculta 1 a Oculta 2,Neurona H1_46,Neurona H2_17,-0.038664880448918984,0.038664880448918984,0.0076980641388383845
Capa 2 - Oculta 1 a Oculta 2,Neurona H1_46,Neurona H2_18,0.09280056316592242,0.09280056316592242,0.018476319571591147
Capa 2 - Oculta 1 a Oculta 2,Neurona H1_46,Neurona H2_19,-0.03129114936429069,0.03129114936429069,0.006229975936496564
Capa 2 - Oculta 1 a Oculta 2,Neurona H1_46,Neurona H2_20,0.14272433144068208,0.14272433144068208,0.028415995209262742
Capa 2 - Oculta 1 a Oculta 2,Neurona H1_46,Neurona H2_21,0.20368748871645215,0.20368748871645215,0.04055358077441069
Capa 2 - Oculta 1 a Oculta 2,Neurona H1_46,Neurona H2_22,0.10708554493900707,0.10708554493900707,0.02132041748769934
Capa 2 - Oculta 1 a Oculta 2,Neurona H1_46,Neurona H2_23,-0.03359133516778772,0.03359133516778772,0.006687936174339759
Capa 2 - Oculta 1 a Oculta 2,Neurona H1_46,Neurona H2_24,-0.2773233881182848,0.2773233881182848,0.0552142720770837
Capa 2 - Oculta 1 a Oculta 2,Neurona H1_46,Neurona H2_25,-0.18430510134811093,0.18430510134811093,0.036694604375339133
Capa 2 - Oculta 1 a Oculta 2,Neurona H1_46,Neurona H2_26,-0.27372374564263735,0.27372374564263735,0.05449759383231248
Capa 2 - Oculta 1 a Oculta 2,Neurona H1_46,Neurona H2_27,-0.1988031360168532,0.1988031360168532,0.03958112049723757
Capa 2 - Oculta 1 a Oculta 2,Neurona H1_46,Neurona H2_28,0.2738515671549125,0.2738515671549125,0.05452304271999538
Capa 2 - Oculta 1 a Oculta 2,Neurona H1_46,Neurona H2_29,-0.31378239638672245,0.31378239638672245,0.062473153543422734
Capa 2 - Oculta 1 a Oculta 2,Neurona H1_46,Neurona H2_30,0.09530536405485437,0.09530536405485437,0.018975018071991055
Capa 2 - Oculta 1 a Oculta 2,Neurona H1_46,Neurona H2_31,-0.07170014040788823,0.07170014040788823,0.014275287372292217
Capa 2 - Oculta 1 a Oculta 2,Neurona H1_46,Neurona H2_32,-0.08648831537492732,0.08648831537492732,0.017219569575441095
Capa 2 - Oculta 1 a Oculta 2,Neurona H1_47,Neurona H2_1,0.15557128760452998,0.15557128760452998,0.03097378645004521
Capa 2 - Oculta 1 a Oculta 2,Neurona H1_47,Neurona H2_2,0.14789964145239776,0.14789964145239776,0.029446384232738272
Capa 2 - Oculta 1 a Oculta 2,Neurona H1_47,Neurona H2_3,-0.038348175197737984,0.038348175197737984,0.0076350090534898305
Capa 2 - Oculta 1 a Oculta 2,Neurona H1_47,Neurona H2_4,-0.10588102324331407,0.10588102324331407,0.021080600755760466
Capa 2 - Oculta 1 a Oculta 2,Neurona H1_47,Neurona H2_5,-0.24938108326525632,0.24938108326525632,0.04965104124724153
Capa 2 - Oculta 1 a Oculta 2,Neurona H1_47,Neurona H2_6,-0.3132331417770974,0.3132331417770974,0.06236379856380415
Capa 2 - Oculta 1 a Oculta 2,Neurona H1_47,Neurona H2_7,0.2117438275274447,0.2117438275274447,0.04215757417025649
Capa 2 - Oculta 1 a Oculta 2,Neurona H1_47,Neurona H2_8,-0.25380972614690045,0.25380972614690045,0.050532771038077066
Capa 2 - Oculta 1 a Oculta 2,Neurona H1_47,Neurona H2_9,0.3012352041290619,0.3012352041290619,0.05997504441595722
Capa 2 - Oculta 1 a Oculta 2,Neurona H1_47,Neurona H2_10,-0.06235318870895718,0.06235318870895718,0.012414336740980818
Capa 2 - Oculta 1 a Oculta 2,Neurona H1_47,Neurona H2_11,0.11194042526535837,0.11194042526535837,0.02228700990191905
Capa 2 - Oculta 1 a Oculta 2,Neurona H1_47,Neurona H2_12,-0.03578400221016247,0.03578400221016247,0.007124489742625519
Capa 2 - Oculta 1 a Oculta 2,Neurona H1_47,Neurona H2_13,-0.02929190107233824,0.02929190107233824,0.005831931473350076
Capa 2 - Oculta 1 a Oculta 2,Neurona H1_47,Neurona H2_14,0.09212342218395977,0.09212342218395977,0.018341502790841728
Capa 2 - Oculta 1 a Oculta 2,Neurona H1_47,Neurona H2_15,3.770837130636593e-06,3.770837130636593e-06,7.507625977818167e-07
Capa 2 - Oculta 1 a Oculta 2,Neurona H1_47,Neurona H2_16,0.1363504544134858,0.1363504544134858,0.027146975013189766
Capa 2 - Oculta 1 a Oculta 2,Neurona H1_47,Neurona H2_17,-0.17471920419870246,0.17471920419870246,0.034786080406619145
Capa 2 - Oculta 1 a Oculta 2,Neurona H1_47,Neurona H2_18,0.050111429032495616,0.050111429032495616,0.00997703834337821
Capa 2 - Oculta 1 a Oculta 2,Neurona H1_47,Neurona H2_19,0.0003838616229106409,0.0003838616229106409,7.642572172203175e-05
Capa 2 - Oculta 1 a Oculta 2,Neurona H1_47,Neurona H2_20,-0.019337494196843,0.019337494196843,0.00385003830047726
Capa 2 - Oculta 1 a Oculta 2,Neurona H1_47,Neurona H2_21,0.05484179920832116,0.05484179920832116,0.010918841152313867
Capa 2 - Oculta 1 a Oculta 2,Neurona H1_47,Neurona H2_22,-0.13334130424454096,0.13334130424454096,0.026547862052410356
Capa 2 - Oculta 1 a Oculta 2,Neurona H1_47,Neurona H2_23,-0.23644599884021172,0.23644599884021172,0.04707570392848702
Capa 2 - Oculta 1 a Oculta 2,Neurona H1_47,Neurona H2_24,0.13954780611975337,0.13954780611975337,0.027783558347303245
Capa 2 - Oculta 1 a Oculta 2,Neurona H1_47,Neurona H2_25,-0.23797133069347423,0.23797133069347423,0.047379393020580314
Capa 2 - Oculta 1 a Oculta 2,Neurona H1_47,Neurona H2_26,0.010971712133528372,0.010971712133528372,0.0021844356619272606
Capa 2 - Oculta 1 a Oculta 2,Neurona H1_47,Neurona H2_27,0.2208969839502859,0.2208969839502859,0.043979940731274064
Capa 2 - Oculta 1 a Oculta 2,Neurona H1_47,Neurona H2_28,-0.20289143266606363,0.20289143266606363,0.04039508835279058
Capa 2 - Oculta 1 a Oculta 2,Neurona H1_47,Neurona H2_29,-0.11226593690615676,0.11226593690615676,0.02235181831357611
Capa 2 - Oculta 1 a Oculta 2,Neurona H1_47,Neurona H2_30,-0.17366831283132267,0.17366831283132267,0.034576851021836004
Capa 2 - Oculta 1 a Oculta 2,Neurona H1_47,Neurona H2_31,-0.14317000844078376,0.14317000844078376,0.02850472819103209
Capa 2 - Oculta 1 a Oculta 2,Neurona H1_47,Neurona H2_32,0.12414424535431375,0.12414424535431375,0.02471675463907753
Capa 2 - Oculta 1 a Oculta 2,Neurona H1_48,Neurona H2_1,0.21856872420847423,0.21856872420847423,0.04351639105476543
Capa 2 - Oculta 1 a Oculta 2,Neurona H1_48,Neurona H2_2,0.26158342719983757,0.26158342719983757,0.052080492086399574
Capa 2 - Oculta 1 a Oculta 2,Neurona H1_48,Neurona H2_3,-0.05456125825807177,0.05456125825807177,0.010862986273066443
Capa 2 - Oculta 1 a Oculta 2,Neurona H1_48,Neurona H2_4,-0.203478377612798,0.203478377612798,0.04051194736783131
Capa 2 - Oculta 1 a Oculta 2,Neurona H1_48,Neurona H2_5,-0.06732816113113659,0.06732816113113659,0.013404839138770074
Capa 2 - Oculta 1 a Oculta 2,Neurona H1_48,Neurona H2_6,-0.2378593209370906,0.2378593209370906,0.047357092207056375
Capa 2 - Oculta 1 a Oculta 2,Neurona H1_48,Neurona H2_7,0.19083733737202901,0.19083733737202901,0.03799515338255992
Capa 2 - Oculta 1 a Oculta 2,Neurona H1_48,Neurona H2_8,-0.25444789623610403,0.25444789623610403,0.05065982882853546
Capa 2 - Oculta 1 a Oculta 2,Neurona H1_48,Neurona H2_9,0.14088749446033888,0.14088749446033888,0.028050286361256525
Capa 2 - Oculta 1 a Oculta 2,Neurona H1_48,Neurona H2_10,-0.2966559239059027,0.2966559239059027,0.05906332317284707
Capa 2 - Oculta 1 a Oculta 2,Neurona H1_48,Neurona H2_11,0.07552793002219535,0.07552793002219535,0.015037389042303704
Capa 2 - Oculta 1 a Oculta 2,Neurona H1_48,Neurona H2_12,-0.22177805561088063,0.22177805561088063,0.04415535951119585
Capa 2 - Oculta 1 a Oculta 2,Neurona H1_48,Neurona H2_13,-0.27297329682565896,0.27297329682565896,0.05434818167691613
Capa 2 - Oculta 1 a Oculta 2,Neurona H1_48,Neurona H2_14,0.09183126101282793,0.09183126101282793,0.01828333435974513
Capa 2 - Oculta 1 a Oculta 2,Neurona H1_48,Neurona H2_15,-0.2542163706981352,0.2542163706981352,0.05061373277391509
Capa 2 - Oculta 1 a Oculta 2,Neurona H1_48,Neurona H2_16,-0.0778517464841393,0.0778517464841393,0.015500054074840567
Capa 2 - Oculta 1 a Oculta 2,Neurona H1_48,Neurona H2_17,-0.2347649930284023,0.2347649930284023,0.046741020608460596
Capa 2 - Oculta 1 a Oculta 2,Neurona H1_48,Neurona H2_18,-0.23485807614490972,0.23485807614490972,0.04675955318357262
Capa 2 - Oculta 1 a Oculta 2,Neurona H1_48,Neurona H2_19,-0.13947115727320206,0.13947115727320206,0.02776829778707212
Capa 2 - Oculta 1 a Oculta 2,Neurona H1_48,Neurona H2_20,0.05595394455151738,0.05595394455151738,0.011140266023779474
Capa 2 - Oculta 1 a Oculta 2,Neurona H1_48,Neurona H2_21,0.3127720783214412,0.3127720783214412,0.06227200218392384
Capa 2 - Oculta 1 a Oculta 2,Neurona H1_48,Neurona H2_22,-0.05498969274707625,0.05498969274707625,0.010948286321517495
Capa 2 - Oculta 1 a Oculta 2,Neurona H1_48,Neurona H2_23,-0.1467750933215505,0.1467750933215505,0.029222490002678264
Capa 2 - Oculta 1 a Oculta 2,Neurona H1_48,Neurona H2_24,-0.10133609727526294,0.10133609727526294,0.020175719343944076
Capa 2 - Oculta 1 a Oculta 2,Neurona H1_48,Neurona H2_25,-0.21757629239583123,0.21757629239583123,0.043318800795634986
Capa 2 - Oculta 1 a Oculta 2,Neurona H1_48,Neurona H2_26,0.036697610379882936,0.036697610379882936,0.007306386445954689
Capa 2 - Oculta 1 a Oculta 2,Neurona H1_48,Neurona H2_27,-0.11193756964121909,0.11193756964121909,0.02228644135553987
Capa 2 - Oculta 1 a Oculta 2,Neurona H1_48,Neurona H2_28,-0.009904416553484181,0.009904416553484181,0.0019719402465817157
Capa 2 - Oculta 1 a Oculta 2,Neurona H1_48,Neurona H2_29,-0.168063561417909,0.168063561417909,0.03346096147654944
Capa 2 - Oculta 1 a Oculta 2,Neurona H1_48,Neurona H2_30,0.32017305616015407,0.32017305616015407,0.06374551513498034
Capa 2 - Oculta 1 a Oculta 2,Neurona H1_48,Neurona H2_31,0.01920582781853968,0.01920582781853968,0.003823823911260498
Capa 2 - Oculta 1 a Oculta 2,Neurona H1_48,Neurona H2_32,0.11551119061282668,0.11551119061282668,0.022997938795281787
Capa 2 - Oculta 1 a Oculta 2,Neurona H1_49,Neurona H2_1,0.17610482080725062,0.17610482080725062,0.03506195260383273
Capa 2 - Oculta 1 a Oculta 2,Neurona H1_49,Neurona H2_2,-0.0754013892243583,0.0754013892243583,0.015012195141103973
Capa 2 - Oculta 1 a Oculta 2,Neurona H1_49,Neurona H2_3,0.24886054770660526,0.24886054770660526,0.04954740414632418
Capa 2 - Oculta 1 a Oculta 2,Neurona H1_49,Neurona H2_4,-0.23158518898723718,0.23158518898723718,0.04610793096293161
Capa 2 - Oculta 1 a Oculta 2,Neurona H1_49,Neurona H2_5,0.3177239087887823,0.3177239087887823,0.06325789708647259
Capa 2 - Oculta 1 a Oculta 2,Neurona H1_49,Neurona H2_6,0.023315634260678477,0.023315634260678477,0.0046420743034114
Capa 2 - Oculta 1 a Oculta 2,Neurona H1_49,Neurona H2_7,0.2868416612064924,0.2868416612064924,0.05710933229383009
Capa 2 - Oculta 1 a Oculta 2,Neurona H1_49,Neurona H2_8,-0.17838938007271737,0.17838938007271737,0.03551680164384915
Capa 2 - Oculta 1 a Oculta 2,Neurona H1_49,Neurona H2_9,0.19937193387235363,0.19937193387235363,0.039694366479711536
Capa 2 - Oculta 1 a Oculta 2,Neurona H1_49,Neurona H2_10,0.03465474363987845,0.03465474363987845,0.0068996576779081845
Capa 2 - Oculta 1 a Oculta 2,Neurona H1_49,Neurona H2_11,-0.31690904633491845,0.31690904633491845,0.06309566036515485
Capa 2 - Oculta 1 a Oculta 2,Neurona H1_49,Neurona H2_12,-0.2815282241443131,0.2815282241443131,0.05605144258028565
Capa 2 - Oculta 1 a Oculta 2,Neurona H1_49,Neurona H2_13,0.01827515545584888,0.01827515545584888,0.003638529777228375
Capa 2 - Oculta 1 a Oculta 2,Neurona H1_49,Neurona H2_14,-0.21199186659714742,0.21199186659714742,0.042206958020544916
Capa 2 - Oculta 1 a Oculta 2,Neurona H1_49,Neurona H2_15,0.09114241177804819,0.09114241177804819,0.0181461865002469
Capa 2 - Oculta 1 a Oculta 2,Neurona H1_49,Neurona H2_16,0.08374405940989599,0.08374405940989599,0.016673196272668046
Capa 2 - Oculta 1 a Oculta 2,Neurona H1_49,Neurona H2_17,-0.14467120348624576,0.14467120348624576,0.028803611715581975
Capa 2 - Oculta 1 a Oculta 2,Neurona H1_49,Neurona H2_18,0.05744954726517732,0.05744954726517732,0.011438036131492219
Capa 2 - Oculta 1 a Oculta 2,Neurona H1_49,Neurona H2_19,0.026763655159016977,0.026763655159016977,0.0053285651374521655
Capa 2 - Oculta 1 a Oculta 2,Neurona H1_49,Neurona H2_20,-0.2153056975532984,0.2153056975532984,0.04286673203121127
Capa 2 - Oculta 1 a Oculta 2,Neurona H1_49,Neurona H2_21,0.17872845094807527,0.17872845094807527,0.03558430965928361
Capa 2 - Oculta 1 a Oculta 2,Neurona H1_49,Neurona H2_22,-0.09549731816560565,0.09549731816560565,0.019013235571673465
Capa 2 - Oculta 1 a Oculta 2,Neurona H1_49,Neurona H2_23,0.10273574221796603,0.10273574221796603,0.020454384541286754
Capa 2 - Oculta 1 a Oculta 2,Neurona H1_49,Neurona H2_24,-0.07834559476721199,0.07834559476721199,0.015598377817570647
Capa 2 - Oculta 1 a Oculta 2,Neurona H1_49,Neurona H2_25,-0.10266073030038905,0.10266073030038905,0.02043944988880677
Capa 2 - Oculta 1 a Oculta 2,Neurona H1_49,Neurona H2_26,-0.02020871089111017,0.02020871089111017,0.0040234949855472105
Capa 2 - Oculta 1 a Oculta 2,Neurona H1_49,Neurona H2_27,0.2359869371332273,0.2359869371332273,0.04698430609088813
Capa 2 - Oculta 1 a Oculta 2,Neurona H1_49,Neurona H2_28,-0.07832664767337104,0.07832664767337104,0.015594605506834424
Capa 2 - Oculta 1 a Oculta 2,Neurona H1_49,Neurona H2_29,0.14057947978957824,0.14057947978957824,0.02798896154494548
Capa 2 - Oculta 1 a Oculta 2,Neurona H1_49,Neurona H2_30,0.1438758065096767,0.1438758065096767,0.028645250513623627
Capa 2 - Oculta 1 a Oculta 2,Neurona H1_49,Neurona H2_31,-0.24800212291292212,0.24800212291292212,0.04937649429109077
Capa 2 - Oculta 1 a Oculta 2,Neurona H1_49,Neurona H2_32,0.18260524758170554,0.18260524758170554,0.036356168482908985
Capa 2 - Oculta 1 a Oculta 2,Neurona H1_50,Neurona H2_1,-0.26235328515531936,0.26235328515531936,0.052233768544267416
Capa 2 - Oculta 1 a Oculta 2,Neurona H1_50,Neurona H2_2,0.043529806280446386,0.043529806280446386,0.00866665658363506
Capa 2 - Oculta 1 a Oculta 2,Neurona H1_50,Neurona H2_3,-0.1649127655278783,0.1649127655278783,0.032833647268714544
Capa 2 - Oculta 1 a Oculta 2,Neurona H1_50,Neurona H2_4,0.031430827786647006,0.031430827786647006,0.006257785500152946
Capa 2 - Oculta 1 a Oculta 2,Neurona H1_50,Neurona H2_5,0.04085275286663289,0.04085275286663289,0.008133663111435957
Capa 2 - Oculta 1 a Oculta 2,Neurona H1_50,Neurona H2_6,0.1015896241007329,0.1015896241007329,0.020226195790288254
Capa 2 - Oculta 1 a Oculta 2,Neurona H1_50,Neurona H2_7,0.06765212337807197,0.06765212337807197,0.01346933907065957
Capa 2 - Oculta 1 a Oculta 2,Neurona H1_50,Neurona H2_8,0.2616934498865258,0.2616934498865258,0.052102397280183184
Capa 2 - Oculta 1 a Oculta 2,Neurona H1_50,Neurona H2_9,-0.019742446976118506,0.019742446976118506,0.003930663209486926
Capa 2 - Oculta 1 a Oculta 2,Neurona H1_50,Neurona H2_10,-0.2091353227715397,0.2091353227715397,0.041638228534519935
Capa 2 - Oculta 1 a Oculta 2,Neurona H1_50,Neurona H2_11,0.18238391922606065,0.18238391922606065,0.03631210265734026
Capa 2 - Oculta 1 a Oculta 2,Neurona H1_50,Neurona H2_12,0.008350491944150508,0.008350491944150508,0.0016625584207314186
Capa 2 - Oculta 1 a Oculta 2,Neurona H1_50,Neurona H2_13,0.02850937130943539,0.02850937130943539,0.005676132095841732
Capa 2 - Oculta 1 a Oculta 2,Neurona H1_50,Neurona H2_14,0.17711351046886378,0.17711351046886378,0.03526277975294392
Capa 2 - Oculta 1 a Oculta 2,Neurona H1_50,Neurona H2_15,-0.10398718189957362,0.10398718189957362,0.020703542506423363
Capa 2 - Oculta 1 a Oculta 2,Neurona H1_50,Neurona H2_16,-0.09515051145219865,0.09515051145219865,0.01894418737360354
Capa 2 - Oculta 1 a Oculta 2,Neurona H1_50,Neurona H2_17,-0.20813140340538555,0.20813140340538555,0.041438351137224314
Capa 2 - Oculta 1 a Oculta 2,Neurona H1_50,Neurona H2_18,0.10145633933263937,0.10145633933263937,0.02019965918441746
Capa 2 - Oculta 1 a Oculta 2,Neurona H1_50,Neurona H2_19,-0.1557485053637138,0.1557485053637138,0.031009069985411124
Capa 2 - Oculta 1 a Oculta 2,Neurona H1_50,Neurona H2_20,0.16083712883936502,0.16083712883936502,0.0320221999741541
Capa 2 - Oculta 1 a Oculta 2,Neurona H1_50,Neurona H2_21,0.035008815782923544,0.035008815782923544,0.006970152401680524
Capa 2 - Oculta 1 a Oculta 2,Neurona H1_50,Neurona H2_22,0.13921020446736915,0.13921020446736915,0.027716342849847746
Capa 2 - Oculta 1 a Oculta 2,Neurona H1_50,Neurona H2_23,-0.22392889735859944,0.22392889735859944,0.044583585786156274
Capa 2 - Oculta 1 a Oculta 2,Neurona H1_50,Neurona H2_24,0.24844916920542295,0.24844916920542295,0.049465499894955176
Capa 2 - Oculta 1 a Oculta 2,Neurona H1_50,Neurona H2_25,-0.035765128816784904,0.035765128816784904,0.0071207321054350976
Capa 2 - Oculta 1 a Oculta 2,Neurona H1_50,Neurona H2_26,0.05572364513529646,0.05572364513529646,0.011094414086398009
Capa 2 - Oculta 1 a Oculta 2,Neurona H1_50,Neurona H2_27,0.13500378988192638,0.13500378988192638,0.026878858060102612
Capa 2 - Oculta 1 a Oculta 2,Neurona H1_50,Neurona H2_28,-0.02183939229745936,0.02183939229745936,0.004348158864249005
Capa 2 - Oculta 1 a Oculta 2,Neurona H1_50,Neurona H2_29,0.06297253711029321,0.06297253711029321,0.012537647188663969
Capa 2 - Oculta 1 a Oculta 2,Neurona H1_50,Neurona H2_30,-0.06392228751286187,0.06392228751286187,0.012726739704403679
Capa 2 - Oculta 1 a Oculta 2,Neurona H1_50,Neurona H2_31,-0.10938248094453631,0.10938248094453631,0.02177773070031179
Capa 2 - Oculta 1 a Oculta 2,Neurona H1_50,Neurona H2_32,0.22026368742185914,0.22026368742185914,0.043853853252452724
Capa 2 - Oculta 1 a Oculta 2,Neurona H1_51,Neurona H2_1,0.09217127841346334,0.09217127841346334,0.018351030825582405
Capa 2 - Oculta 1 a Oculta 2,Neurona H1_51,Neurona H2_2,0.11589214856320693,0.11589214856320693,0.02307378640433109
Capa 2 - Oculta 1 a Oculta 2,Neurona H1_51,Neurona H2_3,-0.1460175038103284,0.1460175038103284,0.02907165615603018
Capa 2 - Oculta 1 a Oculta 2,Neurona H1_51,Neurona H2_4,0.1502660909739493,0.1502660909739493,0.029917537382229943
Capa 2 - Oculta 1 a Oculta 2,Neurona H1_51,Neurona H2_5,-0.18546290309991323,0.18546290309991323,0.036925119303665585
Capa 2 - Oculta 1 a Oculta 2,Neurona H1_51,Neurona H2_6,0.08714782798492623,0.08714782798492623,0.017350876599106967
Capa 2 - Oculta 1 a Oculta 2,Neurona H1_51,Neurona H2_7,-0.16102571447427477,0.16102571447427477,0.03205974682018966
Capa 2 - Oculta 1 a Oculta 2,Neurona H1_51,Neurona H2_8,0.07680325393542291,0.07680325393542291,0.015291302287807987
Capa 2 - Oculta 1 a Oculta 2,Neurona H1_51,Neurona H2_9,0.24848228930495095,0.24848228930495095,0.049472094009497654
Capa 2 - Oculta 1 a Oculta 2,Neurona H1_51,Neurona H2_10,0.040158194445254126,0.040158194445254126,0.00799537856965371
Capa 2 - Oculta 1 a Oculta 2,Neurona H1_51,Neurona H2_11,0.05888269482957341,0.05888269482957341,0.011723371602416958
Capa 2 - Oculta 1 a Oculta 2,Neurona H1_51,Neurona H2_12,0.15167463124929234,0.15167463124929234,0.0301979736141757
Capa 2 - Oculta 1 a Oculta 2,Neurona H1_51,Neurona H2_13,0.2526233342997301,0.2526233342997301,0.05029656390573179
Capa 2 - Oculta 1 a Oculta 2,Neurona H1_51,Neurona H2_14,-0.22892172501161256,0.22892172501161256,0.04557764310796381
Capa 2 - Oculta 1 a Oculta 2,Neurona H1_51,Neurona H2_15,-0.23075168390044068,0.23075168390044068,0.04594198254815028
Capa 2 - Oculta 1 a Oculta 2,Neurona H1_51,Neurona H2_16,0.1369260212307929,0.1369260212307929,0.027261568676079026
Capa 2 - Oculta 1 a Oculta 2,Neurona H1_51,Neurona H2_17,0.11649375389409065,0.11649375389409065,0.023193564258798486
Capa 2 - Oculta 1 a Oculta 2,Neurona H1_51,Neurona H2_18,-0.06256567574819996,0.06256567574819996,0.012456642286420787
Capa 2 - Oculta 1 a Oculta 2,Neurona H1_51,Neurona H2_19,-0.08651509603866835,0.08651509603866835,0.01722490152693727
Capa 2 - Oculta 1 a Oculta 2,Neurona H1_51,Neurona H2_20,-0.2536138937124426,0.2536138937124426,0.05049378137553529
Capa 2 - Oculta 1 a Oculta 2,Neurona H1_51,Neurona H2_21,-0.2545509371400181,0.2545509371400181,0.050680343969874184
Capa 2 - Oculta 1 a Oculta 2,Neurona H1_51,Neurona H2_22,0.07093003484059139,0.07093003484059139,0.014121961615639236
Capa 2 - Oculta 1 a Oculta 2,Neurona H1_51,Neurona H2_23,0.1389883664794404,0.1389883664794404,0.027672175557988083
Capa 2 - Oculta 1 a Oculta 2,Neurona H1_51,Neurona H2_24,0.12309837971283066,0.12309837971283066,0.02450852586155989
Capa 2 - Oculta 1 a Oculta 2,Neurona H1_51,Neurona H2_25,0.20586605510026051,0.20586605510026051,0.040987326942989434
Capa 2 - Oculta 1 a Oculta 2,Neurona H1_51,Neurona H2_26,-0.1142095612698502,0.1142095612698502,0.022738788215973398
Capa 2 - Oculta 1 a Oculta 2,Neurona H1_51,Neurona H2_27,0.02744472195169723,0.02744472195169723,0.005464163535585377
Capa 2 - Oculta 1 a Oculta 2,Neurona H1_51,Neurona H2_28,-0.17739992549747444,0.17739992549747444,0.03531980414394093
Capa 2 - Oculta 1 a Oculta 2,Neurona H1_51,Neurona H2_29,0.13864802073022142,0.13864802073022142,0.02760441371891218
Capa 2 - Oculta 1 a Oculta 2,Neurona H1_51,Neurona H2_30,0.023056884927071513,0.023056884927071513,0.004590558071035623
Capa 2 - Oculta 1 a Oculta 2,Neurona H1_51,Neurona H2_31,0.01809396548078471,0.01809396548078471,0.0036024553853470595
Capa 2 - Oculta 1 a Oculta 2,Neurona H1_51,Neurona H2_32,0.2368290985391748,0.2368290985391748,0.04715197795338886
Capa 2 - Oculta 1 a Oculta 2,Neurona H1_52,Neurona H2_1,0.07137900135562,0.07137900135562,0.014211349530169245
Capa 2 - Oculta 1 a Oculta 2,Neurona H1_52,Neurona H2_2,0.24848322221878005,0.24848322221878005,0.049472279749901066
Capa 2 - Oculta 1 a Oculta 2,Neurona H1_52,Neurona H2_3,0.15581423768310876,0.15581423768310876,0.031022157097147198
Capa 2 - Oculta 1 a Oculta 2,Neurona H1_52,Neurona H2_4,0.19779833389596288,0.19779833389596288,0.03938106734606662
Capa 2 - Oculta 1 a Oculta 2,Neurona H1_52,Neurona H2_5,0.18440940419585475,0.18440940419585475,0.036715370765988034
Capa 2 - Oculta 1 a Oculta 2,Neurona H1_52,Neurona H2_6,-0.1560728542028092,0.1560728542028092,0.03107364688666426
Capa 2 - Oculta 1 a Oculta 2,Neurona H1_52,Neurona H2_7,0.13602354209236875,0.13602354209236875,0.027081887730195053
Capa 2 - Oculta 1 a Oculta 2,Neurona H1_52,Neurona H2_8,-0.16507291183556752,0.16507291183556752,0.03286553192822664
Capa 2 - Oculta 1 a Oculta 2,Neurona H1_52,Neurona H2_9,-0.12029067986051159,0.12029067986051159,0.023949521067162197
Capa 2 - Oculta 1 a Oculta 2,Neurona H1_52,Neurona H2_10,-0.15966299270288012,0.15966299270288012,0.03178843291781134
Capa 2 - Oculta 1 a Oculta 2,Neurona H1_52,Neurona H2_11,-0.043247388758687146,0.043247388758687146,0.008610428084511505
Capa 2 - Oculta 1 a Oculta 2,Neurona H1_52,Neurona H2_12,-0.0707863892649172,0.0707863892649172,0.014093362203408772
Capa 2 - Oculta 1 a Oculta 2,Neurona H1_52,Neurona H2_13,0.1824959094589605,0.1824959094589605,0.03633439958379591
Capa 2 - Oculta 1 a Oculta 2,Neurona H1_52,Neurona H2_14,0.03986884053711012,0.03986884053711012,0.007937769056373079
Capa 2 - Oculta 1 a Oculta 2,Neurona H1_52,Neurona H2_15,-0.0804415954930511,0.0804415954930511,0.0160156854061426
Capa 2 - Oculta 1 a Oculta 2,Neurona H1_52,Neurona H2_16,0.06319734635952437,0.06319734635952437,0.012582406049922362
Capa 2 - Oculta 1 a Oculta 2,Neurona H1_52,Neurona H2_17,-0.07993385517020746,0.07993385517020746,0.01591459579909497
Capa 2 - Oculta 1 a Oculta 2,Neurona H1_52,Neurona H2_18,0.15132513818901452,0.15132513818901452,0.03012839057233358
Capa 2 - Oculta 1 a Oculta 2,Neurona H1_52,Neurona H2_19,-0.1956896429071432,0.1956896429071432,0.03896123316340646
Capa 2 - Oculta 1 a Oculta 2,Neurona H1_52,Neurona H2_20,-0.18926327173730306,0.18926327173730306,0.0376817615377081
Capa 2 - Oculta 1 a Oculta 2,Neurona H1_52,Neurona H2_21,-0.1623461911345067,0.1623461911345067,0.03232264984500915
Capa 2 - Oculta 1 a Oculta 2,Neurona H1_52,Neurona H2_22,0.20608781905418058,0.20608781905418058,0.041031479494895405
Capa 2 - Oculta 1 a Oculta 2,Neurona H1_52,Neurona H2_23,-0.16665903882917127,0.16665903882917127,0.03318132515420688
Capa 2 - Oculta 1 a Oculta 2,Neurona H1_52,Neurona H2_24,0.22809399014518508,0.22809399014518508,0.045412843527110856
Capa 2 - Oculta 1 a Oculta 2,Neurona H1_52,Neurona H2_25,-0.23187890876513775,0.23187890876513775,0.04616640970805824
Capa 2 - Oculta 1 a Oculta 2,Neurona H1_52,Neurona H2_26,-0.13456810858982393,0.13456810858982393,0.026792115194438575
Capa 2 - Oculta 1 a Oculta 2,Neurona H1_52,Neurona H2_27,0.22764682140369705,0.22764682140369705,0.045323813544012714
Capa 2 - Oculta 1 a Oculta 2,Neurona H1_52,Neurona H2_28,0.03951917266989262,0.03951917266989262,0.007868151210982678
Capa 2 - Oculta 1 a Oculta 2,Neurona H1_52,Neurona H2_29,0.03180254277259252,0.03180254277259252,0.006331792862129829
Capa 2 - Oculta 1 a Oculta 2,Neurona H1_52,Neurona H2_30,-0.08530783606619302,0.08530783606619302,0.01698453961213334
Capa 2 - Oculta 1 a Oculta 2,Neurona H1_52,Neurona H2_31,0.11774601702211039,0.11774601702211039,0.023442886169697294
Capa 2 - Oculta 1 a Oculta 2,Neurona H1_52,Neurona H2_32,-0.018918600362462866,0.018918600362462866,0.003766637768341065
Capa 2 - Oculta 1 a Oculta 2,Neurona H1_53,Neurona H2_1,0.007190638788539785,0.007190638788539785,0.0014316350639316674
Capa 2 - Oculta 1 a Oculta 2,Neurona H1_53,Neurona H2_2,0.16006640509767348,0.16006640509767348,0.03186875114079471
Capa 2 - Oculta 1 a Oculta 2,Neurona H1_53,Neurona H2_3,0.17823003658960246,0.17823003658960246,0.035485076824351904
Capa 2 - Oculta 1 a Oculta 2,Neurona H1_53,Neurona H2_4,-0.18000017660781298,0.18000017660781298,0.035837506503086106
Capa 2 - Oculta 1 a Oculta 2,Neurona H1_53,Neurona H2_5,-0.3250213575089875,0.3250213575089875,0.06471079769409865
Capa 2 - Oculta 1 a Oculta 2,Neurona H1_53,Neurona H2_6,-0.056307444813218935,0.056307444813218935,0.011210646887655927
Capa 2 - Oculta 1 a Oculta 2,Neurona H1_53,Neurona H2_7,0.22443732713233588,0.22443732713233588,0.044684812660851746
Capa 2 - Oculta 1 a Oculta 2,Neurona H1_53,Neurona H2_8,-0.025725454484103686,0.025725454484103686,0.005121862432266606
Capa 2 - Oculta 1 a Oculta 2,Neurona H1_53,Neurona H2_9,0.19260900385258312,0.19260900385258312,0.03834788697546352
Capa 2 - Oculta 1 a Oculta 2,Neurona H1_53,Neurona H2_10,0.20009384908859915,0.20009384908859915,0.039838097679004994
Capa 2 - Oculta 1 a Oculta 2,Neurona H1_53,Neurona H2_11,-0.14007778102435328,0.14007778102435328,0.027889074794275704
Capa 2 - Oculta 1 a Oculta 2,Neurona H1_53,Neurona H2_12,-0.09202000487960463,0.09202000487960463,0.018320912709280674
Capa 2 - Oculta 1 a Oculta 2,Neurona H1_53,Neurona H2_13,0.1036685203276887,0.1036685203276887,0.020640097923368357
Capa 2 - Oculta 1 a Oculta 2,Neurona H1_53,Neurona H2_14,-0.1650193686434704,0.1650193686434704,0.03285487163593616
Capa 2 - Oculta 1 a Oculta 2,Neurona H1_53,Neurona H2_15,-0.17937081898101548,0.17937081898101548,0.03571220324801062
Capa 2 - Oculta 1 a Oculta 2,Neurona H1_53,Neurona H2_16,-0.30872104737053646,0.30872104737053646,0.06146545381945435
Capa 2 - Oculta 1 a Oculta 2,Neurona H1_53,Neurona H2_17,-0.08854664412907147,0.08854664412907147,0.017629376785090956
Capa 2 - Oculta 1 a Oculta 2,Neurona H1_53,Neurona H2_18,-0.14604387145708667,0.14604387145708667,0.029076905877058114
Capa 2 - Oculta 1 a Oculta 2,Neurona H1_53,Neurona H2_19,0.05451010056169245,0.05451010056169245,0.010852800925967193
Capa 2 - Oculta 1 a Oculta 2,Neurona H1_53,Neurona H2_20,-0.027267985562195705,0.027267985562195705,0.005428975839509428
Capa 2 - Oculta 1 a Oculta 2,Neurona H1_53,Neurona H2_21,-0.04545344729122149,0.04545344729122149,0.009049647859157309
Capa 2 - Oculta 1 a Oculta 2,Neurona H1_53,Neurona H2_22,-0.3770177807226799,0.3770177807226799,0.0750631328427356
Capa 2 - Oculta 1 a Oculta 2,Neurona H1_53,Neurona H2_23,0.24288717011174293,0.24288717011174293,0.048358122210964256
Capa 2 - Oculta 1 a Oculta 2,Neurona H1_53,Neurona H2_24,-0.1852979029483163,0.1852979029483163,0.036892268258087176
Capa 2 - Oculta 1 a Oculta 2,Neurona H1_53,Neurona H2_25,0.2170131547893749,0.2170131547893749,0.043206681752121584
Capa 2 - Oculta 1 a Oculta 2,Neurona H1_53,Neurona H2_26,-0.06878111462418479,0.06878111462418479,0.013694117911919549
Capa 2 - Oculta 1 a Oculta 2,Neurona H1_53,Neurona H2_27,0.3104596761322516,0.3104596761322516,0.06181160969956871
Capa 2 - Oculta 1 a Oculta 2,Neurona H1_53,Neurona H2_28,-0.2840971333857355,0.2840971333857355,0.05656290486538053
Capa 2 - Oculta 1 a Oculta 2,Neurona H1_53,Neurona H2_29,0.1689081281534067,0.1689081281534067,0.03362911223309917
Capa 2 - Oculta 1 a Oculta 2,Neurona H1_53,Neurona H2_30,-0.3024544304088157,0.3024544304088157,0.060217788787395324
Capa 2 - Oculta 1 a Oculta 2,Neurona H1_53,Neurona H2_31,0.15354147814589342,0.15354147814589342,0.030569657348369896
Capa 2 - Oculta 1 a Oculta 2,Neurona H1_53,Neurona H2_32,-0.20380715062821722,0.20380715062821722,0.04057740510959674
Capa 2 - Oculta 1 a Oculta 2,Neurona H1_54,Neurona H2_1,0.16290706949759035,0.16290706949759035,0.032434319079802425
Capa 2 - Oculta 1 a Oculta 2,Neurona H1_54,Neurona H2_2,-0.11722951835077945,0.11722951835077945,0.023340052801189063
Capa 2 - Oculta 1 a Oculta 2,Neurona H1_54,Neurona H2_3,-0.20075580079571315,0.20075580079571315,0.03996989031974286
Capa 2 - Oculta 1 a Oculta 2,Neurona H1_54,Neurona H2_4,-0.22907982615753503,0.22907982615753503,0.04560912058177477
Capa 2 - Oculta 1 a Oculta 2,Neurona H1_54,Neurona H2_5,-0.03630391917497647,0.03630391917497647,0.007228003683326717
Capa 2 - Oculta 1 a Oculta 2,Neurona H1_54,Neurona H2_6,0.07142240353160519,0.07142240353160519,0.014219990775935944
Capa 2 - Oculta 1 a Oculta 2,Neurona H1_54,Neurona H2_7,0.1971656962433772,0.1971656962433772,0.03925511104749012
Capa 2 - Oculta 1 a Oculta 2,Neurona H1_54,Neurona H2_8,-0.17272876696525868,0.17272876696525868,0.03438979019934371
Capa 2 - Oculta 1 a Oculta 2,Neurona H1_54,Neurona H2_9,-0.060393950210827975,0.060393950210827975,0.012024258110275994
Capa 2 - Oculta 1 a Oculta 2,Neurona H1_54,Neurona H2_10,-0.17358672176524925,0.17358672176524925,0.0345606064802133
Capa 2 - Oculta 1 a Oculta 2,Neurona H1_54,Neurona H2_11,-0.00044725862951461233,0.00044725862951461233,8.904787954022248e-05
Capa 2 - Oculta 1 a Oculta 2,Neurona H1_54,Neurona H2_12,-0.08895781464000707,0.08895781464000707,0.017711239626212703
Capa 2 - Oculta 1 a Oculta 2,Neurona H1_54,Neurona H2_13,-0.058385929363920036,0.058385929363920036,0.011624467057202815
Capa 2 - Oculta 1 a Oculta 2,Neurona H1_54,Neurona H2_14,-0.07133861815194517,0.07133861815194517,0.014203309352922832
Capa 2 - Oculta 1 a Oculta 2,Neurona H1_54,Neurona H2_15,0.1369107563209336,0.1369107563209336,0.027258529477358996
Capa 2 - Oculta 1 a Oculta 2,Neurona H1_54,Neurona H2_16,0.14126065815813532,0.14126065815813532,0.02812458215750807
Capa 2 - Oculta 1 a Oculta 2,Neurona H1_54,Neurona H2_17,-0.06615217489874303,0.06615217489874303,0.01317070373376562
Capa 2 - Oculta 1 a Oculta 2,Neurona H1_54,Neurona H2_18,-0.1586590276069711,0.1586590276069711,0.03158854641585582
Capa 2 - Oculta 1 a Oculta 2,Neurona H1_54,Neurona H2_19,0.1817160506908732,0.1817160506908732,0.03617913199351065
Capa 2 - Oculta 1 a Oculta 2,Neurona H1_54,Neurona H2_20,0.18211530112584656,0.18211530112584656,0.03625862158251751
Capa 2 - Oculta 1 a Oculta 2,Neurona H1_54,Neurona H2_21,0.019843894903690165,0.019843894903690165,0.003950861193914438
Capa 2 - Oculta 1 a Oculta 2,Neurona H1_54,Neurona H2_22,-0.12089283052024924,0.12089283052024924,0.02406940749500279
Capa 2 - Oculta 1 a Oculta 2,Neurona H1_54,Neurona H2_23,0.10733319599605926,0.10733319599605926,0.021369724085808638
Capa 2 - Oculta 1 a Oculta 2,Neurona H1_54,Neurona H2_24,-0.09103063765079862,0.09103063765079862,0.01812393259979151
Capa 2 - Oculta 1 a Oculta 2,Neurona H1_54,Neurona H2_25,0.20816850992568092,0.20816850992568092,0.04144573893643347
Capa 2 - Oculta 1 a Oculta 2,Neurona H1_54,Neurona H2_26,-0.07748979646312588,0.07748979646312588,0.01542799088870202
Capa 2 - Oculta 1 a Oculta 2,Neurona H1_54,Neurona H2_27,0.2475527080359021,0.2475527080359021,0.049287017109005106
Capa 2 - Oculta 1 a Oculta 2,Neurona H1_54,Neurona H2_28,-0.021019217764720804,0.021019217764720804,0.004184864523628855
Capa 2 - Oculta 1 a Oculta 2,Neurona H1_54,Neurona H2_29,0.1326696223093561,0.1326696223093561,0.0264141321518412
Capa 2 - Oculta 1 a Oculta 2,Neurona H1_54,Neurona H2_30,-0.09909474785971785,0.09909474785971785,0.019729473258139965
Capa 2 - Oculta 1 a Oculta 2,Neurona H1_54,Neurona H2_31,0.05442740063072533,0.05442740063072533,0.010836335612600882
Capa 2 - Oculta 1 a Oculta 2,Neurona H1_54,Neurona H2_32,0.022777047671114648,0.022777047671114648,0.004534843295255094
Capa 2 - Oculta 1 a Oculta 2,Neurona H1_55,Neurona H2_1,0.10933240469024137,0.10933240469024137,0.02176776066515535
Capa 2 - Oculta 1 a Oculta 2,Neurona H1_55,Neurona H2_2,0.09198912028779027,0.09198912028779027,0.01831476367775831
Capa 2 - Oculta 1 a Oculta 2,Neurona H1_55,Neurona H2_3,0.11697695307288819,0.11697695307288819,0.023289767796143744
Capa 2 - Oculta 1 a Oculta 2,Neurona H1_55,Neurona H2_4,0.1632994680671125,0.1632994680671125,0.03251244448252185
Capa 2 - Oculta 1 a Oculta 2,Neurona H1_55,Neurona H2_5,0.28863635803850735,0.28863635803850735,0.05746665116206954
Capa 2 - Oculta 1 a Oculta 2,Neurona H1_55,Neurona H2_6,0.1664752821639853,0.1664752821639853,0.03314473974186067
Capa 2 - Oculta 1 a Oculta 2,Neurona H1_55,Neurona H2_7,-0.20332714398312132,0.20332714398312132,0.04048183719633502
Capa 2 - Oculta 1 a Oculta 2,Neurona H1_55,Neurona H2_8,0.1783831466475071,0.1783831466475071,0.03551556058719731
Capa 2 - Oculta 1 a Oculta 2,Neurona H1_55,Neurona H2_9,-0.2648611080354734,0.2648611080354734,0.05273306871424408
Capa 2 - Oculta 1 a Oculta 2,Neurona H1_55,Neurona H2_10,-0.2792598370737206,0.2792598370737206,0.055599813376771036
Capa 2 - Oculta 1 a Oculta 2,Neurona H1_55,Neurona H2_11,0.09303590880877796,0.09303590880877796,0.018523176197874826
Capa 2 - Oculta 1 a Oculta 2,Neurona H1_55,Neurona H2_12,-0.011288883569064975,0.011288883569064975,0.0022475835632118357
Capa 2 - Oculta 1 a Oculta 2,Neurona H1_55,Neurona H2_13,-0.2291614626739471,0.2291614626739471,0.04562537417242642
Capa 2 - Oculta 1 a Oculta 2,Neurona H1_55,Neurona H2_14,0.044970827742923304,0.044970827742923304,0.0089535597245421
Capa 2 - Oculta 1 a Oculta 2,Neurona H1_55,Neurona H2_15,-0.022028250451042376,0.022028250451042376,0.004385759967952025
Capa 2 - Oculta 1 a Oculta 2,Neurona H1_55,Neurona H2_16,-0.10722687972400508,0.10722687972400508,0.021348556828292956
Capa 2 - Oculta 1 a Oculta 2,Neurona H1_55,Neurona H2_17,0.09201600314480608,0.09201600314480608,0.018320115975635355
Capa 2 - Oculta 1 a Oculta 2,Neurona H1_55,Neurona H2_18,-0.2943848745848373,0.2943848745848373,0.05861116392308233
Capa 2 - Oculta 1 a Oculta 2,Neurona H1_55,Neurona H2_19,0.3246738581669224,0.3246738581669224,0.06464161159569716
Capa 2 - Oculta 1 a Oculta 2,Neurona H1_55,Neurona H2_20,0.13245854073252286,0.13245854073252286,0.026372106429839132
Capa 2 - Oculta 1 a Oculta 2,Neurona H1_55,Neurona H2_21,0.20640488830883047,0.20640488830883047,0.04109460705226554
Capa 2 - Oculta 1 a Oculta 2,Neurona H1_55,Neurona H2_22,-0.014507850008463937,0.014507850008463937,0.002888470327209427
Capa 2 - Oculta 1 a Oculta 2,Neurona H1_55,Neurona H2_23,0.006291396267540154,0.006291396267540154,0.0012525985190709832
Capa 2 - Oculta 1 a Oculta 2,Neurona H1_55,Neurona H2_24,-0.3209627249454798,0.3209627249454798,0.0639027358708858
Capa 2 - Oculta 1 a Oculta 2,Neurona H1_55,Neurona H2_25,-0.09562799098776212,0.09562799098776212,0.01903925214677946
Capa 2 - Oculta 1 a Oculta 2,Neurona H1_55,Neurona H2_26,-0.19497012161698868,0.19497012161698868,0.038817978587766776
Capa 2 - Oculta 1 a Oculta 2,Neurona H1_55,Neurona H2_27,0.11217754466511953,0.11217754466511953,0.022334219677993122
Capa 2 - Oculta 1 a Oculta 2,Neurona H1_55,Neurona H2_28,0.17882889693217566,0.17882889693217566,0.03560430815970869
Capa 2 - Oculta 1 a Oculta 2,Neurona H1_55,Neurona H2_29,-0.06364476154469487,0.06364476154469487,0.012671485099233869
Capa 2 - Oculta 1 a Oculta 2,Neurona H1_55,Neurona H2_30,0.11657695578361034,0.11657695578361034,0.023210129510638364
Capa 2 - Oculta 1 a Oculta 2,Neurona H1_55,Neurona H2_31,-0.31982625074550625,0.31982625074550625,0.06367646719548956
Capa 2 - Oculta 1 a Oculta 2,Neurona H1_55,Neurona H2_32,-0.0552354497969274,0.0552354497969274,0.010997215828355753
Capa 2 - Oculta 1 a Oculta 2,Neurona H1_56,Neurona H2_1,-0.07353486829187597,0.07353486829187597,0.014640576305408467
Capa 2 - Oculta 1 a Oculta 2,Neurona H1_56,Neurona H2_2,-0.12312691900181523,0.12312691900181523,0.024514207950176982
Capa 2 - Oculta 1 a Oculta 2,Neurona H1_56,Neurona H2_3,0.22908752970717197,0.22908752970717197,0.04561065433588221
Capa 2 - Oculta 1 a Oculta 2,Neurona H1_56,Neurona H2_4,0.17258758484076372,0.17258758484076372,0.034361681253007884
Capa 2 - Oculta 1 a Oculta 2,Neurona H1_56,Neurona H2_5,-0.3196840940933184,0.3196840940933184,0.06364816422355225
Capa 2 - Oculta 1 a Oculta 2,Neurona H1_56,Neurona H2_6,-0.10352816301389983,0.10352816301389983,0.020612153194421654
Capa 2 - Oculta 1 a Oculta 2,Neurona H1_56,Neurona H2_7,0.10770595409921618,0.10770595409921618,0.021443939129358682
Capa 2 - Oculta 1 a Oculta 2,Neurona H1_56,Neurona H2_8,0.12949807209745526,0.12949807209745526,0.025782685819477284
Capa 2 - Oculta 1 a Oculta 2,Neurona H1_56,Neurona H2_9,-0.013292920083134109,0.013292920083134109,0.002646581347318772
Capa 2 - Oculta 1 a Oculta 2,Neurona H1_56,Neurona H2_10,0.0608155577374709,0.0608155577374709,0.012108198930571612
Capa 2 - Oculta 1 a Oculta 2,Neurona H1_56,Neurona H2_11,0.2811793392744775,0.2811793392744775,0.055981980627374334
Capa 2 - Oculta 1 a Oculta 2,Neurona H1_56,Neurona H2_12,0.06981948924033372,0.06981948924033372,0.01390085524829426
Capa 2 - Oculta 1 a Oculta 2,Neurona H1_56,Neurona H2_13,-0.11790070962764444,0.11790070962764444,0.023473685013127788
Capa 2 - Oculta 1 a Oculta 2,Neurona H1_56,Neurona H2_14,0.20511322471207405,0.20511322471207405,0.04083744062376023
Capa 2 - Oculta 1 a Oculta 2,Neurona H1_56,Neurona H2_15,0.17295486723916242,0.17295486723916242,0.03443480609982268
Capa 2 - Oculta 1 a Oculta 2,Neurona H1_56,Neurona H2_16,0.03983661793639367,0.03983661793639367,0.007931353631208034
Capa 2 - Oculta 1 a Oculta 2,Neurona H1_56,Neurona H2_17,0.27225394906818956,0.27225394906818956,0.05420496165112438
Capa 2 - Oculta 1 a Oculta 2,Neurona H1_56,Neurona H2_18,0.30801160770344954,0.30801160770344954,0.061324206465357745
Capa 2 - Oculta 1 a Oculta 2,Neurona H1_56,Neurona H2_19,-0.2974277156719356,0.2974277156719356,0.05921698464671605
Capa 2 - Oculta 1 a Oculta 2,Neurona H1_56,Neurona H2_20,-0.0825164130405754,0.0825164130405754,0.016428775486126954
Capa 2 - Oculta 1 a Oculta 2,Neurona H1_56,Neurona H2_21,-0.04880455516720535,0.04880455516720535,0.00971684359508028
Capa 2 - Oculta 1 a Oculta 2,Neurona H1_56,Neurona H2_22,-0.05064896202885259,0.05064896202885259,0.01008405958422143
Capa 2 - Oculta 1 a Oculta 2,Neurona H1_56,Neurona H2_23,0.1240984363559828,0.1240984363559828,0.02470763420205062
Capa 2 - Oculta 1 a Oculta 2,Neurona H1_56,Neurona H2_24,0.14513781165850015,0.14513781165850015,0.028896512032252186
Capa 2 - Oculta 1 a Oculta 2,Neurona H1_56,Neurona H2_25,-0.08711688981072327,0.08711688981072327,0.017344716899488407
Capa 2 - Oculta 1 a Oculta 2,Neurona H1_56,Neurona H2_26,0.04905535119312246,0.04905535119312246,0.009766776347253826
Capa 2 - Oculta 1 a Oculta 2,Neurona H1_56,Neurona H2_27,-0.1188998731186987,0.1188998731186987,0.023672615529659012
Capa 2 - Oculta 1 a Oculta 2,Neurona H1_56,Neurona H2_28,0.013638566229650848,0.013638566229650848,0.002715398479929422
Capa 2 - Oculta 1 a Oculta 2,Neurona H1_56,Neurona H2_29,-0.051458019381045446,0.051458019381045446,0.010245140526846028
Capa 2 - Oculta 1 a Oculta 2,Neurona H1_56,Neurona H2_30,-0.2023888103746511,0.2023888103746511,0.040295017730769246
Capa 2 - Oculta 1 a Oculta 2,Neurona H1_56,Neurona H2_31,0.14819129990412905,0.14819129990412905,0.029504452573878702
Capa 2 - Oculta 1 a Oculta 2,Neurona H1_56,Neurona H2_32,0.01434259074052935,0.01434259074052935,0.0028555676923292125
Capa 2 - Oculta 1 a Oculta 2,Neurona H1_57,Neurona H2_1,0.2599347284914321,0.2599347284914321,0.05175224101577511
Capa 2 - Oculta 1 a Oculta 2,Neurona H1_57,Neurona H2_2,0.17230850994237795,0.17230850994237795,0.03430611826038072
Capa 2 - Oculta 1 a Oculta 2,Neurona H1_57,Neurona H2_3,0.0872312383992653,0.0872312383992653,0.017367483367625947
Capa 2 - Oculta 1 a Oculta 2,Neurona H1_57,Neurona H2_4,-0.019602283648951214,0.019602283648951214,0.0039027571027068393
Capa 2 - Oculta 1 a Oculta 2,Neurona H1_57,Neurona H2_5,0.30913903397577125,0.30913903397577125,0.06154867372493223
Capa 2 - Oculta 1 a Oculta 2,Neurona H1_57,Neurona H2_6,0.16599010219407462,0.16599010219407462,0.03304814183482236
Capa 2 - Oculta 1 a Oculta 2,Neurona H1_57,Neurona H2_7,-0.1656675732327754,0.1656675732327754,0.03298392726589347
Capa 2 - Oculta 1 a Oculta 2,Neurona H1_57,Neurona H2_8,-0.14503117735767332,0.14503117735767332,0.028875281456141922
Capa 2 - Oculta 1 a Oculta 2,Neurona H1_57,Neurona H2_9,0.20771998753498458,0.20771998753498458,0.04135643944575362
Capa 2 - Oculta 1 a Oculta 2,Neurona H1_57,Neurona H2_10,0.011288404901324139,0.011288404901324139,0.0022474882618704795
Capa 2 - Oculta 1 a Oculta 2,Neurona H1_57,Neurona H2_11,-0.2589804533191473,0.2589804533191473,0.051562247631674135
Capa 2 - Oculta 1 a Oculta 2,Neurona H1_57,Neurona H2_12,-0.2867689947052658,0.2867689947052658,0.05709486460685699
Capa 2 - Oculta 1 a Oculta 2,Neurona H1_57,Neurona H2_13,-0.24478220670954604,0.24478220670954604,0.04873541843187478
Capa 2 - Oculta 1 a Oculta 2,Neurona H1_57,Neurona H2_14,0.11318534594401505,0.11318534594401505,0.022534869952714403
Capa 2 - Oculta 1 a Oculta 2,Neurona H1_57,Neurona H2_15,-0.13651547857441268,0.13651547857441268,0.02717983083895525
Capa 2 - Oculta 1 a Oculta 2,Neurona H1_57,Neurona H2_16,-0.12294838864877175,0.12294838864877175,0.024478663081228695
Capa 2 - Oculta 1 a Oculta 2,Neurona H1_57,Neurona H2_17,-0.20223474923974089,0.20223474923974089,0.04026434461128533
Capa 2 - Oculta 1 a Oculta 2,Neurona H1_57,Neurona H2_18,0.015558871451057936,0.015558871451057936,0.0030977256095856913
Capa 2 - Oculta 1 a Oculta 2,Neurona H1_57,Neurona H2_19,-0.008424744423459687,0.008424744423459687,0.0016773418712827527
Capa 2 - Oculta 1 a Oculta 2,Neurona H1_57,Neurona H2_20,-0.17896110348776376,0.17896110348776376,0.03563063009663635
Capa 2 - Oculta 1 a Oculta 2,Neurona H1_57,Neurona H2_21,0.150790549476074,0.150790549476074,0.030021955529671237
Capa 2 - Oculta 1 a Oculta 2,Neurona H1_57,Neurona H2_22,0.07414263468555862,0.07414263468555862,0.014761580809384122
Capa 2 - Oculta 1 a Oculta 2,Neurona H1_57,Neurona H2_23,0.17252750947444473,0.17252750947444473,0.034349720424014796
Capa 2 - Oculta 1 a Oculta 2,Neurona H1_57,Neurona H2_24,-0.046335924873084966,0.046335924873084966,0.009225346553874516
Capa 2 - Oculta 1 a Oculta 2,Neurona H1_57,Neurona H2_25,-0.15142612748480616,0.15142612748480616,0.03014849724452069
Capa 2 - Oculta 1 a Oculta 2,Neurona H1_57,Neurona H2_26,-0.20457966083205678,0.20457966083205678,0.04073120962232297
Capa 2 - Oculta 1 a Oculta 2,Neurona H1_57,Neurona H2_27,0.20959943854147992,0.20959943854147992,0.04173063262120957
Capa 2 - Oculta 1 a Oculta 2,Neurona H1_57,Neurona H2_28,0.19731512926074088,0.19731512926074088,0.03928486272236327
Capa 2 - Oculta 1 a Oculta 2,Neurona H1_57,Neurona H2_29,0.12072123497223299,0.12072123497223299,0.024035243325367932
Capa 2 - Oculta 1 a Oculta 2,Neurona H1_57,Neurona H2_30,0.1340415564928208,0.1340415564928208,0.026687280218405864
Capa 2 - Oculta 1 a Oculta 2,Neurona H1_57,Neurona H2_31,0.07089995777589708,0.07089995777589708,0.014115973360394773
Capa 2 - Oculta 1 a Oculta 2,Neurona H1_57,Neurona H2_32,0.053684211563318526,0.053684211563318526,0.010688368852022396
Capa 2 - Oculta 1 a Oculta 2,Neurona H1_58,Neurona H2_1,-0.12891083570724032,0.12891083570724032,0.025665768778895544
Capa 2 - Oculta 1 a Oculta 2,Neurona H1_58,Neurona H2_2,-0.014405342557608608,0.014405342557608608,0.002868061394807951
Capa 2 - Oculta 1 a Oculta 2,Neurona H1_58,Neurona H2_3,0.1803358897203821,0.1803358897203821,0.03590434599781105
Capa 2 - Oculta 1 a Oculta 2,Neurona H1_58,Neurona H2_4,-0.01323850173456104,0.01323850173456104,0.002635746813944265
Capa 2 - Oculta 1 a Oculta 2,Neurona H1_58,Neurona H2_5,-0.029678229474461974,0.029678229474461974,0.005908848323568518
Capa 2 - Oculta 1 a Oculta 2,Neurona H1_58,Neurona H2_6,-0.3075898012981917,0.3075898012981917,0.061240226048914
Capa 2 - Oculta 1 a Oculta 2,Neurona H1_58,Neurona H2_7,0.29454860959284057,0.29454860959284057,0.058643763082286963
Capa 2 - Oculta 1 a Oculta 2,Neurona H1_58,Neurona H2_8,-0.22489768786413636,0.22489768786413636,0.04477646913047628
Capa 2 - Oculta 1 a Oculta 2,Neurona H1_58,Neurona H2_9,0.10197526359773099,0.10197526359773099,0.02030297548151949
Capa 2 - Oculta 1 a Oculta 2,Neurona H1_58,Neurona H2_10,0.14209886590324822,0.14209886590324822,0.02829146685774851
Capa 2 - Oculta 1 a Oculta 2,Neurona H1_58,Neurona H2_11,-0.14697227610098226,0.14697227610098226,0.029261748514938388
Capa 2 - Oculta 1 a Oculta 2,Neurona H1_58,Neurona H2_12,-0.02983606616459642,0.02983606616459642,0.005940273145008795
Capa 2 - Oculta 1 a Oculta 2,Neurona H1_58,Neurona H2_13,-0.22990904931760076,0.22990904931760076,0.045774216477519995
Capa 2 - Oculta 1 a Oculta 2,Neurona H1_58,Neurona H2_14,-0.21692596724585855,0.21692596724585855,0.043189322968276815
Capa 2 - Oculta 1 a Oculta 2,Neurona H1_58,Neurona H2_15,-0.19104476727899558,0.19104476727899558,0.038036452067816466
Capa 2 - Oculta 1 a Oculta 2,Neurona H1_58,Neurona H2_16,0.022535462615737103,0.022535462615737103,0.004486744420263405
Capa 2 - Oculta 1 a Oculta 2,Neurona H1_58,Neurona H2_17,0.2428439665897461,0.2428439665897461,0.048349520516623196
Capa 2 - Oculta 1 a Oculta 2,Neurona H1_58,Neurona H2_18,0.02748633531481958,0.02748633531481958,0.005472448633964818
Capa 2 - Oculta 1 a Oculta 2,Neurona H1_58,Neurona H2_19,-0.31181349135616415,0.31181349135616415,0.06208115033450183
Capa 2 - Oculta 1 a Oculta 2,Neurona H1_58,Neurona H2_20,-0.2045029891979839,0.2045029891979839,0.04071594452516322
Capa 2 - Oculta 1 a Oculta 2,Neurona H1_58,Neurona H2_21,0.2241477868253706,0.2241477868253706,0.04462716603611325
Capa 2 - Oculta 1 a Oculta 2,Neurona H1_58,Neurona H2_22,-0.26765415367398315,0.26765415367398315,0.053289155897711674
Capa 2 - Oculta 1 a Oculta 2,Neurona H1_58,Neurona H2_23,0.12278357123395264,0.12278357123395264,0.02444584841800605
Capa 2 - Oculta 1 a Oculta 2,Neurona H1_58,Neurona H2_24,0.15011085989162115,0.15011085989162115,0.029886631329651248
Capa 2 - Oculta 1 a Oculta 2,Neurona H1_58,Neurona H2_25,0.03718655514639032,0.03718655514639032,0.007403733912938218
Capa 2 - Oculta 1 a Oculta 2,Neurona H1_58,Neurona H2_26,0.22177631211093884,0.22177631211093884,0.04415501238547809
Capa 2 - Oculta 1 a Oculta 2,Neurona H1_58,Neurona H2_27,0.18329553557284559,0.18329553557284559,0.036493602794572935
Capa 2 - Oculta 1 a Oculta 2,Neurona H1_58,Neurona H2_28,0.12562517574307502,0.12562517574307502,0.02501160352999549
Capa 2 - Oculta 1 a Oculta 2,Neurona H1_58,Neurona H2_29,0.29001512925937534,0.29001512925937534,0.05774116046270086
Capa 2 - Oculta 1 a Oculta 2,Neurona H1_58,Neurona H2_30,0.15830900965431619,0.15830900965431619,0.03151885886948303
Capa 2 - Oculta 1 a Oculta 2,Neurona H1_58,Neurona H2_31,0.2684837475123978,0.2684837475123978,0.05345432559442748
Capa 2 - Oculta 1 a Oculta 2,Neurona H1_58,Neurona H2_32,0.10928436193168305,0.10928436193168305,0.021758195493027706
Capa 2 - Oculta 1 a Oculta 2,Neurona H1_59,Neurona H2_1,0.28890079605246644,0.28890079605246644,0.0575192999939958
Capa 2 - Oculta 1 a Oculta 2,Neurona H1_59,Neurona H2_2,-0.29763425284555856,0.29763425284555856,0.05925810559138584
Capa 2 - Oculta 1 a Oculta 2,Neurona H1_59,Neurona H2_3,-0.004827024865349979,0.004827024865349979,0.0009610464737456796
Capa 2 - Oculta 1 a Oculta 2,Neurona H1_59,Neurona H2_4,0.10145701539888241,0.10145701539888241,0.020199793787220848
Capa 2 - Oculta 1 a Oculta 2,Neurona H1_59,Neurona H2_5,0.17661535244831872,0.17661535244831872,0.03516359795414076
Capa 2 - Oculta 1 a Oculta 2,Neurona H1_59,Neurona H2_6,0.3388832236231267,0.3388832236231267,0.06747065452519918
Capa 2 - Oculta 1 a Oculta 2,Neurona H1_59,Neurona H2_7,0.1334509693448303,0.1334509693448303,0.026569696051792165
Capa 2 - Oculta 1 a Oculta 2,Neurona H1_59,Neurona H2_8,-0.013545130079357159,0.013545130079357159,0.0026967956168274087
Capa 2 - Oculta 1 a Oculta 2,Neurona H1_59,Neurona H2_9,-0.059049313507236814,0.059049313507236814,0.0117565448917816
Capa 2 - Oculta 1 a Oculta 2,Neurona H1_59,Neurona H2_10,-0.28144588355229444,0.28144588355229444,0.0560350488102486
Capa 2 - Oculta 1 a Oculta 2,Neurona H1_59,Neurona H2_11,-0.37698493660441457,0.37698493660441457,0.07505659367525197
Capa 2 - Oculta 1 a Oculta 2,Neurona H1_59,Neurona H2_12,-0.07126402857738467,0.07126402857738467,0.01418845878769701
Capa 2 - Oculta 1 a Oculta 2,Neurona H1_59,Neurona H2_13,-0.32640075868056867,0.32640075868056867,0.06498543241606682
Capa 2 - Oculta 1 a Oculta 2,Neurona H1_59,Neurona H2_14,-0.21440112688438695,0.21440112688438695,0.042686634667750085
Capa 2 - Oculta 1 a Oculta 2,Neurona H1_59,Neurona H2_15,0.2581155256336009,0.2581155256336009,0.0513900430697697
Capa 2 - Oculta 1 a Oculta 2,Neurona H1_59,Neurona H2_16,0.31606664143095275,0.31606664143095275,0.06292794002291385
Capa 2 - Oculta 1 a Oculta 2,Neurona H1_59,Neurona H2_17,-0.24059026504664086,0.24059026504664086,0.04790081515849999
Capa 2 - Oculta 1 a Oculta 2,Neurona H1_59,Neurona H2_18,-0.09568976415263578,0.09568976415263578,0.019051551002478358
Capa 2 - Oculta 1 a Oculta 2,Neurona H1_59,Neurona H2_19,0.4802309841302929,0.4802309841302929,0.09561257850458017
Capa 2 - Oculta 1 a Oculta 2,Neurona H1_59,Neurona H2_20,0.23742922357642277,0.23742922357642277,0.04727146108574099
Capa 2 - Oculta 1 a Oculta 2,Neurona H1_59,Neurona H2_21,0.1806954785040554,0.1806954785040554,0.03597593906853013
Capa 2 - Oculta 1 a Oculta 2,Neurona H1_59,Neurona H2_22,0.5075032332961386,0.5075032332961386,0.10104240321505413
Capa 2 - Oculta 1 a Oculta 2,Neurona H1_59,Neurona H2_23,-0.23352984405792063,0.23352984405792063,0.04649510607606343
Capa 2 - Oculta 1 a Oculta 2,Neurona H1_59,Neurona H2_24,-0.12104505748825874,0.12104505748825874,0.02409971543724371
Capa 2 - Oculta 1 a Oculta 2,Neurona H1_59,Neurona H2_25,-0.3602259593158435,0.3602259593158435,0.07171993051812166
Capa 2 - Oculta 1 a Oculta 2,Neurona H1_59,Neurona H2_26,-0.21447566770308862,0.21447566770308862,0.04270147552582761
Capa 2 - Oculta 1 a Oculta 2,Neurona H1_59,Neurona H2_27,-0.29969578389473855,0.29969578389473855,0.059668550368572215
Capa 2 - Oculta 1 a Oculta 2,Neurona H1_59,Neurona H2_28,0.23271563293746644,0.23271563293746644,0.04633299903331459
Capa 2 - Oculta 1 a Oculta 2,Neurona H1_59,Neurona H2_29,-0.07260368252316726,0.07260368252316726,0.014455179953746046
Capa 2 - Oculta 1 a Oculta 2,Neurona H1_59,Neurona H2_30,0.5549924905113613,0.5549924905113613,0.11049737485091754
Capa 2 - Oculta 1 a Oculta 2,Neurona H1_59,Neurona H2_31,-0.23184458055310958,0.23184458055310958,0.0461595750618652
Capa 2 - Oculta 1 a Oculta 2,Neurona H1_59,Neurona H2_32,0.04282899194949976,0.04282899194949976,0.008527126508631426
Capa 2 - Oculta 1 a Oculta 2,Neurona H1_60,Neurona H2_1,0.3310457134193008,0.3310457134193008,0.06591022926234183
Capa 2 - Oculta 1 a Oculta 2,Neurona H1_60,Neurona H2_2,0.0904159772328942,0.0904159772328942,0.01800155551584101
Capa 2 - Oculta 1 a Oculta 2,Neurona H1_60,Neurona H2_3,-0.008118869291641675,0.008118869291641675,0.0016164430308913673
Capa 2 - Oculta 1 a Oculta 2,Neurona H1_60,Neurona H2_4,0.14467877292409556,0.14467877292409556,0.028805118768426473
Capa 2 - Oculta 1 a Oculta 2,Neurona H1_60,Neurona H2_5,-0.02545617676764171,0.02545617676764171,0.005068250029786199
Capa 2 - Oculta 1 a Oculta 2,Neurona H1_60,Neurona H2_6,0.1672793930022369,0.1672793930022369,0.03330483584808745
Capa 2 - Oculta 1 a Oculta 2,Neurona H1_60,Neurona H2_7,-0.07119128402148452,0.07119128402148452,0.014173975560267648
Capa 2 - Oculta 1 a Oculta 2,Neurona H1_60,Neurona H2_8,-0.2083919970727298,0.2083919970727298,0.04149023457103038
Capa 2 - Oculta 1 a Oculta 2,Neurona H1_60,Neurona H2_9,0.09686657375872369,0.09686657375872369,0.019285850338767115
Capa 2 - Oculta 1 a Oculta 2,Neurona H1_60,Neurona H2_10,-0.1997337864958921,0.1997337864958921,0.03976641027429888
Capa 2 - Oculta 1 a Oculta 2,Neurona H1_60,Neurona H2_11,0.004947967484648348,0.004947967484648348,0.0009851257940401766
Capa 2 - Oculta 1 a Oculta 2,Neurona H1_60,Neurona H2_12,-0.16524056374260437,0.16524056374260437,0.032898910930524945
Capa 2 - Oculta 1 a Oculta 2,Neurona H1_60,Neurona H2_13,0.050326675021619686,0.050326675021619686,0.010019893187636526
Capa 2 - Oculta 1 a Oculta 2,Neurona H1_60,Neurona H2_14,-0.20228817731839352,0.20228817731839352,0.040274981984827096
Capa 2 - Oculta 1 a Oculta 2,Neurona H1_60,Neurona H2_15,0.08751033593085078,0.08751033593085078,0.0174230508664567
Capa 2 - Oculta 1 a Oculta 2,Neurona H1_60,Neurona H2_16,-0.12378290182388944,0.12378290182388944,0.024644812203434018
Capa 2 - Oculta 1 a Oculta 2,Neurona H1_60,Neurona H2_17,-0.033030871834389096,0.033030871834389096,0.006576349570737822
Capa 2 - Oculta 1 a Oculta 2,Neurona H1_60,Neurona H2_18,0.13162105770220944,0.13162105770220944,0.026205366018186786
Capa 2 - Oculta 1 a Oculta 2,Neurona H1_60,Neurona H2_19,0.022273457292572636,0.022273457292572636,0.004434579929929554
Capa 2 - Oculta 1 a Oculta 2,Neurona H1_60,Neurona H2_20,0.10641942226023166,0.10641942226023166,0.021187794418753805
Capa 2 - Oculta 1 a Oculta 2,Neurona H1_60,Neurona H2_21,-0.11476279249094362,0.11476279249094362,0.02284893492725604
Capa 2 - Oculta 1 a Oculta 2,Neurona H1_60,Neurona H2_22,0.10225275874173659,0.10225275874173659,0.020358223949689287
Capa 2 - Oculta 1 a Oculta 2,Neurona H1_60,Neurona H2_23,-0.2471996890978959,0.2471996890978959,0.049216732075262754
Capa 2 - Oculta 1 a Oculta 2,Neurona H1_60,Neurona H2_24,0.08985150581117139,0.08985150581117139,0.01788917091362546
Capa 2 - Oculta 1 a Oculta 2,Neurona H1_60,Neurona H2_25,0.025781959983207575,0.025781959983207575,0.00513311251118185
Capa 2 - Oculta 1 a Oculta 2,Neurona H1_60,Neurona H2_26,-0.10751584762866112,0.10751584762866112,0.021406089489412826
Capa 2 - Oculta 1 a Oculta 2,Neurona H1_60,Neurona H2_27,-0.0103362032913089,0.0103362032913089,0.002057907717927341
Capa 2 - Oculta 1 a Oculta 2,Neurona H1_60,Neurona H2_28,-0.15680441534799297,0.15680441534799297,0.031219298562079285
Capa 2 - Oculta 1 a Oculta 2,Neurona H1_60,Neurona H2_29,0.07225296223939533,0.07225296223939533,0.0143853525753106
Capa 2 - Oculta 1 a Oculta 2,Neurona H1_60,Neurona H2_30,0.28628511213282787,0.28628511213282787,0.05699852500784505
Capa 2 - Oculta 1 a Oculta 2,Neurona H1_60,Neurona H2_31,-0.024142326316028462,0.024142326316028462,0.004806666263641558
Capa 2 - Oculta 1 a Oculta 2,Neurona H1_60,Neurona H2_32,-0.03505982717649396,0.03505982717649396,0.006980308620320211
Capa 2 - Oculta 1 a Oculta 2,Neurona H1_61,Neurona H2_1,0.07559243111823162,0.07559243111823162,0.01505023102108516
Capa 2 - Oculta 1 a Oculta 2,Neurona H1_61,Neurona H2_2,-0.13031734545029353,0.13031734545029353,0.02594580073782605
Capa 2 - Oculta 1 a Oculta 2,Neurona H1_61,Neurona H2_3,-0.03855468920197683,0.03855468920197683,0.007676125385203289
Capa 2 - Oculta 1 a Oculta 2,Neurona H1_61,Neurona H2_4,0.008211540440679318,0.008211540440679318,0.0016348935844901068
Capa 2 - Oculta 1 a Oculta 2,Neurona H1_61,Neurona H2_5,0.314808418802945,0.314808418802945,0.06267743159307046
Capa 2 - Oculta 1 a Oculta 2,Neurona H1_61,Neurona H2_6,-0.014825481825495198,0.014825481825495198,0.0029517098890974505
Capa 2 - Oculta 1 a Oculta 2,Neurona H1_61,Neurona H2_7,0.18008684483664697,0.18008684483664697,0.03585476189290284
Capa 2 - Oculta 1 a Oculta 2,Neurona H1_61,Neurona H2_8,-0.1421495990978433,0.1421495990978433,0.028301567687789277
Capa 2 - Oculta 1 a Oculta 2,Neurona H1_61,Neurona H2_9,-0.02575591324891803,0.02575591324891803,0.005127926682883917
Capa 2 - Oculta 1 a Oculta 2,Neurona H1_61,Neurona H2_10,-0.010906258647264007,0.010906258647264007,0.002171404065048555
Capa 2 - Oculta 1 a Oculta 2,Neurona H1_61,Neurona H2_11,-0.031660605420052716,0.031660605420052716,0.006303533552108377
Capa 2 - Oculta 1 a Oculta 2,Neurona H1_61,Neurona H2_12,-0.04363980105431817,0.04363980105431817,0.008688556220058886
Capa 2 - Oculta 1 a Oculta 2,Neurona H1_61,Neurona H2_13,0.08283656005749515,0.08283656005749515,0.016492515816925648
Capa 2 - Oculta 1 a Oculta 2,Neurona H1_61,Neurona H2_14,-0.1859315469590662,0.1859315469590662,0.0370184249196185
Capa 2 - Oculta 1 a Oculta 2,Neurona H1_61,Neurona H2_15,-0.173789641262859,0.173789641262859,0.034601007156213955
Capa 2 - Oculta 1 a Oculta 2,Neurona H1_61,Neurona H2_16,-0.1400319325818702,0.1400319325818702,0.02787994650403395
Capa 2 - Oculta 1 a Oculta 2,Neurona H1_61,Neurona H2_17,-0.014932335950466717,0.014932335950466717,0.002972984231549302
Capa 2 - Oculta 1 a Oculta 2,Neurona H1_61,Neurona H2_18,-0.1977663724148645,0.1977663724148645,0.03937470390905062
Capa 2 - Oculta 1 a Oculta 2,Neurona H1_61,Neurona H2_19,0.16263165767968293,0.16263165767968293,0.03237948539574006
Capa 2 - Oculta 1 a Oculta 2,Neurona H1_61,Neurona H2_20,-0.23897220481580428,0.23897220481580428,0.04757866411877443
Capa 2 - Oculta 1 a Oculta 2,Neurona H1_61,Neurona H2_21,0.2738089330139901,0.2738089330139901,0.054514554387753975
Capa 2 - Oculta 1 a Oculta 2,Neurona H1_61,Neurona H2_22,0.22764604967054125,0.22764604967054125,0.04532365989420798
Capa 2 - Oculta 1 a Oculta 2,Neurona H1_61,Neurona H2_23,0.06417489960809307,0.06417489960809307,0.012777034030643874
Capa 2 - Oculta 1 a Oculta 2,Neurona H1_61,Neurona H2_24,0.13692421595986193,0.13692421595986193,0.027261209251938742
Capa 2 - Oculta 1 a Oculta 2,Neurona H1_61,Neurona H2_25,-0.1542634891311608,0.1542634891311608,0.03071340761499434
Capa 2 - Oculta 1 a Oculta 2,Neurona H1_61,Neurona H2_26,-0.24313944843854257,0.24313944843854257,0.04840835008489001
Capa 2 - Oculta 1 a Oculta 2,Neurona H1_61,Neurona H2_27,-0.14505347942470767,0.14505347942470767,0.028879721732187412
Capa 2 - Oculta 1 a Oculta 2,Neurona H1_61,Neurona H2_28,0.017795821233897113,0.017795821233897113,0.003543095741439754
Capa 2 - Oculta 1 a Oculta 2,Neurona H1_61,Neurona H2_29,0.08129063421206384,0.08129063421206384,0.016184726521475987
Capa 2 - Oculta 1 a Oculta 2,Neurona H1_61,Neurona H2_30,0.12144855645364737,0.12144855645364737,0.02418005089617834
Capa 2 - Oculta 1 a Oculta 2,Neurona H1_61,Neurona H2_31,-0.259084198348097,0.259084198348097,0.051582902962239434
Capa 2 - Oculta 1 a Oculta 2,Neurona H1_61,Neurona H2_32,0.17025571403089235,0.17025571403089235,0.03389741262345425
Capa 2 - Oculta 1 a Oculta 2,Neurona H1_62,Neurona H2_1,0.14300933385365092,0.14300933385365092,0.02847273835263432
Capa 2 - Oculta 1 a Oculta 2,Neurona H1_62,Neurona H2_2,-0.2794779959905599,0.2794779959905599,0.0556432481763822
Capa 2 - Oculta 1 a Oculta 2,Neurona H1_62,Neurona H2_3,-0.09323221320553256,0.09323221320553256,0.018562259826723732
Capa 2 - Oculta 1 a Oculta 2,Neurona H1_62,Neurona H2_4,0.03612341908644709,0.03612341908644709,0.007192066645828285
Capa 2 - Oculta 1 a Oculta 2,Neurona H1_62,Neurona H2_5,-0.18862829649836155,0.18862829649836155,0.03755533983255363
Capa 2 - Oculta 1 a Oculta 2,Neurona H1_62,Neurona H2_6,-0.12416127587798177,0.12416127587798177,0.02472014536632128
Capa 2 - Oculta 1 a Oculta 2,Neurona H1_62,Neurona H2_7,0.10336446449008149,0.10336446449008149,0.020579561299111086
Capa 2 - Oculta 1 a Oculta 2,Neurona H1_62,Neurona H2_8,0.1348686892079031,0.1348686892079031,0.026851959912694515
Capa 2 - Oculta 1 a Oculta 2,Neurona H1_62,Neurona H2_9,-0.18199074026885234,0.18199074026885234,0.03623382188172452
Capa 2 - Oculta 1 a Oculta 2,Neurona H1_62,Neurona H2_10,-0.013531432397625082,0.013531432397625082,0.0026940684486245676
Capa 2 - Oculta 1 a Oculta 2,Neurona H1_62,Neurona H2_11,0.15514699438004165,0.15514699438004165,0.03088931091519645
Capa 2 - Oculta 1 a Oculta 2,Neurona H1_62,Neurona H2_12,-0.18707137611398092,0.18707137611398092,0.03724536155669006
Capa 2 - Oculta 1 a Oculta 2,Neurona H1_62,Neurona H2_13,0.19162355112176946,0.19162355112176946,0.03815168623102778
Capa 2 - Oculta 1 a Oculta 2,Neurona H1_62,Neurona H2_14,-0.18923094455697864,0.18923094455697864,0.037675325291050256
Capa 2 - Oculta 1 a Oculta 2,Neurona H1_62,Neurona H2_15,-0.029232645247536947,0.029232645247536947,0.00582013381266617
Capa 2 - Oculta 1 a Oculta 2,Neurona H1_62,Neurona H2_16,-0.1065099804960229,0.1065099804960229,0.021205824297530797
Capa 2 - Oculta 1 a Oculta 2,Neurona H1_62,Neurona H2_17,-0.07352510284720716,0.07352510284720716,0.014638632034055962
Capa 2 - Oculta 1 a Oculta 2,Neurona H1_62,Neurona H2_18,-0.16143324688205848,0.16143324688205848,0.03214088532565895
Capa 2 - Oculta 1 a Oculta 2,Neurona H1_62,Neurona H2_19,0.31025006940827843,0.31025006940827843,0.061769877616439456
Capa 2 - Oculta 1 a Oculta 2,Neurona H1_62,Neurona H2_20,-0.194976576263996,0.194976576263996,0.03881926368902867
Capa 2 - Oculta 1 a Oculta 2,Neurona H1_62,Neurona H2_21,-0.06663963466516859,0.06663963466516859,0.013267755541594291
Capa 2 - Oculta 1 a Oculta 2,Neurona H1_62,Neurona H2_22,0.11723187142377041,0.11723187142377041,0.0233405212911106
Capa 2 - Oculta 1 a Oculta 2,Neurona H1_62,Neurona H2_23,-0.11775814663477376,0.11775814663477376,0.023445301139953963
Capa 2 - Oculta 1 a Oculta 2,Neurona H1_62,Neurona H2_24,-0.07106364052232174,0.07106364052232174,0.014148562114472596
Capa 2 - Oculta 1 a Oculta 2,Neurona H1_62,Neurona H2_25,-0.05408616272478048,0.05408616272478048,0.010768396147741117
Capa 2 - Oculta 1 a Oculta 2,Neurona H1_62,Neurona H2_26,-0.23194012788078203,0.23194012788078203,0.04617859825418281
Capa 2 - Oculta 1 a Oculta 2,Neurona H1_62,Neurona H2_27,0.02270952083526667,0.02270952083526667,0.004521398900563707
Capa 2 - Oculta 1 a Oculta 2,Neurona H1_62,Neurona H2_28,0.24346857041876424,0.24346857041876424,0.04847387730452269
Capa 2 - Oculta 1 a Oculta 2,Neurona H1_62,Neurona H2_29,-0.055698828872726765,0.055698828872726765,0.01108947324140561
Capa 2 - Oculta 1 a Oculta 2,Neurona H1_62,Neurona H2_30,-0.13905869785031413,0.13905869785031413,0.027686178327366195
Capa 2 - Oculta 1 a Oculta 2,Neurona H1_62,Neurona H2_31,-0.0411126435293711,0.0411126435293711,0.008185406579089687
Capa 2 - Oculta 1 a Oculta 2,Neurona H1_62,Neurona H2_32,-0.26416750201324785,0.26416750201324785,0.05259497379233604
Capa 2 - Oculta 1 a Oculta 2,Neurona H1_63,Neurona H2_1,0.3491084406967551,0.3491084406967551,0.06950646521315224
Capa 2 - Oculta 1 a Oculta 2,Neurona H1_63,Neurona H2_2,-0.13889686110566415,0.13889686110566415,0.02765395710682001
Capa 2 - Oculta 1 a Oculta 2,Neurona H1_63,Neurona H2_3,0.18320440310725977,0.18320440310725977,0.036475458588330345
Capa 2 - Oculta 1 a Oculta 2,Neurona H1_63,Neurona H2_4,0.06690036693430547,0.06690036693430547,0.013319666570610204
Capa 2 - Oculta 1 a Oculta 2,Neurona H1_63,Neurona H2_5,0.3621655220460605,0.3621655220460605,0.07210609176122279
Capa 2 - Oculta 1 a Oculta 2,Neurona H1_63,Neurona H2_6,0.20495441839003908,0.20495441839003908,0.040805822751456354
Capa 2 - Oculta 1 a Oculta 2,Neurona H1_63,Neurona H2_7,-0.24869045369645512,0.24869045369645512,0.049513538928468465
Capa 2 - Oculta 1 a Oculta 2,Neurona H1_63,Neurona H2_8,-0.23207307526507437,0.23207307526507437,0.04620506768792968
Capa 2 - Oculta 1 a Oculta 2,Neurona H1_63,Neurona H2_9,0.025464506268129173,0.025464506268129173,0.005069908408869557
Capa 2 - Oculta 1 a Oculta 2,Neurona H1_63,Neurona H2_10,-0.07349127701082099,0.07349127701082099,0.014631897409377771
Capa 2 - Oculta 1 a Oculta 2,Neurona H1_63,Neurona H2_11,0.032982982867464636,0.032982982867464636,0.006566815018072794
Capa 2 - Oculta 1 a Oculta 2,Neurona H1_63,Neurona H2_12,-0.015488149431168175,0.015488149431168175,0.0030836450631358237
Capa 2 - Oculta 1 a Oculta 2,Neurona H1_63,Neurona H2_13,-0.1888814037183757,0.1888814037183757,0.03760573273668393
Capa 2 - Oculta 1 a Oculta 2,Neurona H1_63,Neurona H2_14,0.12489224175040979,0.12489224175040979,0.024865678524678952
Capa 2 - Oculta 1 a Oculta 2,Neurona H1_63,Neurona H2_15,-0.1994368956781883,0.1994368956781883,0.039707300184460746
Capa 2 - Oculta 1 a Oculta 2,Neurona H1_63,Neurona H2_16,0.20510260787603637,0.20510260787603637,0.04083532684288671
Capa 2 - Oculta 1 a Oculta 2,Neurona H1_63,Neurona H2_17,0.04131222589749882,0.04131222589749882,0.008225142842411598
Capa 2 - Oculta 1 a Oculta 2,Neurona H1_63,Neurona H2_18,0.009296840258588507,0.009296840258588507,0.0018509735907162256
Capa 2 - Oculta 1 a Oculta 2,Neurona H1_63,Neurona H2_19,-0.15264965949829515,0.15264965949829515,0.030392098874899548
Capa 2 - Oculta 1 a Oculta 2,Neurona H1_63,Neurona H2_20,-0.16763946836955898,0.16763946836955898,0.0333765257961819
Capa 2 - Oculta 1 a Oculta 2,Neurona H1_63,Neurona H2_21,0.08544666092381462,0.08544666092381462,0.017012179233557953
Capa 2 - Oculta 1 a Oculta 2,Neurona H1_63,Neurona H2_22,0.07621456418424673,0.07621456418424673,0.015174095887327373
Capa 2 - Oculta 1 a Oculta 2,Neurona H1_63,Neurona H2_23,-0.3418765122632833,0.3418765122632833,0.06806660950218207
Capa 2 - Oculta 1 a Oculta 2,Neurona H1_63,Neurona H2_24,-0.1458525285661784,0.1458525285661784,0.029038810069451294
Capa 2 - Oculta 1 a Oculta 2,Neurona H1_63,Neurona H2_25,0.12768857080940665,0.12768857080940665,0.025422419427522144
Capa 2 - Oculta 1 a Oculta 2,Neurona H1_63,Neurona H2_26,-0.1796757147864727,0.1796757147864727,0.035772907107399846
Capa 2 - Oculta 1 a Oculta 2,Neurona H1_63,Neurona H2_27,0.03226451800324204,0.03226451800324204,0.006423770773733433
Capa 2 - Oculta 1 a Oculta 2,Neurona H1_63,Neurona H2_28,0.11217900422490268,0.11217900422490268,0.022334510272059228
Capa 2 - Oculta 1 a Oculta 2,Neurona H1_63,Neurona H2_29,0.034573585179700335,0.034573585179700335,0.006883499266848673
Capa 2 - Oculta 1 a Oculta 2,Neurona H1_63,Neurona H2_30,0.04619790746513437,0.04619790746513437,0.009197867693307922
Capa 2 - Oculta 1 a Oculta 2,Neurona H1_63,Neurona H2_31,-0.06688055876518417,0.06688055876518417,0.013315722822314637
Capa 2 - Oculta 1 a Oculta 2,Neurona H1_63,Neurona H2_32,0.18024647432041782,0.18024647432041782,0.035886543654290705
Capa 2 - Oculta 1 a Oculta 2,Neurona H1_64,Neurona H2_1,-0.041013714766507996,0.041013714766507996,0.008165710152956874
Capa 2 - Oculta 1 a Oculta 2,Neurona H1_64,Neurona H2_2,-0.17367705589174826,0.17367705589174826,0.034578591739488414
Capa 2 - Oculta 1 a Oculta 2,Neurona H1_64,Neurona H2_3,-0.20663800232977242,0.20663800232977242,0.041141019369180486
Capa 2 - Oculta 1 a Oculta 2,Neurona H1_64,Neurona H2_4,0.29287598385065516,0.29287598385065516,0.05831074820951047
Capa 2 - Oculta 1 a Oculta 2,Neurona H1_64,Neurona H2_5,0.09950655110101685,0.09950655110101685,0.019811462074018737
Capa 2 - Oculta 1 a Oculta 2,Neurona H1_64,Neurona H2_6,0.1793057987105838,0.1793057987105838,0.035699257903131845
Capa 2 - Oculta 1 a Oculta 2,Neurona H1_64,Neurona H2_7,-0.03975832082848395,0.03975832082848395,0.007915764906981385
Capa 2 - Oculta 1 a Oculta 2,Neurona H1_64,Neurona H2_8,0.17129426734209985,0.17129426734209985,0.0341041855374903
Capa 2 - Oculta 1 a Oculta 2,Neurona H1_64,Neurona H2_9,-0.17970637667002315,0.17970637667002315,0.03577901179836095
Capa 2 - Oculta 1 a Oculta 2,Neurona H1_64,Neurona H2_10,0.18597227273283656,0.18597227273283656,0.03702653330156481
Capa 2 - Oculta 1 a Oculta 2,Neurona H1_64,Neurona H2_11,-0.036063157958681605,0.036063157958681605,0.007180068832276778
Capa 2 - Oculta 1 a Oculta 2,Neurona H1_64,Neurona H2_12,0.16391541950087524,0.16391541950087524,0.032635078603938036
Capa 2 - Oculta 1 a Oculta 2,Neurona H1_64,Neurona H2_13,-0.034634568144029154,0.034634568144029154,0.00689564079593991
Capa 2 - Oculta 1 a Oculta 2,Neurona H1_64,Neurona H2_14,-0.20288861687895646,0.20288861687895646,0.04039452773784749
Capa 2 - Oculta 1 a Oculta 2,Neurona H1_64,Neurona H2_15,-0.10422136115819833,0.10422136115819833,0.020750166909032346
Capa 2 - Oculta 1 a Oculta 2,Neurona H1_64,Neurona H2_16,0.050621942599743605,0.050621942599743605,0.010078680095241743
Capa 2 - Oculta 1 a Oculta 2,Neurona H1_64,Neurona H2_17,-0.10372764233897752,0.10372764233897752,0.020651868942174943
Capa 2 - Oculta 1 a Oculta 2,Neurona H1_64,Neurona H2_18,0.12077626441205831,0.12077626441205831,0.024046199525215993
Capa 2 - Oculta 1 a Oculta 2,Neurona H1_64,Neurona H2_19,-0.09417163479940877,0.09417163479940877,0.018749295906988424
Capa 2 - Oculta 1 a Oculta 2,Neurona H1_64,Neurona H2_20,0.1528552786889047,0.1528552786889047,0.030433037051847474
Capa 2 - Oculta 1 a Oculta 2,Neurona H1_64,Neurona H2_21,0.24178078456272384,0.24178078456272384,0.048137844097602835
Capa 2 - Oculta 1 a Oculta 2,Neurona H1_64,Neurona H2_22,0.05606309263933766,0.05606309263933766,0.011161997087497159
Capa 2 - Oculta 1 a Oculta 2,Neurona H1_64,Neurona H2_23,0.13563079409002024,0.13563079409002024,0.027003692756426185
Capa 2 - Oculta 1 a Oculta 2,Neurona H1_64,Neurona H2_24,-0.23996355833823876,0.23996355833823876,0.047776039693491285
Capa 2 - Oculta 1 a Oculta 2,Neurona H1_64,Neurona H2_25,-0.2250915736822723,0.2250915736822723,0.04481507122742556
Capa 2 - Oculta 1 a Oculta 2,Neurona H1_64,Neurona H2_26,-0.1652878714925095,0.1652878714925095,0.03290832976458846
Capa 2 - Oculta 1 a Oculta 2,Neurona H1_64,Neurona H2_27,-0.06830357881453859,0.06830357881453859,0.013599041934739037
Capa 2 - Oculta 1 a Oculta 2,Neurona H1_64,Neurona H2_28,0.16787304197062689,0.16787304197062689,0.03342302961415014
Capa 2 - Oculta 1 a Oculta 2,Neurona H1_64,Neurona H2_29,0.039034000736731404,0.039034000736731404,0.007771554904037581
Capa 2 - Oculta 1 a Oculta 2,Neurona H1_64,Neurona H2_30,0.18839023662397733,0.18839023662397733,0.03750794281074427
Capa 2 - Oculta 1 a Oculta 2,Neurona H1_64,Neurona H2_31,-0.24934696460167807,0.24934696460167807,0.04964424832152943
Capa 2 - Oculta 1 a Oculta 2,Neurona H1_64,Neurona H2_32,0.16878799951913367,0.16878799951913367,0.03360519497483255
Capa 2 - Oculta 1 a Oculta 2,bias_w0,Neurona H2_1,-0.01437539591735974,0.01437539591735974,0.002862099106687519
Capa 2 - Oculta 1 a Oculta 2,bias_w0,Neurona H2_2,0.08263914085966016,0.08263914085966016,0.0164532102344558
Capa 2 - Oculta 1 a Oculta 2,bias_w0,Neurona H2_3,0.06773811115792862,0.06773811115792862,0.013486458985083393
Capa 2 - Oculta 1 a Oculta 2,bias_w0,Neurona H2_4,-0.04087948824093772,0.04087948824093772,0.008138986045938401
Capa 2 - Oculta 1 a Oculta 2,bias_w0,Neurona H2_5,-0.00558842688880112,0.00558842688880112,0.0011126393803812433
Capa 2 - Oculta 1 a Oculta 2,bias_w0,Neurona H2_6,-0.058519799162970544,0.058519799162970544,0.011651120141018906
Capa 2 - Oculta 1 a Oculta 2,bias_w0,Neurona H2_7,0.0614342080211082,0.0614342080211082,0.012231370385071315
Capa 2 - Oculta 1 a Oculta 2,bias_w0,Neurona H2_8,-0.011673237846236154,0.011673237846236154,0.0023241073709502178
Capa 2 - Oculta 1 a Oculta 2,bias_w0,Neurona H2_9,0.059379518154111306,0.059379518154111306,0.01182228766716508
Capa 2 - Oculta 1 a Oculta 2,bias_w0,Neurona H2_10,0.04657521921771875,0.04657521921771875,0.009272989355084927
Capa 2 - Oculta 1 a Oculta 2,bias_w0,Neurona H2_11,0.00734134335297633,0.00734134335297633,0.001461639900092506
Capa 2 - Oculta 1 a Oculta 2,bias_w0,Neurona H2_12,0.0017107978298264823,0.0017107978298264823,0.00034061482331462865
Capa 2 - Oculta 1 a Oculta 2,bias_w0,Neurona H2_13,-0.008153000540450978,0.008153000540450978,0.0016232384622860093
Capa 2 - Oculta 1 a Oculta 2,bias_w0,Neurona H2_14,0.000754714496319082,0.000754714496319082,0.0001502614396248013
Capa 2 - Oculta 1 a Oculta 2,bias_w0,Neurona H2_15,-0.0017044849001343558,0.0017044849001343558,0.00033935793755396603
Capa 2 - Oculta 1 a Oculta 2,bias_w0,Neurona H2_16,-0.017846290824483153,0.017846290824483153,0.003553144088696524
Capa 2 - Oculta 1 a Oculta 2,bias_w0,Neurona H2_17,-0.006373352997243833,0.006373352997243833,0.0012689158632485209
Capa 2 - Oculta 1 a Oculta 2,bias_w0,Neurona H2_18,0.008677323580520483,0.008677323580520483,0.001727629639629961
Capa 2 - Oculta 1 a Oculta 2,bias_w0,Neurona H2_19,-0.021487633732504622,0.021487633732504622,0.00427812476707949
Capa 2 - Oculta 1 a Oculta 2,bias_w0,Neurona H2_20,-0.0587077171750939,0.0587077171750939,0.011688534065318498
Capa 2 - Oculta 1 a Oculta 2,bias_w0,Neurona H2_21,0.002559622442760983,0.002559622442760983,0.0005096133107566644
Capa 2 - Oculta 1 a Oculta 2,bias_w0,Neurona H2_22,-0.04113268791127968,0.04113268791127968,0.008189397356657446
Capa 2 - Oculta 1 a Oculta 2,bias_w0,Neurona H2_23,-0.02376930696142923,0.02376930696142923,0.004732399205696645
Capa 2 - Oculta 1 a Oculta 2,bias_w0,Neurona H2_24,-0.003751292003378721,0.003751292003378721,0.0007468712203487058
Capa 2 - Oculta 1 a Oculta 2,bias_w0,Neurona H2_25,-0.014665954625406171,0.014665954625406171,0.0029199484920902348
Capa 2 - Oculta 1 a Oculta 2,bias_w0,Neurona H2_26,0.0006979144114972337,0.0006979144114972337,0.00013895270955830826
Capa 2 - Oculta 1 a Oculta 2,bias_w0,Neurona H2_27,0.09218060353644476,0.09218060353644476,0.01835288743018017
Capa 2 - Oculta 1 a Oculta 2,bias_w0,Neurona H2_28,-0.037738103158641664,0.037738103158641664,0.007513545502283979
Capa 2 - Oculta 1 a Oculta 2,bias_w0,Neurona H2_29,0.08258925951453552,0.08258925951453552,0.01644327900514272
Capa 2 - Oculta 1 a Oculta 2,bias_w0,Neurona H2_30,0.019838421970101043,0.019838421970101043,0.003949771548910819
Capa 2 - Oculta 1 a Oculta 2,bias_w0,Neurona H2_31,0.0436738741252682,0.0436738741252682,0.008695340068412615
Capa 2 - Oculta 1 a Oculta 2,bias_w0,Neurona H2_32,0.024133624984054164,0.024133624984054164,0.004804933854001239
Capa 3 - Oculta 2 a Salida,Neurona H2_1,Clase 0,-1.242883987814248,1.242883987814248,0.2474545516303752
Capa 3 - Oculta 2 a Salida,Neurona H2_1,Clase 1,0.7032204800028563,0.7032204800028563,0.14000913221388367
Capa 3 - Oculta 2 a Salida,Neurona H2_1,Clase 2,0.9270130012956431,0.9270130012956431,0.18456556592587242
Capa 3 - Oculta 2 a Salida,Neurona H2_2,Clase 0,0.35514864151526054,0.35514864151526054,0.07070905145608007
Capa 3 - Oculta 2 a Salida,Neurona H2_2,Clase 1,0.5153605933703169,0.5153605933703169,0.10260678052879968
Capa 3 - Oculta 2 a Salida,Neurona H2_2,Clase 2,-0.7481840812530169,0.7481840812530169,0.14896125316494088
Capa 3 - Oculta 2 a Salida,Neurona H2_3,Clase 0,0.2408634879483028,0.2408634879483028,0.04795521303576672
Capa 3 - Oculta 2 a Salida,Neurona H2_3,Clase 1,0.4708313129675707,0.4708313129675707,0.09374113158286473
Capa 3 - Oculta 2 a Salida,Neurona H2_3,Clase 2,-0.6767318824770509,0.6767318824770509,0.13473533024336118
Capa 3 - Oculta 2 a Salida,Neurona H2_4,Clase 0,-0.06705793852812654,0.06705793852812654,0.013351038612153074
Capa 3 - Oculta 2 a Salida,Neurona H2_4,Clase 1,-0.28793799423720234,0.28793799423720234,0.057327608980320355
Capa 3 - Oculta 2 a Salida,Neurona H2_4,Clase 2,0.5846626128069482,0.5846626128069482,0.11640460905898276
Capa 3 - Oculta 2 a Salida,Neurona H2_5,Clase 0,-1.0381587953588776,1.0381587953588776,0.20669436708927605
Capa 3 - Oculta 2 a Salida,Neurona H2_5,Clase 1,0.8179165188550503,0.8179165188550503,0.16284477668771974
Capa 3 - Oculta 2 a Salida,Neurona H2_5,Clase 2,0.03228412440142193,0.03228412440142193,0.006427674350027165
Capa 3 - Oculta 2 a Salida,Neurona H2_6,Clase 0,-0.28742732203954346,0.28742732203954346,0.05722593564560791
Capa 3 - Oculta 2 a Salida,Neurona H2_6,Clase 1,-0.015217207260507206,0.015217207260507206,0.0030297012727128914
Capa 3 - Oculta 2 a Salida,Neurona H2_6,Clase 2,0.6490606028145861,0.6490606028145861,0.12922605973296072
Capa 3 - Oculta 2 a Salida,Neurona H2_7,Clase 0,0.02739512732441666,0.02739512732441666,0.005454289390952963
Capa 3 - Oculta 2 a Salida,Neurona H2_7,Clase 1,0.272320253077971,0.272320253077971,0.05421816258473735
Capa 3 - Oculta 2 a Salida,Neurona H2_7,Clase 2,-0.7730779315246107,0.7730779315246107,0.15391754564091378
Capa 3 - Oculta 2 a Salida,Neurona H2_8,Clase 0,0.2244908613931469,0.2244908613931469,0.04469547117494939
Capa 3 - Oculta 2 a Salida,Neurona H2_8,Clase 1,-0.37876740353334465,0.37876740353334465,0.07541147760570638
Capa 3 - Oculta 2 a Salida,Neurona H2_8,Clase 2,0.5896518845171236,0.5896518845171236,0.11739795840301508
Capa 3 - Oculta 2 a Salida,Neurona H2_9,Clase 0,0.7444354579464909,0.7444354579464909,0.14821491327429762
Capa 3 - Oculta 2 a Salida,Neurona H2_9,Clase 1,0.24881248127170763,0.24881248127170763,0.04953783426030692
Capa 3 - Oculta 2 a Salida,Neurona H2_9,Clase 2,-1.0656878519233466,1.0656878519233466,0.21217532139857403
Capa 3 - Oculta 2 a Salida,Neurona H2_10,Clase 0,1.092392553192817,1.092392553192817,0.2174921489897647
Capa 3 - Oculta 2 a Salida,Neurona H2_10,Clase 1,0.0494765278903231,0.0494765278903231,0.009850631390672828
Capa 3 - Oculta 2 a Salida,Neurona H2_10,Clase 2,-0.6091186261410155,0.6091186261410155,0.12127372948661881
Capa 3 - Oculta 2 a Salida,Neurona H2_11,Clase 0,0.5025892106447611,0.5025892106447611,0.1000640357376224
Capa 3 - Oculta 2 a Salida,Neurona H2_11,Clase 1,-0.364153039235274,0.364153039235274,0.07250180059626812
Capa 3 - Oculta 2 a Salida,Neurona H2_11,Clase 2,-0.6579626471396194,0.6579626471396194,0.13099843061281957
Capa 3 - Oculta 2 a Salida,Neurona H2_12,Clase 0,0.5168164901912454,0.5168164901912454,0.10289664530988558
Capa 3 - Oculta 2 a Salida,Neurona H2_12,Clase 1,-0.43643888368001627,0.43643888368001627,0.08689369992208845
Capa 3 - Oculta 2 a Salida,Neurona H2_12,Clase 2,-0.17132112116070708,0.17132112116070708,0.034109532053905475
Capa 3 - Oculta 2 a Salida,Neurona H2_13,Clase 0,0.5094141216420007,0.5094141216420007,0.10142285547244671
Capa 3 - Oculta 2 a Salida,Neurona H2_13,Clase 1,0.11392137573155652,0.11392137573155652,0.022681411321698465
Capa 3 - Oculta 2 a Salida,Neurona H2_13,Clase 2,-0.052487616078599766,0.052487616078599766,0.010450130205409252
Capa 3 - Oculta 2 a Salida,Neurona H2_14,Clase 0,0.26118289526157806,0.26118289526157806,0.05200074735385222
Capa 3 - Oculta 2 a Salida,Neurona H2_14,Clase 1,0.13366868269191035,0.13366868269191035,0.026613042139772898
Capa 3 - Oculta 2 a Salida,Neurona H2_14,Clase 2,0.12959177543184866,0.12959177543184866,0.025801341878148837
Capa 3 - Oculta 2 a Salida,Neurona H2_15,Clase 0,-0.39427199703765126,0.39427199703765126,0.07849839663550791
Capa 3 - Oculta 2 a Salida,Neurona H2_15,Clase 1,-0.5412682640107243,0.5412682640107243,0.1077649216626185
Capa 3 - Oculta 2 a Salida,Neurona H2_15,Clase 2,0.24174731110043524,0.24174731110043524,0.04813117962957255
Capa 3 - Oculta 2 a Salida,Neurona H2_16,Clase 0,-0.575192726694648,0.575192726694648,0.11451918254702727
Capa 3 - Oculta 2 a Salida,Neurona H2_16,Clase 1,-0.32457855119163975,0.32457855119163975,0.06462263625683444
Capa 3 - Oculta 2 a Salida,Neurona H2_16,Clase 2,0.46492114858006095,0.46492114858006095,0.09256443521143186
Capa 3 - Oculta 2 a Salida,Neurona H2_17,Clase 0,0.20986712001101465,0.20986712001101465,0.041783927215614934
Capa 3 - Oculta 2 a Salida,Neurona H2_17,Clase 1,0.012092085315463899,0.012092085315463899,0.002407498671920746
Capa 3 - Oculta 2 a Salida,Neurona H2_17,Clase 2,-0.5128402610571263,0.5128402610571263,0.10210498976744559
Capa 3 - Oculta 2 a Salida,Neurona H2_18,Clase 0,0.6309340743835181,0.6309340743835181,0.12561712115984947
Capa 3 - Oculta 2 a Salida,Neurona H2_18,Clase 1,0.06955941409143229,0.06955941409143229,0.013849075049987268
Capa 3 - Oculta 2 a Salida,Neurona H2_18,Clase 2,-0.7493323741863686,0.7493323741863686,0.14918987491544117
Capa 3 - Oculta 2 a Salida,Neurona H2_19,Clase 0,-0.6673120824881701,0.6673120824881701,0.1328598757314758
Capa 3 - Oculta 2 a Salida,Neurona H2_19,Clase 1,-0.13031217350593702,0.13031217350593702,0.025944771018894645
Capa 3 - Oculta 2 a Salida,Neurona H2_19,Clase 2,1.1968503082143387,1.1968503082143387,0.23828938122269724
Capa 3 - Oculta 2 a Salida,Neurona H2_20,Clase 0,0.07592039011898745,0.07592039011898745,0.015115526694921864
Capa 3 - Oculta 2 a Salida,Neurona H2_20,Clase 1,-0.33744981873677865,0.33744981873677865,0.06718526782222956
Capa 3 - Oculta 2 a Salida,Neurona H2_20,Clase 2,0.4981132171634725,0.4981132171634725,0.09917287858146609
Capa 3 - Oculta 2 a Salida,Neurona H2_21,Clase 0,-0.4625911116733171,0.4625911116733171,0.09210053170660476
Capa 3 - Oculta 2 a Salida,Neurona H2_21,Clase 1,0.39613776085584074,0.39613776085584074,0.07886986473197134
Capa 3 - Oculta 2 a Salida,Neurona H2_21,Clase 2,0.6086643664745844,0.6086643664745844,0.12118328772119052
Capa 3 - Oculta 2 a Salida,Neurona H2_22,Clase 0,-1.2196013029070598,1.2196013029070598,0.24281903744647165
Capa 3 - Oculta 2 a Salida,Neurona H2_22,Clase 1,-0.3998711302716047,0.3998711302716047,0.07961316761776449
Capa 3 - Oculta 2 a Salida,Neurona H2_22,Clase 2,1.3396696454992512,1.3396696454992512,0.26672429181651464
Capa 3 - Oculta 2 a Salida,Neurona H2_23,Clase 0,0.5798106969410343,0.5798106969410343,0.11543860686012954
Capa 3 - Oculta 2 a Salida,Neurona H2_23,Clase 1,-0.15447456866764434,0.15447456866764434,0.03075543293076877
Capa 3 - Oculta 2 a Salida,Neurona H2_23,Clase 2,-0.7421879798893176,0.7421879798893176,0.14776744699394512
Capa 3 - Oculta 2 a Salida,Neurona H2_24,Clase 0,0.22417108356724078,0.22417108356724078,0.0446318043489972
Capa 3 - Oculta 2 a Salida,Neurona H2_24,Clase 1,-0.019132297713899026,0.019132297713899026,0.0038091842833840573
Capa 3 - Oculta 2 a Salida,Neurona H2_24,Clase 2,-0.5349303842680039,0.5349303842680039,0.10650306842016083
Capa 3 - Oculta 2 a Salida,Neurona H2_25,Clase 0,0.8817525561179598,0.8817525561179598,0.1755543442206744
Capa 3 - Oculta 2 a Salida,Neurona H2_25,Clase 1,-0.27405692642950175,0.27405692642950175,0.05456392914842703
Capa 3 - Oculta 2 a Salida,Neurona H2_25,Clase 2,-0.22557896791469048,0.22557896791469048,0.04491210998762584
Capa 3 - Oculta 2 a Salida,Neurona H2_26,Clase 0,0.5016119666735738,0.5016119666735738,0.09986946933311917
Capa 3 - Oculta 2 a Salida,Neurona H2_26,Clase 1,-0.48330680606579773,0.48330680606579773,0.09622496561826707
Capa 3 - Oculta 2 a Salida,Neurona H2_26,Clase 2,-0.3292429161648709,0.3292429161648709,0.06555129762379047
Capa 3 - Oculta 2 a Salida,Neurona H2_27,Clase 0,0.7399830296671895,0.7399830296671895,0.14732844788064609
Capa 3 - Oculta 2 a Salida,Neurona H2_27,Clase 1,0.6228624971740238,0.6228624971740238,0.12401009384361704
Capa 3 - Oculta 2 a Salida,Neurona H2_27,Clase 2,-0.6640275915782549,0.6640275915782549,0.13220594323784343
Capa 3 - Oculta 2 a Salida,Neurona H2_28,Clase 0,-0.1072385770028162,0.1072385770028162,0.021350885722149406
Capa 3 - Oculta 2 a Salida,Neurona H2_28,Clase 1,-0.13397175979676518,0.13397175979676518,0.026673383901213706
Capa 3 - Oculta 2 a Salida,Neurona H2_28,Clase 2,0.967313701757499,0.967313701757499,0.19258931702489215
Capa 3 - Oculta 2 a Salida,Neurona H2_29,Clase 0,0.4505151752435194,0.4505151752435194,0.08969624823039096
Capa 3 - Oculta 2 a Salida,Neurona H2_29,Clase 1,0.5703867887250326,0.5703867887250326,0.11356233441229022
Capa 3 - Oculta 2 a Salida,Neurona H2_29,Clase 2,-0.7692251153495262,0.7692251153495262,0.15315046125615436
Capa 3 - Oculta 2 a Salida,Neurona H2_30,Clase 0,-1.4789094840814956,1.4789094840814956,0.29444653473159876
Capa 3 - Oculta 2 a Salida,Neurona H2_30,Clase 1,0.23673777056294393,0.23673777056294393,0.047133794821551056
Capa 3 - Oculta 2 a Salida,Neurona H2_30,Clase 2,1.2357481345259997,1.2357481345259997,0.24603382419864683
Capa 3 - Oculta 2 a Salida,Neurona H2_31,Clase 0,1.018754543056616,1.018754543056616,0.20283103744607817
Capa 3 - Oculta 2 a Salida,Neurona H2_31,Clase 1,0.065111766496177,0.065111766496177,0.012963561476488483
Capa 3 - Oculta 2 a Salida,Neurona H2_31,Clase 2,-0.8635163698335293,0.8635163698335293,0.17192357309102319
Capa 3 - Oculta 2 a Salida,Neurona H2_32,Clase 0,-0.7449132176852429,0.7449132176852429,0.1483100338351054
Capa 3 - Oculta 2 a Salida,Neurona H2_32,Clase 1,0.2669808321127149,0.2669808321127149,0.05315509955240489
Capa 3 - Oculta 2 a Salida,Neurona H2_32,Clase 2,-0.09557812527716733,0.09557812527716733,0.019029324030255354
Capa 3 - Oculta 2 a Salida,bias_w0,Clase 0,-0.07642938357403688,0.07642938357403688,0.015216865796911224
Capa 3 - Oculta 2 a Salida,bias_w0,Clase 1,0.169430851296687,0.169430851296687,0.03373318487569128
Capa 3 - Oculta 2 a Salida,bias_w0,Clase 2,-0.09300146772265014,0.09300146772265014,0.01851631907878006
CONFIGURACIÓN_SISTEMA,Tipo de Modelo,Red Neuronal Artificial (MLP) de 3 Capas,,,
CONFIGURACIÓN_SISTEMA,Capas Ocultas (hidden_units),"Capa 1: 64 Neuronas, Capa 2: 32 Neuronas",,,
CONFIGURACIÓN_SISTEMA,Función de Activación Oculta,Sigmoide (Múltiples regresiones logísticas paralelas),,,
CONFIGURACIÓN_SISTEMA,Tasa de Aprendizaje Inicial,0.1,,,
CONFIGURACIÓN_SISTEMA,Regularización L2 (lambda),0.001,,,
CONFIGURACIÓN_SISTEMA,Épocas de Entrenamiento,1000,,,
CONFIGURACIÓN_SISTEMA,Muestras de Train Final (80%),17263,,,
CONFIGURACIÓN_SISTEMA,Muestras de Test Final (20%),4316,,,
CONFIGURACIÓN_SISTEMA,Accuracy Promedio Folds (CV),76.6856,,,
CONFIGURACIÓN_SISTEMA,Accuracy Final Train Set,92.5737,,,
CONFIGURACIÓN_SISTEMA,Accuracy Final Test Set,93.0028,,,
CONFIGURACIÓN_SISTEMA,Loss Final Train Set,0.213105,,,
CONFIGURACIÓN_SISTEMA,Loss Final Test Set,0.205531,,,
