y_real,y_predicha,probabilidad,correcto
0,0,0.980898,1
0,0,0.991409,1
2,2,0.995771,1
1,1,0.785698,1
2,2,0.990062,1
0,0,0.980837,1
1,1,0.726355,1
2,2,0.987346,1
2,2,0.76546,1
2,2,0.982005,1
2,2,0.995787,1
0,0,0.7625,1
0,0,0.789702,1
0,0,0.985166,1
1,2,0.568133,0
2,2,0.99414,1
1,1,0.703204,1
1,1,0.697283,1
1,2,0.50568,0
0,0,0.989332,1
2,2,0.990385,1
0,0,0.963378,1
2,2,0.850218,1
2,2,0.995588,1
2,2,0.524809,1
1,1,0.942641,1
2,2,0.846618,1
1,1,0.938792,1
2,2,0.969525,1
2,2,0.994361,1
0,0,0.981902,1
2,2,0.835356,1
0,0,0.990417,1
0,0,0.755744,1
0,0,0.993486,1
0,0,0.991723,1
1,1,0.769214,1
0,0,0.971464,1
2,2,0.981395,1
0,0,0.972937,1
1,1,0.639898,1
2,2,0.98592,1
1,1,0.953007,1
2,2,0.981395,1
2,2,0.996475,1
0,0,0.744315,1
0,0,0.980191,1
1,1,0.762594,1
2,2,0.847603,1
1,1,0.943179,1
0,0,0.987786,1
2,2,0.983854,1
0,0,0.971271,1
0,0,0.965223,1
1,1,0.847465,1
2,2,0.970705,1
0,0,0.980436,1
2,2,0.737624,1
1,1,0.709259,1
2,2,0.748971,1
2,2,0.991195,1
0,0,0.982328,1
2,2,0.498863,1
1,1,0.847869,1
0,0,0.986577,1
0,0,0.824226,1
1,0,0.542732,0
2,2,0.802272,1
0,0,0.745006,1
1,1,0.710486,1
1,1,0.957164,1
0,0,0.984085,1
2,2,0.976212,1
1,0,0.614696,0
0,0,0.970432,1
2,2,0.988473,1
2,2,0.625446,1
0,0,0.992252,1
2,2,0.969365,1
1,1,0.954207,1
1,1,0.802415,1
1,1,0.563327,1
2,2,0.97913,1
0,0,0.987612,1
0,0,0.989428,1
1,1,0.947105,1
1,1,0.725827,1
1,1,0.815655,1
0,0,0.968814,1
0,0,0.987813,1
1,1,0.957908,1
1,1,0.945211,1
1,1,0.628588,1
2,2,0.677343,1
0,0,0.992176,1
1,1,0.947197,1
0,0,0.982765,1
1,1,0.957194,1
0,0,0.99137,1
1,1,0.957776,1
0,0,0.987229,1
2,2,0.981496,1
2,2,0.601825,1
0,0,0.964865,1
0,0,0.705906,1
0,0,0.52516,1
0,0,0.9908,1
1,1,0.741967,1
2,2,0.574447,1
0,0,0.991381,1
1,1,0.849462,1
1,1,0.933273,1
0,0,0.990737,1
2,2,0.782398,1
2,2,0.991363,1
2,2,0.966022,1
2,2,0.985066,1
1,1,0.780709,1
0,0,0.721336,1
2,2,0.794652,1
2,2,0.98164,1
0,0,0.991556,1
0,0,0.974969,1
2,2,0.7444,1
0,0,0.820861,1
2,2,0.98991,1
1,1,0.84045,1
0,0,0.990768,1
0,0,0.874186,1
2,2,0.916908,1
2,2,0.747966,1
0,0,0.965163,1
0,0,0.711233,1
1,1,0.882707,1
0,1,0.612354,0
0,0,0.77731,1
2,2,0.827269,1
1,1,0.937891,1
0,0,0.991225,1
2,2,0.991848,1
1,1,0.845065,1
0,0,0.877333,1
0,0,0.974244,1
0,0,0.990577,1
1,1,0.647592,1
1,1,0.952059,1
1,1,0.634602,1
1,1,0.95758,1
1,1,0.71913,1
2,2,0.979499,1
1,1,0.958128,1
2,2,0.995094,1
1,1,0.616296,1
0,0,0.99321,1
0,0,0.983006,1
1,2,0.548572,0
1,1,0.651427,1
1,1,0.589907,1
0,1,0.534083,0
0,0,0.770288,1
2,2,0.607954,1
2,2,0.987346,1
2,2,0.974895,1
1,1,0.813661,1
1,1,0.513615,1
0,0,0.762552,1
1,1,0.953118,1
2,2,0.760248,1
0,0,0.98779,1
0,0,0.976091,1
1,1,0.779219,1
2,2,0.992473,1
0,0,0.99413,1
0,0,0.992852,1
1,1,0.642997,1
0,0,0.799114,1
0,0,0.669677,1
1,1,0.907553,1
1,1,0.812889,1
2,2,0.828024,1
1,1,0.955507,1
1,1,0.95722,1
0,0,0.989941,1
2,2,0.991791,1
2,2,0.978396,1
1,1,0.780873,1
2,2,0.996423,1
2,2,0.992498,1
2,2,0.984412,1
1,1,0.933363,1
2,2,0.85274,1
2,2,0.797249,1
1,1,0.724219,1
0,0,0.989507,1
0,0,0.884095,1
0,0,0.988985,1
2,2,0.987916,1
0,0,0.974626,1
0,0,0.985528,1
1,1,0.957546,1
1,1,0.95682,1
0,0,0.970411,1
2,2,0.780015,1
0,0,0.713471,1
2,2,0.865588,1
0,0,0.577262,1
2,2,0.736854,1
0,0,0.812361,1
1,1,0.797655,1
0,0,0.983693,1
0,0,0.992474,1
0,0,0.620553,1
2,2,0.987879,1
0,0,0.980061,1
2,2,0.836772,1
2,2,0.991402,1
0,0,0.991225,1
0,0,0.991303,1
2,2,0.979789,1
2,2,0.991458,1
2,2,0.774894,1
1,1,0.820169,1
0,0,0.986465,1
0,0,0.981189,1
2,2,0.984879,1
2,2,0.70433,1
0,0,0.739027,1
0,0,0.987121,1
1,1,0.64125,1
1,1,0.814797,1
0,0,0.989325,1
0,0,0.986744,1
2,2,0.785774,1
0,1,0.670703,0
0,0,0.984702,1
1,1,0.947187,1
0,1,0.502901,0
2,2,0.797223,1
0,0,0.985185,1
2,2,0.985581,1
1,1,0.945718,1
1,1,0.95282,1
1,1,0.650092,1
2,2,0.976671,1
1,1,0.957006,1
1,1,0.687167,1
0,0,0.9877,1
1,1,0.942737,1
1,1,0.850412,1
2,2,0.977339,1
1,1,0.86084,1
2,2,0.975178,1
1,2,0.524164,0
1,1,0.664195,1
1,0,0.625805,0
2,2,0.993688,1
0,1,0.535524,0
2,2,0.757686,1
0,0,0.972909,1
1,1,0.955706,1
1,1,0.629825,1
2,2,0.995556,1
0,0,0.877847,1
2,2,0.992375,1
2,2,0.764574,1
1,2,0.649259,0
1,1,0.86605,1
2,2,0.777414,1
2,2,0.989617,1
1,1,0.749551,1
2,2,0.989773,1
1,0,0.612302,0
0,0,0.772338,1
2,2,0.970254,1
1,1,0.956475,1
1,1,0.948585,1
2,2,0.976796,1
2,2,0.810262,1
2,2,0.752434,1
2,2,0.533127,1
2,2,0.802686,1
0,1,0.559798,0
1,1,0.76494,1
0,0,0.541301,1
1,1,0.844037,1
0,0,0.973594,1
1,1,0.787642,1
0,0,0.755263,1
2,2,0.994141,1
0,0,0.993016,1
2,2,0.992046,1
1,1,0.820904,1
2,2,0.682373,1
1,0,0.750294,0
2,2,0.671814,1
1,1,0.597188,1
0,0,0.699647,1
0,0,0.89524,1
2,2,0.977328,1
2,1,0.561457,0
0,0,0.97786,1
0,0,0.993073,1
2,2,0.979014,1
0,0,0.873977,1
0,0,0.607988,1
0,0,0.98966,1
2,2,0.971039,1
0,0,0.991423,1
2,2,0.979704,1
0,0,0.987467,1
1,0,0.623999,0
1,1,0.694528,1
2,2,0.97939,1
1,1,0.947864,1
1,1,0.648992,1
0,0,0.853856,1
1,1,0.924707,1
0,0,0.979426,1
2,2,0.978691,1
1,1,0.958198,1
1,0,0.654446,0
0,0,0.983555,1
0,0,0.979259,1
2,2,0.992608,1
2,2,0.864166,1
1,1,0.957474,1
0,0,0.851641,1
2,2,0.821965,1
2,2,0.979543,1
2,2,0.763911,1
1,1,0.777741,1
0,0,0.9795,1
0,0,0.991517,1
1,1,0.95414,1
0,0,0.963681,1
1,1,0.943806,1
1,1,0.657577,1
2,1,0.576608,0
1,1,0.957903,1
0,0,0.820861,1
1,1,0.645327,1
0,0,0.509673,1
1,1,0.592471,1
0,0,0.981189,1
0,0,0.9901,1
0,0,0.988443,1
1,1,0.905898,1
0,0,0.995013,1
2,2,0.995037,1
2,2,0.986639,1
1,1,0.935669,1
0,0,0.985969,1
1,1,0.948804,1
2,2,0.990284,1
0,0,0.990047,1
2,2,0.984803,1
2,2,0.968792,1
0,0,0.984849,1
0,0,0.679875,1
2,2,0.981282,1
2,2,0.807828,1
0,0,0.988097,1
1,1,0.66837,1
2,2,0.740233,1
2,2,0.807685,1
2,2,0.765679,1
1,2,0.511772,0
2,2,0.974331,1
2,2,0.981301,1
1,1,0.63355,1
2,2,0.988875,1
0,0,0.994614,1
0,0,0.993583,1
0,0,0.994289,1
2,2,0.96628,1
2,2,0.988481,1
1,1,0.741588,1
1,1,0.957395,1
0,0,0.638874,1
2,2,0.979317,1
2,2,0.976704,1
1,2,0.557375,0
2,2,0.991791,1
2,2,0.98757,1
2,2,0.975054,1
0,0,0.995013,1
2,2,0.990645,1
1,1,0.71538,1
2,2,0.714296,1
1,2,0.535278,0
2,2,0.982551,1
2,2,0.846631,1
0,0,0.755623,1
1,1,0.92626,1
0,0,0.98881,1
0,0,0.832738,1
1,2,0.634849,0
0,0,0.840058,1
1,1,0.807052,1
2,2,0.710822,1
2,2,0.97307,1
1,1,0.696625,1
2,2,0.802522,1
1,1,0.952687,1
2,2,0.974365,1
0,0,0.989754,1
1,0,0.600512,0
1,1,0.795987,1
2,2,0.988024,1
0,0,0.977472,1
2,2,0.969491,1
1,1,0.50294,1
0,0,0.985759,1
2,2,0.776114,1
2,2,0.975015,1
1,1,0.71758,1
0,0,0.792524,1
0,0,0.987745,1
2,2,0.993622,1
2,2,0.995745,1
1,1,0.958216,1
2,2,0.978671,1
0,0,0.97603,1
1,0,0.604314,0
2,2,0.992094,1
1,1,0.78623,1
2,2,0.992045,1
2,2,0.970696,1
2,2,0.985227,1
0,0,0.895888,1
0,0,0.5416,1
0,0,0.552621,1
2,2,0.638531,1
0,0,0.970739,1
2,2,0.987177,1
1,1,0.727962,1
0,1,0.643383,0
1,1,0.704174,1
0,0,0.989293,1
0,0,0.98915,1
1,1,0.956128,1
0,0,0.973221,1
0,0,0.985184,1
1,1,0.954476,1
0,0,0.751515,1
1,1,0.651968,1
1,2,0.65603,0
0,0,0.78008,1
2,2,0.989505,1
2,2,0.984415,1
1,1,0.94404,1
1,1,0.680249,1
0,0,0.981698,1
0,0,0.97672,1
0,0,0.790303,1
2,2,0.99045,1
0,0,0.734126,1
0,0,0.782548,1
0,0,0.991195,1
2,2,0.98756,1
1,1,0.956678,1
0,0,0.990657,1
2,2,0.967317,1
0,0,0.994715,1
1,1,0.806578,1
0,0,0.980484,1
1,1,0.64228,1
2,2,0.763398,1
0,0,0.991378,1
2,2,0.992823,1
2,2,0.813971,1
0,0,0.972808,1
2,2,0.968903,1
0,0,0.984702,1
0,0,0.988571,1
2,2,0.985328,1
2,2,0.742954,1
2,2,0.818053,1
2,2,0.756244,1
2,2,0.988954,1
0,0,0.982191,1
2,2,0.744628,1
1,0,0.513376,0
1,1,0.936339,1
1,1,0.802162,1
2,2,0.77293,1
2,2,0.828869,1
0,0,0.965723,1
0,0,0.541807,1
1,1,0.760006,1
1,0,0.539365,0
0,0,0.588117,1
2,2,0.882383,1
1,1,0.94163,1
1,1,0.92771,1
0,0,0.993583,1
0,0,0.979125,1
1,1,0.601341,1
2,2,0.986471,1
0,0,0.746902,1
0,0,0.782263,1
0,0,0.527909,1
0,1,0.716574,0
0,0,0.984405,1
1,1,0.816269,1
0,0,0.8657,1
1,1,0.956498,1
2,2,0.976801,1
0,0,0.655383,1
2,2,0.972644,1
0,0,0.980198,1
2,2,0.875695,1
2,2,0.85976,1
1,1,0.95358,1
0,0,0.975773,1
0,0,0.812504,1
2,2,0.975505,1
0,0,0.987013,1
1,1,0.719384,1
1,1,0.647442,1
0,0,0.958468,1
0,1,0.675435,0
1,1,0.899865,1
0,0,0.984993,1
0,0,0.989071,1
1,1,0.508064,1
1,1,0.729839,1
2,2,0.983103,1
0,0,0.542862,1
1,1,0.956933,1
1,1,0.77789,1
1,1,0.953263,1
2,2,0.983972,1
2,2,0.990726,1
2,2,0.557536,1
2,2,0.978285,1
0,1,0.747986,0
0,0,0.984737,1
2,2,0.836,1
2,2,0.979955,1
2,2,0.974838,1
0,0,0.975289,1
0,0,0.971788,1
0,0,0.972999,1
0,1,0.654229,0
0,0,0.982899,1
1,1,0.940146,1
2,2,0.988445,1
1,1,0.825784,1
2,2,0.992641,1
1,1,0.954405,1
2,2,0.748638,1
1,1,0.941208,1
1,1,0.938534,1
0,0,0.975961,1
2,2,0.976724,1
0,0,0.980279,1
0,0,0.990997,1
2,2,0.807137,1
2,2,0.698453,1
2,2,0.626069,1
2,2,0.756786,1
0,1,0.577007,0
0,0,0.557901,1
2,2,0.764885,1
0,0,0.969371,1
1,1,0.738624,1
0,0,0.990783,1
2,2,0.977901,1
0,0,0.983798,1
2,2,0.995685,1
1,1,0.951493,1
2,2,0.993911,1
2,2,0.861022,1
1,1,0.948168,1
1,1,0.902344,1
0,0,0.607694,1
0,0,0.991696,1
1,1,0.709832,1
1,1,0.793413,1
0,0,0.988325,1
2,2,0.630436,1
0,0,0.51661,1
2,2,0.989126,1
1,1,0.948898,1
0,0,0.990577,1
1,1,0.797656,1
0,0,0.988558,1
2,2,0.743957,1
0,0,0.97654,1
2,2,0.99291,1
0,0,0.980407,1
2,2,0.635193,1
1,1,0.953906,1
1,1,0.928562,1
1,1,0.844898,1
0,0,0.983325,1
0,0,0.971585,1
1,1,0.946835,1
1,1,0.944706,1
2,2,0.970887,1
1,1,0.954369,1
2,2,0.802318,1
2,2,0.752447,1
2,2,0.980853,1
0,0,0.982765,1
0,0,0.985368,1
1,1,0.957723,1
0,0,0.984993,1
2,2,0.9953,1
1,1,0.802904,1
0,0,0.985346,1
0,0,0.978531,1
0,0,0.821196,1
0,0,0.981431,1
0,0,0.770647,1
1,1,0.705805,1
0,0,0.995099,1
2,2,0.972776,1
0,0,0.827224,1
1,1,0.801033,1
0,0,0.979886,1
1,1,0.956304,1
0,0,0.966906,1
1,1,0.954545,1
1,1,0.957797,1
0,0,0.992609,1
2,2,0.994208,1
0,0,0.971889,1
0,0,0.827351,1
2,2,0.7444,1
0,0,0.627051,1
2,2,0.842629,1
0,0,0.976577,1
1,1,0.945159,1
1,1,0.949529,1
0,0,0.886103,1
1,1,0.698272,1
1,1,0.591996,1
2,2,0.973965,1
0,0,0.992006,1
0,0,0.994222,1
0,0,0.964168,1
2,2,0.78843,1
1,1,0.826309,1
0,0,0.989537,1
2,2,0.984257,1
0,0,0.966969,1
1,1,0.95143,1
1,1,0.950011,1
1,1,0.938753,1
1,2,0.544328,0
2,2,0.682416,1
2,2,0.724887,1
0,0,0.964346,1
1,1,0.929376,1
1,1,0.603793,1
0,0,0.99215,1
1,1,0.947517,1
1,1,0.697301,1
2,2,0.994336,1
2,2,0.806033,1
1,1,0.949017,1
1,1,0.55941,1
0,0,0.993712,1
1,1,0.942156,1
2,2,0.98317,1
1,1,0.820383,1
2,2,0.566508,1
1,1,0.952341,1
0,0,0.729836,1
0,0,0.973946,1
0,0,0.987299,1
1,1,0.812594,1
0,0,0.83679,1
2,2,0.776608,1
0,0,0.972797,1
1,1,0.528549,1
0,0,0.710863,1
0,0,0.978883,1
1,1,0.955404,1
1,1,0.714492,1
1,1,0.669858,1
0,0,0.634462,1
0,0,0.986577,1
1,0,0.719947,0
2,2,0.997148,1
0,0,0.970757,1
1,1,0.559365,1
1,1,0.955549,1
2,2,0.843773,1
0,0,0.984446,1
2,2,0.740629,1
1,1,0.956728,1
2,2,0.994982,1
2,2,0.885232,1
2,2,0.988355,1
1,1,0.779432,1
1,1,0.666154,1
2,2,0.990968,1
1,1,0.738926,1
0,1,0.70454,0
1,1,0.947314,1
0,0,0.993732,1
1,1,0.933439,1
2,2,0.981979,1
1,1,0.941973,1
2,2,0.995066,1
0,0,0.982126,1
1,1,0.542171,1
0,0,0.508495,1
1,1,0.738548,1
0,0,0.977502,1
1,2,0.57476,0
2,2,0.983499,1
1,1,0.956504,1
0,0,0.983242,1
0,1,0.508051,0
2,2,0.765728,1
2,2,0.987902,1
2,2,0.978239,1
2,2,0.690286,1
1,1,0.9538,1
1,1,0.754693,1
2,2,0.968866,1
1,1,0.957726,1
0,0,0.982469,1
0,0,0.991497,1
1,1,0.956374,1
0,0,0.913899,1
1,1,0.902608,1
2,2,0.9909,1
1,2,0.647621,0
0,0,0.97687,1
0,0,0.993284,1
0,0,0.96913,1
2,2,0.615995,1
2,2,0.7133,1
2,2,0.714804,1
2,2,0.838044,1
1,1,0.954593,1
0,0,0.85651,1
0,0,0.977984,1
0,0,0.992311,1
2,2,0.873276,1
0,0,0.932776,1
1,1,0.949434,1
2,1,0.604467,0
0,0,0.989332,1
2,2,0.993719,1
2,2,0.74513,1
2,2,0.742218,1
1,1,0.845591,1
1,1,0.75458,1
2,2,0.992823,1
2,2,0.982281,1
2,2,0.972412,1
2,2,0.991814,1
2,2,0.984581,1
0,0,0.980191,1
1,1,0.838887,1
1,1,0.956088,1
2,2,0.972753,1
1,1,0.952785,1
1,2,0.734441,0
2,2,0.972744,1
1,1,0.576797,1
0,1,0.670703,0
0,0,0.561205,1
0,0,0.907011,1
2,2,0.81028,1
0,0,0.710305,1
2,2,0.989806,1
1,1,0.956541,1
1,0,0.526,0
2,2,0.996876,1
0,0,0.988795,1
0,0,0.825516,1
1,2,0.54405,0
1,1,0.778005,1
0,0,0.962492,1
1,1,0.660823,1
0,1,0.518697,0
0,0,0.990714,1
2,2,0.983796,1
2,2,0.692199,1
1,1,0.556527,1
1,1,0.759204,1
1,1,0.958495,1
1,1,0.667061,1
0,0,0.856164,1
0,0,0.991428,1
1,1,0.953604,1
0,0,0.973688,1
1,1,0.537952,1
0,0,0.584777,1
0,1,0.559798,0
2,2,0.977224,1
1,0,0.671253,0
0,0,0.991029,1
0,0,0.984934,1
2,2,0.995694,1
1,1,0.954142,1
0,0,0.777981,1
2,2,0.991545,1
0,1,0.693474,0
0,0,0.992646,1
1,1,0.635106,1
2,2,0.992531,1
0,0,0.989035,1
0,0,0.572445,1
1,0,0.663213,0
1,0,0.532409,0
1,1,0.684317,1
0,0,0.991895,1
2,2,0.960774,1
2,2,0.86535,1
2,2,0.992267,1
1,1,0.858992,1
1,1,0.65336,1
1,1,0.958271,1
2,2,0.763398,1
1,1,0.770331,1
0,0,0.991964,1
2,2,0.710822,1
1,1,0.737281,1
0,0,0.987021,1
2,2,0.987015,1
0,1,0.604643,0
0,0,0.967615,1
0,0,0.984155,1
2,2,0.993245,1
0,0,0.734622,1
1,1,0.697414,1
0,0,0.798866,1
2,2,0.988327,1
1,1,0.815393,1
1,1,0.956521,1
0,1,0.526604,0
0,0,0.707487,1
0,0,0.991948,1
1,1,0.954896,1
0,0,0.785896,1
1,1,0.661623,1
0,0,0.986119,1
2,2,0.991519,1
1,1,0.956544,1
0,0,0.964907,1
1,1,0.644158,1
0,0,0.835962,1
2,2,0.994749,1
1,1,0.789805,1
2,2,0.979391,1
0,0,0.824557,1
0,0,0.988373,1
0,0,0.84611,1
2,2,0.984244,1
1,1,0.924465,1
0,0,0.916701,1
1,1,0.95793,1
1,1,0.805616,1
1,1,0.955996,1
0,0,0.990235,1
2,2,0.792515,1
1,1,0.956659,1
1,1,0.811269,1
2,2,0.7386,1
0,0,0.895057,1
0,0,0.993146,1
1,1,0.954597,1
1,1,0.851691,1
0,0,0.517648,1
2,2,0.994278,1
1,1,0.643223,1
2,2,0.973893,1
2,2,0.818136,1
2,2,0.978506,1
2,2,0.994164,1
2,2,0.977005,1
1,1,0.95476,1
1,1,0.949933,1
1,1,0.950627,1
2,2,0.980968,1
0,0,0.929525,1
2,2,0.990652,1
2,2,0.577178,1
2,2,0.982007,1
1,1,0.800308,1
2,2,0.995965,1
1,1,0.957374,1
2,2,0.996214,1
0,0,0.873977,1
2,2,0.991227,1
0,0,0.842801,1
0,0,0.966535,1
2,2,0.995456,1
1,1,0.757911,1
2,2,0.992045,1
0,0,0.983617,1
2,2,0.807828,1
0,0,0.976647,1
0,0,0.618299,1
1,1,0.669662,1
0,0,0.990605,1
2,2,0.991458,1
1,1,0.953137,1
0,0,0.818955,1
2,2,0.986199,1
0,0,0.983596,1
0,0,0.96638,1
1,1,0.851693,1
0,1,0.575834,0
2,2,0.985208,1
1,1,0.728205,1
0,0,0.989167,1
0,0,0.990798,1
2,2,0.973881,1
2,2,0.993249,1
2,2,0.731141,1
1,1,0.944585,1
1,1,0.623577,1
2,2,0.993928,1
0,0,0.836026,1
1,1,0.890187,1
1,1,0.956444,1
0,0,0.991587,1
1,1,0.948149,1
1,1,0.957211,1
0,0,0.8564,1
1,1,0.906194,1
0,0,0.973645,1
0,1,0.516564,0
2,2,0.604255,1
0,0,0.859082,1
1,1,0.9375,1
0,0,0.963575,1
1,0,0.579872,0
1,1,0.957171,1
2,2,0.973453,1
1,1,0.786139,1
1,1,0.952762,1
0,0,0.981611,1
2,2,0.972816,1
1,1,0.668509,1
1,2,0.619586,0
0,0,0.965699,1
2,2,0.995034,1
1,1,0.934884,1
1,1,0.795453,1
1,1,0.791715,1
1,1,0.954873,1
1,0,0.543068,0
0,0,0.986846,1
1,1,0.949278,1
0,0,0.989372,1
2,2,0.971249,1
1,1,0.939009,1
1,0,0.539922,0
0,0,0.979275,1
1,0,0.650019,0
1,1,0.651552,1
1,1,0.79126,1
0,0,0.539379,1
1,1,0.723446,1
0,1,0.556207,0
2,2,0.972437,1
2,2,0.990769,1
1,2,0.674763,0
1,1,0.644491,1
2,1,0.609168,0
0,0,0.771192,1
0,0,0.65733,1
2,2,0.752724,1
1,1,0.944383,1
0,0,0.988837,1
0,0,0.987404,1
2,2,0.729408,1
1,1,0.670992,1
2,2,0.989017,1
2,2,0.990734,1
0,0,0.966645,1
2,2,0.992608,1
2,2,0.64429,1
0,0,0.75072,1
1,1,0.857173,1
1,1,0.791735,1
0,0,0.974028,1
0,0,0.958468,1
1,1,0.674358,1
1,1,0.956612,1
1,1,0.737368,1
0,0,0.977968,1
0,0,0.973921,1
2,1,0.605021,0
1,1,0.936899,1
1,1,0.770816,1
1,1,0.957863,1
2,2,0.977813,1
0,0,0.979055,1
2,2,0.974909,1
2,2,0.992129,1
2,2,0.743283,1
2,2,0.989963,1
1,1,0.848803,1
2,2,0.982429,1
0,0,0.668117,1
1,1,0.941712,1
2,2,0.989077,1
1,1,0.767455,1
0,0,0.990203,1
2,2,0.980784,1
2,2,0.719593,1
2,2,0.97911,1
0,0,0.980023,1
1,1,0.52854,1
1,1,0.795457,1
0,0,0.798006,1
2,2,0.981446,1
2,2,0.995319,1
1,1,0.553385,1
0,0,0.527079,1
2,2,0.878141,1
0,0,0.971079,1
0,0,0.884095,1
0,0,0.989812,1
1,1,0.860111,1
0,0,0.99167,1
0,0,0.970434,1
0,0,0.990649,1
2,2,0.984905,1
2,2,0.985882,1
2,2,0.993249,1
2,2,0.996633,1
2,2,0.991355,1
1,1,0.943461,1
0,0,0.963378,1
2,2,0.875245,1
0,0,0.833376,1
2,2,0.849843,1
2,2,0.598242,1
0,0,0.65733,1
2,2,0.846047,1
0,0,0.990605,1
1,1,0.778123,1
2,2,0.989497,1
2,2,0.987705,1
0,0,0.968773,1
2,2,0.816676,1
2,2,0.988473,1
1,1,0.684772,1
2,2,0.749349,1
1,1,0.956725,1
1,0,0.554467,0
1,1,0.9486,1
0,0,0.741967,1
0,0,0.708195,1
2,2,0.703851,1
2,2,0.980926,1
1,1,0.8274,1
0,0,0.980367,1
1,0,0.497912,0
1,1,0.804072,1
1,2,0.615599,0
1,1,0.680712,1
0,1,0.549597,0
1,1,0.695988,1
2,2,0.976704,1
1,1,0.946637,1
0,0,0.783688,1
0,0,0.777981,1
1,1,0.945392,1
0,1,0.576478,0
1,1,0.938102,1
1,1,0.949803,1
0,0,0.99137,1
2,2,0.985001,1
0,0,0.984258,1
0,0,0.808615,1
2,2,0.841435,1
0,0,0.979576,1
1,1,0.577268,1
0,0,0.970303,1
1,1,0.820639,1
2,2,0.847296,1
1,1,0.66317,1
1,1,0.851185,1
2,1,0.580902,0
1,1,0.572474,1
2,2,0.612239,1
2,2,0.978618,1
2,2,0.764051,1
1,1,0.786961,1
2,2,0.818053,1
1,1,0.845166,1
1,2,0.52887,0
2,2,0.975204,1
2,2,0.889643,1
1,1,0.690345,1
0,0,0.990953,1
2,2,0.809976,1
1,1,0.585633,1
2,2,0.819399,1
0,1,0.655293,0
2,2,0.997045,1
2,2,0.577178,1
2,2,0.997077,1
2,2,0.982956,1
1,2,0.590759,0
1,1,0.741865,1
1,1,0.523447,1
2,2,0.994088,1
0,0,0.981624,1
0,0,0.992301,1
2,2,0.968177,1
2,2,0.986339,1
1,1,0.643312,1
1,1,0.531816,1
1,2,0.572463,0
1,1,0.954966,1
1,1,0.721361,1
2,2,0.985451,1
1,1,0.918004,1
1,1,0.657182,1
1,1,0.778351,1
1,1,0.748805,1
1,1,0.743416,1
0,0,0.992931,1
0,1,0.740598,0
0,1,0.632965,0
0,0,0.985708,1
2,2,0.991231,1
1,1,0.956727,1
2,2,0.97236,1
2,2,0.992375,1
2,2,0.9909,1
0,0,0.593569,1
2,2,0.995896,1
1,1,0.942311,1
1,1,0.957167,1
1,1,0.797125,1
2,2,0.993605,1
0,0,0.992763,1
0,1,0.542225,0
1,1,0.951138,1
2,2,0.748638,1
0,0,0.984963,1
2,2,0.994667,1
0,0,0.676686,1
1,1,0.864804,1
1,1,0.775691,1
0,0,0.760267,1
1,2,0.537003,0
1,0,0.589651,0
2,2,0.626079,1
2,2,0.987219,1
2,2,0.981328,1
0,0,0.592399,1
2,2,0.981486,1
0,0,0.987799,1
2,2,0.980657,1
0,0,0.978903,1
1,1,0.956167,1
0,0,0.979996,1
2,2,0.844833,1
1,1,0.556541,1
1,1,0.517671,1
0,0,0.984724,1
2,2,0.99572,1
0,0,0.973418,1
2,2,0.975123,1
2,2,0.77129,1
0,0,0.987507,1
2,2,0.992405,1
1,0,0.763442,0
2,2,0.69762,1
1,1,0.956578,1
2,2,0.980356,1
2,2,0.976285,1
0,0,0.892141,1
0,0,0.641023,1
2,2,0.870701,1
0,0,0.711233,1
1,1,0.946374,1
0,0,0.981814,1
2,2,0.974515,1
1,1,0.935226,1
0,0,0.991123,1
0,0,0.98396,1
1,1,0.541168,1
0,0,0.655178,1
1,2,0.598849,0
2,2,0.989179,1
0,0,0.990818,1
1,1,0.634384,1
1,1,0.949654,1
0,0,0.984225,1
0,0,0.993815,1
0,0,0.744707,1
0,0,0.978852,1
1,1,0.935863,1
2,2,0.557536,1
0,0,0.988325,1
1,1,0.954474,1
0,0,0.983133,1
1,1,0.820697,1
0,0,0.970434,1
1,1,0.670699,1
0,0,0.741998,1
2,2,0.85585,1
1,1,0.662722,1
1,1,0.501321,1
1,1,0.951575,1
2,2,0.974077,1
0,0,0.564458,1
2,2,0.997083,1
1,1,0.930837,1
1,1,0.512559,1
2,2,0.805423,1
0,0,0.737807,1
2,2,0.802272,1
2,2,0.835803,1
0,0,0.992445,1
2,2,0.981949,1
1,1,0.833264,1
0,0,0.77767,1
0,0,0.983498,1
2,2,0.835588,1
1,2,0.594292,0
1,1,0.764902,1
1,2,0.61469,0
1,1,0.61362,1
1,1,0.704111,1
1,1,0.955257,1
1,1,0.787788,1
0,0,0.977536,1
0,0,0.974686,1
2,2,0.844629,1
2,2,0.992248,1
0,0,0.985705,1
0,0,0.985356,1
1,1,0.948442,1
0,1,0.516361,0
1,1,0.95671,1
1,1,0.763336,1
1,1,0.648376,1
0,0,0.988447,1
2,2,0.992255,1
2,1,0.751234,0
2,2,0.991374,1
1,1,0.957145,1
1,1,0.657917,1
2,2,0.995294,1
0,1,0.747089,0
2,2,0.994421,1
1,1,0.816346,1
0,0,0.985346,1
0,0,0.978043,1
1,1,0.530679,1
0,0,0.877573,1
1,1,0.950327,1
1,1,0.729141,1
2,2,0.982829,1
0,0,0.987507,1
0,0,0.527909,1
1,1,0.630847,1
0,0,0.990904,1
1,1,0.947838,1
0,0,0.766347,1
1,1,0.938813,1
1,1,0.52957,1
0,0,0.700087,1
2,2,0.768747,1
2,2,0.97339,1
0,1,0.660227,0
2,2,0.973317,1
2,2,0.993521,1
2,2,0.796566,1
1,1,0.703922,1
0,0,0.551323,1
0,1,0.723978,0
1,1,0.92285,1
0,0,0.547321,1
2,2,0.976764,1
0,0,0.78726,1
2,2,0.613747,1
1,1,0.933749,1
2,2,0.75397,1
0,0,0.649233,1
1,1,0.610921,1
1,1,0.656602,1
0,0,0.976071,1
2,2,0.75397,1
2,2,0.983525,1
2,2,0.991231,1
1,1,0.575049,1
1,1,0.690131,1
1,0,0.69493,0
2,2,0.72057,1
0,1,0.604698,0
1,1,0.955443,1
1,1,0.744328,1
1,1,0.864653,1
0,0,0.993375,1
1,1,0.532654,1
1,1,0.649268,1
2,2,0.846631,1
2,2,0.982242,1
0,0,0.6042,1
2,2,0.997241,1
0,1,0.604698,0
2,2,0.743228,1
0,0,0.684119,1
1,1,0.73367,1
2,2,0.971618,1
0,0,0.988416,1
1,1,0.945016,1
0,0,0.816383,1
2,2,0.985936,1
2,2,0.981263,1
1,1,0.949521,1
0,0,0.98635,1
2,2,0.859278,1
2,2,0.993641,1
0,0,0.978531,1
2,2,0.557577,1
0,0,0.990701,1
2,2,0.991966,1
2,2,0.994136,1
2,2,0.687965,1
1,1,0.805268,1
0,0,0.6042,1
0,0,0.985385,1
2,2,0.992002,1
2,2,0.9899,1
1,1,0.866025,1
0,0,0.983383,1
0,0,0.97405,1
1,1,0.955888,1
1,1,0.74788,1
1,1,0.956241,1
1,1,0.951431,1
2,2,0.983974,1
2,2,0.825468,1
0,0,0.983498,1
1,1,0.630691,1
0,0,0.95275,1
2,2,0.992375,1
1,1,0.845267,1
2,2,0.97968,1
0,0,0.984329,1
2,2,0.977102,1
2,2,0.630187,1
2,2,0.990916,1
0,0,0.984737,1
2,2,0.974838,1
1,0,0.742858,0
1,1,0.648769,1
2,2,0.629328,1
0,0,0.852217,1
1,2,0.613132,0
2,2,0.984879,1
2,2,0.980371,1
0,0,0.983261,1
0,0,0.967086,1
0,0,0.970432,1
1,1,0.623121,1
1,1,0.530767,1
1,1,0.956736,1
1,1,0.709553,1
2,2,0.983267,1
2,2,0.958895,1
0,0,0.977194,1
0,0,0.981348,1
0,0,0.820117,1
2,1,0.587085,0
2,2,0.985066,1
0,0,0.745498,1
1,2,0.656489,0
0,0,0.682337,1
1,1,0.955922,1
1,1,0.933851,1
2,2,0.640766,1
1,1,0.936747,1
0,0,0.713117,1
1,1,0.594032,1
0,0,0.539613,1
1,1,0.798251,1
1,1,0.828176,1
2,2,0.972437,1
0,0,0.985716,1
0,0,0.990284,1
0,0,0.980763,1
2,2,0.982943,1
0,0,0.771192,1
2,1,0.620997,0
1,0,0.644562,0
2,2,0.99622,1
2,2,0.621961,1
2,2,0.995787,1
0,0,0.978295,1
0,0,0.984934,1
1,1,0.655792,1
0,0,0.728051,1
2,2,0.767786,1
0,0,0.982045,1
2,2,0.881123,1
1,1,0.94936,1
2,2,0.987935,1
2,2,0.991616,1
2,2,0.990968,1
2,2,0.842274,1
2,2,0.857986,1
0,0,0.992688,1
1,2,0.494951,0
0,0,0.969792,1
2,2,0.507677,1
2,2,0.996304,1
1,0,0.624266,0
0,0,0.97228,1
1,1,0.935364,1
1,1,0.774303,1
1,0,0.717449,0
2,2,0.697833,1
2,2,0.995321,1
2,2,0.974887,1
0,0,0.631316,1
2,2,0.993116,1
1,1,0.697177,1
0,0,0.993073,1
0,0,0.988075,1
2,2,0.970613,1
1,1,0.565743,1
2,2,0.97939,1
0,0,0.994064,1
2,2,0.971484,1
0,0,0.59418,1
1,1,0.81895,1
0,0,0.986188,1
1,1,0.667145,1
2,2,0.501407,1
0,0,0.989937,1
0,0,0.509696,1
2,2,0.845542,1
2,2,0.987398,1
1,1,0.631147,1
0,0,0.971741,1
0,0,0.994195,1
0,0,0.984944,1
0,0,0.985792,1
2,2,0.991093,1
1,2,0.568515,0
0,1,0.647239,0
2,2,0.9628,1
2,2,0.749798,1
0,0,0.978258,1
0,0,0.983949,1
1,0,0.553112,0
0,0,0.99235,1
2,2,0.818755,1
1,1,0.955491,1
1,1,0.671557,1
0,1,0.508982,0
2,2,0.989351,1
0,0,0.681549,1
2,2,0.679946,1
0,0,0.989879,1
1,1,0.671034,1
1,1,0.628849,1
2,2,0.996505,1
1,1,0.815211,1
1,1,0.953513,1
1,1,0.903138,1
1,2,0.665123,0
0,0,0.501708,1
1,1,0.745591,1
1,1,0.95664,1
2,2,0.986995,1
2,2,0.766687,1
1,1,0.950327,1
1,1,0.94221,1
1,1,0.737557,1
0,0,0.987344,1
1,1,0.957669,1
1,0,0.585213,0
1,1,0.738681,1
2,2,0.992594,1
2,2,0.855458,1
2,2,0.837298,1
1,1,0.825623,1
1,1,0.650126,1
0,0,0.966903,1
0,0,0.992399,1
1,1,0.509149,1
1,1,0.952736,1
2,2,0.978152,1
2,2,0.745577,1
2,2,0.983704,1
1,1,0.927839,1
0,0,0.99013,1
0,0,0.668117,1
1,1,0.569098,1
0,0,0.990798,1
2,1,0.525973,0
1,1,0.954578,1
2,2,0.79805,1
2,2,0.996147,1
1,1,0.954626,1
1,1,0.925323,1
0,0,0.980964,1
0,0,0.979499,1
2,1,0.549221,0
1,1,0.710732,1
1,2,0.498284,0
1,1,0.954337,1
0,0,0.817513,1
1,1,0.638327,1
1,1,0.82532,1
0,0,0.981097,1
1,1,0.95693,1
0,1,0.502982,0
2,2,0.993398,1
1,1,0.956875,1
1,1,0.74905,1
2,2,0.993523,1
2,2,0.989026,1
0,0,0.992986,1
1,1,0.956887,1
2,2,0.765425,1
2,2,0.78843,1
0,0,0.757689,1
0,0,0.882454,1
0,0,0.974657,1
1,1,0.775191,1
1,1,0.77048,1
2,2,0.884278,1
1,1,0.956197,1
2,2,0.815328,1
1,1,0.947596,1
1,1,0.950613,1
1,1,0.78237,1
0,0,0.988724,1
0,0,0.992185,1
2,2,0.96483,1
2,2,0.650375,1
0,0,0.986172,1
1,1,0.940526,1
2,2,0.750566,1
0,0,0.990509,1
2,2,0.977597,1
0,0,0.975635,1
1,1,0.918021,1
1,2,0.501272,0
2,2,0.767736,1
1,1,0.932463,1
1,1,0.957214,1
1,1,0.954564,1
2,2,0.801237,1
2,2,0.988778,1
0,0,0.987355,1
0,0,0.977127,1
2,1,0.544699,0
1,1,0.955934,1
1,1,0.953537,1
0,0,0.981163,1
2,2,0.826049,1
1,1,0.711203,1
2,2,0.765981,1
1,1,0.681655,1
2,2,0.629328,1
0,0,0.980949,1
2,2,0.977378,1
1,1,0.682841,1
2,2,0.661867,1
2,2,0.974183,1
1,1,0.926811,1
2,2,0.658458,1
0,0,0.977655,1
1,1,0.535755,1
0,0,0.983717,1
1,1,0.774,1
0,0,0.844848,1
1,2,0.551502,0
0,0,0.882454,1
1,1,0.737543,1
0,1,0.527943,0
0,0,0.984797,1
2,2,0.756867,1
2,2,0.808617,1
1,1,0.935179,1
0,0,0.674525,1
1,1,0.580217,1
1,1,0.813039,1
1,1,0.735853,1
0,0,0.986229,1
2,2,0.973453,1
0,0,0.974529,1
0,0,0.872185,1
2,2,0.728677,1
2,2,0.992771,1
1,1,0.915223,1
1,1,0.944761,1
2,2,0.678164,1
1,1,0.9127,1
0,0,0.988644,1
1,2,0.642113,0
1,1,0.69637,1
0,0,0.983541,1
1,1,0.735152,1
0,0,0.907181,1
2,2,0.817007,1
1,1,0.743776,1
2,2,0.64871,1
1,1,0.941251,1
0,0,0.713468,1
1,1,0.702573,1
1,1,0.936768,1
0,0,0.976091,1
0,0,0.988256,1
1,1,0.956809,1
1,1,0.737166,1
0,0,0.9105,1
1,1,0.939137,1
2,2,0.979154,1
0,0,0.979275,1
1,1,0.842384,1
1,1,0.630134,1
0,0,0.683222,1
2,2,0.99419,1
1,2,0.559833,0
1,1,0.954036,1
2,2,0.979809,1
1,1,0.539044,1
1,1,0.750542,1
0,0,0.992311,1
0,0,0.988416,1
0,0,0.6042,1
2,2,0.861979,1
2,2,0.982114,1
1,1,0.833065,1
1,1,0.825358,1
2,2,0.720273,1
1,1,0.676975,1
1,1,0.503235,1
1,1,0.775928,1
2,2,0.865664,1
2,2,0.621961,1
1,1,0.601731,1
1,1,0.955176,1
1,1,0.956633,1
1,1,0.953269,1
1,1,0.523249,1
2,2,0.818225,1
2,2,0.980813,1
2,2,0.996162,1
2,2,0.870868,1
1,1,0.956325,1
0,0,0.980732,1
0,0,0.619277,1
0,0,0.9803,1
2,2,0.995105,1
0,0,0.711233,1
2,2,0.778177,1
0,0,0.987773,1
0,0,0.971873,1
2,2,0.98164,1
2,2,0.991444,1
1,1,0.79691,1
1,1,0.775701,1
1,1,0.941927,1
0,0,0.986621,1
1,1,0.933433,1
1,1,0.956644,1
0,0,0.725837,1
1,1,0.957128,1
0,0,0.981597,1
0,0,0.5416,1
2,2,0.990094,1
0,0,0.869097,1
0,0,0.981097,1
1,1,0.953108,1
1,1,0.850606,1
2,2,0.996412,1
2,2,0.983854,1
0,0,0.971828,1
0,0,0.985355,1
0,0,0.981756,1
1,1,0.953744,1
1,1,0.670893,1
1,1,0.93713,1
2,2,0.841946,1
1,2,0.585125,0
2,2,0.97565,1
1,1,0.680482,1
1,1,0.758113,1
1,1,0.958111,1
0,0,0.981756,1
1,0,0.58822,0
1,1,0.609099,1
1,1,0.95098,1
1,1,0.923135,1
1,1,0.632657,1
1,1,0.792016,1
1,1,0.933294,1
2,2,0.987245,1
1,1,0.95188,1
0,0,0.6042,1
0,0,0.981699,1
2,2,0.630845,1
0,1,0.6437,0
0,0,0.783191,1
1,1,0.725875,1
1,1,0.952109,1
1,1,0.954399,1
0,0,0.985177,1
1,1,0.918733,1
0,0,0.972458,1
0,0,0.993357,1
0,0,0.983423,1
2,2,0.802699,1
0,0,0.990509,1
1,1,0.779467,1
1,1,0.952964,1
2,2,0.859925,1
0,0,0.99066,1
0,0,0.552051,1
1,1,0.777585,1
0,0,0.988138,1
2,2,0.979462,1
0,0,0.749043,1
2,2,0.807828,1
2,2,0.997148,1
0,0,0.805965,1
0,0,0.983133,1
2,2,0.995037,1
1,1,0.730482,1
2,2,0.987902,1
1,1,0.498961,1
2,1,0.501943,0
1,0,0.516258,0
1,1,0.816387,1
1,1,0.774892,1
0,0,0.5659,1
2,2,0.857243,1
1,1,0.534293,1
0,0,0.911754,1
2,2,0.995694,1
0,0,0.992986,1
1,1,0.8032,1
1,1,0.957533,1
0,0,0.982209,1
1,1,0.738209,1
1,1,0.953584,1
2,2,0.759108,1
0,0,0.968444,1
0,0,0.982287,1
2,2,0.990572,1
1,1,0.920849,1
2,2,0.994278,1
2,2,0.993854,1
0,0,0.833376,1
0,1,0.703707,0
0,0,0.97228,1
2,2,0.991071,1
1,1,0.742578,1
1,2,0.690436,0
1,1,0.957825,1
0,0,0.750841,1
0,0,0.992851,1
2,2,0.994164,1
0,0,0.991466,1
0,0,0.993435,1
2,2,0.987581,1
0,0,0.728406,1
1,1,0.520839,1
0,0,0.697777,1
0,0,0.982171,1
0,0,0.974061,1
1,1,0.823975,1
2,2,0.995294,1
1,1,0.779808,1
2,2,0.972776,1
2,2,0.785755,1
1,1,0.95396,1
2,2,0.995745,1
2,2,0.645218,1
0,0,0.986162,1
1,1,0.956703,1
1,0,0.61655,0
2,2,0.992923,1
1,1,0.955598,1
2,2,0.979737,1
2,2,0.987731,1
0,0,0.814,1
1,1,0.670493,1
2,2,0.984786,1
0,0,0.601781,1
2,2,0.974919,1
1,1,0.77943,1
0,0,0.992671,1
2,2,0.988712,1
2,2,0.972131,1
0,0,0.992471,1
1,1,0.881973,1
0,0,0.966034,1
1,1,0.534114,1
0,0,0.992403,1
0,0,0.980763,1
2,2,0.989954,1
2,2,0.996077,1
1,2,0.615691,0
1,1,0.494694,1
1,1,0.798329,1
2,2,0.807141,1
2,2,0.991131,1
2,2,0.866844,1
0,0,0.983006,1
1,1,0.703374,1
1,1,0.789439,1
0,1,0.689602,0
2,2,0.990572,1
1,1,0.628332,1
2,2,0.992267,1
1,1,0.723165,1
2,2,0.751461,1
0,0,0.983456,1
2,2,0.841223,1
2,2,0.975553,1
1,1,0.94727,1
1,1,0.957663,1
0,0,0.847028,1
2,2,0.783547,1
2,2,0.987332,1
2,2,0.983248,1
1,1,0.605059,1
2,2,0.979977,1
1,1,0.953074,1
0,0,0.81884,1
1,1,0.729569,1
1,1,0.950195,1
0,0,0.980484,1
0,0,0.97786,1
2,2,0.802075,1
2,2,0.956334,1
0,0,0.748322,1
1,1,0.694171,1
2,2,0.758847,1
0,0,0.990713,1
2,2,0.97945,1
1,1,0.647229,1
2,2,0.978853,1
2,2,0.65099,1
0,0,0.987275,1
2,2,0.99222,1
1,1,0.943874,1
0,0,0.981376,1
0,1,0.654849,0
1,1,0.821124,1
2,2,0.977828,1
1,1,0.747463,1
2,2,0.990522,1
2,2,0.989305,1
1,0,0.522512,0
2,2,0.985555,1
2,2,0.741941,1
0,1,0.604728,0
1,1,0.769935,1
0,0,0.774085,1
2,2,0.979464,1
2,2,0.838682,1
2,2,0.850908,1
1,0,0.587925,0
2,2,0.597414,1
0,0,0.987467,1
2,2,0.965887,1
2,2,0.994717,1
2,2,0.65099,1
0,0,0.990758,1
1,2,0.711571,0
1,1,0.954765,1
0,0,0.983279,1
0,0,0.972766,1
1,2,0.613946,0
1,1,0.955789,1
2,2,0.879516,1
0,0,0.627339,1
1,1,0.718763,1
0,0,0.97277,1
2,2,0.991992,1
1,1,0.835109,1
1,1,0.932273,1
2,2,0.966022,1
0,0,0.970303,1
1,1,0.83719,1
2,2,0.857988,1
0,0,0.978643,1
2,2,0.992608,1
1,1,0.936672,1
0,0,0.977615,1
0,0,0.741818,1
1,1,0.790285,1
0,0,0.542862,1
2,2,0.981486,1
1,1,0.715374,1
2,2,0.975108,1
2,2,0.984179,1
1,1,0.543088,1
0,0,0.559501,1
0,0,0.81884,1
1,1,0.632221,1
2,2,0.765625,1
0,0,0.97209,1
1,1,0.954109,1
2,2,0.974365,1
1,1,0.939639,1
2,2,0.67273,1
0,0,0.561724,1
0,0,0.970739,1
2,2,0.974802,1
0,0,0.793071,1
1,1,0.726342,1
2,2,0.97984,1
1,1,0.547073,1
1,1,0.74219,1
0,0,0.546352,1
0,0,0.777981,1
2,2,0.980691,1
1,1,0.951578,1
0,0,0.506932,1
2,2,0.987621,1
1,1,0.958017,1
0,0,0.717331,1
1,1,0.606335,1
1,1,0.957436,1
2,2,0.985493,1
1,1,0.955524,1
1,1,0.561555,1
0,0,0.993146,1
0,0,0.685941,1
1,1,0.798151,1
1,0,0.693066,0
1,1,0.934481,1
2,2,0.994128,1
2,2,0.99703,1
0,0,0.992406,1
2,2,0.975123,1
0,0,0.967764,1
1,1,0.9576,1
2,2,0.825868,1
0,0,0.556556,1
2,2,0.880347,1
0,0,0.801062,1
2,2,0.976079,1
1,1,0.94047,1
2,2,0.775502,1
0,0,0.808253,1
1,1,0.94268,1
2,2,0.6726,1
0,0,0.881167,1
0,0,0.936065,1
0,0,0.985642,1
0,0,0.976577,1
0,0,0.976376,1
1,1,0.827962,1
0,0,0.970471,1
1,0,0.599971,0
0,0,0.979331,1
2,2,0.99475,1
2,2,0.98443,1
2,2,0.794652,1
2,2,0.80592,1
2,2,0.803798,1
2,2,0.988226,1
2,2,0.978584,1
1,1,0.703998,1
1,1,0.95779,1
2,2,0.988274,1
1,2,0.55229,0
2,2,0.841946,1
2,2,0.969758,1
0,0,0.97901,1
2,2,0.533127,1
2,2,0.991077,1
0,0,0.762372,1
1,1,0.713738,1
2,2,0.981627,1
0,0,0.986465,1
0,0,0.722311,1
0,0,0.990135,1
2,2,0.581007,1
1,1,0.954618,1
0,0,0.763617,1
0,0,0.514678,1
1,1,0.75975,1
0,0,0.992755,1
0,1,0.642449,0
0,0,0.517648,1
2,2,0.850159,1
2,2,0.986339,1
0,0,0.993835,1
0,0,0.984582,1
1,2,0.602154,0
2,2,0.991374,1
1,1,0.545081,1
2,2,0.989305,1
1,2,0.651329,0
0,0,0.987212,1
2,2,0.985066,1
2,2,0.677619,1
0,0,0.979602,1
1,1,0.577452,1
1,1,0.777066,1
1,1,0.920118,1
0,0,0.987612,1
0,0,0.715657,1
1,1,0.951485,1
0,0,0.712705,1
2,2,0.995555,1
2,2,0.994612,1
0,0,0.832612,1
0,0,0.983741,1
0,0,0.948953,1
1,1,0.749681,1
1,1,0.75191,1
0,0,0.974482,1
1,1,0.94149,1
2,2,0.995685,1
2,2,0.732076,1
1,1,0.955781,1
1,1,0.83409,1
0,0,0.78726,1
1,0,0.551629,0
0,0,0.870889,1
2,2,0.521123,1
2,2,0.985465,1
1,1,0.958033,1
1,1,0.642648,1
2,2,0.875006,1
2,2,0.983339,1
1,1,0.919254,1
0,0,0.994024,1
1,1,0.919753,1
2,2,0.995994,1
1,1,0.527035,1
1,1,0.911192,1
2,2,0.990071,1
0,1,0.694882,0
2,2,0.979045,1
0,0,0.613717,1
2,2,0.980355,1
0,0,0.978352,1
0,0,0.984085,1
1,1,0.698427,1
0,0,0.820117,1
2,2,0.984695,1
0,0,0.804691,1
0,0,0.705337,1
2,2,0.995977,1
0,0,0.981338,1
2,2,0.986241,1
2,2,0.993264,1
1,1,0.95786,1
2,2,0.98423,1
0,0,0.813904,1
2,2,0.98496,1
1,1,0.814841,1
0,0,0.991078,1
1,1,0.641221,1
1,0,0.55116,0
2,2,0.989319,1
2,2,0.677388,1
0,0,0.525958,1
0,0,0.968352,1
0,0,0.568368,1
0,1,0.527943,0
1,1,0.949614,1
1,1,0.848402,1
2,2,0.834869,1
2,2,0.88055,1
1,1,0.52633,1
2,2,0.697899,1
1,1,0.820986,1
0,0,0.982526,1
1,1,0.567235,1
1,1,0.679993,1
2,2,0.703523,1
2,2,0.977717,1
1,1,0.957788,1
2,2,0.742855,1
1,1,0.51737,1
0,0,0.992755,1
2,2,0.993791,1
0,0,0.992022,1
0,0,0.980469,1
1,0,0.66501,0
1,1,0.762587,1
2,2,0.743957,1
1,1,0.933159,1
0,0,0.9768,1
1,1,0.644957,1
1,1,0.944839,1
1,1,0.955383,1
1,1,0.521942,1
0,0,0.849396,1
2,2,0.986166,1
0,0,0.988483,1
2,2,0.993945,1
2,2,0.9953,1
0,0,0.589563,1
1,1,0.954155,1
1,1,0.955782,1
0,0,0.778916,1
2,2,0.621961,1
2,2,0.985208,1
2,2,0.995376,1
1,1,0.839273,1
0,0,0.738285,1
2,2,0.99232,1
0,0,0.99429,1
0,0,0.98845,1
1,1,0.956438,1
0,0,0.980404,1
0,1,0.532534,0
0,0,0.762552,1
0,0,0.975434,1
2,2,0.986166,1
0,0,0.978043,1
1,1,0.953646,1
2,2,0.975707,1
1,1,0.555204,1
1,1,0.506466,1
0,0,0.984944,1
2,2,0.993813,1
2,2,0.859807,1
1,1,0.782827,1
0,0,0.987892,1
1,1,0.542992,1
2,2,0.781292,1
2,2,0.844186,1
0,0,0.962463,1
1,1,0.563235,1
1,1,0.781712,1
2,1,0.719725,0
2,2,0.986499,1
2,2,0.992996,1
2,2,0.992871,1
1,1,0.86052,1
2,2,0.7767,1
0,0,0.745006,1
1,1,0.957404,1
1,1,0.80514,1
1,1,0.763917,1
2,2,0.995312,1
1,1,0.768462,1
1,1,0.699595,1
1,1,0.948124,1
1,1,0.798528,1
0,0,0.82894,1
0,0,0.634462,1
2,2,0.98197,1
0,0,0.830773,1
1,1,0.911889,1
2,2,0.788264,1
1,1,0.723764,1
1,1,0.92248,1
0,0,0.98502,1
0,0,0.796295,1
1,2,0.747024,0
2,2,0.768809,1
0,0,0.975253,1
0,0,0.989843,1
2,2,0.990062,1
1,2,0.525021,0
1,1,0.575486,1
0,1,0.517985,0
0,0,0.989466,1
0,0,0.987612,1
0,0,0.982743,1
0,0,0.984787,1
1,1,0.938242,1
0,0,0.986162,1
1,1,0.956492,1
2,2,0.99475,1
0,0,0.989509,1
2,2,0.99434,1
0,0,0.713379,1
0,0,0.775819,1
0,0,0.987745,1
2,2,0.986954,1
2,1,0.603113,0
1,1,0.672099,1
2,2,0.716153,1
0,0,0.991638,1
0,0,0.990599,1
0,0,0.989594,1
1,1,0.949136,1
0,0,0.690496,1
2,2,0.711502,1
1,2,0.690645,0
1,1,0.82833,1
0,0,0.970739,1
1,1,0.784798,1
2,2,0.98644,1
0,1,0.543738,0
2,2,0.982281,1
2,2,0.996505,1
0,0,0.981338,1
1,1,0.957716,1
0,0,0.993436,1
1,1,0.622509,1
2,2,0.996491,1
2,2,0.726113,1
1,1,0.749354,1
0,0,0.991227,1
1,1,0.787831,1
1,1,0.822677,1
2,2,0.630845,1
2,2,0.993322,1
0,0,0.978663,1
0,0,0.942608,1
1,1,0.957318,1
2,2,0.986688,1
1,1,0.946189,1
0,1,0.761845,0
2,2,0.995182,1
2,2,0.556012,1
2,2,0.987857,1
1,2,0.53301,0
0,0,0.990301,1
2,2,0.99153,1
1,1,0.5895,1
2,2,0.640106,1
2,2,0.973161,1
0,0,0.976967,1
0,0,0.82924,1
2,2,0.749349,1
1,1,0.70169,1
0,0,0.965236,1
0,0,0.978048,1
1,1,0.95603,1
2,2,0.986612,1
2,2,0.698453,1
1,2,0.554733,0
1,1,0.937885,1
0,0,0.843342,1
0,0,0.990581,1
0,0,0.983268,1
2,2,0.7566,1
1,1,0.828508,1
1,1,0.688626,1
1,1,0.917093,1
1,1,0.95698,1
1,1,0.927709,1
2,2,0.983368,1
0,0,0.983911,1
0,0,0.991048,1
1,1,0.679062,1
1,1,0.727093,1
2,2,0.991814,1
2,2,0.979955,1
2,2,0.849517,1
1,1,0.79244,1
0,0,0.988588,1
2,2,0.689836,1
2,2,0.799779,1
0,0,0.990628,1
1,1,0.934321,1
0,0,0.775605,1
2,2,0.962704,1
2,2,0.543273,1
0,0,0.982206,1
1,1,0.908341,1
2,2,0.813971,1
1,1,0.748024,1
2,2,0.706055,1
1,1,0.954733,1
0,0,0.985025,1
1,1,0.600702,1
2,2,0.992747,1
2,2,0.976909,1
1,1,0.687139,1
2,2,0.988274,1
0,0,0.752613,1
0,0,0.989267,1
2,2,0.557577,1
1,1,0.737924,1
1,1,0.949761,1
2,2,0.825424,1
1,1,0.736708,1
0,0,0.757213,1
2,2,0.992358,1
2,2,0.990058,1
0,0,0.783688,1
1,1,0.674301,1
2,2,0.99232,1
1,1,0.617349,1
0,0,0.990802,1
0,0,0.667517,1
2,2,0.981407,1
1,1,0.735677,1
0,0,0.975193,1
2,2,0.764616,1
1,1,0.562373,1
2,2,0.970254,1
0,0,0.981062,1
0,0,0.987374,1
2,2,0.981627,1
1,1,0.955263,1
1,0,0.577256,0
1,1,0.843279,1
1,1,0.958184,1
0,0,0.811326,1
1,2,0.545186,0
1,1,0.660268,1
1,0,0.629499,0
0,0,0.989503,1
2,2,0.713262,1
1,1,0.795413,1
1,1,0.957005,1
0,0,0.975563,1
2,2,0.969365,1
1,1,0.58545,1
2,2,0.977288,1
0,0,0.547321,1
2,2,0.729641,1
0,0,0.836026,1
0,0,0.98826,1
2,2,0.988752,1
1,1,0.947646,1
1,0,0.696595,0
0,0,0.985166,1
2,2,0.968363,1
1,1,0.70319,1
2,2,0.985837,1
2,2,0.830302,1
0,0,0.911446,1
1,1,0.582921,1
1,1,0.647756,1
2,2,0.99558,1
2,2,0.99433,1
2,2,0.969923,1
1,1,0.946612,1
2,2,0.992346,1
2,2,0.861022,1
2,2,0.996104,1
0,0,0.832738,1
1,1,0.851847,1
2,2,0.99401,1
1,1,0.942877,1
2,2,0.996096,1
0,0,0.8564,1
2,2,0.991836,1
0,0,0.82924,1
0,0,0.619442,1
1,1,0.957006,1
1,1,0.777961,1
1,2,0.751628,0
1,1,0.713103,1
1,1,0.760075,1
2,2,0.994408,1
1,1,0.759378,1
0,0,0.981698,1
0,0,0.980962,1
0,0,0.983882,1
2,2,0.868292,1
2,2,0.992946,1
0,0,0.965699,1
0,0,0.814285,1
2,2,0.973282,1
2,2,0.997175,1
0,0,0.980547,1
0,0,0.99073,1
0,0,0.694364,1
1,1,0.734553,1
0,0,0.981698,1
2,2,0.984556,1
0,0,0.888029,1
0,0,0.719156,1
2,2,0.557577,1
2,2,0.799779,1
2,2,0.996123,1
0,0,0.75072,1
1,1,0.934084,1
1,0,0.51414,0
0,0,0.988498,1
2,2,0.971249,1
1,1,0.781154,1
2,2,0.988447,1
0,0,0.690273,1
0,1,0.654229,0
1,1,0.577533,1
0,0,0.991775,1
2,2,0.989535,1
0,0,0.974877,1
0,0,0.968054,1
2,2,0.993854,1
1,1,0.643346,1
1,1,0.495947,1
0,0,0.992691,1
2,2,0.729583,1
2,2,0.975633,1
1,1,0.955267,1
1,1,0.681414,1
0,0,0.986065,1
1,1,0.59545,1
1,1,0.952519,1
1,1,0.744621,1
1,1,0.930168,1
0,0,0.994053,1
1,1,0.953224,1
1,1,0.768763,1
1,2,0.563115,0
1,1,0.956688,1
0,0,0.852217,1
2,2,0.853086,1
1,1,0.739124,1
1,1,0.571138,1
2,2,0.997081,1
2,2,0.973712,1
1,1,0.77225,1
1,1,0.955686,1
0,0,0.97901,1
1,1,0.532162,1
0,0,0.982628,1
2,2,0.974515,1
0,0,0.991908,1
0,0,0.512971,1
1,1,0.954382,1
0,0,0.822849,1
1,1,0.956621,1
1,1,0.945999,1
0,0,0.967008,1
1,1,0.810709,1
2,2,0.97478,1
2,2,0.977792,1
2,2,0.991176,1
1,1,0.64346,1
2,2,0.982274,1
1,1,0.951005,1
2,2,0.847296,1
1,1,0.80426,1
0,0,0.601319,1
2,2,0.976581,1
2,2,0.79089,1
1,1,0.944924,1
1,1,0.53553,1
1,2,0.586477,0
0,0,0.990358,1
2,2,0.744572,1
2,2,0.992473,1
1,1,0.734047,1
1,0,0.50541,0
2,2,0.964196,1
1,1,0.93882,1
1,1,0.955493,1
0,0,0.637423,1
0,0,0.972808,1
1,1,0.525292,1
1,1,0.778629,1
2,2,0.994128,1
1,2,0.518075,0
2,2,0.841781,1
1,1,0.574032,1
0,0,0.733244,1
1,1,0.776302,1
2,2,0.986612,1
2,2,0.988274,1
1,1,0.776075,1
0,0,0.986431,1
2,2,0.98496,1
1,1,0.955387,1
1,1,0.953902,1
2,2,0.980202,1
0,0,0.978372,1
0,0,0.971351,1
1,1,0.636853,1
1,1,0.956351,1
0,0,0.783434,1
2,2,0.804327,1
0,0,0.993562,1
0,0,0.792004,1
0,0,0.718376,1
0,0,0.633965,1
1,1,0.715888,1
0,0,0.990605,1
1,1,0.942827,1
1,1,0.779887,1
0,0,0.824626,1
0,0,0.608904,1
2,2,0.973653,1
1,1,0.948517,1
1,1,0.508597,1
1,0,0.584844,0
0,0,0.972718,1
0,0,0.977002,1
2,2,0.889338,1
1,1,0.950576,1
1,1,0.851241,1
2,2,0.98443,1
1,1,0.775721,1
1,1,0.802332,1
2,2,0.986886,1
1,1,0.957407,1
2,2,0.979846,1
0,0,0.866706,1
1,1,0.74107,1
2,2,0.996155,1
2,2,0.808874,1
2,2,0.977717,1
2,2,0.993056,1
2,2,0.849127,1
1,1,0.535449,1
0,0,0.97606,1
0,0,0.738786,1
2,2,0.500957,1
2,2,0.877431,1
1,1,0.748849,1
2,2,0.981971,1
1,1,0.954501,1
2,2,0.977118,1
0,1,0.555374,0
1,2,0.514939,0
2,2,0.979846,1
0,0,0.984988,1
2,2,0.990658,1
0,0,0.980174,1
1,1,0.642884,1
0,1,0.521728,0
0,0,0.983152,1
1,1,0.946804,1
2,2,0.995285,1
1,1,0.939215,1
2,2,0.992641,1
2,2,0.855265,1
2,2,0.98885,1
1,1,0.555066,1
1,1,0.95637,1
0,0,0.980147,1
2,2,0.992608,1
2,2,0.968035,1
1,1,0.674916,1
0,0,0.800868,1
2,2,0.976386,1
0,0,0.741967,1
2,2,0.782398,1
1,1,0.929558,1
0,0,0.60177,1
2,2,0.973984,1
2,2,0.975464,1
2,2,0.98637,1
0,0,0.970687,1
2,2,0.994283,1
0,0,0.985469,1
1,1,0.951866,1
1,1,0.902554,1
1,1,0.834978,1
0,0,0.988931,1
1,1,0.944671,1
2,2,0.991444,1
2,2,0.770388,1
0,0,0.817513,1
1,1,0.95661,1
1,1,0.946699,1
0,0,0.986119,1
2,2,0.984648,1
0,0,0.977306,1
2,2,0.986803,1
0,0,0.988699,1
1,1,0.80255,1
0,0,0.972943,1
0,0,0.884547,1
2,2,0.721023,1
1,1,0.940896,1
0,0,0.511467,1
1,1,0.65047,1
0,1,0.560668,0
0,0,0.818353,1
0,0,0.980367,1
1,1,0.609692,1
0,0,0.983817,1
0,0,0.546931,1
1,2,0.507185,0
2,2,0.993067,1
0,1,0.632553,0
2,2,0.566508,1
0,0,0.683222,1
0,1,0.576664,0
2,2,0.996147,1
1,1,0.495347,1
1,1,0.583955,1
1,1,0.942592,1
2,2,0.781734,1
1,1,0.953123,1
2,2,0.986499,1
2,2,0.991093,1
0,0,0.992217,1
2,2,0.979499,1
1,0,0.521684,0
0,0,0.991966,1
1,1,0.684513,1
2,2,0.776151,1
0,0,0.976159,1
0,0,0.970863,1
0,0,0.98656,1
2,2,0.645218,1
1,1,0.955581,1
0,0,0.978638,1
0,0,0.96623,1
2,2,0.965382,1
2,2,0.974365,1
1,1,0.956901,1
1,2,0.556154,0
0,0,0.869097,1
2,2,0.811853,1
2,2,0.800414,1
1,1,0.760979,1
0,0,0.988594,1
1,1,0.86121,1
0,0,0.972766,1
0,0,0.988724,1
2,2,0.99434,1
0,0,0.798861,1
1,1,0.822621,1
0,0,0.836434,1
1,1,0.595697,1
0,0,0.992142,1
1,1,0.81731,1
1,1,0.591839,1
1,1,0.752873,1
1,1,0.95121,1
1,1,0.754293,1
1,2,0.555049,0
0,0,0.9877,1
1,1,0.951811,1
0,0,0.729944,1
2,2,0.989637,1
1,1,0.953313,1
0,0,0.969954,1
0,0,0.988418,1
1,1,0.687648,1
0,0,0.90092,1
0,0,0.985606,1
0,0,0.982335,1
0,0,0.978928,1
1,1,0.775492,1
0,0,0.761336,1
2,2,0.994717,1
0,0,0.971338,1
0,0,0.798156,1
0,0,0.694841,1
2,2,0.992914,1
0,0,0.991522,1
0,0,0.972155,1
0,1,0.506431,0
0,0,0.627424,1
1,1,0.957361,1
1,1,0.796317,1
0,0,0.96757,1
0,0,0.987102,1
2,2,0.992009,1
0,0,0.992313,1
2,2,0.818347,1
2,2,0.995299,1
0,0,0.828756,1
1,1,0.66205,1
2,2,0.974887,1
0,0,0.969352,1
1,1,0.868595,1
2,2,0.621149,1
0,0,0.994213,1
0,0,0.963141,1
2,2,0.87671,1
2,2,0.979321,1
1,1,0.771451,1
1,1,0.664759,1
1,1,0.931183,1
0,0,0.715657,1
1,1,0.64698,1
1,1,0.936308,1
2,2,0.977717,1
2,2,0.989574,1
2,2,0.801859,1
2,2,0.9952,1
1,1,0.945436,1
2,2,0.704601,1
0,0,0.981597,1
0,0,0.979276,1
1,1,0.760291,1
0,0,0.991547,1
2,2,0.988331,1
2,2,0.735668,1
1,1,0.797116,1
2,2,0.995321,1
0,1,0.521728,0
0,0,0.974969,1
0,0,0.974061,1
1,1,0.516813,1
0,0,0.991066,1
2,2,0.99252,1
1,1,0.524068,1
0,0,0.885232,1
2,2,0.96732,1
0,0,0.885938,1
0,0,0.988071,1
0,0,0.989267,1
2,2,0.98078,1
0,0,0.98667,1
0,0,0.992687,1
1,1,0.671015,1
1,2,0.657144,0
1,1,0.956725,1
0,0,0.98263,1
1,1,0.957435,1
0,0,0.983148,1
1,1,0.761317,1
1,1,0.591865,1
2,2,0.979317,1
2,2,0.990652,1
0,0,0.961622,1
2,2,0.997148,1
2,2,0.984925,1
2,1,0.605021,0
2,1,0.538171,0
0,1,0.560668,0
2,2,0.77293,1
2,2,0.979301,1
0,0,0.756537,1
0,0,0.882599,1
0,0,0.9864,1
2,2,0.985903,1
2,2,0.975332,1
2,2,0.790281,1
0,0,0.968957,1
0,1,0.530248,0
1,1,0.652336,1
2,2,0.979362,1
2,2,0.669662,1
2,2,0.980968,1
0,0,0.530294,1
0,0,0.565631,1
1,1,0.782983,1
2,2,0.96655,1
0,0,0.980588,1
2,2,0.976302,1
2,2,0.988954,1
2,2,0.544434,1
0,0,0.983752,1
0,0,0.985307,1
0,0,0.960901,1
0,0,0.539379,1
2,2,0.968792,1
1,1,0.956687,1
0,0,0.707333,1
1,1,0.539651,1
0,0,0.812964,1
2,2,0.764574,1
1,1,0.538475,1
0,0,0.9768,1
1,0,0.5975,0
2,2,0.98694,1
1,1,0.831828,1
0,1,0.740598,0
1,1,0.927109,1
1,1,0.81284,1
2,2,0.986843,1
2,2,0.991349,1
1,1,0.951575,1
0,1,0.578469,0
2,2,0.990972,1
2,2,0.813557,1
1,1,0.957679,1
0,0,0.970739,1
2,2,0.768809,1
0,0,0.977331,1
2,2,0.991898,1
2,2,0.752496,1
2,2,0.975594,1
1,1,0.953457,1
0,0,0.886642,1
0,0,0.968177,1
2,2,0.819399,1
2,2,0.85634,1
2,2,0.990431,1
0,0,0.986704,1
2,2,0.568211,1
2,2,0.794083,1
0,0,0.980255,1
2,2,0.962425,1
1,1,0.632953,1
1,1,0.855443,1
0,0,0.763607,1
1,1,0.661115,1
2,2,0.988525,1
1,1,0.722349,1
2,2,0.976992,1
1,1,0.680448,1
2,2,0.861979,1
0,0,0.987357,1
2,2,0.860673,1
0,0,0.972699,1
0,0,0.980837,1
2,2,0.99457,1
2,2,0.792239,1
2,2,0.990426,1
2,2,0.965887,1
0,1,0.632951,0
1,1,0.905699,1
2,2,0.751864,1
2,2,0.986487,1
2,2,0.730063,1
1,1,0.750033,1
0,0,0.99235,1
0,0,0.948072,1
1,1,0.939857,1
0,0,0.732597,1
0,0,0.981624,1
2,2,0.970199,1
1,1,0.534049,1
0,0,0.980268,1
0,0,0.983074,1
1,1,0.941588,1
1,1,0.944256,1
2,2,0.989068,1
1,1,0.921879,1
1,1,0.820854,1
1,1,0.952238,1
1,1,0.804013,1
1,1,0.957216,1
2,2,0.988217,1
0,0,0.984484,1
2,2,0.800778,1
0,0,0.825338,1
2,2,0.868782,1
0,0,0.816492,1
0,0,0.982731,1
2,2,0.853412,1
2,2,0.969548,1
2,2,0.817275,1
1,1,0.95729,1
0,0,0.577943,1
1,1,0.74701,1
0,0,0.852538,1
0,0,0.966645,1
1,1,0.743307,1
2,2,0.995847,1
2,2,0.843677,1
2,2,0.969923,1
2,2,0.982227,1
2,2,0.989129,1
2,2,0.857631,1
2,2,0.974919,1
2,2,0.963945,1
0,0,0.820916,1
0,0,0.984356,1
0,0,0.696237,1
0,0,0.980962,1
2,2,0.976442,1
1,1,0.947179,1
2,2,0.99434,1
0,0,0.978258,1
1,2,0.609204,0
0,0,0.986577,1
0,0,0.977757,1
0,0,0.979079,1
0,0,0.984944,1
2,2,0.983056,1
1,1,0.564938,1
0,0,0.617724,1
2,2,0.992002,1
1,1,0.936171,1
1,1,0.938232,1
1,1,0.514525,1
0,0,0.974163,1
1,1,0.770675,1
1,1,0.65334,1
1,1,0.95314,1
2,2,0.979154,1
0,0,0.990701,1
0,0,0.966255,1
1,1,0.639882,1
0,0,0.978084,1
0,0,0.669677,1
2,2,0.985246,1
1,1,0.643497,1
2,2,0.986228,1
2,2,0.986359,1
2,2,0.81697,1
0,0,0.982191,1
1,2,0.604621,0
2,2,0.974876,1
2,2,0.753684,1
0,0,0.989045,1
1,1,0.938434,1
0,0,0.990469,1
0,0,0.973563,1
1,1,0.522661,1
1,1,0.61515,1
0,0,0.981163,1
0,0,0.992217,1
2,2,0.990648,1
1,1,0.723516,1
0,0,0.990183,1
2,2,0.9952,1
2,1,0.648298,0
2,2,0.988473,1
1,1,0.563482,1
1,1,0.772367,1
1,1,0.720378,1
2,2,0.880232,1
0,0,0.978,1
1,1,0.941823,1
0,0,0.694364,1
0,0,0.98136,1
1,1,0.55939,1
2,2,0.976879,1
0,0,0.975782,1
2,2,0.990214,1
2,2,0.988705,1
1,1,0.866981,1
2,2,0.71276,1
2,2,0.988876,1
2,1,0.620997,0
2,2,0.781292,1
1,1,0.957265,1
1,1,0.956158,1
0,0,0.972766,1
0,0,0.975746,1
2,2,0.822804,1
0,0,0.989471,1
2,2,0.966176,1
1,1,0.794132,1
0,0,0.547321,1
1,1,0.578093,1
2,2,0.991435,1
2,2,0.988587,1
2,2,0.986117,1
1,1,0.949609,1
2,2,0.745067,1
1,1,0.734793,1
0,0,0.986376,1
0,0,0.987496,1
1,1,0.949211,1
1,1,0.957176,1
0,0,0.985294,1
1,1,0.782813,1
2,2,0.792515,1
1,2,0.566857,0
0,0,0.988496,1
1,1,0.650489,1
1,1,0.82592,1
2,2,0.985361,1
2,2,0.986896,1
1,1,0.631581,1
0,0,0.973466,1
2,2,0.87671,1
0,0,0.846962,1
1,1,0.511512,1
0,0,0.991313,1
0,0,0.984973,1
1,1,0.95564,1
2,2,0.979161,1
1,1,0.950201,1
1,1,0.956314,1
0,0,0.969676,1
2,2,0.986675,1
0,0,0.931315,1
0,0,0.763223,1
1,1,0.811104,1
1,1,0.954756,1
0,0,0.783647,1
2,2,0.742855,1
2,2,0.798011,1
2,2,0.823345,1
1,2,0.718586,0
1,1,0.945746,1
0,0,0.989324,1
1,1,0.932726,1
1,1,0.957172,1
0,0,0.750841,1
2,2,0.715977,1
2,2,0.982069,1
0,0,0.741931,1
2,2,0.994421,1
2,2,0.776295,1
0,0,0.989943,1
0,0,0.963506,1
1,1,0.950496,1
0,0,0.9883,1
2,2,0.833699,1
1,1,0.95216,1
0,0,0.68754,1
0,0,0.990291,1
0,0,0.97449,1
1,1,0.617077,1
1,1,0.92538,1
1,2,0.510002,0
0,0,0.978675,1
2,2,0.654347,1
0,0,0.986575,1
1,1,0.826763,1
1,1,0.938395,1
1,1,0.957003,1
2,2,0.849398,1
0,0,0.957867,1
2,2,0.991789,1
0,0,0.989777,1
2,2,0.756786,1
2,2,0.975174,1
2,2,0.990837,1
0,0,0.977502,1
1,1,0.928743,1
1,1,0.952499,1
2,2,0.973039,1
2,2,0.799041,1
2,2,0.72555,1
0,1,0.784678,0
1,1,0.814846,1
0,0,0.96913,1
1,1,0.935937,1
1,1,0.745971,1
0,0,0.983116,1
2,2,0.987628,1
2,2,0.618949,1
0,0,0.9857,1
0,0,0.831925,1
1,1,0.818996,1
2,2,0.978152,1
2,2,0.979517,1
2,2,0.995321,1
1,1,0.557872,1
2,2,0.975346,1
0,0,0.60177,1
1,1,0.514466,1
0,0,0.991959,1
1,1,0.82169,1
0,0,0.554632,1
2,2,0.978614,1
0,0,0.967979,1
1,1,0.694872,1
2,2,0.98505,1
2,2,0.981721,1
1,1,0.530769,1
0,0,0.978526,1
2,2,0.980691,1
0,0,0.98678,1
2,2,0.79217,1
2,2,0.984279,1
1,1,0.947264,1
2,2,0.988964,1
2,2,0.985812,1
0,0,0.993267,1
2,2,0.982495,1
1,1,0.957243,1
2,2,0.995618,1
0,0,0.972137,1
1,1,0.580162,1
2,2,0.843584,1
1,1,0.735308,1
1,1,0.598106,1
2,2,0.992997,1
0,0,0.663706,1
1,1,0.954031,1
1,2,0.723882,0
2,2,0.988274,1
0,0,0.990374,1
0,0,0.983602,1
2,2,0.994122,1
1,1,0.579913,1
1,1,0.956968,1
0,0,0.983242,1
1,1,0.573938,1
2,2,0.985153,1
0,0,0.984074,1
0,0,0.819251,1
2,2,0.857986,1
2,2,0.982894,1
0,0,0.987496,1
2,2,0.799779,1
0,1,0.708424,0
1,1,0.79498,1
2,2,0.846618,1
0,0,0.72007,1
0,0,0.991532,1
1,1,0.797194,1
2,2,0.632825,1
1,1,0.871915,1
1,1,0.943263,1
2,1,0.604467,0
0,0,0.78968,1
0,0,0.710819,1
1,1,0.799843,1
0,0,0.714292,1
0,0,0.992216,1
1,1,0.92899,1
1,1,0.948734,1
2,2,0.986019,1
1,1,0.688634,1
2,2,0.994246,1
1,1,0.677849,1
2,2,0.978697,1
0,0,0.500074,1
2,2,0.966065,1
0,0,0.972909,1
0,1,0.598981,0
2,2,0.988776,1
2,2,0.980657,1
1,1,0.941067,1
1,1,0.955416,1
1,1,0.762583,1
1,0,0.500845,0
0,0,0.504028,1
1,1,0.676827,1
1,1,0.836348,1
0,0,0.764395,1
1,1,0.800533,1
2,2,0.991982,1
1,1,0.944506,1
1,0,0.726715,0
0,0,0.978375,1
2,2,0.984567,1
2,2,0.990658,1
2,2,0.987887,1
2,2,0.98216,1
0,0,0.627339,1
0,0,0.973476,1
1,1,0.736901,1
2,2,0.637357,1
1,1,0.852211,1
1,1,0.95785,1
2,2,0.986807,1
2,2,0.826276,1
1,1,0.957347,1
0,0,0.983116,1
1,1,0.950907,1
2,2,0.985893,1
1,1,0.785624,1
0,0,0.978258,1
1,2,0.527811,0
0,0,0.983425,1
1,1,0.637071,1
0,0,0.991272,1
2,2,0.989163,1
1,1,0.932954,1
1,1,0.776234,1
0,0,0.967114,1
2,2,0.813971,1
0,0,0.99017,1
1,1,0.584345,1
1,1,0.941247,1
2,2,0.980813,1
2,2,0.982495,1
2,2,0.995166,1
2,2,0.784465,1
1,1,0.527944,1
1,1,0.507312,1
2,2,0.800778,1
0,0,0.979841,1
1,1,0.953575,1
1,2,0.562286,0
1,1,0.941742,1
1,1,0.810743,1
1,1,0.95722,1
0,0,0.756496,1
2,2,0.69762,1
2,2,0.989772,1
0,0,0.982233,1
0,0,0.980036,1
2,2,0.992742,1
1,0,0.568176,0
2,2,0.992997,1
0,0,0.982423,1
0,0,0.979276,1
1,2,0.665103,0
2,2,0.983453,1
1,1,0.73418,1
1,1,0.956074,1
1,1,0.928743,1
2,2,0.994142,1
0,0,0.991419,1
2,2,0.992031,1
1,1,0.7136,1
1,1,0.954021,1
0,1,0.595394,0
2,2,0.707361,1
1,1,0.692563,1
0,0,0.990113,1
0,0,0.98656,1
0,0,0.546721,1
1,1,0.74742,1
1,1,0.565594,1
2,2,0.996595,1
0,0,0.985346,1
1,1,0.955355,1
0,0,0.992237,1
1,1,0.854781,1
0,0,0.99108,1
1,1,0.752107,1
2,2,0.990841,1
2,2,0.737624,1
1,1,0.948499,1
0,0,0.789101,1
2,2,0.97939,1
0,0,0.986119,1
1,2,0.532657,0
1,1,0.723581,1
0,0,0.983461,1
2,2,0.810367,1
2,2,0.67273,1
1,1,0.626875,1
2,2,0.975178,1
0,0,0.972246,1
0,1,0.561997,0
0,0,0.987447,1
2,2,0.990652,1
1,1,0.727664,1
1,1,0.934804,1
2,2,0.987686,1
1,1,0.938923,1
0,0,0.983039,1
2,2,0.8135,1
0,1,0.694882,0
0,0,0.986733,1
0,0,0.637519,1
1,2,0.597658,0
1,1,0.813932,1
1,1,0.500169,1
2,2,0.981414,1
0,0,0.972137,1
1,1,0.936332,1
0,0,0.976972,1
2,2,0.538923,1
2,2,0.993116,1
1,1,0.640696,1
1,1,0.640235,1
0,0,0.978643,1
2,2,0.983557,1
1,1,0.619215,1
1,1,0.753239,1
2,2,0.994136,1
2,2,0.533127,1
2,2,0.988504,1
2,2,0.994167,1
0,0,0.990605,1
0,0,0.977465,1
0,0,0.981944,1
2,2,0.979789,1
0,0,0.880094,1
1,1,0.756352,1
1,1,0.951422,1
0,0,0.830531,1
1,1,0.772538,1
1,1,0.935294,1
0,0,0.759893,1
1,1,0.516664,1
2,2,0.601712,1
0,0,0.993978,1
1,1,0.810846,1
2,2,0.982829,1
1,1,0.952003,1
2,2,0.994727,1
1,1,0.954455,1
0,0,0.979928,1
2,2,0.736769,1
2,2,0.831491,1
2,2,0.995456,1
2,2,0.980459,1
2,2,0.689935,1
1,1,0.654481,1
2,2,0.982951,1
0,0,0.985023,1
2,2,0.983699,1
2,2,0.746185,1
0,0,0.972699,1
2,1,0.682398,0
2,2,0.969491,1
0,0,0.993341,1
0,0,0.973533,1
0,0,0.790402,1
2,2,0.986958,1
2,2,0.792239,1
1,1,0.957433,1
2,2,0.986134,1
0,0,0.856853,1
2,2,0.994216,1
0,0,0.978136,1
0,0,0.991321,1
1,2,0.663907,0
2,2,0.602605,1
2,2,0.990282,1
0,0,0.968269,1
0,1,0.58653,0
1,1,0.957089,1
2,2,0.773463,1
1,1,0.957605,1
2,2,0.987614,1
0,1,0.581838,0
1,1,0.639232,1
2,2,0.976949,1
2,2,0.98423,1
0,0,0.99429,1
1,1,0.833518,1
0,0,0.985149,1
1,2,0.68112,0
1,1,0.801322,1
0,0,0.65733,1
1,1,0.876053,1
1,1,0.714634,1
1,1,0.848333,1
1,1,0.950627,1
1,1,0.83612,1
1,1,0.81629,1
0,0,0.561724,1
2,2,0.97364,1
1,1,0.680715,1
2,2,0.838884,1
0,0,0.903981,1
0,0,0.986333,1
2,2,0.9952,1
1,2,0.704148,0
0,0,0.812964,1
2,1,0.588141,0
1,1,0.945357,1
1,1,0.766078,1
1,1,0.830694,1
0,0,0.990128,1
2,2,0.985451,1
2,2,0.996449,1
0,0,0.583504,1
2,2,0.983453,1
1,1,0.541036,1
0,0,0.983738,1
0,0,0.977623,1
0,0,0.985346,1
2,2,0.990051,1
1,1,0.754269,1
2,2,0.82134,1
0,0,0.987242,1
1,0,0.527205,0
2,2,0.806065,1
2,2,0.990769,1
2,2,0.677388,1
2,2,0.965754,1
1,0,0.676212,0
2,2,0.853897,1
2,2,0.7386,1
2,2,0.799779,1
2,2,0.65099,1
1,1,0.841857,1
0,0,0.783191,1
0,0,0.547321,1
1,1,0.955026,1
2,2,0.710603,1
0,0,0.993115,1
0,0,0.970687,1
0,0,0.577262,1
1,1,0.810653,1
0,0,0.975378,1
2,2,0.839119,1
1,1,0.677031,1
1,1,0.863065,1
1,1,0.756846,1
0,0,0.810205,1
1,1,0.685721,1
0,0,0.98836,1
2,2,0.81697,1
2,2,0.984245,1
2,2,0.977438,1
1,2,0.71599,0
1,1,0.766636,1
2,2,0.995983,1
0,0,0.685659,1
0,0,0.560203,1
2,2,0.828024,1
0,0,0.974598,1
2,2,0.977828,1
0,0,0.573255,1
1,1,0.815805,1
1,2,0.57484,0
2,2,0.974515,1
1,1,0.555069,1
0,0,0.991923,1
1,1,0.600441,1
2,2,0.993816,1
1,2,0.604069,0
2,2,0.995037,1
0,0,0.989116,1
2,2,0.995579,1
2,2,0.740233,1
2,2,0.99535,1
0,0,0.848728,1
2,2,0.555774,1
0,0,0.99431,1
0,0,0.990011,1
1,1,0.956749,1
2,2,0.86767,1
2,2,0.975204,1
0,0,0.741998,1
1,2,0.676876,0
2,2,0.984695,1
2,2,0.833635,1
1,1,0.508011,1
1,1,0.640998,1
1,1,0.958096,1
0,0,0.981876,1
0,0,0.504398,1
2,2,0.673029,1
1,0,0.537486,0
1,1,0.873175,1
0,0,0.992445,1
2,2,0.968363,1
1,1,0.956634,1
2,2,0.802699,1
1,1,0.786325,1
0,1,0.644825,0
2,2,0.985739,1
0,0,0.973542,1
0,0,0.989768,1
1,1,0.616111,1
2,2,0.994371,1
1,1,0.618546,1
1,1,0.954796,1
0,0,0.821587,1
2,2,0.567633,1
2,2,0.974376,1
2,2,0.756786,1
0,0,0.980962,1
2,2,0.994562,1
0,0,0.979707,1
0,0,0.771128,1
2,2,0.807308,1
1,1,0.921766,1
0,0,0.764857,1
1,1,0.675937,1
1,1,0.596578,1
0,0,0.986616,1
2,2,0.985227,1
1,1,0.811348,1
1,1,0.956568,1
0,0,0.531003,1
2,2,0.731992,1
0,0,0.988325,1
1,1,0.946984,1
2,2,0.993173,1
2,2,0.692199,1
2,2,0.685458,1
2,2,0.99015,1
1,1,0.941557,1
1,1,0.649114,1
1,0,0.665966,0
0,0,0.613717,1
0,0,0.987612,1
0,0,0.97268,1
0,0,0.959533,1
1,1,0.767771,1
1,1,0.641645,1
1,1,0.721007,1
1,1,0.820361,1
0,0,0.991381,1
1,1,0.869292,1
2,2,0.990214,1
2,2,0.99083,1
2,2,0.868417,1
0,1,0.621569,0
0,0,0.989209,1
2,2,0.978618,1
1,1,0.720398,1
1,1,0.93456,1
1,1,0.947523,1
2,2,0.990841,1
0,0,0.765699,1
0,0,0.60177,1
0,0,0.993362,1
1,2,0.558999,0
2,2,0.658547,1
0,1,0.532173,0
1,0,0.502201,0
0,0,0.98709,1
2,2,0.756244,1
0,0,0.831302,1
0,0,0.994976,1
0,0,0.974969,1
2,2,0.967258,1
2,2,0.915441,1
2,2,0.802318,1
0,0,0.982822,1
2,2,0.783305,1
0,0,0.992562,1
2,2,0.834861,1
2,2,0.673029,1
2,2,0.735607,1
0,0,0.977972,1
1,2,0.68196,0
0,0,0.984609,1
1,1,0.930114,1
1,1,0.557684,1
0,0,0.977231,1
1,1,0.571248,1
1,1,0.957441,1
2,2,0.988875,1
2,2,0.982958,1
1,1,0.662611,1
1,1,0.950786,1
1,1,0.954383,1
0,1,0.76802,0
0,0,0.847028,1
0,0,0.978897,1
2,1,0.576608,0
0,1,0.694882,0
1,1,0.941736,1
0,0,0.861586,1
0,0,0.993146,1
0,0,0.977023,1
1,1,0.956871,1
2,2,0.765981,1
0,0,0.808615,1
0,1,0.716574,0
1,1,0.789674,1
2,2,0.979955,1
0,0,0.991517,1
1,1,0.823125,1
2,2,0.990635,1
2,2,0.845542,1
2,2,0.833246,1
1,1,0.920161,1
2,2,0.805423,1
2,2,0.990572,1
2,2,0.992031,1
0,0,0.790402,1
2,2,0.978786,1
0,0,0.986753,1
2,2,0.809537,1
2,2,0.976285,1
0,0,0.992508,1
0,0,0.971585,1
2,2,0.989842,1
2,2,0.993791,1
1,1,0.636855,1
0,0,0.851116,1
1,1,0.678065,1
0,0,0.969792,1
1,1,0.811013,1
2,2,0.97168,1
0,0,0.984404,1
0,0,0.973221,1
2,2,0.990071,1
1,0,0.576942,0
1,1,0.729465,1
0,0,0.807709,1
1,1,0.677377,1
0,0,0.97785,1
2,2,0.984133,1
0,0,0.988082,1
2,2,0.83205,1
1,2,0.66084,0
1,1,0.748426,1
2,2,0.977002,1
0,0,0.990235,1
0,1,0.506431,0
1,1,0.729505,1
1,1,0.78126,1
0,0,0.778977,1
2,2,0.979135,1
2,2,0.98754,1
2,2,0.983138,1
0,0,0.981725,1
0,0,0.990768,1
1,1,0.52818,1
1,1,0.604728,1
2,2,0.563567,1
0,0,0.988724,1
1,1,0.956677,1
1,1,0.647489,1
2,2,0.544294,1
2,2,0.657729,1
1,1,0.957153,1
1,1,0.804458,1
0,0,0.98937,1
1,1,0.851542,1
0,0,0.832324,1
2,2,0.880488,1
0,0,0.98344,1
2,2,0.974736,1
0,0,0.983116,1
0,0,0.988233,1
1,1,0.937745,1
2,2,0.580324,1
2,2,0.980409,1
1,1,0.739054,1
2,2,0.995983,1
2,2,0.99576,1
2,2,0.825622,1
2,2,0.87671,1
1,1,0.902446,1
2,2,0.743537,1
1,1,0.677667,1
0,0,0.984014,1
0,0,0.982938,1
2,2,0.976584,1
2,2,0.989881,1
0,0,0.619442,1
0,0,0.98881,1
2,2,0.760248,1
0,0,0.9831,1
1,1,0.954075,1
0,0,0.991178,1
2,2,0.761948,1
1,1,0.808176,1
2,2,0.989617,1
2,2,0.835803,1
0,0,0.97676,1
0,0,0.547328,1
0,0,0.990374,1
1,1,0.819308,1
2,2,0.996449,1
0,0,0.981756,1
1,1,0.709547,1
0,0,0.817373,1
0,1,0.60422,0
1,1,0.943394,1
2,2,0.979362,1
1,1,0.957381,1
1,2,0.623107,0
2,2,0.665126,1
0,0,0.710305,1
1,1,0.785141,1
2,2,0.995433,1
2,2,0.771302,1
0,0,0.573255,1
2,2,0.966022,1
0,0,0.967114,1
1,1,0.956502,1
0,0,0.707333,1
0,0,0.993362,1
1,1,0.938796,1
2,2,0.992534,1
2,2,0.982429,1
0,0,0.965138,1
2,2,0.668312,1
2,2,0.98107,1
1,1,0.603524,1
0,0,0.992076,1
2,2,0.779829,1
2,2,0.678182,1
2,2,0.993646,1
0,0,0.886457,1
2,2,0.880347,1
2,2,0.992896,1
2,2,0.874229,1
0,0,0.983857,1
2,2,0.992405,1
2,2,0.990504,1
0,0,0.876545,1
1,1,0.516011,1
1,1,0.940777,1
1,1,0.956373,1
1,1,0.737008,1
2,2,0.787342,1
0,0,0.883408,1
0,0,0.972186,1
1,1,0.941507,1
1,1,0.957605,1
0,0,0.902353,1
2,2,0.992845,1
2,2,0.988964,1
0,1,0.532534,0
0,0,0.874263,1
1,1,0.953842,1
0,0,0.980333,1
2,2,0.994342,1
2,2,0.992747,1
1,1,0.742556,1
1,1,0.941734,1
1,1,0.68023,1
2,2,0.978861,1
0,0,0.980198,1
0,0,0.99235,1
1,1,0.820179,1
0,0,0.764168,1
0,0,0.983942,1
2,2,0.810418,1
1,1,0.922892,1
0,0,0.975635,1
1,1,0.939055,1
0,0,0.64959,1
2,2,0.980667,1
2,2,0.654018,1
2,2,0.996131,1
2,2,0.986348,1
0,0,0.985481,1
2,2,0.679946,1
1,1,0.70488,1
1,1,0.749529,1
2,2,0.988534,1
0,1,0.49817,0
0,1,0.505693,0
0,0,0.993073,1
2,2,0.990522,1
1,1,0.560593,1
0,1,0.511915,0
2,2,0.747658,1
1,1,0.954611,1
0,0,0.990738,1
2,2,0.98082,1
0,0,0.992474,1
0,0,0.988885,1
2,2,0.977597,1
1,1,0.734478,1
0,0,0.724521,1
0,0,0.562674,1
2,2,0.992074,1
1,1,0.705091,1
2,2,0.72555,1
2,2,0.977405,1
2,2,0.991921,1
0,0,0.816383,1
1,1,0.955151,1
1,1,0.551243,1
0,0,0.979775,1
0,0,0.977151,1
0,0,0.982926,1
1,1,0.956936,1
0,0,0.989035,1
0,0,0.984518,1
1,1,0.667751,1
2,2,0.989931,1
1,1,0.513158,1
0,0,0.77731,1
1,2,0.571741,0
1,1,0.95368,1
2,2,0.989574,1
1,1,0.732645,1
0,0,0.991951,1
2,2,0.982418,1
1,1,0.933263,1
0,0,0.973902,1
1,1,0.952296,1
2,2,0.995546,1
0,0,0.805017,1
0,0,0.983812,1
2,2,0.996493,1
1,1,0.761836,1
0,0,0.81884,1
0,0,0.989322,1
2,2,0.99551,1
1,1,0.837917,1
2,2,0.749798,1
2,2,0.826086,1
1,1,0.777241,1
2,2,0.994337,1
0,0,0.974696,1
0,0,0.993073,1
2,2,0.982785,1
1,1,0.859953,1
2,2,0.981542,1
2,2,0.775713,1
2,2,0.992389,1
2,2,0.8304,1
0,0,0.577262,1
1,1,0.741904,1
1,1,0.625209,1
0,0,0.636064,1
1,1,0.79645,1
0,0,0.984225,1
1,1,0.632022,1
0,0,0.965372,1
2,2,0.992438,1
2,2,0.989211,1
0,0,0.948953,1
1,1,0.838314,1
2,2,0.982958,1
1,0,0.669258,0
0,0,0.983494,1
0,0,0.983074,1
2,2,0.979027,1
2,2,0.548596,1
2,2,0.991247,1
2,2,0.867928,1
2,2,0.800081,1
2,2,0.995229,1
1,1,0.762183,1
2,2,0.974039,1
2,2,0.97858,1
2,2,0.994408,1
1,1,0.696941,1
2,2,0.991966,1
2,2,0.989574,1
2,2,0.976325,1
0,0,0.649866,1
0,1,0.660584,0
2,2,0.993194,1
1,1,0.723625,1
0,0,0.994304,1
2,2,0.988409,1
1,1,0.727801,1
1,1,0.687218,1
2,2,0.633699,1
2,2,0.962272,1
2,2,0.994029,1
1,1,0.954788,1
2,2,0.992255,1
1,1,0.778657,1
2,2,0.832419,1
1,1,0.61275,1
2,2,0.994449,1
1,0,0.582912,0
2,2,0.989799,1
2,2,0.981889,1
1,1,0.786575,1
2,2,0.990288,1
2,2,0.978476,1
0,0,0.741998,1
0,0,0.957209,1
1,1,0.77337,1
0,1,0.770142,0
1,1,0.951284,1
0,0,0.982233,1
1,1,0.956279,1
0,0,0.994236,1
2,2,0.99049,1
2,2,0.847761,1
1,1,0.517815,1
1,1,0.947866,1
0,0,0.804841,1
1,0,0.518212,0
1,1,0.948916,1
2,2,0.875673,1
0,0,0.973221,1
2,2,0.993715,1
0,1,0.674468,0
1,1,0.746506,1
0,0,0.919522,1
0,0,0.984111,1
1,1,0.947574,1
2,2,0.975212,1
1,1,0.896919,1
2,2,0.985291,1
2,2,0.577178,1
0,0,0.989035,1
2,2,0.991,1
1,1,0.811149,1
2,2,0.832078,1
2,2,0.995182,1
1,2,0.585976,0
0,0,0.969646,1
2,2,0.993688,1
0,0,0.524504,1
2,2,0.980926,1
1,1,0.85622,1
0,0,0.917317,1
1,1,0.756376,1
1,1,0.957294,1
0,0,0.982959,1
1,1,0.825539,1
1,1,0.792702,1
2,2,0.640106,1
0,0,0.988753,1
0,0,0.57034,1
2,2,0.672685,1
0,0,0.81563,1
1,1,0.646312,1
0,0,0.710305,1
1,2,0.538853,0
0,0,0.584161,1
2,2,0.965371,1
2,2,0.992531,1
1,1,0.855782,1
2,2,0.984767,1
2,2,0.827126,1
1,1,0.598448,1
2,2,0.984521,1
0,0,0.994304,1
1,1,0.957293,1
1,1,0.956194,1
1,1,0.748512,1
0,0,0.987199,1
0,0,0.972186,1
2,2,0.97989,1
1,2,0.495664,0
1,1,0.730309,1
1,1,0.941806,1
2,2,0.980448,1
2,2,0.990738,1
0,0,0.637076,1
1,1,0.69006,1
0,0,0.978295,1
0,0,0.991874,1
2,2,0.792995,1
1,1,0.956156,1
2,2,0.788015,1
2,2,0.834453,1
2,2,0.995057,1
0,0,0.976034,1
1,1,0.954782,1
0,0,0.988976,1
0,0,0.98413,1
1,1,0.780875,1
0,1,0.549597,0
2,2,0.96732,1
0,0,0.710305,1
0,0,0.987015,1
0,0,0.991227,1
2,2,0.972901,1
1,0,0.668363,0
1,1,0.640675,1
2,2,0.986348,1
0,0,0.987072,1
1,1,0.880471,1
2,2,0.853429,1
2,2,0.818136,1
0,0,0.983133,1
2,2,0.976713,1
0,0,0.745982,1
1,1,0.636061,1
2,2,0.997033,1
0,0,0.980837,1
2,2,0.98538,1
1,1,0.928654,1
2,2,0.71276,1
1,1,0.728768,1
0,0,0.869097,1
1,1,0.829682,1
2,2,0.864898,1
1,1,0.934753,1
1,2,0.547094,0
0,0,0.981632,1
2,2,0.72057,1
0,0,0.863389,1
1,2,0.695147,0
0,0,0.988418,1
1,1,0.710444,1
2,2,0.987297,1
0,0,0.991237,1
0,0,0.983693,1
1,1,0.510181,1
1,2,0.549538,0
2,2,0.859807,1
2,2,0.988161,1
0,0,0.594356,1
1,1,0.95534,1
0,0,0.978435,1
2,2,0.985736,1
0,0,0.977815,1
2,2,0.994088,1
0,0,0.762552,1
0,0,0.593904,1
0,0,0.894479,1
2,2,0.870049,1
2,1,0.588141,0
2,2,0.731141,1
0,0,0.628347,1
1,1,0.934313,1
0,0,0.989138,1
2,2,0.973679,1
0,0,0.980404,1
0,0,0.981097,1
1,1,0.728981,1
0,0,0.980404,1
2,2,0.991093,1
2,2,0.54485,1
1,1,0.950567,1
2,2,0.96732,1
2,2,0.96983,1
0,1,0.542225,0
1,1,0.957748,1
2,2,0.991009,1
1,1,0.87381,1
0,0,0.861224,1
0,0,0.968814,1
1,1,0.685443,1
2,2,0.98427,1
2,2,0.682416,1
1,1,0.950329,1
2,2,0.966401,1
1,1,0.955969,1
2,1,0.650133,0
0,0,0.988137,1
2,2,0.806065,1
2,2,0.975333,1
1,1,0.548352,1
1,1,0.823933,1
1,1,0.95662,1
0,0,0.869858,1
0,0,0.744672,1
0,0,0.541301,1
0,0,0.993844,1
2,2,0.784017,1
0,0,0.705337,1
1,2,0.580423,0
0,0,0.752949,1
2,2,0.814608,1
0,1,0.716574,0
0,0,0.527079,1
0,0,0.713471,1
2,2,0.815328,1
1,1,0.650028,1
0,0,0.749548,1
2,2,0.992991,1
2,2,0.989428,1
1,1,0.521763,1
1,1,0.95457,1
2,2,0.99433,1
2,2,0.602605,1
0,0,0.973676,1
0,0,0.976967,1
1,1,0.641089,1
0,0,0.87345,1
0,0,0.991095,1
1,1,0.956833,1
0,0,0.976907,1
1,1,0.719756,1
0,0,0.979886,1
1,1,0.542631,1
2,2,0.991887,1
0,0,0.989968,1
1,1,0.782498,1
1,1,0.645674,1
2,2,0.830302,1
2,2,0.712381,1
1,1,0.955945,1
2,2,0.988875,1
0,0,0.983596,1
1,1,0.674392,1
0,0,0.985716,1
1,1,0.746645,1
1,1,0.947648,1
1,1,0.775707,1
2,2,0.989769,1
0,1,0.643383,0
0,0,0.982045,1
0,0,0.645341,1
1,1,0.761699,1
1,1,0.699268,1
0,1,0.654229,0
0,0,0.751751,1
0,0,0.976004,1
2,2,0.905796,1
2,2,0.846221,1
2,2,0.99434,1
2,2,0.982958,1
2,2,0.982958,1
1,1,0.957767,1
0,0,0.994303,1
2,2,0.979592,1
2,2,0.988919,1
0,0,0.762372,1
0,1,0.642943,0
0,0,0.713471,1
0,1,0.654249,0
1,1,0.75206,1
0,0,0.608054,1
0,0,0.971873,1
0,0,0.865952,1
2,2,0.84442,1
0,0,0.983498,1
0,0,0.744315,1
1,1,0.622385,1
0,1,0.612354,0
1,1,0.787135,1
2,2,0.990298,1
0,0,0.977529,1
1,1,0.762785,1
1,1,0.732216,1
0,0,0.989843,1
1,1,0.549339,1
0,0,0.975813,1
0,0,0.912656,1
1,1,0.93669,1
1,1,0.829433,1
0,0,0.772912,1
0,0,0.983741,1
1,1,0.799469,1
2,2,0.980813,1
1,1,0.953707,1
1,1,0.955149,1
1,1,0.956068,1
1,1,0.6217,1
0,0,0.978072,1
2,1,0.682398,0
2,2,0.996802,1
1,1,0.780774,1
0,0,0.963094,1
0,0,0.989145,1
1,1,0.936498,1
0,1,0.711092,0
1,1,0.794209,1
1,1,0.736508,1
2,2,0.813948,1
2,2,0.849473,1
1,1,0.509252,1
0,0,0.784595,1
0,0,0.805017,1
1,1,0.654885,1
0,0,0.994437,1
0,0,0.98779,1
1,1,0.768274,1
1,1,0.951545,1
0,0,0.993711,1
0,0,0.552621,1
2,2,0.994408,1
2,2,0.996538,1
0,0,0.983817,1
1,1,0.773555,1
2,2,0.991412,1
1,1,0.679197,1
0,0,0.728635,1
0,0,0.981023,1
2,2,0.990738,1
0,0,0.994231,1
1,1,0.957474,1
1,1,0.795233,1
2,2,0.719624,1
0,0,0.993835,1
0,0,0.988454,1
2,2,0.995369,1
0,0,0.989242,1
0,0,0.883408,1
0,0,0.667793,1
2,2,0.845222,1
0,0,0.991387,1
1,1,0.732083,1
0,0,0.989941,1
2,2,0.972021,1
2,2,0.994136,1
0,0,0.991997,1
1,1,0.82608,1
0,0,0.992851,1
1,0,0.5074,0
0,0,0.975626,1
2,2,0.717038,1
2,2,0.936495,1
0,0,0.976787,1
1,1,0.950108,1
0,0,0.674906,1
1,1,0.797859,1
1,1,0.559264,1
1,1,0.784798,1
2,2,0.781833,1
1,1,0.922983,1
0,1,0.62477,0
2,2,0.96819,1
2,2,0.990501,1
0,0,0.972769,1
1,1,0.696463,1
1,1,0.919982,1
2,2,0.99049,1
0,0,0.979576,1
1,1,0.955829,1
1,1,0.951881,1
1,1,0.748688,1
0,0,0.990203,1
2,2,0.822195,1
0,0,0.824226,1
0,0,0.596167,1
0,0,0.97901,1
0,0,0.841429,1
1,1,0.948114,1
0,1,0.603905,0
2,2,0.985902,1
1,1,0.519519,1
0,0,0.849396,1
1,1,0.610506,1
2,2,0.981997,1
2,2,0.852346,1
0,0,0.962313,1
2,2,0.989535,1
0,0,0.994036,1
0,0,0.989145,1
2,2,0.807601,1
0,0,0.647251,1
2,2,0.760646,1
0,1,0.501046,0
2,2,0.985048,1
2,2,0.983578,1
1,1,0.944782,1
0,0,0.980061,1
2,1,0.739433,0
2,2,0.880488,1
1,1,0.592718,1
1,2,0.638826,0
2,2,0.982227,1
1,1,0.808966,1
2,2,0.969491,1
2,2,0.989017,1
0,0,0.808061,1
2,2,0.867403,1
2,2,0.993641,1
1,1,0.953743,1
2,2,0.990431,1
0,0,0.835962,1
0,0,0.799191,1
2,2,0.982669,1
2,2,0.983248,1
2,2,0.99263,1
0,1,0.737113,0
1,1,0.936135,1
1,1,0.934783,1
0,0,0.824626,1
0,0,0.563205,1
0,1,0.643383,0
0,0,0.981611,1
2,1,0.504962,0
0,0,0.986116,1
0,0,0.96417,1
1,1,0.948153,1
1,1,0.639333,1
1,1,0.837918,1
1,1,0.945334,1
2,2,0.984756,1
0,0,0.989941,1
2,2,0.995433,1
0,0,0.85651,1
0,1,0.575886,0
1,1,0.640832,1
2,2,0.750397,1
2,2,0.991966,1
2,2,0.996037,1
1,1,0.499229,1
1,1,0.956433,1
0,0,0.834541,1
2,2,0.995782,1
1,1,0.953379,1
0,0,0.977529,1
0,0,0.983942,1
0,0,0.799114,1
1,1,0.948983,1
1,1,0.946457,1
0,0,0.985023,1
0,0,0.984251,1
1,2,0.495271,0
1,2,0.565981,0
0,1,0.638825,0
0,0,0.992782,1
2,2,0.97629,1
2,2,0.50242,1
1,1,0.955892,1
0,0,0.832788,1
2,2,0.96819,1
0,0,0.990509,1
1,2,0.690862,0
1,2,0.545879,0
2,2,0.847296,1
1,1,0.95783,1
0,0,0.987108,1
2,2,0.991034,1
2,2,0.800188,1
1,2,0.535428,0
0,0,0.965193,1
2,2,0.502178,1
1,1,0.595894,1
1,1,0.758807,1
0,0,0.984988,1
2,2,0.980007,1
0,0,0.986616,1
0,0,0.824557,1
0,0,0.976091,1
1,1,0.821532,1
1,1,0.950134,1
1,2,0.621051,0
2,2,0.997388,1
2,2,0.992389,1
0,0,0.783244,1
2,2,0.696419,1
2,2,0.996178,1
1,1,0.749234,1
1,1,0.956472,1
0,0,0.980894,1
2,2,0.992522,1
2,2,0.816676,1
2,2,0.980448,1
0,0,0.973222,1
2,2,0.868097,1
1,1,0.784631,1
2,2,0.763398,1
0,0,0.972674,1
1,1,0.846893,1
1,1,0.949706,1
2,2,0.98197,1
1,1,0.803882,1
1,1,0.571416,1
0,0,0.691807,1
0,0,0.989477,1
1,1,0.934462,1
0,0,0.991696,1
0,0,0.511906,1
2,2,0.986916,1
1,1,0.520358,1
1,0,0.70865,0
0,1,0.600424,0
1,1,0.952157,1
1,1,0.559599,1
0,0,0.986149,1
1,1,0.956465,1
2,2,0.975561,1
2,2,0.757092,1
1,1,0.95488,1
2,2,0.976671,1
0,0,0.992802,1
0,0,0.988588,1
1,1,0.848016,1
0,0,0.631316,1
0,0,0.738692,1
2,2,0.987025,1
2,2,0.987465,1
1,1,0.779355,1
2,2,0.995892,1
0,0,0.976832,1
0,0,0.969246,1
1,1,0.932457,1
1,1,0.54169,1
2,1,0.568759,0
0,0,0.76481,1
1,1,0.498277,1
1,1,0.957686,1
0,0,0.974529,1
2,2,0.993719,1
0,0,0.59846,1
2,2,0.793756,1
2,2,0.825013,1
0,0,0.783647,1
0,0,0.784593,1
1,1,0.697884,1
1,1,0.772263,1
0,0,0.975259,1
1,1,0.529298,1
0,0,0.992869,1
1,1,0.733169,1
0,0,0.966535,1
1,1,0.554254,1
0,0,0.763223,1
0,0,0.986376,1
1,1,0.674885,1
2,2,0.751207,1
2,2,0.800778,1
2,1,0.739433,0
2,2,0.982918,1
2,2,0.994408,1
2,2,0.983404,1
0,1,0.688193,0
0,0,0.982717,1
1,1,0.80461,1
2,2,0.988686,1
1,1,0.572899,1
0,0,0.976232,1
2,2,0.992914,1
2,2,0.99291,1
1,1,0.820822,1
0,0,0.886309,1
1,1,0.826366,1
1,1,0.663333,1
1,1,0.64345,1
1,1,0.945196,1
2,2,0.848596,1
0,0,0.812516,1
0,0,0.992687,1
0,0,0.508495,1
1,1,0.955536,1
1,1,0.953145,1
2,2,0.808244,1
0,0,0.971408,1
1,1,0.808023,1
0,0,0.991313,1
2,2,0.995126,1
2,2,0.97565,1
0,1,0.60422,0
2,2,0.884278,1
0,0,0.96796,1
2,2,0.994309,1
2,2,0.994371,1
1,2,0.713825,0
1,2,0.66954,0
2,2,0.995559,1
1,1,0.940187,1
2,2,0.973317,1
1,1,0.769336,1
1,2,0.728992,0
1,1,0.743113,1
2,2,0.980144,1
0,0,0.525958,1
0,0,0.982195,1
2,2,0.993448,1
0,0,0.843624,1
1,1,0.815567,1
2,2,0.99457,1
0,0,0.783688,1
1,1,0.604044,1
0,0,0.64959,1
1,1,0.680504,1
0,0,0.749043,1
1,1,0.924154,1
1,1,0.825133,1
1,1,0.799608,1
2,2,0.97645,1
1,1,0.668385,1
0,0,0.619558,1
1,1,0.500373,1
1,1,0.523213,1
2,2,0.995406,1
0,0,0.984982,1
2,2,0.975379,1
2,2,0.992501,1
1,1,0.775766,1
2,2,0.830302,1
1,1,0.946256,1
0,0,0.982924,1
0,0,0.990335,1
0,0,0.992235,1
1,2,0.524861,0
2,2,0.991195,1
2,2,0.981461,1
2,2,0.793172,1
1,2,0.758977,0
0,0,0.992787,1
2,2,0.981343,1
1,1,0.949249,1
1,2,0.726756,0
0,0,0.975863,1
0,0,0.988898,1
1,1,0.952047,1
0,0,0.738786,1
2,2,0.760334,1
2,2,0.994283,1
1,1,0.955868,1
1,1,0.704471,1
0,1,0.654229,0
2,2,0.980681,1
0,0,0.98576,1
2,2,0.982498,1
2,2,0.983128,1
2,2,0.990399,1
0,0,0.978727,1
1,0,0.537376,0
1,1,0.525379,1
0,0,0.970422,1
1,1,0.708435,1
2,2,0.757129,1
1,1,0.729778,1
2,2,0.992129,1
2,2,0.995882,1
0,1,0.575886,0
1,1,0.954212,1
0,0,0.765722,1
2,2,0.846221,1
0,0,0.9795,1
0,0,0.978268,1
0,0,0.976208,1
1,1,0.955451,1
1,1,0.939611,1
2,2,0.759108,1
1,1,0.536604,1
1,1,0.711479,1
2,2,0.651369,1
1,1,0.85866,1
2,2,0.996361,1
0,0,0.700418,1
2,1,0.61317,0
2,2,0.865588,1
0,0,0.773403,1
0,0,0.981023,1
2,2,0.990284,1
2,2,0.975212,1
1,1,0.706183,1
2,2,0.806065,1
2,2,0.982009,1
2,2,0.65099,1
0,0,0.691807,1
1,1,0.951939,1
2,2,0.984955,1
0,0,0.981338,1
2,2,0.979821,1
2,1,0.609168,0
0,0,0.710819,1
2,2,0.976353,1
0,0,0.777328,1
1,1,0.933476,1
1,0,0.524838,0
2,2,0.698614,1
1,2,0.561375,0
1,1,0.952917,1
1,1,0.953898,1
2,2,0.977933,1
2,2,0.991541,1
0,0,0.54536,1
1,0,0.744897,0
2,2,0.993177,1
0,0,0.961622,1
2,2,0.98757,1
0,0,0.869058,1
0,0,0.978467,1
0,0,0.976376,1
0,0,0.667936,1
1,1,0.654497,1
2,2,0.979809,1
2,2,0.818973,1
1,1,0.798286,1
1,1,0.956936,1
2,2,0.561874,1
1,1,0.956735,1
2,2,0.991898,1
1,1,0.83315,1
1,1,0.498379,1
1,1,0.955753,1
1,1,0.831284,1
2,2,0.775523,1
2,2,0.725609,1
2,2,0.9918,1
2,2,0.843677,1
0,0,0.687116,1
1,1,0.956637,1
0,0,0.991025,1
2,2,0.981491,1
0,0,0.778916,1
0,0,0.963469,1
2,2,0.976575,1
1,0,0.548288,0
0,0,0.509741,1
0,0,0.994186,1
0,0,0.865659,1
1,1,0.944257,1
0,0,0.902353,1
1,1,0.796507,1
0,0,0.989836,1
1,1,0.785908,1
1,1,0.693761,1
0,0,0.986252,1
1,1,0.954406,1
1,1,0.677644,1
1,1,0.587446,1
2,2,0.982669,1
0,0,0.907181,1
1,1,0.690633,1
1,1,0.945021,1
0,0,0.982577,1
0,0,0.970491,1
0,0,0.712705,1
0,0,0.994415,1
2,2,0.962416,1
0,0,0.965277,1
0,0,0.777905,1
1,1,0.538815,1
0,0,0.976577,1
1,1,0.577166,1
1,1,0.779423,1
1,1,0.662433,1
0,0,0.988802,1
2,2,0.802028,1
1,1,0.957415,1
2,2,0.996538,1
0,0,0.978883,1
1,1,0.562662,1
2,2,0.987672,1
2,2,0.973768,1
0,1,0.734074,0
0,0,0.801561,1
1,1,0.827461,1
2,2,0.99432,1
0,0,0.832612,1
0,0,0.980847,1
0,0,0.988284,1
1,1,0.957,1
0,0,0.980962,1
0,0,0.983152,1
0,0,0.984759,1
0,0,0.96249,1
0,0,0.723681,1
1,1,0.919965,1
1,0,0.589581,0
0,1,0.49817,0
1,1,0.785772,1
0,0,0.841789,1
0,0,0.769331,1
0,0,0.518935,1
1,1,0.502821,1
0,0,0.992802,1
1,1,0.73652,1
0,0,0.976223,1
2,2,0.817275,1
1,1,0.951177,1
0,0,0.983116,1
1,1,0.632382,1
2,2,0.86163,1
0,0,0.992851,1
2,2,0.68029,1
2,2,0.861979,1
1,1,0.955009,1
2,2,0.706055,1
1,1,0.553955,1
2,2,0.728677,1
1,1,0.654483,1
0,0,0.992851,1
2,2,0.995745,1
2,2,0.689822,1
0,0,0.580784,1
0,0,0.759042,1
1,1,0.688073,1
0,0,0.972222,1
1,1,0.95702,1
1,1,0.933425,1
0,0,0.993362,1
1,1,0.685875,1
0,0,0.900828,1
2,2,0.79364,1
0,0,0.959286,1
2,2,0.981542,1
1,1,0.819927,1
0,1,0.543738,0
1,1,0.746723,1
2,2,0.979045,1
1,1,0.948957,1
0,0,0.698016,1
2,2,0.976212,1
1,1,0.953192,1
0,0,0.990828,1
1,1,0.928079,1
2,2,0.580324,1
1,1,0.613328,1
2,2,0.749349,1
2,2,0.847761,1
2,2,0.8304,1
2,2,0.77129,1
0,0,0.992642,1
1,2,0.651005,0
2,2,0.991009,1
0,0,0.97573,1
2,2,0.733474,1
1,1,0.769953,1
1,1,0.875136,1
0,0,0.97756,1
1,1,0.933397,1
0,0,0.990526,1
1,1,0.812517,1
1,1,0.722242,1
0,0,0.982379,1
1,1,0.775777,1
1,1,0.956747,1
1,2,0.520405,0
2,2,0.994208,1
2,2,0.989672,1
0,0,0.548428,1
0,0,0.835268,1
1,1,0.693206,1
1,1,0.956714,1
2,2,0.993269,1
2,2,0.820555,1
1,1,0.66844,1
0,1,0.674468,0
1,2,0.572254,0
2,2,0.991176,1
2,2,0.979306,1
2,2,0.982584,1
2,2,0.984961,1
2,2,0.768978,1
0,0,0.974061,1
1,1,0.626613,1
2,2,0.987405,1
2,2,0.984803,1
0,0,0.807709,1
0,0,0.98453,1
1,1,0.951538,1
2,2,0.68477,1
2,2,0.986701,1
1,1,0.936822,1
1,1,0.736561,1
0,0,0.994899,1
1,1,0.817698,1
0,0,0.897993,1
1,1,0.955814,1
1,1,0.800028,1
2,2,0.997011,1
1,1,0.618123,1
1,1,0.780476,1
1,1,0.58075,1
0,0,0.948953,1
1,1,0.938442,1
0,0,0.995027,1
0,0,0.980114,1
1,1,0.883221,1
1,1,0.860724,1
1,1,0.749442,1
1,1,0.957757,1
2,2,0.992274,1
0,1,0.674468,0
2,2,0.993641,1
1,1,0.824369,1
2,2,0.992385,1
2,2,0.991227,1
1,1,0.834154,1
2,2,0.966494,1
2,2,0.983525,1
0,0,0.968893,1
0,0,0.822077,1
2,2,0.994995,1
2,2,0.986843,1
1,1,0.738576,1
1,1,0.948372,1
2,2,0.981897,1
0,1,0.575215,0
0,0,0.994911,1
2,2,0.974569,1
2,2,0.99381,1
2,2,0.853813,1
1,1,0.706036,1
2,2,0.995952,1
2,2,0.968177,1
2,2,0.844833,1
2,2,0.984473,1
2,2,0.996339,1
0,0,0.876545,1
1,1,0.932795,1
2,2,0.981415,1
2,2,0.798714,1
0,1,0.592939,0
2,2,0.99252,1
2,2,0.836445,1
2,2,0.771645,1
1,1,0.722837,1
1,1,0.791955,1
2,2,0.848596,1
1,1,0.764547,1
0,0,0.973259,1
2,2,0.98853,1
2,2,0.988504,1
0,0,0.985368,1
1,1,0.957848,1
2,2,0.992039,1
2,2,0.991391,1
0,0,0.979499,1
2,2,0.986384,1
0,0,0.994053,1
0,0,0.987374,1
1,1,0.751113,1
1,1,0.545901,1
0,0,0.97846,1
1,1,0.956908,1
0,0,0.990335,1
2,2,0.993523,1
1,1,0.721665,1
2,2,0.988292,1
1,2,0.50562,0
0,0,0.967086,1
2,2,0.982274,1
2,2,0.97339,1
1,0,0.697688,0
0,0,0.986001,1
0,0,0.591377,1
0,0,0.886977,1
1,1,0.940364,1
1,1,0.945754,1
0,0,0.980469,1
2,2,0.715343,1
1,1,0.521485,1
1,1,0.956923,1
2,2,0.980645,1
1,1,0.634217,1
2,1,0.528855,0
0,0,0.593578,1
0,0,0.983717,1
0,0,0.984294,1
2,2,0.548596,1
2,2,0.796874,1
2,2,0.975655,1
2,2,0.9937,1
2,2,0.882529,1
2,2,0.977708,1
1,2,0.711243,0
1,1,0.934922,1
2,2,0.597898,1
1,1,0.957841,1
1,1,0.95686,1
2,2,0.982768,1
1,1,0.784964,1
2,2,0.978123,1
2,2,0.996096,1
0,0,0.993711,1
1,1,0.795552,1
1,1,0.761933,1
0,0,0.615123,1
2,2,0.729583,1
2,2,0.820911,1
2,2,0.989954,1
2,2,0.986384,1
1,1,0.9569,1
0,0,0.981237,1
2,2,0.981781,1
1,1,0.732439,1
1,1,0.948489,1
1,1,0.954983,1
1,1,0.648169,1
0,0,0.99077,1
0,0,0.758797,1
0,0,0.974063,1
1,1,0.800117,1
0,0,0.986534,1
1,1,0.61502,1
2,2,0.662069,1
2,2,0.983196,1
0,0,0.981814,1
0,0,0.975462,1
1,1,0.953012,1
1,1,0.956673,1
1,1,0.746663,1
0,0,0.981237,1
0,0,0.931286,1
2,2,0.99461,1
1,1,0.956048,1
1,1,0.805214,1
0,0,0.986741,1
0,0,0.580331,1
2,2,0.734542,1
2,2,0.973282,1
1,1,0.934892,1
2,2,0.976025,1
2,2,0.991774,1
2,2,0.897568,1
2,2,0.983944,1
1,1,0.943231,1
2,2,0.965685,1
1,0,0.713325,0
0,0,0.978435,1
1,1,0.956372,1
2,2,0.784465,1
1,1,0.769895,1
2,2,0.991836,1
0,0,0.590453,1
1,1,0.505387,1
2,2,0.859278,1
2,2,0.766687,1
0,0,0.992329,1
2,2,0.987398,1
1,1,0.548319,1
2,2,0.979941,1
2,2,0.993233,1
2,2,0.785623,1
2,2,0.652981,1
1,1,0.91714,1
1,1,0.804024,1
1,1,0.724436,1
0,0,0.985499,1
1,1,0.904344,1
1,1,0.586108,1
2,2,0.988024,1
0,0,0.989359,1
2,2,0.807685,1
0,0,0.65467,1
1,1,0.956706,1
0,0,0.992217,1
1,1,0.816614,1
0,0,0.991895,1
0,0,0.981923,1
2,2,0.974736,1
0,1,0.514,0
0,0,0.981169,1
2,2,0.994346,1
1,1,0.613263,1
1,1,0.700208,1
0,0,0.818955,1
2,2,0.993471,1
0,0,0.986621,1
2,2,0.971618,1
0,0,0.98304,1
1,1,0.789599,1
0,0,0.710302,1
2,2,0.984139,1
1,1,0.730139,1
2,2,0.993245,1
2,2,0.791288,1
0,0,0.988698,1
2,2,0.969952,1
0,0,0.98423,1
0,0,0.589563,1
0,0,0.976795,1
1,1,0.749649,1
1,2,0.541682,0
2,2,0.628869,1
1,1,0.901766,1
0,0,0.981348,1
0,1,0.532666,0
1,1,0.957104,1
1,1,0.953643,1
0,0,0.976196,1
0,0,0.983461,1
1,1,0.685927,1
0,0,0.986827,1
0,0,0.981599,1
2,2,0.500957,1
1,1,0.559859,1
1,1,0.926955,1
2,2,0.988533,1
2,2,0.692199,1
1,1,0.523725,1
2,2,0.960005,1
1,1,0.806971,1
1,1,0.675889,1
2,2,0.977438,1
1,1,0.94862,1
0,0,0.977815,1
1,1,0.639722,1
1,1,0.956478,1
0,0,0.990777,1
0,0,0.990577,1
2,2,0.678164,1
1,1,0.791132,1
1,1,0.95647,1
1,1,0.957442,1
1,1,0.945825,1
1,1,0.946926,1
0,0,0.990758,1
0,0,0.989365,1
2,2,0.978083,1
2,2,0.989077,1
2,2,0.873276,1
2,2,0.997388,1
2,2,0.983008,1
2,2,0.58471,1
0,0,0.984031,1
2,2,0.989931,1
1,1,0.852488,1
2,2,0.778757,1
2,2,0.78347,1
0,0,0.717584,1
0,0,0.983325,1
1,1,0.769708,1
1,1,0.93107,1
0,0,0.989375,1
2,2,0.97976,1
2,2,0.991195,1
0,0,0.822237,1
0,0,0.775211,1
2,2,0.966892,1
1,2,0.588583,0
1,1,0.955412,1
1,1,0.689269,1
0,0,0.756496,1
2,2,0.936495,1
2,2,0.697833,1
2,2,0.993884,1
2,2,0.636143,1
2,2,0.734807,1
1,1,0.830021,1
0,0,0.981344,1
1,2,0.511059,0
1,1,0.705236,1
2,2,0.994749,1
2,2,0.996151,1
1,1,0.932282,1
2,2,0.782055,1
2,2,0.990284,1
1,1,0.673018,1
1,1,0.817441,1
2,2,0.975457,1
1,1,0.950063,1
2,2,0.970705,1
2,2,0.989167,1
0,0,0.994303,1
1,1,0.943207,1
0,1,0.70454,0
0,0,0.811829,1
0,1,0.604698,0
1,1,0.77545,1
1,1,0.613029,1
0,0,0.982526,1
1,1,0.940368,1
1,1,0.930543,1
1,2,0.502471,0
0,0,0.97802,1
2,2,0.981298,1
2,2,0.996104,1
0,0,0.971889,1
0,0,0.669896,1
2,2,0.970887,1
2,2,0.85274,1
0,0,0.860782,1
0,0,0.991801,1
0,0,0.60177,1
2,2,0.845236,1
0,0,0.990744,1
0,1,0.533824,0
2,2,0.987842,1
1,1,0.866786,1
1,1,0.956801,1
1,1,0.754971,1
1,1,0.957039,1
1,1,0.955503,1
2,2,0.995108,1
0,0,0.812504,1
1,1,0.911525,1
0,1,0.677523,0
0,1,0.703947,0
2,2,0.995325,1
2,2,0.974365,1
2,2,0.990051,1
0,0,0.982526,1
2,2,0.974082,1
0,0,0.975389,1
2,2,0.792995,1
1,1,0.722682,1
2,2,0.996324,1
0,0,0.9908,1
1,1,0.956057,1
1,1,0.956813,1
2,2,0.992183,1
0,0,0.783244,1
0,0,0.527551,1
0,1,0.560371,0
1,1,0.958198,1
2,2,0.875673,1
1,1,0.957206,1
0,0,0.992445,1
0,0,0.760027,1
0,0,0.990773,1
0,0,0.970956,1
2,2,0.995319,1
1,1,0.500485,1
1,1,0.930624,1
1,1,0.69599,1
1,1,0.921014,1
0,0,0.99137,1
2,2,0.988371,1
2,2,0.723007,1
0,0,0.625289,1
0,0,0.984485,1
2,2,0.652802,1
2,2,0.962144,1
2,2,0.861062,1
1,1,0.5689,1
0,0,0.994437,1
0,0,0.974553,1
2,2,0.992405,1
2,2,0.993854,1
2,2,0.99445,1
2,2,0.79089,1
0,0,0.972427,1
2,2,0.992923,1
0,0,0.984477,1
1,1,0.506379,1
2,2,0.986567,1
1,1,0.657802,1
2,2,0.978839,1
0,0,0.983148,1
0,0,0.977023,1
1,0,0.649146,0
1,0,0.684262,0
1,1,0.613016,1
2,2,0.987472,1
2,2,0.997159,1
1,1,0.951417,1
0,0,0.968444,1
0,0,0.877081,1
2,2,0.540743,1
1,1,0.921703,1
1,1,0.592705,1
2,2,0.783547,1
0,0,0.972814,1
2,2,0.974077,1
0,0,0.819897,1
1,1,0.577353,1
0,0,0.987397,1
1,0,0.625592,0
2,2,0.635193,1
1,1,0.952952,1
0,0,0.989608,1
2,2,0.975475,1
2,2,0.737395,1
1,1,0.795633,1
1,1,0.841308,1
2,2,0.816678,1
1,1,0.775628,1
1,1,0.925283,1
1,1,0.955335,1
1,1,0.79569,1
0,0,0.984017,1
2,2,0.990738,1
2,2,0.979135,1
1,1,0.571383,1
1,1,0.724083,1
2,2,0.993147,1
1,1,0.822757,1
0,0,0.637792,1
0,0,0.980198,1
1,1,0.585144,1
2,2,0.983303,1
1,1,0.762497,1
2,2,0.983145,1
2,2,0.984744,1
1,1,0.836432,1
0,0,0.984973,1
0,0,0.98845,1
0,0,0.842653,1
1,1,0.772507,1
0,0,0.953322,1
1,1,0.519069,1
0,0,0.876511,1
1,1,0.947469,1
0,0,0.971331,1
2,2,0.971707,1
1,1,0.716855,1
2,2,0.988044,1
2,2,0.507677,1
2,2,0.995858,1
2,2,0.980355,1
0,0,0.911052,1
2,2,0.975707,1
1,1,0.81375,1
2,2,0.988661,1
2,2,0.995196,1
1,1,0.502084,1
1,1,0.956754,1
1,1,0.776313,1
0,0,0.992159,1
2,1,0.707736,0
2,2,0.989672,1
1,1,0.699491,1
1,1,0.683038,1
0,0,0.992014,1
2,2,0.996475,1
0,0,0.736974,1
1,2,0.695528,0
1,1,0.785713,1
1,1,0.761967,1
2,2,0.844833,1
0,0,0.974163,1
1,1,0.925056,1
1,1,0.950708,1
1,1,0.956487,1
1,0,0.503009,0
0,0,0.987938,1
1,0,0.497569,0
2,2,0.994119,1
0,0,0.744672,1
1,1,0.553922,1
1,1,0.721134,1
0,0,0.993208,1
1,1,0.626723,1
0,0,0.973466,1
2,2,0.85288,1
0,0,0.991751,1
0,0,0.89524,1
2,2,0.714804,1
2,2,0.874229,1
0,0,0.913899,1
1,1,0.953101,1
0,0,0.985149,1
2,2,0.983944,1
1,1,0.954083,1
1,1,0.956036,1
2,2,0.524809,1
0,0,0.836026,1
0,0,0.985086,1
0,0,0.969375,1
1,2,0.679701,0
0,0,0.979841,1
2,2,0.543157,1
0,0,0.985792,1
1,1,0.95747,1
2,2,0.982789,1
0,0,0.951345,1
0,0,0.852217,1
1,1,0.956391,1
0,0,0.989035,1
2,2,0.767645,1
0,0,0.969952,1
2,2,0.973934,1
2,2,0.978916,1
0,0,0.985969,1
2,2,0.798337,1
2,1,0.707736,0
1,1,0.725839,1
0,0,0.983996,1
1,1,0.692644,1
1,1,0.476396,1
1,1,0.951726,1
0,0,0.588117,1
0,0,0.982862,1
0,0,0.991078,1
1,1,0.952638,1
1,1,0.666287,1
2,2,0.828262,1
0,0,0.987374,1
1,1,0.847317,1
0,0,0.989191,1
0,0,0.977529,1
1,1,0.705918,1
0,0,0.987892,1
0,0,0.98136,1
2,2,0.98538,1
1,1,0.754947,1
2,2,0.987581,1
2,2,0.798714,1
2,2,0.993591,1
1,1,0.744068,1
0,0,0.966517,1
2,2,0.622162,1
2,2,0.982495,1
1,1,0.703733,1
0,0,0.635258,1
0,0,0.972137,1
2,2,0.720104,1
0,0,0.991466,1
1,1,0.956693,1
1,1,0.956743,1
0,0,0.987144,1
2,2,0.992823,1
0,0,0.790402,1
2,2,0.889075,1
1,1,0.957985,1
0,0,0.67706,1
0,0,0.988931,1
1,1,0.955898,1
2,2,0.99214,1
2,2,0.986166,1
1,1,0.794455,1
1,1,0.647856,1
2,2,0.820555,1
1,1,0.916771,1
2,2,0.9899,1
0,0,0.529503,1
1,1,0.947843,1
1,1,0.756191,1
2,2,0.768978,1
0,0,0.756735,1
0,0,0.984475,1
1,1,0.93903,1
0,0,0.850682,1
0,0,0.694364,1
2,2,0.983021,1
1,1,0.669094,1
2,2,0.982907,1
0,0,0.980324,1
1,1,0.948181,1
2,2,0.980752,1
0,0,0.642838,1
0,1,0.563172,0
1,1,0.765706,1
1,1,0.623089,1
2,2,0.985001,1
0,0,0.991501,1
1,2,0.622412,0
1,1,0.789112,1
0,0,0.972699,1
2,2,0.670437,1
0,0,0.992533,1
2,2,0.974851,1
2,2,0.98704,1
0,0,0.981959,1
2,2,0.721451,1
2,2,0.861979,1
0,0,0.974582,1
2,2,0.98853,1
2,2,0.988815,1
1,2,0.573274,0
2,2,0.976857,1
2,2,0.709986,1
2,2,0.98078,1
2,2,0.989922,1
0,0,0.980184,1
1,1,0.769438,1
0,0,0.983793,1
2,2,0.815321,1
1,1,0.6666,1
2,2,0.994174,1
2,2,0.99107,1
1,1,0.660028,1
0,0,0.969676,1
0,0,0.787641,1
1,2,0.497784,0
1,1,0.957182,1
0,1,0.784678,0
1,1,0.943528,1
0,0,0.978905,1
2,2,0.963945,1
2,2,0.625446,1
0,0,0.983717,1
2,2,0.99569,1
0,0,0.556406,1
0,0,0.991801,1
0,0,0.741931,1
2,2,0.9909,1
2,2,0.743957,1
0,0,0.970757,1
0,0,0.983039,1
0,0,0.991775,1
1,1,0.615484,1
0,0,0.777981,1
0,0,0.842238,1
2,2,0.996802,1
2,2,0.982707,1
2,2,0.992009,1
2,2,0.987705,1
0,0,0.895057,1
0,0,0.75318,1
1,1,0.617545,1
0,0,0.967439,1
1,1,0.950299,1
0,1,0.654229,0
2,2,0.991906,1
1,1,0.932109,1
2,2,0.984744,1
1,1,0.822801,1
0,0,0.977072,1
0,0,0.991948,1
0,0,0.980837,1
2,2,0.978181,1
1,1,0.931151,1
2,2,0.771862,1
2,2,0.837112,1
1,1,0.951428,1
1,1,0.956711,1
2,2,0.995559,1
1,1,0.852579,1
0,0,0.99318,1
2,2,0.988504,1
0,0,0.983473,1
1,1,0.958085,1
1,1,0.9501,1
0,0,0.994418,1
0,0,0.973902,1
1,1,0.957629,1
2,2,0.99559,1
0,0,0.783434,1
1,1,0.565415,1
2,2,0.991035,1
2,2,0.655505,1
0,0,0.98431,1
2,2,0.981395,1
2,2,0.978346,1
2,2,0.985186,1
0,0,0.684964,1
2,2,0.990983,1
0,1,0.600424,0
1,1,0.646484,1
1,1,0.791908,1
1,1,0.818575,1
1,1,0.955892,1
1,1,0.941447,1
1,1,0.876124,1
2,2,0.697899,1
1,1,0.956051,1
1,1,0.848425,1
2,2,0.982979,1
0,0,0.766347,1
2,2,0.721169,1
1,2,0.598868,0
1,1,0.521297,1
2,2,0.990051,1
1,1,0.759409,1
0,0,0.969527,1
0,0,0.993229,1
2,2,0.976475,1
0,0,0.975162,1
0,0,0.506634,1
2,2,0.992461,1
2,2,0.630086,1
2,2,0.984415,1
0,0,0.664458,1
0,0,0.78968,1
1,1,0.942209,1
0,0,0.984031,1
0,0,0.741818,1
0,0,0.993854,1
1,1,0.947404,1
2,1,0.507179,0
1,1,0.602823,1
2,2,0.846618,1
2,2,0.992408,1
0,0,0.99499,1
0,0,0.706704,1
1,1,0.955728,1
2,2,0.987911,1
2,2,0.991402,1
1,1,0.656305,1
2,2,0.846047,1
2,2,0.993949,1
0,0,0.989121,1
0,0,0.993562,1
0,0,0.992702,1
2,2,0.988351,1
2,2,0.994088,1
0,0,0.989281,1
0,0,0.989138,1
1,1,0.713467,1
0,0,0.980996,1
1,1,0.659078,1
2,2,0.991791,1
2,2,0.767736,1
2,2,0.990968,1
2,2,0.975984,1
2,2,0.986675,1
2,2,0.644071,1
0,1,0.598009,0
1,2,0.526779,0
0,0,0.836067,1
1,1,0.955037,1
2,2,0.983699,1
2,2,0.984998,1
0,0,0.597843,1
1,1,0.660336,1
1,1,0.826742,1
2,2,0.991789,1
1,1,0.944396,1
1,1,0.95642,1
0,0,0.994304,1
2,2,0.997698,1
2,2,0.765728,1
2,2,0.99015,1
2,2,0.986243,1
0,1,0.675435,0
1,1,0.555708,1
0,0,0.983021,1
2,2,0.867928,1
2,2,0.979306,1
1,1,0.952123,1
1,1,0.639208,1
0,0,0.992022,1
0,0,0.789702,1
1,1,0.869827,1
2,2,0.973862,1
0,0,0.99235,1
1,1,0.678308,1
0,0,0.990419,1
0,0,0.798445,1
2,2,0.98538,1
1,0,0.554744,0
1,1,0.700458,1
2,2,0.976949,1
1,1,0.944686,1
1,0,0.523433,0
0,0,0.991789,1
0,0,0.764395,1
1,2,0.572928,0
2,2,0.839222,1
1,1,0.689052,1
0,0,0.99252,1
0,0,0.976034,1
1,1,0.957477,1
0,0,0.627339,1
2,2,0.827915,1
0,0,0.953322,1
2,2,0.985186,1
2,2,0.974515,1
2,2,0.989201,1
1,0,0.680878,0
1,1,0.674467,1
0,0,0.982286,1
0,0,0.989933,1
1,1,0.849524,1
2,2,0.835803,1
2,2,0.609324,1
1,1,0.581778,1
2,2,0.693414,1
1,1,0.658131,1
0,0,0.986101,1
1,1,0.856433,1
0,1,0.698515,0
2,2,0.981897,1
0,0,0.988447,1
1,1,0.804484,1
1,1,0.840712,1
1,1,0.956445,1
2,2,0.970613,1
2,2,0.803792,1
0,0,0.981221,1
2,2,0.975379,1
1,1,0.611163,1
1,1,0.666594,1
1,1,0.921184,1
0,0,0.841429,1
1,1,0.548571,1
1,1,0.956608,1
1,0,0.595314,0
0,0,0.521887,1
1,1,0.724021,1
1,1,0.924423,1
0,0,0.985704,1
0,0,0.565631,1
2,2,0.759874,1
1,1,0.577503,1
2,2,0.979667,1
1,1,0.94442,1
1,0,0.720955,0
2,2,0.993523,1
2,2,0.99291,1
1,1,0.766253,1
2,2,0.801859,1
1,1,0.747974,1
1,1,0.692438,1
0,0,0.986327,1
2,2,0.989351,1
2,2,0.993945,1
1,1,0.588921,1
0,0,0.984849,1
2,2,0.97339,1
2,2,0.995537,1
1,1,0.950263,1
1,1,0.592561,1
0,0,0.974637,1
2,2,0.854584,1
1,1,0.958063,1
2,2,0.622162,1
1,1,0.821761,1
0,0,0.788835,1
1,0,0.553799,0
0,1,0.557752,0
2,2,0.751164,1
2,2,0.979517,1
0,0,0.815446,1
2,2,0.985493,1
0,0,0.983323,1
1,0,0.704129,0
0,1,0.602048,0
1,1,0.827974,1
0,0,0.985082,1
1,1,0.956785,1
1,1,0.642763,1
0,1,0.584422,0
2,2,0.788015,1
0,0,0.991434,1
2,2,0.971192,1
2,2,0.852318,1
1,1,0.939683,1
0,0,0.576903,1
1,1,0.739557,1
1,1,0.831116,1
0,0,0.983268,1
0,0,0.782325,1
2,2,0.980657,1
0,0,0.619626,1
2,2,0.980424,1
0,0,0.85651,1
2,2,0.976876,1
2,2,0.977374,1
2,2,0.974876,1
0,0,0.994172,1
0,0,0.978981,1
0,0,0.799191,1
1,1,0.945633,1
2,2,0.870876,1
0,0,0.966517,1
1,1,0.903801,1
0,0,0.986188,1
1,1,0.674212,1
2,2,0.796625,1
2,2,0.976212,1
2,2,0.984257,1
1,1,0.727871,1
2,2,0.975457,1
0,0,0.969246,1
2,2,0.995685,1
1,1,0.532921,1
2,2,0.988355,1
1,1,0.841326,1
2,2,0.828869,1
0,0,0.783244,1
0,0,0.500928,1
2,2,0.982795,1
0,0,0.983116,1
0,0,0.978268,1
0,0,0.705192,1
0,0,0.988347,1
0,1,0.734968,0
0,0,0.655178,1
2,2,0.97989,1
2,2,0.543138,1
2,2,0.991093,1
1,1,0.769359,1
2,2,0.988657,1
1,1,0.827277,1
1,1,0.678152,1
1,1,0.923792,1
1,1,0.939879,1
2,2,0.963546,1
2,2,0.994995,1
0,0,0.830531,1
0,0,0.977072,1
0,0,0.859428,1
2,2,0.75397,1
2,2,0.994749,1
1,1,0.726459,1
1,1,0.791317,1
0,0,0.967336,1
2,2,0.962416,1
2,2,0.992522,1
2,2,0.9952,1
0,0,0.660352,1
2,2,0.974528,1
2,2,0.7133,1
2,2,0.991231,1
2,2,0.827269,1
0,0,0.60177,1
1,1,0.59446,1
0,0,0.986741,1
0,0,0.985939,1
1,1,0.929968,1
1,1,0.948353,1
0,0,0.808485,1
2,1,0.568759,0
2,2,0.618842,1
0,0,0.989812,1
0,0,0.721838,1
0,0,0.573255,1
2,2,0.983554,1
2,2,0.991633,1
1,1,0.955892,1
2,2,0.76684,1
1,1,0.826153,1
1,1,0.955644,1
1,1,0.955704,1
1,1,0.752302,1
1,2,0.637829,0
1,1,0.543295,1
1,1,0.956835,1
1,1,0.953858,1
0,0,0.990884,1
1,1,0.947844,1
0,0,0.991078,1
2,2,0.710822,1
0,0,0.990657,1
1,1,0.957677,1
0,0,0.975806,1
1,1,0.957191,1
2,2,0.71276,1
2,2,0.969758,1
0,0,0.972572,1
1,1,0.8211,1
2,2,0.988669,1
1,1,0.810167,1
2,1,0.739433,0
1,1,0.930792,1
2,2,0.86604,1
2,2,0.990427,1
0,0,0.637519,1
2,2,0.992385,1
1,1,0.93816,1
0,0,0.990406,1
2,2,0.838682,1
1,1,0.840446,1
0,0,0.832612,1
1,1,0.952922,1
2,2,0.828024,1
0,0,0.752613,1
0,0,0.66205,1
1,0,0.691497,0
1,1,0.920861,1
0,0,0.974061,1
1,2,0.61477,0
0,0,0.973645,1
1,1,0.854315,1
1,1,0.525501,1
0,0,0.866578,1
1,0,0.55066,0
0,0,0.983717,1
1,1,0.547489,1
0,0,0.959533,1
1,2,0.564849,0
1,1,0.801645,1
2,2,0.751207,1
2,2,0.992385,1
0,0,0.983279,1
0,0,0.990235,1
2,2,0.992244,1
2,2,0.905796,1
2,2,0.765728,1
2,2,0.841534,1
1,1,0.957626,1
2,2,0.874425,1
0,0,0.994675,1
2,2,0.976211,1
1,1,0.95733,1
2,2,0.994421,1
2,2,0.803282,1
2,2,0.721538,1
0,0,0.981348,1
2,2,0.975464,1
1,1,0.69092,1
2,2,0.987207,1
1,1,0.781648,1
1,1,0.781665,1
1,1,0.95242,1
2,2,0.973653,1
2,2,0.995108,1
1,1,0.910321,1
2,2,0.97107,1
0,1,0.58653,0
0,0,0.993146,1
2,2,0.989501,1
0,0,0.981682,1
0,1,0.59512,0
0,0,0.529428,1
1,1,0.929296,1
2,2,0.982429,1
1,1,0.757137,1
2,2,0.962272,1
2,1,0.543706,0
0,0,0.986225,1
2,2,0.981461,1
1,0,0.526282,0
0,0,0.991571,1
1,1,0.886849,1
0,0,0.979754,1
2,1,0.568759,0
0,0,0.982525,1
1,2,0.538582,0
1,1,0.664694,1
0,0,0.990404,1
1,1,0.951451,1
2,2,0.699264,1
0,0,0.989889,1
0,0,0.989347,1
2,2,0.994966,1
0,0,0.985627,1
2,2,0.637357,1
1,1,0.802502,1
0,0,0.993362,1
0,0,0.981894,1
0,0,0.986051,1
1,1,0.770457,1
0,0,0.994231,1
0,0,0.985627,1
0,0,0.777981,1
0,0,0.990879,1
0,0,0.642838,1
1,1,0.945947,1
2,2,0.992106,1
0,0,0.90092,1
2,2,0.749394,1
2,2,0.973929,1
2,2,0.994174,1
2,2,0.996495,1
0,0,0.986973,1
1,1,0.947908,1
1,1,0.956066,1
2,2,0.983851,1
0,0,0.994289,1
1,1,0.774662,1
1,1,0.95712,1
1,2,0.527268,0
2,2,0.846073,1
2,2,0.99433,1
1,1,0.946015,1
0,0,0.713874,1
0,0,0.975434,1
2,2,0.705881,1
1,1,0.921956,1
2,2,0.995556,1
1,1,0.949189,1
1,1,0.744836,1
1,1,0.947697,1
2,2,0.985638,1
1,2,0.62631,0
1,1,0.956721,1
1,1,0.762984,1
1,1,0.616982,1
1,2,0.554309,0
2,2,0.995556,1
2,2,0.797707,1
0,0,0.979178,1
0,0,0.800949,1
0,0,0.983216,1
2,2,0.842127,1
1,1,0.743546,1
2,2,0.979154,1
1,1,0.702006,1
1,1,0.945382,1
1,1,0.687624,1
1,1,0.748035,1
0,0,0.685055,1
0,0,0.761843,1
2,2,0.986889,1
1,1,0.530464,1
0,0,0.984591,1
2,2,0.988705,1
0,0,0.834244,1
2,2,0.978796,1
0,0,0.980877,1
2,2,0.990142,1
1,1,0.951837,1
1,1,0.627891,1
2,2,0.962866,1
2,2,0.70679,1
2,2,0.819643,1
2,2,0.970115,1
2,2,0.984905,1
1,1,0.652543,1
1,1,0.682537,1
2,2,0.846631,1
2,2,0.824883,1
0,0,0.986986,1
2,2,0.987857,1
1,1,0.618063,1
0,0,0.982637,1
2,2,0.853429,1
1,1,0.852013,1
1,1,0.957895,1
2,2,0.983145,1
2,2,0.820911,1
1,1,0.952081,1
1,1,0.706443,1
1,1,0.940958,1
2,2,0.765425,1
0,0,0.832324,1
2,2,0.802075,1
1,2,0.64442,0
1,1,0.95549,1
0,0,0.993871,1
2,2,0.984779,1
2,2,0.992753,1
0,0,0.994099,1
2,2,0.827915,1
1,1,0.955732,1
0,0,0.991783,1
0,0,0.799191,1
0,0,0.980469,1
1,1,0.951929,1
2,2,0.994451,1
2,2,0.860814,1
1,1,0.751822,1
2,2,0.99325,1
0,0,0.964988,1
2,2,0.983704,1
1,1,0.735789,1
1,1,0.749575,1
1,1,0.947106,1
1,1,0.956941,1
1,1,0.95805,1
0,0,0.543047,1
0,0,0.984678,1
0,0,0.976071,1
1,1,0.685144,1
2,2,0.978181,1
0,0,0.609273,1
0,0,0.685659,1
0,0,0.851641,1
1,1,0.813229,1
1,1,0.682002,1
2,2,0.984673,1
0,0,0.990407,1
1,1,0.953908,1
0,0,0.983449,1
2,2,0.79089,1
2,2,0.906119,1
1,1,0.815319,1
1,0,0.699083,0
1,1,0.956281,1
2,2,0.992991,1
0,0,0.983717,1
1,1,0.592385,1
1,1,0.957119,1
0,0,0.990574,1
1,2,0.667854,0
2,2,0.996162,1
1,1,0.851017,1
1,1,0.691056,1
1,1,0.805897,1
2,2,0.982924,1
0,0,0.986583,1
2,2,0.715977,1
1,1,0.954244,1
0,0,0.990802,1
0,0,0.988829,1
2,2,0.508974,1
2,2,0.972753,1
1,1,0.697519,1
1,1,0.952229,1
1,1,0.820136,1
2,2,0.993445,1
0,0,0.546931,1
1,1,0.784624,1
0,0,0.96984,1
1,1,0.772953,1
2,2,0.98505,1
1,1,0.855758,1
2,2,0.745377,1
2,2,0.866299,1
2,2,0.993646,1
0,0,0.714434,1
0,0,0.627482,1
1,1,0.781643,1
0,0,0.63335,1
0,0,0.989035,1
0,0,0.993815,1
1,1,0.662433,1
2,2,0.796874,1
2,2,0.833699,1
2,2,0.99419,1
0,0,0.980509,1
0,0,0.957209,1
0,0,0.97573,1
2,2,0.835803,1
2,2,0.979154,1
2,2,0.853412,1
2,2,0.827817,1
1,0,0.631944,0
2,2,0.985066,1
0,0,0.988261,1
1,1,0.724127,1
0,0,0.993871,1
0,1,0.654249,0
1,1,0.758118,1
1,0,0.644607,0
1,1,0.941858,1
0,0,0.993315,1
1,1,0.795907,1
1,1,0.957344,1
2,2,0.973862,1
2,2,0.84442,1
2,2,0.847603,1
2,2,0.984767,1
1,0,0.695695,0
0,0,0.984074,1
1,1,0.595475,1
0,0,0.993073,1
1,1,0.682307,1
1,1,0.667508,1
0,0,0.989509,1
1,1,0.650656,1
0,0,0.986594,1
2,2,0.994155,1
0,1,0.52461,0
2,2,0.98107,1
1,1,0.854084,1
2,2,0.603541,1
2,2,0.992473,1
0,0,0.983494,1
0,0,0.976208,1
0,0,0.981977,1
1,2,0.626141,0
1,2,0.614593,0
2,2,0.979991,1
1,1,0.679816,1
0,0,0.986224,1
1,1,0.694377,1
1,1,0.746839,1
2,2,0.650209,1
1,1,0.934853,1
2,2,0.984556,1
1,1,0.686505,1
0,0,0.966649,1
1,1,0.814612,1
0,0,0.98816,1
0,0,0.980147,1
2,2,0.982951,1
1,1,0.617786,1
2,2,0.765425,1
1,1,0.814882,1
2,2,0.845542,1
2,2,0.886818,1
2,2,0.982669,1
1,1,0.683138,1
1,1,0.945018,1
1,1,0.825096,1
0,0,0.986616,1
1,1,0.95628,1
1,1,0.650918,1
1,1,0.655422,1
2,2,0.975204,1
2,1,0.648298,0
2,2,0.986525,1
2,2,0.785623,1
0,0,0.978394,1
0,0,0.984155,1
2,2,0.855583,1
2,2,0.844833,1
0,0,0.992159,1
2,2,0.970254,1
2,1,0.561457,0
1,1,0.529852,1
2,2,0.987028,1
2,2,0.97524,1
2,2,0.991349,1
1,1,0.775658,1
0,0,0.984561,1
1,1,0.759117,1
1,1,0.825467,1
2,2,0.988517,1
2,2,0.991165,1
2,2,0.964092,1
1,1,0.755867,1
1,1,0.841294,1
0,1,0.603905,0
1,1,0.783329,1
2,2,0.996465,1
1,1,0.845335,1
2,2,0.867421,1
2,2,0.685458,1
2,2,0.810262,1
0,0,0.990494,1
0,0,0.984356,1
1,1,0.957552,1
2,2,0.9899,1
0,0,0.977174,1
2,2,0.883282,1
2,2,0.97984,1
1,1,0.949711,1
1,1,0.939736,1
0,0,0.970443,1
2,2,0.799675,1
2,2,0.994772,1
1,1,0.802737,1
0,0,0.987799,1
2,2,0.724093,1
0,0,0.987227,1
1,1,0.542964,1
0,0,0.879113,1
2,2,0.834869,1
2,2,0.986896,1
2,2,0.705032,1
0,0,0.592156,1
1,1,0.744947,1
0,0,0.990253,1
1,0,0.730979,0
1,1,0.951997,1
0,0,0.98561,1
2,2,0.983049,1
1,1,0.756523,1
2,2,0.995944,1
0,0,0.992953,1
0,0,0.980421,1
0,0,0.738669,1
0,0,0.990953,1
0,0,0.9908,1
1,1,0.948219,1
2,2,0.791203,1
2,2,0.705769,1
0,0,0.984443,1
1,0,0.603987,0
0,0,0.977502,1
0,0,0.967644,1
2,2,0.994346,1
1,0,0.548458,0
0,0,0.991268,1
2,2,0.977579,1
1,1,0.593446,1
0,0,0.985759,1
1,1,0.95616,1
0,0,0.986618,1
1,1,0.601206,1
2,2,0.779553,1
1,1,0.936838,1
2,2,0.995917,1
1,1,0.718251,1
2,2,0.543157,1
2,2,0.985465,1
1,1,0.954777,1
2,2,0.651607,1
1,1,0.76469,1
0,0,0.993238,1
0,0,0.964029,1
2,2,0.645985,1
0,0,0.989191,1
2,2,0.993688,1
0,0,0.977968,1
1,1,0.748535,1
0,0,0.974163,1
0,1,0.714991,0
1,2,0.599991,0
2,2,0.984739,1
1,1,0.954577,1
0,0,0.971021,1
1,1,0.726157,1
1,1,0.956315,1
2,2,0.989901,1
0,0,0.690496,1
2,2,0.990324,1
2,2,0.973161,1
1,1,0.947677,1
2,2,0.833869,1
0,0,0.670683,1
0,0,0.800364,1
0,0,0.971351,1
2,2,0.764574,1
0,0,0.988075,1
0,0,0.988138,1
1,1,0.652789,1
2,2,0.839868,1
0,0,0.798179,1
0,0,0.970026,1
2,2,0.857631,1
2,2,0.697833,1
0,0,0.993073,1
1,1,0.896178,1
0,0,0.786005,1
2,2,0.76546,1
0,0,0.539613,1
2,2,0.805495,1
0,0,0.985355,1
2,2,0.99092,1
2,2,0.763911,1
0,1,0.538795,0
2,2,0.833635,1
1,1,0.920964,1
2,2,0.813709,1
1,1,0.812617,1
1,1,0.950298,1
1,1,0.704407,1
2,2,0.982983,1
2,2,0.985311,1
2,2,0.991435,1
0,0,0.977968,1
1,0,0.588627,0
1,1,0.670887,1
0,0,0.987299,1
0,0,0.995315,1
2,2,0.835542,1
0,0,0.989138,1
1,2,0.509038,0
1,0,0.617504,0
2,2,0.993765,1
2,2,0.988587,1
1,1,0.815885,1
0,0,0.56796,1
1,2,0.635415,0
1,1,0.814892,1
1,1,0.496435,1
1,2,0.561312,0
1,1,0.949103,1
1,1,0.819436,1
2,2,0.985297,1
1,1,0.843064,1
0,0,0.989836,1
0,0,0.988049,1
0,1,0.625573,0
0,0,0.54675,1
1,1,0.70788,1
0,0,0.824832,1
2,2,0.742952,1
1,1,0.945595,1
1,0,0.558435,0
0,0,0.985939,1
1,1,0.952497,1
1,1,0.956806,1
0,0,0.994543,1
1,1,0.953445,1
2,2,0.990648,1
0,0,0.983461,1
1,1,0.658303,1
2,2,0.853813,1
1,1,0.661329,1
1,1,0.699546,1
1,1,0.954711,1
1,1,0.956612,1
1,1,0.706311,1
0,0,0.975872,1
1,1,0.764054,1
1,2,0.554762,0
1,1,0.56099,1
1,0,0.602576,0
1,1,0.957494,1
0,0,0.819661,1
1,1,0.954949,1
1,1,0.950226,1
2,2,0.984998,1
1,0,0.566325,0
1,1,0.955361,1
2,2,0.710822,1
2,2,0.983851,1
1,1,0.947878,1
0,1,0.735267,0
1,1,0.949966,1
2,2,0.988413,1
1,1,0.764788,1
0,0,0.855251,1
0,0,0.917317,1
0,0,0.713989,1
2,2,0.967373,1
2,2,0.996102,1
1,1,0.650418,1
2,2,0.881318,1
0,0,0.991638,1
0,0,0.991056,1
0,0,0.619875,1
0,0,0.989428,1
1,1,0.957396,1
1,1,0.946044,1
2,2,0.836404,1
1,1,0.599064,1
0,0,0.979466,1
1,1,0.776644,1
1,1,0.816671,1
2,2,0.989876,1
2,2,0.968517,1
2,2,0.996633,1
1,1,0.838274,1
0,0,0.980964,1
2,2,0.786272,1
0,0,0.977883,1
1,1,0.839589,1
2,2,0.780015,1
2,2,0.996661,1
2,2,0.756244,1
2,2,0.992524,1
0,0,0.990235,1
2,2,0.98979,1
0,0,0.993362,1
1,1,0.498619,1
1,0,0.525696,0
0,0,0.972664,1
2,2,0.99627,1
2,2,0.982903,1
0,0,0.769004,1
1,1,0.775647,1
2,2,0.853429,1
2,2,0.784944,1
1,1,0.797869,1
2,2,0.813101,1
1,1,0.957321,1
1,1,0.653034,1
0,0,0.983116,1
1,0,0.609627,0
0,0,0.913945,1
1,1,0.587916,1
0,0,0.820861,1
1,1,0.944741,1
1,1,0.561598,1
2,2,0.721764,1
0,0,0.984988,1
2,2,0.975708,1
0,0,0.974757,1
1,1,0.764356,1
2,2,0.882364,1
2,1,0.582364,0
0,0,0.991789,1
0,0,0.525958,1
2,2,0.995944,1
2,2,0.985755,1
2,2,0.653945,1
2,2,0.846073,1
1,1,0.739005,1
1,1,0.957431,1
1,1,0.942093,1
2,2,0.994221,1
2,2,0.992918,1
2,2,0.991501,1
1,1,0.721908,1
1,1,0.507565,1
1,1,0.941121,1
0,0,0.982765,1
0,0,0.976806,1
2,2,0.796341,1
1,1,0.64368,1
1,1,0.734552,1
2,2,0.983812,1
2,2,0.839625,1
1,1,0.765588,1
2,2,0.616946,1
0,0,0.984329,1
2,2,0.636143,1
0,0,0.660352,1
1,1,0.95701,1
2,2,0.971416,1
0,1,0.538795,0
0,0,0.980404,1
2,2,0.987472,1
1,1,0.950778,1
0,0,0.965723,1
0,0,0.988002,1
2,2,0.990284,1
1,1,0.520754,1
0,0,0.985602,1
1,1,0.955543,1
2,2,0.853429,1
1,2,0.554046,0
0,0,0.98779,1
2,2,0.969807,1
0,0,0.9859,1
1,1,0.834954,1
0,0,0.976027,1
2,2,0.982068,1
0,0,0.987737,1
2,2,0.984179,1
2,2,0.98564,1
1,1,0.957241,1
1,1,0.834993,1
2,2,0.993191,1
1,1,0.941891,1
0,0,0.642838,1
1,2,0.723911,0
2,2,0.987649,1
2,2,0.989513,1
0,0,0.968893,1
2,2,0.762986,1
0,0,0.987242,1
0,0,0.968054,1
1,0,0.639784,0
2,2,0.733474,1
0,0,0.990417,1
0,0,0.594356,1
1,1,0.782681,1
1,1,0.587838,1
2,2,0.99311,1
1,1,0.723056,1
0,0,0.981621,1
2,2,0.975974,1
2,2,0.748326,1
1,1,0.823344,1
0,0,0.775211,1
1,1,0.956654,1
0,0,0.977833,1
2,2,0.990284,1
2,2,0.982002,1
0,0,0.971408,1
2,2,0.879902,1
2,2,0.809976,1
1,1,0.73498,1
0,0,0.978884,1
2,2,0.96732,1
1,0,0.538542,0
0,0,0.988644,1
0,0,0.989281,1
0,0,0.965236,1
0,0,0.914161,1
1,1,0.70672,1
2,2,0.990422,1
2,2,0.990216,1
0,0,0.966906,1
2,2,0.983564,1
2,2,0.794083,1
1,1,0.845082,1
1,1,0.545277,1
1,0,0.584616,0
1,1,0.674929,1
0,0,0.985739,1
2,2,0.988572,1
2,2,0.978974,1
2,2,0.792239,1
2,2,0.996583,1
0,0,0.988971,1
0,0,0.989968,1
1,1,0.952081,1
2,2,0.579851,1
0,1,0.697014,0
1,1,0.584484,1
1,1,0.817765,1
0,0,0.98152,1
0,0,0.967336,1
0,1,0.590879,0
2,2,0.909824,1
0,0,0.547328,1
1,1,0.719744,1
1,1,0.943085,1
2,2,0.828829,1
2,2,0.991848,1
0,0,0.664458,1
0,0,0.983812,1
1,1,0.566192,1
2,2,0.845236,1
2,2,0.853429,1
1,1,0.955339,1
1,1,0.77387,1
1,1,0.952035,1
2,1,0.525973,0
0,0,0.785841,1
1,1,0.94258,1
2,2,0.990284,1
0,0,0.970447,1
1,1,0.570039,1
1,1,0.81465,1
1,1,0.935955,1
2,2,0.754611,1
1,1,0.60948,1
2,2,0.97508,1
1,0,0.621419,0
0,0,0.974482,1
2,2,0.980413,1
2,2,0.981269,1
0,0,0.876511,1
2,2,0.726615,1
2,2,0.991906,1
1,1,0.859484,1
2,2,0.991617,1
2,2,0.796341,1
0,0,0.75823,1
2,2,0.616842,1
1,2,0.563376,0
2,2,0.559091,1
0,0,0.535165,1
2,2,0.879648,1
0,0,0.987252,1
2,2,0.987902,1
2,2,0.980755,1
1,1,0.84348,1
1,0,0.598562,0
0,0,0.992852,1
1,1,0.850286,1
2,2,0.990635,1
0,0,0.989912,1
1,1,0.697743,1
0,0,0.883408,1
2,2,0.716612,1
1,1,0.937673,1
1,1,0.944874,1
0,0,0.973921,1
2,2,0.986646,1
2,2,0.976754,1
0,1,0.733809,0
1,2,0.766488,0
2,2,0.86767,1
2,2,0.799879,1
0,0,0.974163,1
1,1,0.673797,1
1,1,0.576929,1
1,1,0.662637,1
2,2,0.983138,1
1,1,0.769215,1
1,1,0.781935,1
1,1,0.813092,1
2,1,0.571052,0
0,0,0.718902,1
2,2,0.777414,1
2,2,0.743922,1
2,2,0.724732,1
0,0,0.969908,1
0,0,0.832788,1
0,1,0.615887,0
2,2,0.990422,1
2,2,0.972564,1
1,1,0.948907,1
0,0,0.992076,1
2,2,0.994243,1
2,2,0.771677,1
1,1,0.734329,1
1,1,0.656861,1
1,1,0.688709,1
2,2,0.988876,1
1,1,0.951156,1
0,0,0.798866,1
1,0,0.614519,0
2,2,0.994705,1
0,1,0.563172,0
1,1,0.806347,1
0,0,0.961571,1
1,1,0.956658,1
0,0,0.798006,1
1,1,0.62132,1
0,0,0.979449,1
1,1,0.957118,1
1,1,0.957538,1
0,0,0.983061,1
2,2,0.981072,1
1,1,0.616046,1
0,0,0.83804,1
1,1,0.955717,1
1,1,0.956373,1
0,0,0.985708,1
1,1,0.952627,1
1,1,0.955835,1
0,0,0.976027,1
1,1,0.955671,1
1,1,0.949358,1
2,2,0.989773,1
2,1,0.676291,0
0,0,0.975152,1
2,2,0.958895,1
1,1,0.79412,1
1,0,0.638186,0
1,1,0.556861,1
1,1,0.917335,1
2,2,0.990143,1
2,2,0.992023,1
0,0,0.977749,1
0,1,0.500324,0
1,1,0.955664,1
1,1,0.607875,1
2,2,0.974909,1
1,1,0.603656,1
2,2,0.982584,1
0,0,0.99321,1
1,2,0.628575,0
1,1,0.826376,1
1,1,0.497054,1
0,1,0.67155,0
0,0,0.981338,1
2,2,0.712381,1
2,2,0.636227,1
0,0,0.97629,1
1,1,0.795843,1
1,1,0.641454,1
2,2,0.976392,1
0,0,0.991587,1
2,2,0.979704,1
2,2,0.791288,1
1,1,0.697429,1
2,2,0.984289,1
0,1,0.614087,0
0,0,0.986224,1
0,0,0.977909,1
2,2,0.836404,1
1,1,0.686801,1
2,2,0.977901,1
2,2,0.524809,1
0,0,0.972246,1
2,2,0.788015,1
1,1,0.672997,1
1,1,0.857892,1
2,2,0.870701,1
0,0,0.974751,1
0,0,0.798866,1
0,0,0.966034,1
2,2,0.774449,1
2,2,0.980136,1
2,2,0.977374,1
1,1,0.955369,1
0,0,0.98383,1
1,1,0.761272,1
1,1,0.766302,1
1,2,0.692319,0
2,2,0.994346,1
1,1,0.951211,1
2,2,0.852318,1
0,0,0.992657,1
1,1,0.957594,1
2,2,0.965426,1
0,0,0.988051,1
1,1,0.747017,1
1,1,0.946115,1
0,0,0.843342,1
0,0,0.530294,1
2,2,0.787342,1
1,1,0.673436,1
1,1,0.832407,1
1,1,0.829188,1
0,0,0.989538,1
1,1,0.607472,1
2,2,0.557536,1
1,1,0.938495,1
0,0,0.772338,1
0,0,0.988496,1
2,2,0.993521,1
2,2,0.85976,1
1,1,0.806827,1
0,0,0.993663,1
1,1,0.94013,1
0,0,0.604587,1
1,1,0.957056,1
2,2,0.825013,1
1,1,0.742978,1
0,0,0.982752,1
0,0,0.587455,1
2,2,0.991836,1
2,2,0.745577,1
0,0,0.738692,1
0,0,0.979723,1
2,2,0.730601,1
2,2,0.899838,1
0,0,0.646931,1
2,2,0.881282,1
1,1,0.797826,1
1,1,0.937609,1
1,0,0.50715,0
0,0,0.521887,1
2,2,0.785571,1
2,2,0.985466,1
1,1,0.957232,1
0,0,0.989873,1
1,1,0.947451,1
2,2,0.982713,1
1,1,0.957597,1
2,2,0.982297,1
0,0,0.974982,1
0,0,0.978352,1
0,0,0.992159,1
0,0,0.983693,1
2,2,0.804364,1
1,1,0.7082,1
1,1,0.853908,1
1,1,0.957086,1
2,2,0.975123,1
2,2,0.683944,1
2,2,0.875245,1
2,2,0.976584,1
1,1,0.947843,1
0,0,0.977436,1
1,1,0.952634,1
1,0,0.540554,0
0,0,0.992474,1
0,0,0.965171,1
1,1,0.919935,1
1,1,0.767305,1
2,2,0.990501,1
0,0,0.983039,1
1,1,0.942266,1
0,0,0.851473,1
0,0,0.79493,1
0,0,0.993661,1
1,1,0.957886,1
0,0,0.991052,1
1,1,0.950042,1
0,0,0.990509,1
0,0,0.981959,1
2,2,0.992753,1
1,1,0.955562,1
0,0,0.977501,1
0,0,0.979426,1
0,0,0.982922,1
1,1,0.957644,1
1,1,0.795651,1
1,0,0.828807,0
0,0,0.993428,1
2,2,0.975379,1
1,1,0.573196,1
1,1,0.843216,1
1,1,0.743996,1
2,2,0.795868,1
0,0,0.987988,1
2,2,0.975346,1
0,0,0.993341,1
0,0,0.990047,1
0,0,0.990047,1
0,0,0.985923,1
2,2,0.997192,1
2,2,0.994346,1
0,0,0.852217,1
0,0,0.980497,1
1,1,0.844181,1
2,2,0.996446,1
1,0,0.604381,0
0,0,0.99357,1
1,1,0.77766,1
2,2,0.783305,1
1,1,0.948278,1
1,1,0.952937,1
2,2,0.978786,1
2,2,0.977005,1
0,0,0.977981,1
0,0,0.98826,1
2,2,0.865541,1
2,2,0.824674,1
0,0,0.989937,1
0,0,0.987608,1
1,0,0.534524,0
0,0,0.991964,1
0,0,0.975382,1
2,2,0.991077,1
0,0,0.984446,1
1,1,0.500926,1
2,2,0.99472,1
1,1,0.699766,1
1,1,0.876859,1
1,1,0.54357,1
2,2,0.828829,1
2,2,0.983704,1
0,0,0.98227,1
2,2,0.967698,1
1,1,0.774156,1
2,2,0.992923,1
0,0,0.982743,1
1,1,0.942588,1
2,2,0.987219,1
2,2,0.985753,1
2,2,0.972821,1
0,0,0.967289,1
0,0,0.87345,1
1,1,0.691809,1
1,1,0.873509,1
0,0,0.98881,1
2,2,0.991276,1
1,1,0.774033,1
1,1,0.874723,1
2,2,0.763168,1
2,2,0.987079,1
2,2,0.9878,1
2,2,0.988399,1
0,0,0.977815,1
2,2,0.993448,1
1,1,0.744643,1
1,1,0.617706,1
0,0,0.993001,1
0,1,0.668762,0
1,1,0.856687,1
1,1,0.95395,1
0,0,0.775819,1
1,1,0.956612,1
0,0,0.993245,1
0,0,0.738395,1
2,2,0.720676,1
2,2,0.595502,1
0,0,0.650447,1
1,1,0.755449,1
0,1,0.549303,0
2,2,0.988661,1
2,2,0.867837,1
1,1,0.860154,1
1,1,0.599549,1
2,2,0.995299,1
2,2,0.853897,1
1,1,0.933314,1
1,1,0.768834,1
2,2,0.762986,1
0,0,0.964351,1
1,1,0.691108,1
0,1,0.713559,0
0,0,0.97654,1
1,1,0.854851,1
2,2,0.989093,1
0,0,0.964029,1
0,0,0.987168,1
2,2,0.987705,1
2,2,0.994155,1
0,0,0.667936,1
0,0,0.986908,1
2,2,0.995376,1
2,2,0.992098,1
2,2,0.99376,1
2,2,0.759108,1
0,0,0.961347,1
0,0,0.985988,1
2,2,0.987916,1
2,2,0.832078,1
1,1,0.580784,1
1,1,0.634696,1
0,0,0.977909,1
1,1,0.754021,1
1,1,0.765699,1
0,0,0.984465,1
2,2,0.98197,1
1,1,0.958408,1
0,0,0.98656,1
2,2,0.731085,1
2,1,0.546739,0
2,2,0.738279,1
0,0,0.986132,1
2,2,0.996365,1
2,2,0.838884,1
1,1,0.633637,1
0,0,0.989359,1
2,2,0.99188,1
0,1,0.559798,0
2,2,0.987529,1
2,2,0.980057,1
2,2,0.990597,1
2,2,0.989201,1
0,0,0.989209,1
1,1,0.95328,1
0,0,0.843602,1
1,1,0.956623,1
1,1,0.937174,1
0,0,0.984094,1
2,2,0.77129,1
0,0,0.973941,1
2,2,0.976353,1
0,1,0.623649,0
2,2,0.971707,1
1,1,0.556786,1
1,1,0.753721,1
1,2,0.525422,0
1,2,0.631683,0
2,2,0.988525,1
2,2,0.712381,1
1,1,0.947097,1
1,1,0.951962,1
2,2,0.989068,1
1,1,0.95269,1
0,0,0.699561,1
0,0,0.597843,1
0,0,0.987252,1
0,0,0.994036,1
2,2,0.979789,1
2,2,0.987396,1
2,2,0.826142,1
0,0,0.960152,1
1,1,0.638437,1
2,2,0.982495,1
2,2,0.984786,1
0,0,0.607988,1
2,2,0.958043,1
0,0,0.757376,1
2,2,0.980784,1
2,2,0.98293,1
2,2,0.996365,1
0,0,0.989325,1
2,2,0.992408,1
1,1,0.938543,1
1,1,0.80347,1
0,0,0.51661,1
1,1,0.939486,1
2,2,0.853813,1
2,2,0.824674,1
1,1,0.878933,1
1,1,0.67371,1
0,0,0.988372,1
2,2,0.642897,1
0,0,0.981579,1
1,1,0.76367,1
1,1,0.718448,1
0,0,0.685659,1
1,1,0.678852,1
2,2,0.975106,1
0,0,0.84532,1
2,2,0.791203,1
2,2,0.991956,1
1,1,0.668471,1
1,1,0.775595,1
1,1,0.933143,1
1,1,0.833206,1
2,2,0.980895,1
0,0,0.990135,1
1,1,0.795786,1
1,1,0.956645,1
2,2,0.977376,1
2,2,0.993949,1
2,2,0.813101,1
1,1,0.661876,1
2,2,0.983021,1
1,1,0.948853,1
2,2,0.62616,1
1,1,0.952761,1
1,1,0.501892,1
1,1,0.73998,1
1,1,0.944108,1
1,0,0.553279,0
0,0,0.918396,1
1,1,0.811931,1
1,1,0.946928,1
2,2,0.993688,1
1,1,0.658655,1
0,0,0.846749,1
2,2,0.986533,1
1,1,0.654422,1
2,2,0.992534,1
1,1,0.949369,1
2,2,0.71049,1
1,1,0.658213,1
1,1,0.956495,1
1,1,0.944004,1
1,1,0.915076,1
0,0,0.984085,1
2,2,0.97844,1
0,0,0.983425,1
0,0,0.565631,1
0,0,0.721789,1
1,1,0.782471,1
0,1,0.789947,0
0,0,0.830906,1
1,1,0.903514,1
2,2,0.977017,1
2,2,0.99678,1
2,2,0.993245,1
2,2,0.981491,1
1,1,0.949424,1
2,2,0.818136,1
1,1,0.956407,1
0,0,0.877876,1
0,0,0.989252,1
2,2,0.990094,1
2,2,0.979953,1
0,0,0.9762,1
2,2,0.816791,1
1,2,0.621231,0
1,1,0.925366,1
2,2,0.884065,1
0,0,0.795412,1
0,0,0.991948,1
0,0,0.986169,1
0,0,0.975374,1
0,0,0.989004,1
2,2,0.983699,1
1,2,0.605275,0
2,2,0.721248,1
1,1,0.589024,1
2,2,0.991414,1
1,1,0.777451,1
2,2,0.754309,1
1,1,0.782991,1
1,1,0.948456,1
2,2,0.977438,1
1,1,0.956833,1
2,2,0.994614,1
1,1,0.827351,1
2,2,0.97858,1
2,2,0.771302,1
1,1,0.582826,1
0,0,0.830531,1
1,1,0.657241,1
1,1,0.80093,1
2,2,0.996845,1
2,2,0.768747,1
1,1,0.499814,1
1,1,0.604392,1
1,1,0.953203,1
1,1,0.813091,1
0,0,0.807709,1
0,0,0.979317,1
2,2,0.976764,1
2,2,0.507677,1
1,1,0.640719,1
0,0,0.539613,1
0,0,0.991532,1
1,1,0.745518,1
1,1,0.773836,1
1,1,0.793399,1
1,1,0.7637,1
1,1,0.667092,1
0,0,0.642736,1
2,2,0.859371,1
2,2,0.558264,1
2,2,0.982713,1
0,0,0.994826,1
2,2,0.965685,1
0,1,0.789947,0
0,0,0.804683,1
0,0,0.983769,1
2,2,0.733062,1
0,0,0.985844,1
1,1,0.554939,1
1,1,0.581849,1
0,0,0.991336,1
2,2,0.8727,1
2,2,0.654018,1
1,2,0.567446,0
1,2,0.523962,0
1,1,0.955849,1
2,2,0.980667,1
1,1,0.955112,1
0,0,0.846794,1
1,1,0.954932,1
0,0,0.847864,1
2,2,0.993131,1
2,2,0.996538,1
2,2,0.736854,1
1,1,0.948475,1
2,2,0.807601,1
2,2,0.96732,1
0,0,0.981993,1
1,1,0.951823,1
0,0,0.966969,1
0,0,0.847797,1
1,1,0.93808,1
0,0,0.99053,1
2,2,0.989223,1
0,0,0.518528,1
2,2,0.746397,1
0,0,0.855251,1
1,1,0.957104,1
0,0,0.986583,1
0,0,0.919278,1
0,0,0.978198,1
2,2,0.992009,1
2,2,0.991789,1
0,0,0.980572,1
0,0,0.667517,1
2,2,0.96655,1
0,0,0.993104,1
2,2,0.987503,1
1,1,0.53515,1
2,2,0.990107,1
2,2,0.983065,1
1,1,0.931555,1
2,2,0.850007,1
1,1,0.571723,1
2,2,0.994215,1
1,1,0.753266,1
1,1,0.647788,1
1,1,0.770374,1
2,2,0.58471,1
2,2,0.873276,1
1,0,0.53201,0
0,0,0.991694,1
2,2,0.98987,1
1,1,0.659792,1
0,0,0.710863,1
0,0,0.980421,1
2,2,0.849517,1
2,2,0.994122,1
0,0,0.982372,1
0,0,0.572445,1
1,2,0.50727,0
1,1,0.929064,1
0,0,0.962183,1
2,2,0.990107,1
0,0,0.982628,1
1,1,0.746172,1
2,2,0.767543,1
2,2,0.989589,1
1,1,0.650281,1
1,1,0.54796,1
2,2,0.987086,1
2,2,0.978239,1
2,2,0.827126,1
0,0,0.786005,1
2,2,0.754714,1
1,1,0.95464,1
1,1,0.942914,1
0,0,0.992596,1
0,0,0.985708,1
0,0,0.970368,1
2,2,0.869246,1
1,1,0.738279,1
2,2,0.801342,1
1,1,0.957535,1
0,0,0.992687,1
1,1,0.621821,1
2,2,0.998299,1
0,1,0.553505,0
0,0,0.985025,1
1,1,0.950015,1
2,2,0.988815,1
0,0,0.987258,1
2,2,0.995376,1
0,0,0.989347,1
1,1,0.735576,1
2,2,0.782185,1
2,2,0.76684,1
0,0,0.771115,1
0,0,0.9885,1
1,1,0.812647,1
2,2,0.996541,1
0,0,0.967289,1
1,1,0.957248,1
2,2,0.793807,1
0,0,0.988814,1
1,1,0.755856,1
0,0,0.988084,1
1,2,0.71755,0
2,2,0.629328,1
0,0,0.719524,1
0,0,0.978897,1
0,0,0.6042,1
1,1,0.538305,1
1,0,0.567622,0
1,1,0.772742,1
0,0,0.97672,1
1,1,0.957789,1
0,0,0.683222,1
2,2,0.994243,1
2,2,0.703523,1
1,1,0.949799,1
0,0,0.993134,1
2,2,0.689822,1
1,1,0.792117,1
1,1,0.74137,1
1,1,0.768047,1
2,2,0.994612,1
1,1,0.738701,1
1,1,0.7974,1
1,1,0.954454,1
1,1,0.81006,1
2,2,0.975054,1
1,1,0.952485,1
0,0,0.989567,1
0,0,0.787641,1
1,1,0.634198,1
2,2,0.696672,1
0,0,0.775819,1
1,1,0.95353,1
0,0,0.913945,1
2,2,0.988661,1
2,2,0.987207,1
0,0,0.974061,1
2,2,0.993791,1
0,1,0.770142,0
1,1,0.776918,1
1,1,0.759187,1
2,2,0.990094,1
1,1,0.94267,1
1,1,0.957233,1
2,2,0.992641,1
0,0,0.990706,1
1,1,0.704027,1
2,2,0.991924,1
0,0,0.984866,1
2,2,0.972752,1
2,2,0.993523,1
2,2,0.985275,1
2,2,0.982147,1
0,0,0.983461,1
1,1,0.869097,1
0,0,0.97846,1
1,1,0.824708,1
2,2,0.807601,1
1,1,0.956148,1
0,0,0.995642,1
1,1,0.941196,1
2,2,0.983145,1
1,1,0.949482,1
0,0,0.987072,1
0,0,0.819661,1
2,1,0.582896,0
2,2,0.838682,1
0,0,0.967572,1
2,2,0.838884,1
2,2,0.996876,1
2,2,0.973176,1
0,0,0.984724,1
1,1,0.499756,1
0,0,0.966649,1
1,2,0.656853,0
1,1,0.758881,1
0,0,0.701796,1
0,0,0.988795,1
0,0,0.968893,1
2,2,0.784026,1
0,0,0.960152,1
2,2,0.993471,1
1,1,0.824716,1
2,2,0.761573,1
0,0,0.970255,1
0,0,0.619558,1
2,2,0.981941,1
1,1,0.957296,1
1,1,0.536799,1
2,2,0.979014,1
0,0,0.529503,1
2,2,0.995546,1
0,0,0.983461,1
0,0,0.972164,1
1,1,0.936523,1
2,2,0.752693,1
1,1,0.775684,1
2,2,0.844186,1
0,0,0.980041,1
1,1,0.773879,1
2,2,0.991035,1
1,1,0.801122,1
0,0,0.506048,1
0,0,0.978072,1
2,2,0.8135,1
2,2,0.880347,1
1,1,0.642863,1
0,0,0.886457,1
2,2,0.759557,1
2,2,0.969491,1
0,0,0.959286,1
1,1,0.68485,1
2,2,0.981461,1
1,1,0.704431,1
2,2,0.99092,1
1,1,0.942288,1
0,0,0.988698,1
1,1,0.529442,1
0,0,0.551323,1
2,2,0.986359,1
2,2,0.992914,1
0,0,0.637076,1
0,0,0.990302,1
1,1,0.956825,1
2,2,0.834869,1
2,2,0.994164,1
2,2,0.988875,1
1,1,0.915385,1
1,1,0.831526,1
2,2,0.977002,1
2,2,0.737395,1
1,1,0.943759,1
1,1,0.545971,1
1,1,0.667325,1
1,1,0.947737,1
2,2,0.981971,1
0,0,0.767392,1
2,2,0.711502,1
2,2,0.979532,1
0,0,0.886527,1
0,0,0.877081,1
0,0,0.988898,1
0,0,0.98635,1
0,0,0.979754,1
2,2,0.982983,1
1,1,0.507583,1
1,1,0.801068,1
2,2,0.992522,1
1,1,0.726134,1
1,1,0.955187,1
2,2,0.749798,1
1,1,0.957543,1
2,2,0.572861,1
0,0,0.88684,1
2,2,0.974829,1
0,0,0.74674,1
0,0,0.989941,1
1,1,0.830643,1
2,2,0.721451,1
2,1,0.751234,0
0,0,0.751515,1
1,1,0.672152,1
1,2,0.667689,0
0,0,0.979365,1
1,1,0.54572,1
0,0,0.984628,1
2,2,0.992862,1
2,2,0.974515,1
0,0,0.989477,1
1,1,0.502526,1
0,0,0.983323,1
0,0,0.992311,1
1,1,0.935148,1
2,2,0.981343,1
1,1,0.951381,1
0,0,0.981164,1
0,0,0.573255,1
1,1,0.916568,1
2,1,0.688401,0
0,1,0.632315,0
2,2,0.618024,1
1,1,0.956775,1
0,0,0.64731,1
1,0,0.568203,0
0,0,0.81345,1
2,2,0.783547,1
0,0,0.992022,1
2,2,0.99351,1
1,0,0.549918,0
2,2,0.993153,1
1,1,0.787946,1
2,2,0.887957,1
1,1,0.947257,1
1,2,0.6339,0
0,0,0.637519,1
1,1,0.946523,1
0,0,0.808615,1
2,2,0.99434,1
1,1,0.85288,1
0,0,0.982616,1
2,2,0.991077,1
1,1,0.820204,1
2,2,0.846221,1
0,1,0.633575,0
2,2,0.983974,1
0,1,0.675378,0
2,2,0.979543,1
2,2,0.997141,1
1,1,0.879687,1
2,2,0.653945,1
0,0,0.552051,1
0,0,0.665841,1
2,2,0.992176,1
0,0,0.969952,1
1,0,0.723445,0
2,2,0.992928,1
1,1,0.957599,1
1,1,0.68139,1
0,0,0.741931,1
2,2,0.994437,1
1,1,0.69222,1
2,2,0.986649,1
1,1,0.583644,1
0,0,0.66205,1
1,0,0.743971,0
0,0,0.980028,1
2,2,0.986241,1
2,2,0.96048,1
1,1,0.597909,1
0,0,0.838419,1
1,1,0.595499,1
1,1,0.708646,1
1,1,0.95173,1
1,1,0.542908,1
0,0,0.986065,1
2,2,0.827126,1
2,2,0.992501,1
1,2,0.530488,0
0,0,0.853714,1
1,1,0.547198,1
0,0,0.990783,1
1,1,0.957153,1
1,0,0.567729,0
2,2,0.995299,1
2,2,0.651994,1
0,0,0.976196,1
1,1,0.957183,1
2,2,0.990712,1
2,2,0.977224,1
0,0,0.984787,1
1,1,0.95161,1
0,0,0.51661,1
2,2,0.992997,1
2,2,0.827126,1
2,2,0.826049,1
1,0,0.55587,0
1,1,0.815314,1
1,1,0.645989,1
2,2,0.981263,1
1,1,0.695708,1
0,0,0.987813,1
0,0,0.958468,1
0,0,0.717584,1
1,1,0.937514,1
2,2,0.857631,1
2,2,0.977355,1
2,2,0.986032,1
0,0,0.882448,1
0,0,0.911754,1
2,2,0.970313,1
0,0,0.800476,1
0,0,0.829885,1
2,2,0.98781,1
2,2,0.84487,1
0,0,0.795734,1
2,2,0.982196,1
0,0,0.714284,1
1,1,0.660348,1
2,2,0.517111,1
1,1,0.787031,1
1,1,0.761681,1
1,0,0.696857,0
1,1,0.806355,1
0,0,0.985803,1
1,1,0.641187,1
0,0,0.620046,1
0,0,0.876127,1
1,1,0.74231,1
1,1,0.838974,1
2,2,0.794587,1
0,0,0.992637,1
2,2,0.974444,1
1,1,0.956571,1
0,0,0.825516,1
0,0,0.590453,1
2,2,0.795505,1
1,1,0.853372,1
0,0,0.986606,1
2,2,0.991231,1
2,2,0.984244,1
1,1,0.651985,1
1,1,0.835649,1
0,0,0.991048,1
1,1,0.57209,1
2,2,0.788264,1
0,0,0.620553,1
2,2,0.982956,1
2,2,0.761769,1
1,1,0.957201,1
2,2,0.995229,1
2,2,0.976909,1
2,2,0.696672,1
2,2,0.993681,1
2,2,0.995983,1
0,0,0.989174,1
1,1,0.614445,1
0,0,0.980547,1
2,2,0.994911,1
0,0,0.990274,1
1,1,0.918689,1
2,2,0.98226,1
0,0,0.83804,1
1,1,0.819149,1
2,1,0.550193,0
2,2,0.704723,1
1,1,0.739729,1
0,0,0.989035,1
1,1,0.617654,1
1,1,0.955346,1
1,0,0.528482,0
0,0,0.96623,1
1,1,0.668356,1
0,0,0.989407,1
1,1,0.664167,1
2,2,0.977649,1
1,1,0.954605,1
0,0,0.778916,1
1,1,0.672807,1
2,2,0.977828,1
0,0,0.977972,1
2,2,0.99475,1
2,2,0.978083,1
0,0,0.969908,1
1,1,0.788812,1
1,1,0.825195,1
1,1,0.707206,1
0,0,0.9857,1
0,0,0.98656,1
0,0,0.9831,1
0,0,0.968572,1
1,1,0.95501,1
0,0,0.99427,1
0,0,0.864502,1
1,1,0.701099,1
1,1,0.502889,1
2,2,0.992385,1
2,2,0.977901,1
2,2,0.855583,1
0,0,0.981023,1
0,0,0.992445,1
2,2,0.994283,1
1,1,0.732475,1
0,0,0.98383,1
2,2,0.618437,1
2,2,0.838884,1
1,1,0.797674,1
0,0,0.900828,1
0,1,0.576215,0
0,0,0.796695,1
2,2,0.996661,1
1,1,0.665064,1
0,0,0.966751,1
1,1,0.7767,1
0,0,0.760039,1
1,1,0.838605,1
1,1,0.953199,1
2,2,0.734807,1
1,1,0.947983,1
2,2,0.991584,1
0,0,0.96249,1
0,0,0.914006,1
0,1,0.502244,0
2,2,0.982281,1
2,2,0.985581,1
1,1,0.519701,1
0,0,0.989121,1
2,2,0.785858,1
0,0,0.986416,1
1,1,0.695931,1
2,2,0.983267,1
0,1,0.560668,0
1,1,0.955141,1
0,0,0.692016,1
2,2,0.991836,1
2,2,0.984002,1
1,1,0.689263,1
2,2,0.839625,1
1,1,0.739572,1
2,2,0.985903,1
0,0,0.993559,1
2,2,0.983267,1
2,2,0.987649,1
1,0,0.620791,0
0,1,0.546547,0
0,0,0.970164,1
2,2,0.84633,1
0,0,0.667517,1
1,1,0.956104,1
1,1,0.954416,1
0,0,0.82847,1
0,0,0.906684,1
1,1,0.545272,1
2,2,0.99357,1
2,2,0.97984,1
2,2,0.793807,1
2,2,0.983465,1
0,0,0.985555,1
2,2,0.801859,1
0,1,0.547334,0
1,1,0.549679,1
0,0,0.994288,1
1,2,0.582759,0
0,0,0.9762,1
2,2,0.963945,1
0,0,0.991945,1
2,2,0.974301,1
1,1,0.741254,1
0,0,0.834808,1
1,1,0.692487,1
1,2,0.680125,0
0,0,0.99009,1
1,1,0.785616,1
1,1,0.538333,1
2,2,0.978786,1
2,2,0.988875,1
0,0,0.981338,1
2,2,0.78949,1
0,0,0.970687,1
2,2,0.756915,1
0,0,0.993028,1
2,2,0.976909,1
2,2,0.977328,1
1,0,0.76801,0
1,1,0.773643,1
2,2,0.982293,1
1,1,0.941665,1
1,1,0.682673,1
2,2,0.974909,1
0,0,0.814897,1
0,0,0.623462,1
1,1,0.560664,1
1,1,0.9361,1
0,0,0.989592,1
1,1,0.952137,1
1,1,0.849725,1
2,2,0.713262,1
1,1,0.955362,1
1,1,0.790013,1
0,0,0.676686,1
2,2,0.97035,1
1,2,0.677292,0
2,2,0.980144,1
0,0,0.744502,1
1,1,0.516866,1
2,2,0.965426,1
2,2,0.766102,1
0,0,0.799182,1
2,1,0.538171,0
1,1,0.758536,1
2,2,0.972776,1
0,0,0.510232,1
1,2,0.504775,0
1,1,0.956645,1
0,0,0.980547,1
2,2,0.971416,1
1,1,0.945919,1
2,1,0.713209,0
2,2,0.860814,1
0,0,0.991066,1
0,1,0.556207,0
0,0,0.710302,1
1,1,0.739283,1
2,2,0.978152,1
2,2,0.842127,1
2,2,0.989913,1
0,0,0.86182,1
2,2,0.99703,1
1,2,0.497759,0
1,1,0.949539,1
0,0,0.964029,1
0,0,0.983958,1
2,1,0.564862,0
2,2,0.982282,1
2,2,0.99381,1
0,0,0.960152,1
2,2,0.992501,1
0,0,0.984405,1
0,0,0.977436,1
1,1,0.537884,1
2,2,0.995369,1
1,1,0.949925,1
2,2,0.994342,1
2,2,0.501407,1
0,0,0.978205,1
0,0,0.9707,1
2,2,0.682373,1
0,0,0.684006,1
0,0,0.782325,1
2,2,0.993605,1
0,0,0.619558,1
2,2,0.753192,1
1,1,0.940981,1
0,0,0.972456,1
0,0,0.992257,1
1,1,0.952153,1
1,1,0.957372,1
0,0,0.988082,1
2,2,0.802858,1
2,2,0.860133,1
2,2,0.977304,1
0,0,0.975384,1
0,0,0.975462,1
0,0,0.964509,1
0,1,0.541934,0
0,0,0.977168,1
2,2,0.803282,1
2,2,0.985545,1
0,0,0.734515,1
0,1,0.519091,0
0,0,0.969719,1
2,2,0.988972,1
0,0,0.986051,1
2,2,0.70679,1
2,2,0.993462,1
0,0,0.988681,1
2,2,0.986772,1
0,0,0.715657,1
1,1,0.777003,1
0,0,0.982469,1
0,0,0.98026,1
2,2,0.993262,1
0,0,0.976906,1
1,1,0.795476,1
2,2,0.996495,1
0,0,0.84532,1
0,0,0.941967,1
1,0,0.530464,0
2,2,0.752693,1
0,0,0.984244,1
2,2,0.985882,1
0,0,0.97719,1
1,0,0.745795,0
2,2,0.680769,1
2,2,0.994088,1
1,1,0.830656,1
0,0,0.990147,1
2,2,0.983538,1
0,1,0.711092,0
1,1,0.767518,1
2,2,0.990505,1
2,2,0.807601,1
0,0,0.984155,1
1,1,0.682099,1
0,0,0.994339,1
1,1,0.608077,1
0,0,0.975838,1
0,0,0.989537,1
2,2,0.969525,1
1,1,0.903599,1
2,2,0.995756,1
0,0,0.983104,1
0,0,0.989071,1
0,0,0.980169,1
2,2,0.981268,1
0,0,0.992006,1
0,0,0.969371,1
2,2,0.982979,1
2,2,0.989922,1
0,0,0.714766,1
1,1,0.811141,1
0,0,0.752613,1
1,0,0.709262,0
2,2,0.982829,1
2,1,0.686209,0
2,2,0.995145,1
2,2,0.8135,1
0,0,0.963493,1
0,0,0.548363,1
0,0,0.97785,1
2,2,0.83601,1
1,1,0.6519,1
0,0,0.760267,1
1,1,0.734301,1
0,0,0.987258,1
1,1,0.953636,1
0,0,0.988197,1
2,2,0.979522,1
1,1,0.521428,1
2,2,0.707813,1
2,2,0.985783,1
0,0,0.989466,1
0,0,0.988742,1
2,2,0.992823,1
1,1,0.953595,1
2,2,0.977405,1
1,1,0.531428,1
2,2,0.980448,1
1,1,0.711789,1
1,1,0.955715,1
0,0,0.948953,1
0,0,0.980691,1
0,0,0.964168,1
0,0,0.979317,1
0,0,0.73318,1
0,1,0.67155,0
1,1,0.529757,1
0,0,0.989968,1
0,0,0.692444,1
1,1,0.509244,1
0,0,0.9795,1
1,1,0.721219,1
2,2,0.887957,1
0,0,0.738502,1
1,1,0.79404,1
2,2,0.986339,1
2,2,0.980823,1
0,1,0.690149,0
2,2,0.981156,1
1,1,0.527612,1
1,1,0.83088,1
0,0,0.987892,1
2,2,0.673029,1
1,1,0.944656,1
0,0,0.970434,1
2,2,0.830302,1
2,2,0.637357,1
1,1,0.731146,1
0,0,0.865631,1
0,0,0.856164,1
1,1,0.770395,1
1,1,0.80596,1
1,1,0.947048,1
1,1,0.919998,1
2,2,0.992324,1
0,0,0.54675,1
0,0,0.966412,1
0,0,0.992217,1
0,0,0.7625,1
0,0,0.99103,1
1,1,0.675365,1
2,2,0.984666,1
1,1,0.784614,1
2,2,0.958043,1
2,2,0.508974,1
2,2,0.78609,1
2,2,0.996214,1
0,0,0.990321,1
1,1,0.951819,1
0,0,0.974651,1
0,1,0.747986,0
0,0,0.698987,1
2,2,0.744572,1
1,1,0.759597,1
2,2,0.84442,1
0,1,0.561997,0
1,1,0.884422,1
0,0,0.630633,1
1,1,0.931763,1
1,1,0.912697,1
1,1,0.948285,1
1,1,0.84877,1
2,2,0.963583,1
0,0,0.990291,1
2,2,0.989769,1
2,2,0.993945,1
2,2,0.99414,1
0,0,0.981163,1
1,1,0.666162,1
2,2,0.731992,1
1,1,0.647667,1
1,1,0.929562,1
1,1,0.578837,1
2,2,0.994451,1
1,2,0.601389,0
1,1,0.953081,1
2,2,0.683233,1
0,0,0.990113,1
1,1,0.956365,1
0,0,0.977296,1
2,2,0.986649,1
0,0,0.964564,1
1,1,0.597035,1
1,1,0.944028,1
0,0,0.983242,1
2,2,0.970118,1
0,0,0.721336,1
1,2,0.649564,0
0,0,0.991975,1
1,1,0.733618,1
2,2,0.865252,1
1,1,0.9539,1
0,0,0.81243,1
1,1,0.84224,1
1,1,0.716495,1
0,0,0.737776,1
1,2,0.542561,0
1,1,0.622504,1
1,1,0.933903,1
1,1,0.544914,1
0,0,0.982525,1
1,1,0.795212,1
0,0,0.989513,1
0,0,0.608904,1
2,2,0.984894,1
0,0,0.982002,1
0,0,0.985716,1
2,2,0.990142,1
2,2,0.977261,1
0,0,0.983723,1
0,0,0.986188,1
0,0,0.894823,1
2,2,0.826049,1
1,2,0.608999,0
1,1,0.637545,1
0,0,0.966624,1
0,0,0.977296,1
1,1,0.955373,1
1,1,0.927388,1
0,0,0.542862,1
2,2,0.983404,1
1,1,0.946809,1
2,2,0.988447,1
2,2,0.987177,1
1,1,0.797922,1
2,2,0.99572,1
2,2,0.994774,1
1,1,0.681498,1
1,1,0.534231,1
0,0,0.994386,1
0,0,0.65758,1
0,0,0.580589,1
1,0,0.690606,0
1,1,0.762237,1
0,0,0.986597,1
0,0,0.557901,1
2,2,0.97989,1
2,2,0.982789,1
1,2,0.700733,0
1,1,0.756235,1
2,2,0.956089,1
0,0,0.973695,1
2,2,0.981268,1
0,0,0.970739,1
1,0,0.651232,0
1,0,0.536367,0
1,1,0.938715,1
2,2,0.986639,1
1,1,0.629114,1
1,1,0.748826,1
1,1,0.825291,1
0,0,0.990904,1
2,2,0.986525,1
2,2,0.975443,1
0,1,0.518697,0
1,1,0.636558,1
1,2,0.496867,0
1,1,0.70333,1
0,0,0.983313,1
0,0,0.971408,1
2,2,0.978525,1
1,1,0.953952,1
2,2,0.994745,1
0,1,0.714991,0
1,1,0.951961,1
0,0,0.991789,1
0,0,0.969739,1
2,2,0.984581,1
1,0,0.559249,0
1,1,0.740714,1
1,1,0.81256,1
1,1,0.951394,1
2,2,0.993147,1
0,0,0.504028,1
2,2,0.879516,1
2,2,0.748326,1
0,0,0.798445,1
1,1,0.954673,1
1,1,0.949532,1
2,2,0.794214,1
2,1,0.651043,0
1,2,0.578496,0
0,0,0.883079,1
1,1,0.736572,1
1,1,0.741301,1
1,1,0.78006,1
0,0,0.638874,1
1,1,0.955601,1
1,1,0.687163,1
2,2,0.996304,1
0,0,0.990321,1
2,2,0.993147,1
1,1,0.946423,1
2,2,0.987879,1
0,0,0.967979,1
2,2,0.991519,1
0,0,0.973946,1
2,2,0.836772,1
0,0,0.969952,1
0,0,0.969147,1
0,0,0.913945,1
1,2,0.630772,0
1,1,0.786425,1
1,0,0.586761,0
0,0,0.967979,1
0,0,0.539379,1
0,0,0.979723,1
2,2,0.739719,1
0,0,0.969952,1
1,1,0.957313,1
0,0,0.984404,1
2,2,0.853429,1
0,0,0.967008,1
2,2,0.995369,1
2,2,0.995037,1
2,2,0.99615,1
2,2,0.991276,1
1,1,0.95278,1
0,0,0.980563,1
0,0,0.798861,1
1,1,0.956299,1
2,2,0.800414,1
1,1,0.823216,1
2,2,0.987672,1
2,2,0.76546,1
0,0,0.992886,1
0,0,0.65472,1
2,2,0.988445,1
2,2,0.839521,1
2,2,0.619502,1
1,1,0.854392,1
2,2,0.82134,1
2,2,0.989734,1
0,0,0.988426,1
1,0,0.714175,0
0,0,0.991203,1
1,1,0.953511,1
2,2,0.993121,1
1,1,0.499165,1
1,1,0.821193,1
1,1,0.774684,1
1,1,0.705229,1
1,0,0.514219,0
1,0,0.527493,0
0,0,0.965435,1
0,0,0.690496,1
0,0,0.973691,1
2,2,0.821965,1
1,1,0.726549,1
1,1,0.739497,1
2,2,0.986241,1
1,1,0.787127,1
1,1,0.958143,1
0,0,0.925967,1
0,0,0.789702,1
0,0,0.827351,1
2,2,0.827126,1
0,0,0.992686,1
1,1,0.957636,1
0,0,0.981141,1
0,0,0.814897,1
1,0,0.555852,0
2,2,0.982242,1
2,2,0.771302,1
0,0,0.994543,1
1,1,0.956091,1
1,1,0.776934,1
0,0,0.984724,1
1,1,0.707396,1
0,0,0.719524,1
2,2,0.994749,1
0,0,0.991168,1
0,0,0.977331,1
0,0,0.885938,1
2,2,0.992559,1
0,0,0.989345,1
2,2,0.979821,1
0,0,0.870212,1
1,1,0.574309,1
2,2,0.855583,1
2,2,0.683944,1
1,1,0.925923,1
0,0,0.991025,1
2,2,0.982114,1
1,1,0.709523,1
2,2,0.994221,1
2,2,0.994605,1
1,1,0.800853,1
2,2,0.967181,1
0,0,0.964351,1
1,1,0.955382,1
0,0,0.977974,1
1,1,0.610374,1
2,2,0.608891,1
2,2,0.989589,1
2,2,0.997497,1
0,0,0.989322,1
2,2,0.973766,1
1,1,0.948836,1
1,1,0.844548,1
2,2,0.759108,1
2,2,0.980681,1
0,0,0.529503,1
2,2,0.673029,1
1,1,0.817303,1
1,1,0.813553,1
1,1,0.700539,1
1,1,0.734844,1
2,2,0.740873,1
1,1,0.948586,1
0,0,0.993115,1
2,2,0.822195,1
2,2,0.993813,1
2,2,0.973282,1
1,1,0.65123,1
1,1,0.953676,1
1,1,0.946448,1
1,1,0.941648,1
1,1,0.895605,1
2,2,0.980626,1
1,2,0.67824,0
0,1,0.583279,0
1,2,0.678044,0
0,0,0.975504,1
1,1,0.631706,1
2,2,0.99567,1
0,0,0.60177,1
0,0,0.890665,1
1,1,0.957015,1
1,2,0.654056,0
1,1,0.831231,1
1,1,0.596723,1
0,0,0.985892,1
0,0,0.972999,1
2,2,0.980813,1
1,1,0.735178,1
2,2,0.984934,1
2,2,0.974515,1
0,0,0.988814,1
0,0,0.992379,1
0,0,0.778916,1
1,0,0.511673,0
1,1,0.644152,1
1,1,0.781787,1
1,2,0.504638,0
1,1,0.58619,1
0,0,0.861792,1
1,1,0.809771,1
2,2,0.966834,1
0,0,0.984258,1
0,0,0.761602,1
1,1,0.953816,1
2,2,0.882953,1
2,2,0.981268,1
2,2,0.842629,1
0,0,0.992301,1
0,0,0.99397,1
0,0,0.977895,1
2,2,0.969846,1
1,1,0.636518,1
0,0,0.99016,1
0,0,0.975773,1
0,0,0.988972,1
2,2,0.992009,1
2,2,0.881123,1
2,2,0.859821,1
0,0,0.969333,1
0,0,0.972898,1
0,0,0.992348,1
2,2,0.715343,1
1,1,0.578847,1
1,1,0.599502,1
0,0,0.970591,1
0,0,0.975813,1
0,0,0.993134,1
2,2,0.988409,1
0,0,0.593569,1
0,0,0.975718,1
2,2,0.775523,1
0,0,0.994437,1
0,0,0.915637,1
2,2,0.798714,1
1,1,0.739918,1
0,0,0.975447,1
1,0,0.613341,0
0,0,0.99077,1
2,2,0.992176,1
0,0,0.869097,1
0,0,0.851641,1
1,1,0.946337,1
1,1,0.692932,1
2,2,0.983697,1
2,2,0.992996,1
2,2,0.753192,1
2,2,0.608891,1
2,2,0.848945,1
2,2,0.985812,1
2,2,0.580324,1
0,0,0.992175,1
1,1,0.855494,1
2,2,0.994298,1
1,1,0.738495,1
1,1,0.95801,1
1,1,0.94216,1
2,2,0.994246,1
2,2,0.879349,1
0,0,0.983494,1
0,0,0.985097,1
2,2,0.805607,1
1,0,0.755051,0
0,0,0.679699,1
1,1,0.946567,1
1,1,0.942106,1
1,1,0.718634,1
1,1,0.918937,1
1,1,0.760704,1
2,2,0.856602,1
0,0,0.976113,1
2,2,0.978916,1
2,2,0.982196,1
2,2,0.850218,1
0,0,0.993245,1
2,2,0.755745,1
0,0,0.975311,1
2,2,0.981627,1
2,2,0.991618,1
2,2,0.992823,1
2,2,0.982406,1
1,1,0.775447,1
0,0,0.842653,1
1,1,0.691962,1
2,2,0.983548,1
0,0,0.972664,1
2,2,0.992072,1
1,1,0.744794,1
0,1,0.502244,0
1,0,0.650131,0
2,2,0.994309,1
1,1,0.678876,1
2,2,0.581007,1
2,2,0.995208,1
0,0,0.978461,1
1,0,0.71957,0
2,2,0.694664,1
0,0,0.962494,1
1,1,0.498027,1
1,2,0.702186,0
0,1,0.500324,0
2,2,0.816156,1
0,0,0.98472,1
1,1,0.808019,1
0,0,0.743608,1
2,2,0.975212,1
1,1,0.950569,1
2,2,0.814786,1
2,2,0.754309,1
0,0,0.979972,1
0,0,0.654341,1
2,2,0.985739,1
2,2,0.972234,1
1,1,0.532337,1
2,2,0.990486,1
0,0,0.972427,1
0,0,0.804691,1
2,2,0.983704,1
1,1,0.955357,1
1,1,0.700448,1
2,2,0.758847,1
2,2,0.991922,1
2,2,0.800414,1
0,0,0.980563,1
2,2,0.994142,1
1,1,0.651113,1
0,1,0.578469,0
0,0,0.973695,1
0,0,0.987397,1
2,2,0.992522,1
1,1,0.833183,1
2,2,0.870049,1
0,1,0.563172,0
1,1,0.535784,1
0,0,0.989943,1
0,0,0.680829,1
2,2,0.872799,1
2,2,0.981269,1
1,1,0.715721,1
2,2,0.99627,1
0,0,0.98635,1
0,0,0.988168,1
0,0,0.771115,1
0,1,0.590856,0
0,0,0.977776,1
2,2,0.884278,1
2,2,0.895263,1
0,0,0.619337,1
2,2,0.67273,1
0,1,0.747217,0
1,1,0.601043,1
1,1,0.951654,1
2,2,0.982227,1
2,2,0.994325,1
0,0,0.989281,1
1,1,0.82264,1
1,1,0.783565,1
2,2,0.986562,1
1,1,0.954099,1
0,0,0.986132,1
1,1,0.855663,1
1,1,0.948625,1
1,1,0.574291,1
0,0,0.859796,1
2,2,0.984955,1
1,1,0.952257,1
0,0,0.982114,1
0,0,0.8657,1
2,2,0.860388,1
1,0,0.547747,0
0,0,0.991121,1
0,0,0.994609,1
0,0,0.571173,1
1,1,0.763683,1
1,1,0.955377,1
1,1,0.95702,1
0,0,0.98431,1
2,2,0.988104,1
1,1,0.55432,1
1,1,0.951689,1
1,1,0.813824,1
1,1,0.847009,1
0,0,0.982176,1
2,2,0.825868,1
2,2,0.990189,1
1,1,0.956604,1
1,0,0.571192,0
2,2,0.986567,1
1,1,0.954841,1
0,0,0.982173,1
2,2,0.785571,1
0,0,0.660218,1
2,2,0.538923,1
0,0,0.973946,1
2,2,0.745377,1
0,0,0.975838,1
1,2,0.626222,0
1,1,0.533463,1
2,1,0.588141,0
0,0,0.777567,1
1,1,0.933666,1
1,1,0.472922,1
1,1,0.725687,1
2,2,0.98451,1
1,1,0.758036,1
0,0,0.986986,1
1,1,0.777014,1
2,2,0.994774,1
2,2,0.604804,1
0,0,0.989399,1
0,0,0.993579,1
0,0,0.994172,1
1,0,0.617599,0
2,2,0.997241,1
1,1,0.576952,1
2,2,0.958895,1
1,1,0.955198,1
1,1,0.73353,1
1,1,0.761057,1
2,2,0.622732,1
1,1,0.957411,1
2,2,0.991224,1
1,2,0.660147,0
1,1,0.718307,1
0,0,0.784593,1
0,1,0.621569,0
2,2,0.627141,1
0,0,0.541301,1
2,2,0.77897,1
0,0,0.831025,1
2,2,0.972994,1
2,2,0.986525,1
1,1,0.934296,1
0,1,0.660584,0
0,0,0.988125,1
0,0,0.936566,1
2,2,0.976036,1
2,2,0.972875,1
2,2,0.802522,1
2,2,0.53286,1
0,0,0.987916,1
0,0,0.98836,1
1,1,0.540918,1
1,1,0.857643,1
0,0,0.969646,1
1,1,0.954491,1
1,1,0.751792,1
2,2,0.635615,1
2,2,0.993735,1
1,1,0.82304,1
1,1,0.940136,1
1,1,0.950822,1
1,1,0.641298,1
2,2,0.991108,1
0,0,0.98988,1
2,2,0.983138,1
2,2,0.989777,1
0,0,0.984465,1
0,0,0.964988,1
0,0,0.98502,1
1,1,0.956532,1
0,0,0.986062,1
2,2,0.640106,1
0,0,0.844848,1
1,1,0.952465,1
1,1,0.947138,1
0,0,0.97971,1
2,2,0.729043,1
1,1,0.515638,1
2,2,0.992926,1
2,2,0.798714,1
2,2,0.980752,1
0,0,0.994327,1
2,2,0.977061,1
2,2,0.98677,1
1,1,0.64476,1
1,1,0.694248,1
2,2,0.97357,1
0,0,0.98715,1
2,2,0.985328,1
1,1,0.952628,1
0,0,0.969147,1
0,0,0.958513,1
2,2,0.873276,1
0,0,0.981492,1
0,0,0.844171,1
1,2,0.704195,0
0,0,0.988138,1
1,1,0.794853,1
2,2,0.859062,1
1,1,0.501172,1
2,2,0.986954,1
1,1,0.72946,1
0,0,0.97901,1
1,1,0.647738,1
0,0,0.969792,1
0,0,0.989138,1
2,2,0.991617,1
0,0,0.895592,1
2,2,0.989917,1
0,1,0.502901,0
0,0,0.979972,1
1,1,0.871561,1
1,1,0.81959,1
1,1,0.539772,1
1,1,0.806881,1
2,2,0.989917,1
1,1,0.956754,1
0,0,0.587708,1
0,0,0.588117,1
0,0,0.840765,1
1,1,0.75979,1
0,0,0.845724,1
0,0,0.983029,1
1,1,0.941803,1
2,2,0.997083,1
1,0,0.617657,0
0,0,0.964907,1
0,0,0.994327,1
1,0,0.569205,0
0,0,0.986271,1
2,2,0.985201,1
2,2,0.847761,1
0,0,0.783434,1
2,2,0.98653,1
0,0,0.784595,1
2,2,0.996491,1
2,2,0.98443,1
1,1,0.781811,1
1,1,0.949564,1
1,1,0.957102,1
0,0,0.986169,1
1,1,0.949427,1
0,0,0.988129,1
0,0,0.815786,1
0,0,0.969246,1
0,0,0.9901,1
2,2,0.62519,1
2,2,0.759874,1
2,2,0.982924,1
2,2,0.994665,1
1,1,0.794233,1
0,0,0.989587,1
0,0,0.985184,1
2,2,0.992805,1
0,0,0.734433,1
2,2,0.977002,1
2,2,0.993948,1
1,1,0.588039,1
0,0,0.888029,1
1,1,0.80248,1
2,2,0.996649,1
1,1,0.951832,1
1,0,0.5767,0
1,1,0.953446,1
2,2,0.574447,1
2,2,0.979515,1
0,0,0.782548,1
2,2,0.983851,1
0,0,0.993712,1
2,2,0.993797,1
2,2,0.842127,1
0,0,0.990713,1
0,0,0.977243,1
2,2,0.986359,1
1,1,0.767691,1
1,1,0.956958,1
0,0,0.981597,1
2,1,0.705168,0
1,1,0.773283,1
1,1,0.757309,1
1,1,0.660163,1
0,0,0.692148,1
2,2,0.749798,1
2,1,0.648298,0
2,2,0.709806,1
0,0,0.978197,1
0,0,0.984398,1
2,2,0.991354,1
2,2,0.98926,1
2,2,0.835356,1
2,2,0.613747,1
0,0,0.912868,1
0,0,0.773119,1
0,0,0.988693,1
1,1,0.839371,1
2,2,0.717038,1
0,0,0.600269,1
2,2,0.78609,1
0,0,0.761336,1
1,1,0.753704,1
2,2,0.976734,1
1,1,0.921187,1
0,0,0.804181,1
2,2,0.971941,1
0,0,0.984798,1
1,1,0.951835,1
1,1,0.84161,1
0,0,0.980332,1
1,1,0.944542,1
2,2,0.991176,1
0,0,0.976906,1
1,1,0.798076,1
0,0,0.985327,1
1,1,0.958178,1
0,1,0.59512,0
0,0,0.721277,1
1,1,0.777045,1
1,1,0.956526,1
1,1,0.705787,1
0,0,0.612128,1
2,2,0.86604,1
2,2,0.803729,1
1,1,0.957421,1
0,1,0.632553,0
0,0,0.979259,1
0,0,0.570546,1
1,1,0.796875,1
0,0,0.990062,1
1,1,0.737672,1
1,1,0.554935,1
0,1,0.716574,0
0,0,0.812504,1
1,1,0.775926,1
1,0,0.532225,0
1,1,0.790135,1
2,2,0.984567,1
0,0,0.986585,1
1,1,0.95708,1
0,0,0.991485,1
1,1,0.942545,1
1,1,0.956667,1
1,1,0.544317,1
2,2,0.991898,1
2,2,0.991997,1
0,0,0.980169,1
1,1,0.787531,1
1,1,0.765735,1
0,0,0.986116,1
0,0,0.674892,1
2,2,0.693414,1
0,0,0.81563,1
2,2,0.842629,1
1,1,0.763007,1
0,0,0.97901,1
0,0,0.990628,1
1,1,0.838926,1
1,1,0.807522,1
1,1,0.954258,1
2,2,0.987245,1
2,2,0.983251,1
1,1,0.740938,1
1,1,0.956307,1
0,1,0.547152,0
1,1,0.610076,1
2,2,0.765625,1
0,0,0.898066,1
1,1,0.736824,1
2,2,0.848945,1
1,1,0.943724,1
1,1,0.80077,1
0,0,0.879113,1
2,2,0.995965,1
2,2,0.696672,1
1,1,0.585054,1
2,2,0.993804,1
0,0,0.967336,1
2,2,0.805495,1
2,2,0.991569,1
2,2,0.983699,1
1,1,0.946799,1
1,1,0.952232,1
0,0,0.73396,1
2,2,0.980202,1
1,1,0.957855,1
0,0,0.848867,1
2,2,0.845628,1
2,2,0.826267,1
2,2,0.811853,1
0,0,0.974651,1
0,0,0.838007,1
1,0,0.641437,0
1,2,0.539396,0
0,0,0.99247,1
2,2,0.970887,1
1,1,0.957618,1
0,0,0.988126,1
2,2,0.987902,1
2,2,0.627141,1
1,1,0.95483,1
0,0,0.986846,1
0,0,0.976196,1
2,2,0.981282,1
1,1,0.894881,1
0,0,0.776871,1
1,2,0.561565,0
1,1,0.958437,1
1,1,0.680788,1
2,2,0.974569,1
1,1,0.957638,1
1,1,0.607898,1
0,0,0.987783,1
1,1,0.787756,1
1,1,0.559655,1
0,0,0.979317,1
0,0,0.892248,1
2,2,0.984998,1
2,2,0.761769,1
0,0,0.7625,1
0,0,0.593578,1
1,1,0.5481,1
2,2,0.992661,1
1,1,0.557544,1
0,0,0.96249,1
2,2,0.990504,1
0,0,0.970649,1
0,0,0.989538,1
0,0,0.976146,1
1,2,0.551989,0
2,2,0.98991,1
1,1,0.695791,1
0,0,0.966412,1
1,1,0.948211,1
2,2,0.978786,1
1,1,0.814336,1
0,0,0.979589,1
1,1,0.83475,1
1,1,0.647219,1
0,0,0.970491,1
1,1,0.94405,1
0,0,0.99318,1
1,1,0.944867,1
1,1,0.839941,1
1,1,0.775706,1
0,0,0.957867,1
1,1,0.953619,1
1,1,0.801559,1
0,0,0.970305,1
2,2,0.839606,1
0,1,0.511915,0
2,2,0.991309,1
0,0,0.980996,1
2,2,0.994815,1
0,0,0.992067,1
0,0,0.989507,1
1,1,0.568961,1
2,2,0.984521,1
1,1,0.772786,1
1,1,0.943352,1
0,0,0.984477,1
2,2,0.992932,1
1,1,0.955994,1
1,1,0.761219,1
2,2,0.996147,1
1,1,0.702901,1
0,0,0.974598,1
1,1,0.931023,1
1,1,0.945728,1
0,0,0.981376,1
0,0,0.857145,1
1,1,0.838677,1
1,1,0.735259,1
0,0,0.987357,1
1,0,0.610922,0
2,2,0.983679,1
2,2,0.802272,1
2,2,0.976857,1
1,1,0.952125,1
0,1,0.575834,0
1,1,0.752247,1
2,2,0.980459,1
1,1,0.641837,1
2,2,0.991296,1
0,0,0.987783,1
2,2,0.977355,1
2,2,0.87362,1
0,0,0.991593,1
0,1,0.67155,0
0,0,0.994048,1
1,1,0.947247,1
0,0,0.746792,1
1,2,0.561554,0
1,1,0.951657,1
2,2,0.990038,1
0,0,0.775575,1
0,0,0.986224,1
2,2,0.698513,1
1,1,0.944063,1
2,2,0.861022,1
0,0,0.729137,1
1,1,0.955407,1
2,2,0.996491,1
2,2,0.768732,1
1,1,0.733112,1
2,2,0.970423,1
0,0,0.852946,1
2,2,0.980144,1
2,2,0.989574,1
1,1,0.832566,1
1,1,0.94208,1
0,0,0.987357,1
0,1,0.556207,0
1,0,0.578698,0
1,1,0.782535,1
1,1,0.955367,1
0,0,0.993267,1
1,1,0.806815,1
1,1,0.955832,1
0,1,0.658675,0
1,1,0.598557,1
0,0,0.974374,1
0,0,0.983426,1
0,0,0.98327,1
1,2,0.591856,0
2,2,0.977061,1
0,0,0.983853,1
1,1,0.671478,1
0,0,0.719061,1
2,2,0.9909,1
1,1,0.741578,1
1,1,0.949863,1
1,1,0.738801,1
2,2,0.97984,1
2,2,0.618842,1
0,0,0.988261,1
0,0,0.790303,1
1,0,0.540844,0
0,0,0.985408,1
0,0,0.99444,1
1,1,0.919132,1
2,2,0.621961,1
1,1,0.952211,1
0,0,0.985738,1
0,0,0.970977,1
2,2,0.988292,1
2,2,0.975451,1
2,2,0.602605,1
2,2,0.770236,1
1,1,0.750127,1
1,1,0.954869,1
0,0,0.623815,1
1,1,0.766065,1
0,0,0.990356,1
2,2,0.979317,1
1,1,0.949504,1
2,2,0.982231,1
0,0,0.914161,1
1,0,0.634279,0
2,2,0.767736,1
2,2,0.990983,1
2,2,0.975655,1
2,1,0.62544,0
2,2,0.992324,1
2,2,0.969365,1
2,2,0.807308,1
2,2,0.785858,1
1,1,0.555416,1
2,2,0.993804,1
2,2,0.989022,1
2,2,0.991435,1
0,0,0.993203,1
0,0,0.980497,1
2,2,0.742954,1
1,1,0.957256,1
2,2,0.810731,1
2,2,0.994437,1
2,2,0.978916,1
2,2,0.987413,1
0,0,0.994018,1
0,0,0.980996,1
2,2,0.827269,1
2,2,0.873941,1
2,2,0.883282,1
2,2,0.882364,1
2,2,0.989769,1
0,0,0.890738,1
2,2,0.767736,1
2,2,0.76959,1
1,1,0.510232,1
0,0,0.985312,1
1,0,0.758222,0
2,2,0.991276,1
1,1,0.570979,1
0,1,0.703947,0
1,1,0.505036,1
1,1,0.811675,1
1,1,0.748861,1
1,1,0.572135,1
2,2,0.984666,1
1,1,0.590042,1
1,1,0.955215,1
2,2,0.975464,1
1,1,0.716558,1
2,2,0.967212,1
2,2,0.871339,1
0,0,0.98941,1
1,1,0.93901,1
1,1,0.949277,1
0,0,0.966034,1
2,2,0.996102,1
1,1,0.71814,1
0,0,0.965008,1
0,0,0.857145,1
0,0,0.965193,1
0,1,0.560668,0
0,0,0.81563,1
0,0,0.749088,1
0,0,0.979276,1
2,2,0.997607,1
2,2,0.997192,1
1,1,0.641203,1
0,0,0.969395,1
0,0,0.989071,1
2,2,0.644071,1
2,2,0.968177,1
2,2,0.989319,1
1,1,0.946096,1
2,2,0.979464,1
0,0,0.916701,1
2,2,0.841435,1
0,0,0.81243,1
0,0,0.981242,1
2,2,0.555774,1
2,2,0.985739,1
1,1,0.772756,1
2,2,0.991803,1
0,0,0.984329,1
1,1,0.957222,1
0,1,0.737113,0
2,2,0.716551,1
2,2,0.992385,1
2,2,0.979953,1
1,1,0.821975,1
2,2,0.99434,1
2,2,0.996634,1
1,1,0.785495,1
1,2,0.721278,0
1,0,0.664448,0
0,0,0.907181,1
0,0,0.983504,1
2,2,0.991545,1
1,1,0.945823,1
1,1,0.800432,1
0,0,0.884547,1
0,1,0.51106,0
0,0,0.556556,1
0,0,0.96417,1
1,1,0.681473,1
1,1,0.954942,1
1,1,0.780285,1
2,2,0.985448,1
1,1,0.916261,1
1,1,0.552861,1
1,1,0.658692,1
0,0,0.993835,1
1,1,0.951074,1
0,0,0.993815,1
1,1,0.591683,1
2,2,0.969758,1
2,2,0.993313,1
2,2,0.966065,1
1,1,0.547618,1
2,2,0.8727,1
0,0,0.984405,1
0,0,0.988745,1
2,2,0.991921,1
2,2,0.721451,1
2,2,0.996151,1
0,0,0.506048,1
2,2,0.986324,1
0,0,0.990163,1
2,2,0.990131,1
0,0,0.983741,1
1,1,0.834398,1
2,2,0.994805,1
2,2,0.765728,1
0,0,0.984787,1
2,2,0.983049,1
1,1,0.953162,1
1,2,0.593196,0
0,0,0.991433,1
0,0,0.554632,1
1,1,0.956854,1
2,2,0.98735,1
1,1,0.771062,1
0,0,0.710004,1
1,1,0.534484,1
1,1,0.674903,1
2,2,0.987529,1
1,1,0.786972,1
2,2,0.987902,1
0,0,0.979105,1
2,2,0.802272,1
2,2,0.984918,1
2,2,0.991176,1
2,2,0.77196,1
2,2,0.64802,1
0,0,0.980932,1
2,2,0.991117,1
2,2,0.974734,1
0,0,0.787119,1
2,2,0.99107,1
0,0,0.799191,1
2,2,0.842862,1
2,2,0.990479,1
0,0,0.969908,1
1,1,0.956564,1
1,1,0.944906,1
0,0,0.840457,1
2,2,0.813948,1
1,1,0.949695,1
1,1,0.59868,1
0,0,0.988588,1
1,1,0.946887,1
1,1,0.952403,1
0,0,0.976972,1
2,2,0.634434,1
1,1,0.935784,1
0,0,0.98136,1
2,2,0.829122,1
1,1,0.762426,1
2,2,0.993877,1
2,2,0.972751,1
2,2,0.843008,1
2,2,0.993196,1
1,1,0.957967,1
2,2,0.842733,1
2,2,0.990094,1
0,1,0.726636,0
0,0,0.98715,1
1,1,0.804538,1
0,0,0.838419,1
0,0,0.9707,1
1,2,0.63034,0
0,0,0.958547,1
1,1,0.920438,1
0,1,0.630301,0
1,1,0.809688,1
1,1,0.803834,1
2,2,0.69431,1
0,0,0.991964,1
0,0,0.876185,1
2,2,0.982386,1
0,0,0.525958,1
1,1,0.682529,1
0,0,0.986197,1
1,1,0.587529,1
0,0,0.982984,1
0,0,0.840287,1
0,0,0.957965,1
0,0,0.719524,1
0,1,0.704724,0
0,0,0.973259,1
2,2,0.989589,1
2,2,0.982448,1
1,0,0.64042,0
2,2,0.984548,1
2,2,0.99627,1
1,1,0.604549,1
0,0,0.984475,1
2,2,0.987686,1
2,2,0.555774,1
2,2,0.977721,1
1,1,0.679979,1
0,0,0.679875,1
2,2,0.995148,1
0,0,0.969719,1
2,2,0.652981,1
1,1,0.545253,1
2,2,0.983267,1
2,2,0.607844,1
1,1,0.74957,1
1,1,0.791075,1
1,1,0.598512,1
0,0,0.982959,1
0,0,0.795895,1
2,2,0.992244,1
0,0,0.766149,1
0,0,0.980023,1
2,2,0.824737,1
0,1,0.62477,0
0,0,0.958121,1
1,1,0.617843,1
0,0,0.986605,1
1,1,0.945526,1
1,1,0.945452,1
0,0,0.975177,1
1,1,0.65958,1
1,2,0.672866,0
1,1,0.801505,1
2,1,0.739433,0
0,0,0.990759,1
1,1,0.9559,1
0,0,0.880853,1
2,2,0.992677,1
0,0,0.987108,1
1,1,0.787484,1
2,2,0.987086,1
0,0,0.800364,1
1,1,0.74487,1
0,0,0.989218,1
0,0,0.978136,1
1,1,0.755687,1
2,2,0.993877,1
0,0,0.979517,1
1,1,0.633364,1
1,1,0.548156,1
0,0,0.978928,1
0,1,0.536165,0
1,1,0.951021,1
0,0,0.979616,1
2,2,0.973712,1
0,0,0.97072,1
1,1,0.581475,1
0,0,0.984849,1
0,0,0.988426,1
0,0,0.982286,1
1,1,0.797989,1
1,2,0.523394,0
0,0,0.834808,1
1,1,0.613726,1
1,1,0.559747,1
1,1,0.557551,1
2,2,0.673981,1
2,2,0.729043,1
2,2,0.980355,1
0,0,0.59908,1
1,1,0.935648,1
1,1,0.597314,1
0,0,0.98937,1
2,2,0.610069,1
0,0,0.97687,1
0,0,0.97687,1
2,2,0.991774,1
2,2,0.684259,1
2,2,0.975333,1
1,1,0.957074,1
1,1,0.77539,1
1,1,0.825383,1
0,0,0.977331,1
2,2,0.993194,1
0,1,0.688193,0
1,1,0.629424,1
2,2,0.993804,1
1,1,0.797333,1
2,2,0.983065,1
2,2,0.97945,1
0,0,0.777328,1
0,0,0.993245,1
0,0,0.991428,1
0,0,0.98227,1
0,1,0.502982,0
2,2,0.976442,1
0,0,0.980469,1
2,2,0.906119,1
0,0,0.986615,1
1,2,0.505614,0
2,2,0.974736,1
0,0,0.877426,1
2,2,0.959412,1
1,1,0.79076,1
2,2,0.555774,1
2,2,0.964092,1
1,1,0.668579,1
0,0,0.793077,1
1,1,0.942253,1
0,1,0.500324,0
2,2,0.814786,1
0,0,0.981758,1
0,0,0.750841,1
1,1,0.956854,1
2,2,0.979317,1
0,0,0.98171,1
0,0,0.748221,1
0,0,0.970681,1
2,2,0.975934,1
2,2,0.769461,1
0,0,0.962313,1
0,0,0.972766,1
0,0,0.990802,1
0,0,0.59418,1
0,0,0.98306,1
0,0,0.983313,1
0,0,0.989375,1
1,1,0.776568,1
0,0,0.987767,1
2,2,0.680769,1
2,2,0.995618,1
1,1,0.943105,1
1,1,0.830627,1
1,2,0.534945,0
0,0,0.754338,1
1,1,0.790122,1
1,1,0.712683,1
2,2,0.996214,1
0,0,0.990714,1
1,0,0.58984,0
0,0,0.989191,1
1,1,0.850143,1
2,2,0.984415,1
0,0,0.97521,1
0,0,0.876511,1
0,0,0.986188,1
1,0,0.674688,0
1,1,0.834166,1
2,2,0.99191,1
0,0,0.991526,1
0,0,0.970255,1
2,2,0.990572,1
1,1,0.956357,1
0,0,0.764618,1
1,1,0.767666,1
0,0,0.991801,1
0,0,0.852217,1
0,0,0.512971,1
1,1,0.926451,1
1,1,0.557443,1
1,2,0.54138,0
2,2,0.897568,1
2,2,0.615883,1
0,0,0.992185,1
0,0,0.988558,1
1,1,0.818332,1
1,1,0.951665,1
0,0,0.99137,1
1,1,0.66479,1
0,0,0.989375,1
1,1,0.599245,1
1,1,0.949677,1
1,1,0.952841,1
2,2,0.976857,1
0,0,0.990526,1
2,2,0.721542,1
2,2,0.751164,1
1,1,0.954037,1
0,0,0.991931,1
0,0,0.972246,1
0,0,0.978466,1
2,2,0.993673,1
0,0,0.964591,1
2,2,0.804501,1
2,2,0.831491,1
1,1,0.947222,1
1,2,0.664682,0
2,2,0.778177,1
0,0,0.984664,1
0,0,0.759042,1
0,0,0.963923,1
1,1,0.534532,1
0,0,0.993203,1
0,0,0.973695,1
1,1,0.630267,1
0,0,0.5416,1
1,1,0.947053,1
1,1,0.945583,1
0,0,0.989207,1
0,0,0.991021,1
2,2,0.994337,1
1,1,0.949965,1
2,2,0.980355,1
0,0,0.982379,1
0,0,0.984485,1
1,1,0.826783,1
1,1,0.768521,1
2,2,0.993471,1
0,0,0.741818,1
1,2,0.6345,0
0,0,0.983295,1
1,1,0.921372,1
2,2,0.507677,1
1,0,0.564323,0
2,2,0.979515,1
1,1,0.588837,1
1,1,0.952414,1
2,2,0.976575,1
2,2,0.728525,1
1,1,0.930928,1
2,2,0.988559,1
2,2,0.801237,1
0,0,0.9908,1
0,0,0.876127,1
0,0,0.744335,1
0,0,0.993346,1
2,2,0.978848,1
2,2,0.849531,1
1,0,0.690549,0
2,2,0.807828,1
2,2,0.97971,1
0,0,0.989567,1
1,1,0.658296,1
1,1,0.77374,1
2,2,0.805095,1
0,0,0.685233,1
0,0,0.993001,1
1,1,0.946973,1
0,0,0.969447,1
0,0,0.984244,1
2,2,0.983971,1
0,0,0.982934,1
1,1,0.940063,1
0,0,0.953322,1
2,2,0.992074,1
0,0,0.978727,1
0,1,0.747089,0
2,2,0.856458,1
1,1,0.817036,1
1,2,0.567924,0
0,0,0.99431,1
0,1,0.541934,0
2,2,0.983163,1
1,1,0.955002,1
1,1,0.800797,1
2,2,0.7444,1
0,0,0.541807,1
2,2,0.978614,1
0,0,0.673773,1
2,2,0.770388,1
2,2,0.784784,1
0,0,0.986702,1
2,2,0.997698,1
1,1,0.775119,1
2,2,0.97176,1
1,1,0.741604,1
1,1,0.957891,1
1,1,0.950518,1
1,1,0.794901,1
2,2,0.988331,1
0,1,0.725158,0
1,1,0.653578,1
1,1,0.9447,1
2,2,0.996639,1
2,2,0.582085,1
0,0,0.668117,1
2,2,0.740233,1
0,0,0.987799,1
1,1,0.812773,1
1,1,0.950766,1
1,1,0.949396,1
1,1,0.957259,1
2,2,0.96983,1
0,0,0.976301,1
2,2,0.994072,1
1,1,0.94468,1
2,2,0.544434,1
1,2,0.497678,0
1,1,0.828137,1
0,0,0.981094,1
2,2,0.977901,1
0,0,0.975331,1
1,1,0.80202,1
2,2,0.983993,1
0,0,0.983555,1
2,2,0.8135,1
2,2,0.983251,1
1,1,0.93473,1
0,0,0.806013,1
1,1,0.896253,1
0,0,0.987274,1
1,0,0.571361,0
1,1,0.663106,1
0,0,0.822237,1
1,1,0.953702,1
2,2,0.99232,1
2,2,0.977017,1
2,2,0.976702,1
1,1,0.952162,1
0,0,0.978903,1
1,1,0.938224,1
0,0,0.971464,1
1,0,0.539173,0
0,1,0.541934,0
2,2,0.665284,1
0,0,0.991497,1
1,1,0.95057,1
0,0,0.989538,1
0,0,0.975327,1
0,0,0.980563,1
0,0,0.985708,1
0,0,0.594356,1
1,1,0.951264,1
0,0,0.97606,1
0,0,0.972839,1
2,2,0.994155,1
1,2,0.546176,0
2,2,0.993801,1
1,1,0.823707,1
1,1,0.783061,1
1,1,0.760079,1
0,0,0.974686,1
0,0,0.978466,1
1,1,0.957513,1
1,1,0.615115,1
1,1,0.946187,1
2,2,0.773621,1
2,2,0.984002,1
2,2,0.990505,1
0,0,0.987242,1
0,0,0.988197,1
0,1,0.7242,0
0,0,0.964168,1
1,1,0.754483,1
1,1,0.939873,1
1,2,0.528378,0
2,1,0.713209,0
1,1,0.957729,1
1,1,0.845529,1
1,1,0.95481,1
2,2,0.854022,1
2,2,0.984934,1
2,2,0.994437,1
0,0,0.990632,1
2,2,0.625446,1
0,0,0.974557,1
2,2,0.808617,1
2,2,0.976325,1
0,0,0.993854,1
0,0,0.880853,1
0,0,0.746792,1
1,1,0.95215,1
1,1,0.956257,1
2,2,0.969952,1
0,0,0.741818,1
0,0,0.989642,1
0,0,0.822237,1
0,0,0.992508,1
2,2,0.984203,1
2,2,0.752434,1
2,2,0.773408,1
0,0,0.992366,1
0,0,0.977329,1
2,2,0.977901,1
2,2,0.991629,1
0,0,0.987946,1
1,2,0.619205,0
2,2,0.993161,1
0,0,0.637423,1
1,1,0.813467,1
1,1,0.599391,1
0,0,0.9857,1
1,1,0.77605,1
0,0,0.972919,1
2,2,0.994325,1
0,0,0.982639,1
1,1,0.788164,1
1,1,0.837924,1
0,0,0.989138,1
1,2,0.591226,0
0,0,0.9897,1
0,0,0.98635,1
0,0,0.977501,1
0,0,0.981597,1
1,1,0.911388,1
1,1,0.955176,1
2,2,0.970423,1
0,0,0.98881,1
1,1,0.787529,1
0,0,0.801561,1
2,2,0.995266,1
1,1,0.957239,1
0,0,0.981848,1
0,0,0.98941,1
1,1,0.815961,1
1,2,0.551867,0
0,0,0.96757,1
0,1,0.547334,0
1,1,0.57348,1
0,0,0.923347,1
2,2,0.678164,1
0,0,0.992252,1
2,2,0.774076,1
0,0,0.874263,1
2,2,0.978316,1
1,1,0.752136,1
0,0,0.818106,1
0,0,0.983006,1
1,1,0.943189,1
2,2,0.845542,1
2,2,0.973679,1
0,0,0.985586,1
1,1,0.946988,1
0,0,0.990869,1
0,0,0.979259,1
1,1,0.723356,1
0,0,0.898066,1
0,0,0.967979,1
2,2,0.996505,1
0,0,0.985082,1
0,0,0.717331,1
2,1,0.586683,0
1,2,0.615326,0
2,2,0.987686,1
1,1,0.769272,1
2,2,0.610145,1
0,0,0.882448,1
1,1,0.693859,1
0,0,0.756735,1
0,0,0.883408,1
2,2,0.765425,1
2,2,0.993646,1
0,0,0.981876,1
0,0,0.615123,1
0,0,0.499158,1
2,2,0.994221,1
1,1,0.953971,1
1,0,0.620101,0
2,1,0.61317,0
2,2,0.658547,1
2,2,0.859807,1
0,1,0.698515,0
1,1,0.730521,1
2,2,0.986941,1
2,2,0.97645,1
2,1,0.682398,0
0,0,0.973684,1
2,2,0.974736,1
0,0,0.9857,1
2,2,0.994749,1
0,0,0.97492,1
0,0,0.988188,1
0,0,0.981887,1
1,1,0.603058,1
2,2,0.991444,1
1,1,0.709766,1
0,0,0.974598,1
1,1,0.94319,1
2,2,0.97339,1
0,0,0.92889,1
1,1,0.953399,1
0,0,0.980023,1
0,0,0.845317,1
0,0,0.981023,1
0,0,0.958201,1
1,1,0.672597,1
1,1,0.957379,1
0,0,0.970977,1
1,1,0.545939,1
0,0,0.820117,1
1,1,0.934513,1
1,1,0.776786,1
2,2,0.697658,1
0,1,0.615887,0
0,0,0.982866,1
0,0,0.989071,1
2,2,0.983248,1
1,1,0.790644,1
2,2,0.602324,1
2,2,0.826086,1
2,2,0.993466,1
0,0,0.987144,1
2,2,0.985936,1
0,1,0.556207,0
1,1,0.91977,1
1,1,0.941317,1
0,0,0.984071,1
2,2,0.841781,1
1,0,0.734184,0
0,0,0.818955,1
2,2,0.724887,1
0,1,0.693474,0
2,2,0.742273,1
2,2,0.98653,1
1,1,0.942893,1
0,0,0.786142,1
2,2,0.956334,1
2,2,0.886488,1
1,1,0.955601,1
1,1,0.666617,1
0,0,0.963504,1
0,0,0.916701,1
2,2,0.995187,1
2,2,0.985493,1
2,2,0.767736,1
2,2,0.985607,1
2,2,0.986019,1
1,1,0.950578,1
2,2,0.989068,1
1,1,0.957305,1
0,0,0.981376,1
0,0,0.987818,1
1,1,0.611869,1
1,1,0.94975,1
1,2,0.580823,0
1,1,0.863526,1
0,0,0.976376,1
1,1,0.680316,1
2,2,0.984744,1
0,0,0.986465,1
2,2,0.835587,1
0,0,0.978903,1
1,1,0.831576,1
0,1,0.734968,0
2,2,0.982459,1
1,1,0.956443,1
2,2,0.979067,1
1,1,0.570259,1
2,2,0.697899,1
2,2,0.749798,1
1,1,0.834023,1
0,0,0.848728,1
0,0,0.990474,1
0,0,0.976071,1
2,2,0.807828,1
1,1,0.567596,1
1,2,0.60374,0
1,1,0.950637,1
2,2,0.739856,1
1,1,0.956649,1
1,1,0.957153,1
1,1,0.945439,1
0,0,0.991029,1
2,1,0.582896,0
1,2,0.504464,0
2,2,0.739856,1
2,1,0.76232,0
1,1,0.710519,1
2,2,0.995404,1
1,0,0.548222,0
0,0,0.991428,1
0,0,0.971828,1
2,2,0.984803,1
0,0,0.962313,1
1,1,0.80917,1
2,2,0.978786,1
1,1,0.818299,1
0,0,0.836067,1
1,2,0.538972,0
2,2,0.989917,1
0,0,0.967336,1
1,1,0.676564,1
2,2,0.992559,1
0,0,0.766347,1
0,0,0.971022,1
2,2,0.991667,1
1,1,0.951314,1
0,1,0.660227,0
1,1,0.957037,1
2,2,0.988738,1
2,2,0.967698,1
0,0,0.706704,1
1,1,0.918519,1
0,0,0.969908,1
1,2,0.578108,0
2,2,0.85585,1
2,2,0.834861,1
0,0,0.573255,1
0,0,0.992562,1
0,0,0.989662,1
1,1,0.861878,1
2,2,0.985936,1
2,2,0.984571,1
1,1,0.748566,1
2,2,0.983578,1
1,1,0.957155,1
2,2,0.825349,1
1,1,0.748001,1
0,0,0.79686,1
1,1,0.800252,1
0,0,0.971079,1
1,1,0.937133,1
1,0,0.570775,0
2,2,0.974569,1
0,0,0.977974,1
2,2,0.986752,1
1,1,0.947907,1
2,2,0.988541,1
1,1,0.957774,1
2,2,0.992324,1
2,2,0.825868,1
0,0,0.98656,1
2,2,0.974115,1
1,2,0.534664,0
2,2,0.974736,1
1,1,0.951001,1
2,2,0.77562,1
0,0,0.608981,1
2,2,0.98637,1
0,0,0.991959,1
0,0,0.988197,1
1,0,0.512919,0
2,2,0.989773,1
0,0,0.989608,1
0,0,0.989218,1
2,2,0.995782,1
1,1,0.813647,1
2,2,0.991789,1
2,2,0.996495,1
0,0,0.973691,1
1,1,0.92017,1
2,2,0.879902,1
1,1,0.561154,1
0,0,0.991547,1
0,0,0.992301,1
0,0,0.97943,1
2,2,0.993393,1
0,0,0.985499,1
2,2,0.558264,1
1,1,0.957047,1
2,2,0.993116,1
0,0,0.987125,1
2,2,0.77129,1
1,1,0.55168,1
1,1,0.932471,1
2,2,0.988816,1
2,2,0.97971,1
1,1,0.759502,1
2,2,0.975825,1
0,0,0.761843,1
0,0,0.981621,1
2,2,0.755745,1
0,0,0.989071,1
2,2,0.53286,1
2,2,0.825424,1
1,1,0.565618,1
0,0,0.975247,1
2,2,0.987705,1
2,2,0.997175,1
1,1,0.537715,1
2,2,0.987887,1
1,1,0.954671,1
1,1,0.551742,1
1,1,0.954739,1
1,1,0.956315,1
2,2,0.837389,1
1,1,0.940386,1
2,2,0.995745,1
0,0,0.985356,1
2,2,0.976375,1
0,0,0.74674,1
0,1,0.53687,0
0,0,0.969395,1
2,2,0.989319,1
0,0,0.984014,1
2,2,0.996539,1
1,1,0.644052,1
2,2,0.983704,1
2,2,0.99019,1
1,1,0.701809,1
1,1,0.946799,1
1,1,0.734937,1
0,0,0.972458,1
0,0,0.975773,1
1,1,0.681402,1
1,1,0.669464,1
0,1,0.725158,0
1,1,0.665955,1
1,0,0.773592,0
1,1,0.858359,1
1,1,0.945974,1
1,1,0.956717,1
1,1,0.790744,1
0,0,0.992328,1
0,0,0.989879,1
1,1,0.952914,1
0,0,0.731059,1
2,2,0.969365,1
0,0,0.99431,1
1,1,0.801125,1
2,2,0.992044,1
2,2,0.98398,1
0,0,0.992216,1
1,1,0.952225,1
2,2,0.85288,1
2,2,0.974506,1
2,2,0.97512,1
0,0,0.979259,1
2,2,0.994451,1
1,1,0.957418,1
2,2,0.858012,1
2,2,0.695477,1
0,0,0.771192,1
2,2,0.98987,1
0,0,0.988917,1
2,2,0.771553,1
2,2,0.987219,1
1,1,0.813783,1
1,1,0.940466,1
1,1,0.694697,1
1,1,0.735185,1
2,2,0.773621,1
2,2,0.773363,1
0,0,0.992873,1
0,0,0.52516,1
2,2,0.982714,1
2,2,0.993282,1
0,0,0.983003,1
1,1,0.831474,1
2,2,0.974365,1
2,2,0.804719,1
0,0,0.973221,1
0,0,0.878719,1
2,2,0.975457,1
1,1,0.956851,1
1,1,0.957994,1
1,1,0.955144,1
1,0,0.553872,0
2,2,0.991278,1
2,2,0.99177,1
0,0,0.979212,1
1,1,0.870244,1
0,0,0.967182,1
0,0,0.830244,1
2,2,0.993646,1
0,0,0.601319,1
0,0,0.992671,1
0,0,0.881167,1
2,2,0.985858,1
1,2,0.679405,0
2,2,0.989996,1
1,1,0.697479,1
0,0,0.991997,1
1,1,0.651327,1
2,2,0.987508,1
2,2,0.990645,1
1,1,0.954554,1
1,1,0.784028,1
1,1,0.570246,1
0,0,0.904805,1
0,1,0.505693,0
0,0,0.991723,1
0,0,0.991751,1
1,1,0.535857,1
2,2,0.97107,1
0,0,0.983426,1
0,0,0.931315,1
2,2,0.821742,1
0,0,0.991885,1
1,2,0.605829,0
1,1,0.94674,1
1,0,0.513512,0
2,2,0.996077,1
2,2,0.679928,1
0,0,0.521629,1
1,1,0.806497,1
0,0,0.987784,1
1,1,0.952606,1
1,1,0.823468,1
1,1,0.786803,1
2,2,0.997083,1
0,0,0.973259,1
2,2,0.767543,1
1,1,0.807036,1
1,1,0.955229,1
2,2,0.984752,1
0,0,0.975165,1
2,2,0.994142,1
2,2,0.996361,1
0,0,0.988829,1
1,1,0.597348,1
1,1,0.941442,1
0,0,0.894479,1
1,1,0.683524,1
1,1,0.955223,1
1,1,0.955858,1
2,2,0.970185,1
0,0,0.883408,1
2,2,0.974331,1
1,1,0.646386,1
1,1,0.714393,1
0,0,0.984609,1
2,2,0.833699,1
1,1,0.500359,1
0,0,0.771115,1
1,1,0.947958,1
2,2,0.637357,1
2,2,0.986843,1
0,0,0.983152,1
2,2,0.809667,1
1,1,0.938317,1
1,1,0.760676,1
2,2,0.98443,1
1,1,0.956618,1
0,0,0.97603,1
1,2,0.569889,0
1,1,0.74782,1
0,0,0.984988,1
2,2,0.997192,1
1,1,0.504166,1
2,2,0.968164,1
0,0,0.97606,1
2,2,0.97186,1
1,1,0.505407,1
2,2,0.986382,1
0,0,0.808061,1
1,1,0.918472,1
0,0,0.837759,1
2,2,0.605313,1
2,2,0.720676,1
0,0,0.987959,1
1,1,0.831083,1
0,0,0.98171,1
0,0,0.99137,1
1,1,0.54328,1
0,0,0.977002,1
1,1,0.956457,1
1,1,0.764829,1
0,0,0.816103,1
2,2,0.826475,1
2,2,0.759124,1
0,0,0.98896,1
0,0,0.990768,1
2,2,0.864898,1
0,1,0.708424,0
0,0,0.984356,1
1,2,0.510576,0
1,1,0.722832,1
2,2,0.981702,1
2,2,0.977708,1
0,0,0.821589,1
2,2,0.851942,1
0,1,0.566469,0
2,2,0.981328,1
2,2,0.984998,1
0,1,0.703982,0
2,2,0.993262,1
1,1,0.797627,1
2,2,0.864904,1
0,0,0.981891,1
1,2,0.70901,0
2,2,0.972172,1
2,2,0.8727,1
0,0,0.685659,1
0,0,0.990807,1
2,2,0.977579,1
1,1,0.956497,1
2,2,0.857631,1
2,2,0.779405,1
1,1,0.780888,1
2,2,0.806033,1
0,0,0.819719,1
1,1,0.546307,1
2,2,0.993928,1
1,1,0.50146,1
0,0,0.978883,1
2,2,0.808617,1
1,1,0.635706,1
2,2,0.781833,1
0,0,0.98987,1
2,2,0.9878,1
2,2,0.983542,1
0,0,0.816492,1
1,1,0.829293,1
0,0,0.975586,1
0,0,0.886457,1
1,2,0.61216,0
0,0,0.967056,1
0,0,0.991891,1
1,1,0.514829,1
2,2,0.784026,1
1,1,0.829867,1
0,0,0.992257,1
0,0,0.97228,1
2,2,0.988081,1
2,2,0.690286,1
1,1,0.668916,1
1,1,0.609642,1
2,2,0.837741,1
0,0,0.987285,1
2,2,0.993361,1
0,1,0.512446,0
0,0,0.977749,1
1,1,0.682051,1
1,2,0.564812,0
0,0,0.981989,1
0,0,0.808061,1
0,0,0.59418,1
0,0,0.985704,1
0,0,0.993575,1
2,2,0.773408,1
0,0,0.594356,1
2,2,0.993765,1
2,2,0.637357,1
2,2,0.628869,1
1,1,0.949953,1
0,1,0.543122,0
1,1,0.93041,1
2,2,0.738228,1
1,1,0.956118,1
0,0,0.972909,1
1,1,0.647732,1
1,1,0.50975,1
0,0,0.982984,1
0,0,0.978461,1
2,2,0.877773,1
1,2,0.497637,0
0,0,0.991336,1
2,2,0.979321,1
0,0,0.977416,1
1,1,0.956042,1
1,1,0.801821,1
0,0,0.822237,1
2,2,0.983899,1
0,0,0.972792,1
2,2,0.993194,1
1,1,0.931578,1
0,0,0.854444,1
1,1,0.828211,1
2,2,0.97896,1
2,2,0.988081,1
0,0,0.986062,1
2,2,0.972422,1
1,1,0.632891,1
1,0,0.587282,0
2,2,0.840773,1
1,1,0.724258,1
1,1,0.515199,1
1,1,0.945173,1
0,0,0.808485,1
2,2,0.979275,1
0,0,0.986188,1
2,2,0.993797,1
1,1,0.777359,1
2,2,0.98571,1
1,1,0.827135,1
2,2,0.974838,1
0,0,0.762552,1
2,2,0.982147,1
0,0,0.99082,1
2,2,0.993149,1
1,1,0.801785,1
1,1,0.95415,1
2,2,0.936495,1
1,1,0.573158,1
2,2,0.99012,1
1,1,0.955703,1
2,2,0.985133,1
2,2,0.831491,1
2,2,0.973934,1
0,0,0.706873,1
2,2,0.987973,1
0,1,0.7242,0
1,1,0.834935,1
0,0,0.693459,1
2,2,0.98793,1
0,0,0.986846,1
1,1,0.785751,1
2,2,0.982007,1
2,2,0.978528,1
1,1,0.621718,1
0,0,0.511906,1
2,2,0.993361,1
2,2,0.567651,1
0,0,0.986062,1
0,0,0.971399,1
0,0,0.989281,1
2,2,0.820911,1
1,1,0.739147,1
1,2,0.592927,0
0,0,0.970167,1
1,1,0.954078,1
2,2,0.781723,1
0,0,0.763617,1
1,1,0.743949,1
0,0,0.984404,1
0,0,0.717331,1
1,1,0.955885,1
2,2,0.995556,1
2,2,0.879902,1
1,1,0.949277,1
0,0,0.97591,1
2,2,0.98443,1
1,1,0.821272,1
1,1,0.952056,1
0,0,0.989608,1
0,0,0.970401,1
2,2,0.977792,1
1,1,0.957592,1
1,1,0.779888,1
1,1,0.805364,1
0,0,0.965832,1
2,2,0.982068,1
2,2,0.98427,1
2,2,0.720676,1
1,1,0.957136,1
1,1,0.698818,1
1,1,0.532825,1
1,0,0.526396,0
1,1,0.956814,1
0,0,0.994543,1
0,0,0.989754,1
2,2,0.987145,1
1,1,0.737361,1
0,0,0.98446,1
0,1,0.549303,0
2,2,0.874536,1
1,1,0.949617,1
1,1,0.950531,1
1,0,0.57698,0
2,2,0.991814,1
2,2,0.752434,1
0,0,0.985923,1
2,2,0.996096,1
1,1,0.938435,1
2,2,0.988981,1
2,2,0.994536,1
2,2,0.749394,1
2,2,0.992501,1
1,1,0.816144,1
2,2,0.975633,1
2,2,0.971036,1
2,2,0.630109,1
2,2,0.979703,1
1,1,0.937623,1
0,0,0.8564,1
0,0,0.981031,1
0,0,0.986371,1
1,1,0.518553,1
2,2,0.822804,1
2,2,0.972617,1
1,1,0.95668,1
2,2,0.991,1
0,0,0.979723,1
1,1,0.947385,1
2,2,0.975464,1
1,2,0.583602,0
2,2,0.982951,1
2,2,0.84304,1
1,1,0.957425,1
1,1,0.95788,1
2,2,0.598242,1
1,1,0.953258,1
1,1,0.808631,1
2,2,0.992989,1
0,0,0.993477,1
1,2,0.584235,0
0,0,0.974374,1
0,0,0.99137,1
1,1,0.856097,1
1,1,0.581508,1
0,0,0.785896,1
2,2,0.987025,1
0,0,0.966517,1
1,1,0.853809,1
1,1,0.579335,1
0,0,0.973418,1
1,1,0.815901,1
0,1,0.575215,0
1,1,0.94992,1
0,0,0.992175,1
1,1,0.627234,1
0,0,0.994591,1
2,2,0.653945,1
1,1,0.717831,1
0,0,0.760039,1
0,0,0.718902,1
1,1,0.932854,1
0,0,0.984798,1
0,0,0.976146,1
0,0,0.899541,1
1,1,0.637159,1
2,2,0.666913,1
1,1,0.944982,1
0,0,0.958121,1
2,2,0.859371,1
1,1,0.946607,1
2,2,0.538923,1
2,2,0.993153,1
1,1,0.605406,1
2,2,0.557536,1
1,2,0.531405,0
1,1,0.548122,1
0,0,0.790954,1
1,1,0.709019,1
0,0,0.985051,1
1,1,0.947293,1
1,1,0.711557,1
2,2,0.984905,1
0,1,0.604698,0
2,2,0.993948,1
1,0,0.501523,0
1,1,0.956988,1
1,1,0.534361,1
0,0,0.98396,1
1,1,0.681064,1
0,0,0.990178,1
0,0,0.744335,1
2,2,0.974506,1
2,2,0.971707,1
2,2,0.84239,1
0,0,0.990953,1
1,1,0.505488,1
1,1,0.934284,1
1,1,0.793487,1
1,1,0.954039,1
2,2,0.982894,1
2,2,0.993245,1
2,2,0.984133,1
2,2,0.993313,1
0,0,0.983812,1
1,1,0.95209,1
1,1,0.763502,1
1,1,0.957531,1
0,0,0.979589,1
2,2,0.826049,1
2,2,0.788015,1
1,1,0.763995,1
2,2,0.986817,1
2,2,0.874425,1
0,0,0.791262,1
1,0,0.644849,0
1,0,0.572648,0
0,0,0.847404,1
0,0,0.992192,1
0,0,0.965791,1
0,0,0.710863,1
2,2,0.733046,1
1,1,0.766249,1
0,0,0.990865,1
1,1,0.954761,1
2,2,0.846073,1
0,0,0.744315,1
1,1,0.821203,1
2,2,0.991921,1
2,2,0.977792,1
0,0,0.923622,1
0,0,0.850682,1
1,1,0.751993,1
0,0,0.991029,1
0,1,0.633575,0
0,0,0.988051,1
1,1,0.598044,1
1,1,0.847303,1
1,1,0.952304,1
1,1,0.948464,1
2,2,0.732076,1
2,2,0.976796,1
0,1,0.761845,0
0,0,0.988917,1
2,2,0.990738,1
0,0,0.764168,1
0,0,0.993815,1
0,0,0.987467,1
0,0,0.985792,1
0,0,0.867933,1
1,1,0.607449,1
1,2,0.714885,0
1,1,0.924726,1
1,1,0.743742,1
0,0,0.968893,1
2,2,0.988876,1
1,1,0.735802,1
0,0,0.969839,1
2,2,0.980813,1
1,1,0.948389,1
2,2,0.799879,1
0,0,0.984443,1
2,2,0.982274,1
0,0,0.991123,1
2,2,0.791203,1
0,0,0.641023,1
1,1,0.532662,1
2,2,0.781292,1
2,2,0.974376,1
0,0,0.981645,1
1,1,0.683418,1
0,1,0.530248,0
1,1,0.783947,1
1,1,0.789737,1
0,1,0.70454,0
2,2,0.859925,1
1,1,0.722649,1
0,0,0.984518,1
2,2,0.966686,1
0,0,0.580784,1
2,2,0.995694,1
0,0,0.990715,1
1,2,0.598112,0
2,2,0.788264,1
0,0,0.987053,1
0,0,0.99108,1
1,1,0.79521,1
2,2,0.978123,1
2,2,0.996458,1
2,2,0.712381,1
0,0,0.719061,1
0,0,0.985177,1
2,2,0.785755,1
0,1,0.681171,0
0,0,0.741931,1
0,0,0.979178,1
1,1,0.818346,1
1,1,0.957229,1
0,0,0.82894,1
2,2,0.986228,1
1,1,0.590546,1
2,2,0.994283,1
0,0,0.775605,1
0,0,0.970491,1
1,1,0.957354,1
1,0,0.627247,0
0,0,0.976223,1
0,0,0.798554,1
1,1,0.798425,1
0,0,0.830244,1
0,0,0.976248,1
2,2,0.9909,1
0,0,0.993315,1
0,0,0.717584,1
0,0,0.980782,1
2,2,0.993804,1
2,2,0.658458,1
1,1,0.952846,1
2,2,0.729583,1
2,2,0.991227,1
1,1,0.634117,1
1,1,0.955438,1
2,2,0.976475,1
0,0,0.990759,1
2,2,0.974895,1
2,2,0.793672,1
0,0,0.990163,1
0,1,0.536165,0
0,0,0.990556,1
2,2,0.991248,1
2,2,0.974301,1
1,1,0.681203,1
0,0,0.986597,1
2,2,0.793807,1
1,1,0.947032,1
0,0,0.97573,1
0,0,0.987771,1
1,1,0.95557,1
0,0,0.802738,1
0,0,0.979275,1
1,1,0.721854,1
0,0,0.983817,1
1,1,0.736399,1
0,0,0.690273,1
2,2,0.985227,1
2,2,0.988954,1
2,2,0.982234,1
1,1,0.720785,1
2,2,0.604804,1
2,2,0.99263,1
1,2,0.600401,0
1,1,0.590501,1
1,1,0.660686,1
0,0,0.994418,1
2,2,0.966022,1
0,0,0.651753,1
0,0,0.764038,1
2,2,0.982293,1
2,2,0.970696,1
2,2,0.991791,1
0,0,0.979275,1
1,1,0.917704,1
0,0,0.983596,1
1,1,0.946062,1
0,0,0.976643,1
2,1,0.571052,0
2,2,0.742952,1
0,0,0.981867,1
1,2,0.630432,0
1,1,0.560822,1
0,0,0.988637,1
1,1,0.738336,1
0,0,0.888029,1
1,1,0.726918,1
0,0,0.706873,1
1,1,0.527748,1
0,0,0.970956,1
0,0,0.964907,1
0,0,0.994591,1
1,1,0.950467,1
0,0,0.985185,1
0,0,0.975056,1
2,2,0.996155,1
2,2,0.989535,1
1,1,0.957287,1
0,0,0.975551,1
0,1,0.546714,0
1,0,0.501718,0
1,1,0.95503,1
1,1,0.954697,1
0,0,0.9887,1
0,0,0.916701,1
1,1,0.560751,1
2,2,0.991814,1
0,0,0.986521,1
1,1,0.603383,1
0,0,0.684119,1
0,0,0.977749,1
1,1,0.938844,1
2,2,0.579851,1
2,2,0.991814,1
1,1,0.957097,1
0,0,0.876545,1
1,1,0.744698,1
1,2,0.737462,0
2,2,0.979846,1
1,1,0.95678,1
2,2,0.991416,1
0,0,0.552051,1
0,0,0.907181,1
1,1,0.773077,1
1,1,0.637071,1
0,0,0.980552,1
1,1,0.810683,1
0,0,0.979723,1
1,1,0.506621,1
0,1,0.560371,0
0,0,0.987125,1
1,1,0.957607,1
2,2,0.707813,1
1,1,0.95692,1
1,1,0.927825,1
0,0,0.994649,1
0,0,0.987783,1
2,2,0.826657,1
0,0,0.973259,1
1,1,0.951215,1
2,2,0.984739,1
0,0,0.967439,1
1,1,0.740227,1
1,1,0.767782,1
1,1,0.951222,1
1,1,0.955427,1
1,1,0.937739,1
0,0,0.973327,1
2,2,0.844629,1
1,1,0.951847,1
0,0,0.844171,1
0,0,0.752949,1
2,2,0.987731,1
2,2,0.711502,1
2,2,0.679946,1
0,0,0.713989,1
2,2,0.833699,1
2,2,0.993173,1
0,1,0.527943,0
0,0,0.986062,1
0,0,0.803671,1
2,2,0.763911,1
1,1,0.761583,1
0,0,0.989879,1
2,2,0.6726,1
2,2,0.984702,1
2,2,0.544294,1
0,0,0.98987,1
1,0,0.57895,0
0,0,0.554632,1
0,0,0.988837,1
0,0,0.571173,1
0,1,0.723978,0
0,0,0.975152,1
2,2,0.861795,1
1,2,0.64193,0
2,2,0.986735,1
1,1,0.778678,1
2,2,0.986324,1
0,0,0.845711,1
2,2,0.976575,1
2,2,0.735628,1
0,1,0.626039,0
2,2,0.990317,1
0,0,0.633965,1
2,2,0.994036,1
0,0,0.54675,1
1,1,0.956559,1
2,2,0.839606,1
2,2,0.774894,1
2,2,0.73053,1
0,0,0.987905,1
0,0,0.97209,1
0,0,0.991485,1
1,1,0.728999,1
0,1,0.521728,0
0,0,0.552051,1
0,0,0.968444,1
0,0,0.983104,1
1,1,0.867398,1
1,1,0.953312,1
2,2,0.994562,1
0,0,0.986827,1
2,2,0.9949,1
1,1,0.957371,1
2,2,0.992531,1
1,1,0.551545,1
0,1,0.553505,0
2,2,0.970385,1
2,2,0.976578,1
0,1,0.563633,0
1,1,0.763098,1
2,2,0.971416,1
1,1,0.709026,1
1,1,0.952203,1
0,0,0.9859,1
1,1,0.957534,1
0,0,0.981376,1
2,2,0.985048,1
2,2,0.697899,1
2,2,0.995685,1
1,1,0.956638,1
1,1,0.768661,1
2,2,0.978916,1
2,2,0.975475,1
0,1,0.698515,0
2,2,0.986639,1
1,0,0.657857,0
1,1,0.783832,1
0,0,0.992276,1
2,2,0.985927,1
0,0,0.9795,1
2,2,0.975923,1
0,0,0.794338,1
0,0,0.990641,1
0,0,0.992873,1
2,2,0.601712,1
1,1,0.70098,1
1,1,0.9524,1
1,1,0.950771,1
0,0,0.837467,1
0,0,0.973248,1
2,2,0.988355,1
2,2,0.990254,1
2,2,0.621149,1
1,1,0.943526,1
1,2,0.609202,0
1,1,0.95336,1
0,0,0.971338,1
2,2,0.730061,1
0,0,0.74674,1
1,1,0.77088,1
1,1,0.753343,1
0,0,0.972839,1
2,2,0.983974,1
1,1,0.956594,1
2,2,0.655505,1
0,0,0.741931,1
1,1,0.758093,1
0,0,0.752613,1
0,1,0.747089,0
1,1,0.629534,1
2,2,0.987138,1
1,1,0.954427,1
2,2,0.618437,1
2,2,0.818053,1
1,1,0.837077,1
0,0,0.986197,1
1,2,0.706572,0
1,1,0.754886,1
1,1,0.954924,1
1,1,0.760216,1
1,2,0.530525,0
1,1,0.936514,1
1,1,0.724862,1
1,1,0.946323,1
1,1,0.556838,1
1,1,0.794433,1
2,2,0.982768,1
0,0,0.980169,1
2,2,0.979977,1
0,0,0.983942,1
0,1,0.7242,0
0,0,0.974229,1
2,2,0.728525,1
1,1,0.693151,1
0,0,0.775819,1
1,1,0.956602,1
0,0,0.980332,1
1,1,0.643729,1
0,0,0.647147,1
0,0,0.987258,1
0,0,0.577243,1
2,2,0.866299,1
2,2,0.989589,1
0,0,0.654688,1
2,2,0.766687,1
1,1,0.7515,1
2,2,0.989956,1
2,2,0.983709,1
0,0,0.7625,1
1,2,0.487619,0
1,1,0.950469,1
0,0,0.990744,1
1,1,0.935901,1
0,0,0.989537,1
0,0,0.800531,1
1,1,0.573152,1
2,2,0.507677,1
1,1,0.67172,1
0,0,0.830531,1
1,2,0.550343,0
2,2,0.981917,1
0,0,0.982033,1
0,0,0.97268,1
2,2,0.98818,1
0,0,0.988931,1
2,2,0.980199,1
2,2,0.992408,1
0,0,0.984239,1
0,0,0.771128,1
2,2,0.982983,1
2,2,0.988447,1
1,1,0.809801,1
2,2,0.784944,1
2,2,0.995896,1
0,0,0.83172,1
1,1,0.58627,1
1,1,0.79159,1
2,2,0.849531,1
1,1,0.763739,1
2,2,0.985837,1
0,0,0.8657,1
0,0,0.684006,1
2,2,0.965371,1
2,1,0.682398,0
2,2,0.996365,1
1,1,0.860735,1
0,0,0.847495,1
1,1,0.94781,1
1,1,0.956728,1
1,1,0.747985,1
0,0,0.984484,1
1,1,0.935161,1
2,2,0.980007,1
1,1,0.945452,1
2,2,0.781723,1
0,0,0.764395,1
1,1,0.951395,1
1,1,0.950873,1
1,1,0.758263,1
0,0,0.988819,1
1,1,0.515121,1
2,2,0.824891,1
1,1,0.73323,1
0,0,0.804181,1
1,1,0.747666,1
0,1,0.74378,0
2,2,0.991867,1
0,0,0.819897,1
0,0,0.988885,1
2,2,0.970965,1
0,0,0.969246,1
1,1,0.93328,1
2,2,0.99083,1
1,2,0.672994,0
1,1,0.952923,1
2,2,0.825567,1
2,2,0.635615,1
0,0,0.992687,1
1,1,0.775105,1
2,2,0.764051,1
2,2,0.989531,1
0,0,0.737776,1
0,0,0.987548,1
2,2,0.969927,1
1,1,0.789672,1
2,2,0.969365,1
2,2,0.967212,1
1,1,0.957306,1
2,2,0.994667,1
1,1,0.812075,1
1,1,0.45104,1
1,1,0.931988,1
2,2,0.865176,1
2,2,0.803792,1
0,0,0.910489,1
1,1,0.940232,1
0,0,0.977927,1
0,0,0.65733,1
1,1,0.757259,1
1,1,0.646618,1
2,2,0.881123,1
1,1,0.774616,1
2,2,0.986391,1
2,2,0.991831,1
2,2,0.969758,1
0,0,0.986521,1
0,0,0.985086,1
2,2,0.830838,1
2,2,0.976036,1
0,1,0.555052,0
2,2,0.679946,1
2,2,0.9949,1
2,2,0.774449,1
2,2,0.994337,1
0,0,0.982412,1
2,2,0.973161,1
0,0,0.98818,1
1,1,0.702731,1
2,1,0.576608,0
2,2,0.764616,1
1,1,0.941207,1
1,1,0.722995,1
1,1,0.531393,1
2,2,0.96048,1
0,1,0.704724,0
1,1,0.956881,1
0,0,0.719156,1
1,1,0.820602,1
0,0,0.738502,1
1,1,0.767174,1
2,2,0.990217,1
0,0,0.967764,1
2,2,0.987686,1
0,0,0.98272,1
0,0,0.967615,1
0,0,0.979715,1
1,1,0.578278,1
2,2,0.983021,1
0,0,0.91232,1
0,0,0.814,1
0,0,0.979817,1
2,2,0.987138,1
0,0,0.751751,1
2,2,0.825622,1
0,0,0.993435,1
1,0,0.516839,0
2,2,0.992608,1
0,0,0.973652,1
2,2,0.975553,1
1,1,0.803186,1
2,2,0.983557,1
1,1,0.681439,1
1,1,0.7191,1
2,2,0.838752,1
0,0,0.985759,1
0,1,0.675435,0
2,2,0.764616,1
2,2,0.985862,1
2,2,0.823863,1
0,0,0.994047,1
1,0,0.525407,0
0,0,0.976223,1
0,0,0.982423,1
1,1,0.943007,1
1,1,0.52854,1
1,1,0.957167,1
1,1,0.957685,1
2,2,0.839606,1
0,0,0.723681,1
1,1,0.703869,1
2,2,0.916908,1
1,1,0.50507,1
1,1,0.500231,1
2,2,0.986567,1
2,2,0.973984,1
2,2,0.889075,1
1,1,0.954704,1
2,2,0.987331,1
0,0,0.84611,1
0,0,0.837759,1
1,1,0.787021,1
2,2,0.776295,1
1,1,0.953549,1
2,2,0.776608,1
0,0,0.976096,1
0,1,0.711092,0
1,2,0.543922,0
2,2,0.993302,1
1,1,0.945757,1
2,2,0.996513,1
2,2,0.810262,1
0,0,0.989933,1
0,0,0.979714,1
1,1,0.824292,1
2,2,0.798011,1
2,2,0.989222,1
1,1,0.834293,1
2,2,0.980202,1
1,1,0.696855,1
2,2,0.983453,1
2,2,0.764051,1
1,1,0.822193,1
0,0,0.991443,1
0,0,0.976823,1
2,2,0.984203,1
1,1,0.950619,1
0,0,0.99247,1
1,1,0.820346,1
0,0,0.647147,1
1,1,0.599404,1
1,1,0.544128,1
0,0,0.759042,1
0,0,0.743873,1
0,0,0.97808,1
1,1,0.644627,1
1,0,0.627016,0
1,1,0.745089,1
0,0,0.9795,1
1,0,0.582416,0
1,1,0.77367,1
0,0,0.982983,1
0,0,0.976488,1
2,2,0.982831,1
2,2,0.996876,1
0,0,0.979426,1
1,1,0.955284,1
2,2,0.968247,1
1,1,0.950018,1
2,2,0.845628,1
0,0,0.984759,1
2,2,0.694664,1
1,2,0.604277,0
2,2,0.991,1
1,1,0.941307,1
0,0,0.967615,1
0,0,0.918788,1
0,0,0.98272,1
0,0,0.979178,1
2,2,0.86163,1
1,1,0.950675,1
0,0,0.991948,1
0,0,0.971331,1
1,1,0.953965,1
0,0,0.986316,1
0,0,0.588117,1
1,1,0.854501,1
2,1,0.587085,0
0,0,0.992782,1
0,0,0.968814,1
0,0,0.985571,1
0,0,0.97603,1
1,1,0.951218,1
2,2,0.982727,1
0,0,0.964346,1
2,2,0.988399,1
0,1,0.726556,0
0,0,0.981611,1
0,0,0.987015,1
0,0,0.981203,1
1,1,0.954535,1
1,1,0.721614,1
2,2,0.765728,1
2,2,0.994437,1
2,2,0.991195,1
2,2,0.84487,1
0,1,0.512446,0
2,2,0.98107,1
0,0,0.734433,1
0,0,0.953322,1
0,0,0.856164,1
2,2,0.970746,1
1,1,0.792273,1
1,1,0.928075,1
0,0,0.967342,1
0,0,0.903981,1
0,0,0.67706,1
2,2,0.991278,1
1,1,0.593814,1
2,2,0.993153,1
1,1,0.783641,1
1,1,0.539578,1
2,2,0.98407,1
2,2,0.718773,1
2,2,0.985153,1
1,2,0.506974,0
2,2,0.988752,1
2,1,0.588141,0
2,2,0.846618,1
2,2,0.975448,1
1,1,0.956145,1
1,1,0.655048,1
0,0,0.99252,1
1,1,0.674338,1
2,2,0.880232,1
2,2,0.6232,1
0,0,0.979259,1
2,2,0.987028,1
2,2,0.98398,1
2,2,0.749798,1
2,1,0.507179,0
1,1,0.911137,1
1,1,0.948993,1
0,0,0.840287,1
2,2,0.972668,1
1,0,0.574135,0
1,1,0.665298,1
0,1,0.703982,0
2,2,0.554101,1
2,2,0.651369,1
1,1,0.814815,1
0,0,0.971889,1
0,0,0.619875,1
2,2,0.982983,1
1,0,0.540605,0
1,1,0.713535,1
0,0,0.748221,1
2,2,0.768732,1
2,2,0.825468,1
2,2,0.979609,1
0,0,0.986771,1
0,0,0.764168,1
1,1,0.791433,1
2,2,0.781734,1
0,0,0.673773,1
2,2,0.956089,1
2,2,0.979464,1
0,0,0.97228,1
0,0,0.973941,1
2,2,0.977061,1
2,2,0.987973,1
1,1,0.957975,1
0,0,0.851116,1
0,0,0.812009,1
0,0,0.992257,1
0,0,0.983473,1
0,0,0.98625,1
0,0,0.985969,1
0,0,0.99229,1
0,0,0.986465,1
2,2,0.973056,1
2,1,0.719725,0
2,2,0.984586,1
0,0,0.82894,1
0,0,0.985571,1
1,1,0.956564,1
0,0,0.974977,1
2,2,0.98474,1
1,1,0.939125,1
0,0,0.869097,1
1,1,0.778266,1
2,2,0.989351,1
0,0,0.984477,1
1,1,0.956955,1
0,0,0.741998,1
2,2,0.835915,1
2,2,0.994966,1
2,2,0.991922,1
2,2,0.591571,1
2,2,0.991584,1
2,2,0.99325,1
1,1,0.852931,1
2,2,0.987264,1
1,1,0.950851,1
0,0,0.795734,1
2,2,0.984175,1
0,0,0.953322,1
2,2,0.653016,1
2,2,0.966494,1
1,1,0.69784,1
0,0,0.837464,1
0,0,0.977981,1
2,2,0.990216,1
0,0,0.988496,1
2,2,0.988026,1
2,2,0.968517,1
2,2,0.976553,1
2,2,0.985275,1
2,2,0.736003,1
1,1,0.950085,1
1,1,0.823589,1
1,1,0.954226,1
2,2,0.974876,1
0,0,0.978435,1
1,1,0.948478,1
0,1,0.715989,0
2,2,0.794387,1
0,1,0.518697,0
0,0,0.981814,1
0,0,0.970411,1
1,1,0.77153,1
0,0,0.989365,1
2,2,0.992923,1
0,0,0.990526,1
2,2,0.78347,1
1,1,0.792265,1
1,1,0.617006,1
0,0,0.977174,1
1,2,0.605463,0
0,0,0.851641,1
0,0,0.989864,1
2,2,0.991296,1
1,1,0.956079,1
1,1,0.952619,1
1,1,0.939229,1
0,0,0.977984,1
2,2,0.978302,1
2,2,0.996505,1
0,0,0.985469,1
1,1,0.770802,1
2,2,0.978839,1
0,0,0.988698,1
2,2,0.771553,1
1,1,0.736443,1
2,2,0.991809,1
2,2,0.827817,1
1,1,0.951535,1
1,0,0.620119,0
2,1,0.538171,0
2,2,0.99514,1
0,0,0.984787,1
0,1,0.604698,0
2,2,0.818053,1
1,0,0.697834,0
2,2,0.996102,1
0,0,0.987227,1
0,0,0.98987,1
0,0,0.757376,1
2,2,0.889075,1
2,2,0.816791,1
0,0,0.990129,1
1,0,0.555241,0
2,2,0.830302,1
1,0,0.611344,0
2,2,0.986714,1
2,2,0.754309,1
2,2,0.982495,1
2,2,0.965685,1
1,1,0.690912,1
1,1,0.952114,1
2,2,0.992926,1
2,2,0.984955,1
1,1,0.763396,1
0,0,0.987507,1
0,0,0.710302,1
0,0,0.981688,1
1,1,0.702495,1
2,2,0.802699,1
1,1,0.792997,1
2,2,0.995145,1
0,0,0.987959,1
0,0,0.989121,1
1,1,0.536653,1
2,2,0.991519,1
1,1,0.544228,1
1,0,0.62436,0
0,0,0.977315,1
2,2,0.984556,1
0,0,0.9857,1
1,1,0.956982,1
1,1,0.919618,1
1,1,0.755296,1
2,2,0.992039,1
1,1,0.938175,1
2,2,0.973679,1
0,0,0.719061,1
0,1,0.515409,0
2,2,0.991093,1
1,1,0.67699,1
1,1,0.772957,1
1,1,0.809793,1
2,2,0.991382,1
1,1,0.59852,1
0,0,0.777905,1
2,2,0.810262,1
0,0,0.977672,1
2,2,0.822261,1
0,0,0.986146,1
2,2,0.82894,1
2,2,0.864743,1
1,2,0.640156,0
1,1,0.953347,1
0,0,0.961347,1
1,1,0.956303,1
2,2,0.989834,1
2,2,0.992524,1
0,0,0.986062,1
1,1,0.943755,1
1,2,0.538989,0
2,2,0.981446,1
2,1,0.62544,0
0,0,0.966693,1
0,0,0.674906,1
1,1,0.94781,1
0,0,0.65733,1
1,1,0.676185,1
0,0,0.976806,1
2,2,0.686358,1
1,1,0.712383,1
0,0,0.66205,1
2,2,0.64429,1
2,2,0.992043,1
2,2,0.761948,1
1,1,0.95737,1
1,1,0.810402,1
0,0,0.979634,1
2,2,0.99669,1
2,2,0.980254,1
0,0,0.619337,1
0,1,0.559798,0
1,1,0.955431,1
1,1,0.846785,1
2,2,0.990637,1
2,2,0.985465,1
0,0,0.978663,1
1,1,0.639962,1
2,2,0.757686,1
0,1,0.511915,0
0,0,0.978868,1
0,0,0.993238,1
0,0,0.724521,1
0,1,0.710309,0
1,1,0.784473,1
2,2,0.990324,1
2,2,0.838682,1
2,2,0.808874,1
2,2,0.695477,1
1,2,0.553975,0
0,0,0.752326,1
1,1,0.804056,1
2,2,0.993804,1
0,0,0.993273,1
2,2,0.889643,1
2,2,0.97107,1
1,1,0.957389,1
0,0,0.978198,1
1,1,0.95017,1
2,2,0.989772,1
0,0,0.627424,1
1,1,0.614798,1
1,2,0.69134,0
2,2,0.976415,1
1,1,0.572997,1
2,2,0.787342,1
0,0,0.978043,1
1,1,0.771113,1
0,0,0.980996,1
2,2,0.962567,1
1,1,0.7194,1
2,2,0.662465,1
0,0,0.967086,1
2,2,0.988541,1
0,1,0.7242,0
2,2,0.802318,1
2,2,0.989505,1
0,0,0.975152,1
1,1,0.80998,1
2,2,0.997607,1
0,0,0.914006,1
2,2,0.741941,1
0,0,0.668446,1
1,1,0.950989,1
0,0,0.903981,1
0,0,0.79493,1
2,2,0.825013,1
2,2,0.969758,1
0,0,0.981756,1
2,2,0.99535,1
2,2,0.829435,1
2,2,0.984928,1
0,0,0.985786,1
2,2,0.829122,1
1,1,0.598442,1
0,0,0.980471,1
2,2,0.615995,1
2,2,0.865588,1
0,0,0.97521,1
1,1,0.807339,1
1,1,0.675623,1
1,1,0.771512,1
1,2,0.732665,0
2,2,0.837176,1
2,2,0.808617,1
2,2,0.976575,1
2,2,0.834869,1
1,0,0.536338,0
0,0,0.981645,1
2,2,0.818755,1
2,2,0.742606,1
2,2,0.566508,1
1,1,0.927746,1
2,2,0.995556,1
0,0,0.961571,1
2,2,0.874172,1
2,2,0.995685,1
2,2,0.970492,1
2,2,0.619825,1
1,1,0.560114,1
1,1,0.95412,1
0,0,0.97687,1
1,2,0.631135,0
1,1,0.957182,1
1,1,0.95277,1
1,1,0.753653,1
0,0,0.991021,1
0,0,0.720498,1
0,0,0.980486,1
2,2,0.984648,1
1,1,0.957046,1
2,2,0.993194,1
0,0,0.511467,1
2,2,0.96048,1
2,2,0.99567,1
2,2,0.991992,1
1,1,0.954321,1
1,1,0.604493,1
1,1,0.942191,1
1,2,0.542952,0
0,0,0.877081,1
2,2,0.779829,1
2,2,0.800515,1
2,2,0.965754,1
1,1,0.495365,1
0,0,0.792004,1
1,1,0.623262,1
2,2,0.712822,1
2,2,0.988963,1
2,2,0.874229,1
0,0,0.911052,1
2,2,0.979275,1
1,1,0.957329,1
2,2,0.994167,1
0,0,0.975289,1
1,1,0.954704,1
0,1,0.703982,0
0,0,0.973476,1
0,0,0.713468,1
1,0,0.70607,0
1,1,0.951561,1
0,0,0.976326,1
0,0,0.984031,1
0,0,0.979573,1
0,0,0.991072,1
1,1,0.780615,1
1,1,0.85588,1
1,1,0.932584,1
0,0,0.852946,1
1,1,0.669259,1
0,0,0.594702,1
0,0,0.993684,1
2,2,0.997497,1
0,0,0.98261,1
2,2,0.619502,1
0,0,0.95964,1
1,1,0.745451,1
0,0,0.988447,1
1,1,0.791605,1
1,1,0.815109,1
1,1,0.808378,1
1,2,0.741002,0
2,2,0.997077,1
1,1,0.739691,1
2,2,0.988283,1
0,0,0.991885,1
1,1,0.662877,1
1,1,0.814008,1
1,1,0.720876,1
1,1,0.697392,1
1,1,0.952748,1
2,2,0.967263,1
1,2,0.545675,0
0,0,0.599677,1
2,2,0.498863,1
1,1,0.755533,1
1,1,0.956086,1
0,0,0.991433,1
1,1,0.582197,1
1,0,0.558103,0
0,0,0.991123,1
1,1,0.944645,1
1,1,0.936351,1
1,1,0.928473,1
2,2,0.514952,1
0,1,0.70623,0
1,1,0.749041,1
0,0,0.760564,1
0,0,0.975782,1
1,1,0.95332,1
0,0,0.845724,1
0,0,0.99137,1
1,1,0.771612,1
1,2,0.701129,0
1,1,0.933643,1
1,1,0.783893,1
1,1,0.953738,1
0,0,0.991951,1
2,2,0.721575,1
1,1,0.707066,1
0,0,0.914006,1
1,1,0.622269,1
1,1,0.641473,1
2,2,0.800296,1
2,2,0.824674,1
0,0,0.967548,1
1,1,0.932859,1
1,1,0.957349,1
0,0,0.993776,1
0,0,0.983798,1
1,1,0.538852,1
0,0,0.976223,1
0,0,0.941967,1
0,0,0.986252,1
1,1,0.827911,1
0,0,0.992471,1
1,1,0.957655,1
0,0,0.975872,1
0,0,0.855251,1
2,2,0.976889,1
2,1,0.582896,0
0,0,0.982959,1
2,2,0.992473,1
0,0,0.968177,1
1,1,0.822489,1
1,1,0.75263,1
0,0,0.98448,1
1,1,0.69895,1
2,2,0.981389,1
2,2,0.889643,1
0,0,0.608054,1
1,1,0.890136,1
2,2,0.991458,1
1,1,0.63341,1
2,2,0.805095,1
0,1,0.60422,0
1,1,0.771539,1
2,2,0.739856,1
1,1,0.589558,1
2,2,0.788015,1
2,2,0.810927,1
1,1,0.955861,1
2,2,0.982985,1
1,1,0.680236,1
2,2,0.808512,1
1,1,0.850429,1
0,1,0.583279,0
1,1,0.957218,1
0,0,0.989045,1
1,1,0.778561,1
2,2,0.995148,1
1,1,0.78563,1
1,1,0.725193,1
0,0,0.571173,1
0,0,0.830531,1
2,2,0.991623,1
2,2,0.99298,1
0,0,0.98896,1
0,0,0.965372,1
2,2,0.993622,1
1,1,0.540328,1
2,2,0.97971,1
2,2,0.990486,1
1,1,0.67685,1
1,1,0.722868,1
2,2,0.993286,1
0,0,0.979365,1
2,2,0.996214,1
0,0,0.906684,1
1,1,0.648115,1
1,1,0.636108,1
1,2,0.66657,0
0,1,0.590879,0
1,1,0.532577,1
2,2,0.992129,1
0,0,0.986755,1
0,0,0.968773,1
2,2,0.991176,1
2,2,0.6726,1
0,0,0.970164,1
2,2,0.807873,1
1,1,0.777518,1
2,2,0.969313,1
1,1,0.67253,1
0,0,0.988153,1
0,0,0.977972,1
1,1,0.647219,1
0,0,0.853383,1
0,0,0.733244,1
1,1,0.635778,1
1,1,0.757794,1
0,1,0.549303,0
1,1,0.575413,1
2,2,0.994221,1
1,1,0.957874,1
1,1,0.739358,1
1,1,0.953705,1
1,1,0.95718,1
1,1,0.572076,1
1,1,0.752291,1
0,0,0.991168,1
1,1,0.768512,1
1,1,0.713769,1
1,1,0.667416,1
1,1,0.636569,1
1,2,0.527183,0
2,2,0.993521,1
1,1,0.724255,1
2,2,0.993523,1
1,1,0.953381,1
2,2,0.989574,1
2,2,0.995745,1
0,0,0.98413,1
2,2,0.994109,1
0,0,0.981993,1
2,2,0.975825,1
1,1,0.793181,1
2,2,0.993322,1
0,0,0.972427,1
2,2,0.880347,1
0,0,0.977882,1
2,2,0.839606,1
1,1,0.824156,1
2,2,0.991378,1
1,1,0.816632,1
1,1,0.762112,1
0,0,0.577243,1
1,1,0.707532,1
1,1,0.779988,1
1,2,0.630702,0
1,1,0.93904,1
0,0,0.714766,1
0,0,0.986225,1
2,2,0.989179,1
0,0,0.772912,1
2,2,0.995166,1
2,2,0.991536,1
1,1,0.527474,1
1,2,0.504709,0
2,2,0.975923,1
2,2,0.977288,1
1,1,0.95508,1
2,2,0.853086,1
1,1,0.94245,1
0,0,0.986333,1
0,0,0.969899,1
1,1,0.957465,1
0,0,0.719753,1
1,1,0.78876,1
1,1,0.820288,1
0,0,0.973921,1
2,2,0.984002,1
0,0,0.745498,1
0,0,0.980028,1
1,1,0.926647,1
0,0,0.97834,1
0,0,0.81884,1
0,0,0.977974,1
2,2,0.813709,1
0,0,0.659939,1
2,2,0.987916,1
2,2,0.987119,1
0,0,0.972095,1
0,0,0.979626,1
0,0,0.983602,1
2,2,0.973251,1
0,0,0.826637,1
2,2,0.745377,1
2,2,0.989501,1
0,0,0.991443,1
1,1,0.800941,1
1,1,0.563075,1
1,1,0.956738,1
0,0,0.98272,1
0,0,0.87345,1
2,2,0.819399,1
0,0,0.864195,1
2,2,0.986228,1
0,0,0.885232,1
0,0,0.989225,1
1,1,0.595294,1
0,0,0.539613,1
2,2,0.563238,1
2,2,0.973056,1
2,2,0.967373,1
2,2,0.96048,1
0,0,0.981128,1
1,0,0.622824,0
2,2,0.978618,1
1,1,0.956223,1
0,0,0.984273,1
1,1,0.945712,1
1,1,0.639637,1
0,0,0.991203,1
2,2,0.989996,1
1,1,0.585349,1
1,1,0.613841,1
0,0,0.986704,1
0,0,0.980898,1
1,1,0.945585,1
2,1,0.587085,0
1,1,0.775,1
2,2,0.740629,1
0,0,0.979105,1
1,1,0.952788,1
0,1,0.598009,0
0,0,0.990099,1
0,0,0.939787,1
0,0,0.540963,1
2,2,0.839521,1
0,0,0.987102,1
2,2,0.973317,1
1,1,0.954903,1
2,2,0.744572,1
2,2,0.770388,1
2,2,0.814786,1
0,0,0.974553,1
0,0,0.766347,1
2,2,0.857631,1
2,2,0.993719,1
0,0,0.969676,1
2,2,0.659937,1
2,2,0.959412,1
2,2,0.987331,1
2,2,0.654018,1
1,1,0.709696,1
2,2,0.992862,1
0,0,0.984433,1
1,1,0.716796,1
2,2,0.662069,1
2,2,0.989017,1
1,2,0.652035,0
2,2,0.99092,1
2,2,0.872451,1
1,1,0.697637,1
1,1,0.612107,1
1,1,0.808241,1
1,1,0.944237,1
0,0,0.99444,1
0,0,0.638874,1
1,1,0.93408,1
2,2,0.978396,1
0,0,0.994303,1
2,2,0.689836,1
1,1,0.745403,1
0,0,0.992619,1
1,1,0.526364,1
1,1,0.526983,1
2,2,0.98564,1
2,2,0.978181,1
2,2,0.992039,1
0,0,0.988188,1
2,2,0.982789,1
2,2,0.974077,1
1,1,0.802078,1
0,0,0.989611,1
0,0,0.986118,1
0,0,0.978043,1
1,1,0.947244,1
1,1,0.505931,1
2,2,0.982903,1
0,0,0.800476,1
1,1,0.753419,1
2,2,0.994911,1
1,0,0.49472,0
2,2,0.996591,1
1,1,0.957464,1
2,2,0.982551,1
0,0,0.620046,1
2,2,0.861062,1
0,0,0.98779,1
0,0,0.916701,1
2,2,0.899838,1
2,2,0.990758,1
2,2,0.874425,1
0,0,0.762372,1
1,1,0.942673,1
0,0,0.972919,1
0,0,0.822019,1
0,0,0.988154,1
0,0,0.634502,1
1,1,0.737619,1
2,2,0.739719,1
0,0,0.978638,1
2,2,0.980853,1
1,2,0.636998,0
1,2,0.543825,0
2,2,0.97307,1
0,0,0.760027,1
2,2,0.991618,1
1,1,0.956628,1
0,0,0.808987,1
2,2,0.754714,1
0,0,0.731893,1
1,1,0.665486,1
1,1,0.954485,1
2,2,0.864743,1
1,1,0.802256,1
1,1,0.775242,1
0,0,0.911834,1
0,0,0.820712,1
1,2,0.539723,0
1,1,0.791216,1
1,1,0.949256,1
2,2,0.783547,1
1,2,0.513447,0
1,1,0.954714,1
2,2,0.814063,1
2,2,0.813065,1
2,2,0.828887,1
0,0,0.984866,1
2,2,0.995066,1
0,0,0.992859,1
0,0,0.906665,1
2,2,0.601397,1
0,0,0.978526,1
2,2,0.990142,1
1,1,0.724697,1
0,0,0.756537,1
0,0,0.969371,1
2,2,0.645985,1
0,0,0.983586,1
0,0,0.990274,1
0,1,0.734074,0
2,2,0.771862,1
1,1,0.846157,1
1,1,0.843542,1
0,0,0.98263,1
1,1,0.779311,1
1,1,0.766152,1
1,2,0.535894,0
0,0,0.642736,1
0,0,0.982938,1
1,1,0.942123,1
2,2,0.833869,1
2,2,0.993264,1
2,2,0.581007,1
0,0,0.991903,1
0,0,0.982412,1
0,0,0.991048,1
0,0,0.958468,1
0,0,0.764395,1
0,0,0.855633,1
1,1,0.695234,1
2,2,0.985736,1
0,0,0.968957,1
0,0,0.965256,1
2,2,0.987405,1
2,2,0.977558,1
2,2,0.9875,1
0,0,0.966693,1
1,1,0.767943,1
1,1,0.775937,1
1,1,0.712341,1
0,0,0.990178,1
1,1,0.952632,1
0,0,0.984797,1
0,0,0.988976,1
1,1,0.579185,1
0,0,0.888029,1
2,2,0.750397,1
1,1,0.67896,1
2,2,0.978347,1
1,1,0.947265,1
2,2,0.97456,1
0,0,0.975961,1
0,0,0.990329,1
0,0,0.970863,1
0,0,0.973327,1
2,2,0.579692,1
1,1,0.942007,1
0,0,0.982531,1
0,0,0.847404,1
2,2,0.992962,1
2,2,0.765425,1
2,2,0.692199,1
2,2,0.742218,1
2,2,0.989772,1
1,1,0.955712,1
0,0,0.987783,1
1,1,0.569064,1
1,1,0.954923,1
2,2,0.849348,1
0,0,0.991602,1
1,1,0.83808,1
2,2,0.983526,1
0,0,0.983798,1
0,0,0.982616,1
2,2,0.980062,1
1,1,0.72832,1
0,0,0.983617,1
2,1,0.568144,0
1,2,0.522752,0
2,2,0.970492,1
0,0,0.970788,1
2,2,0.98987,1
2,2,0.995556,1
1,1,0.684705,1
1,1,0.673329,1
1,1,0.632002,1
1,1,0.956876,1
0,0,0.64959,1
2,2,0.975561,1
2,2,0.975505,1
2,2,0.709806,1
2,2,0.995965,1
2,2,0.967263,1
2,2,0.992248,1
2,2,0.982903,1
0,0,0.7625,1
1,1,0.646777,1
0,1,0.734968,0
1,1,0.792732,1
1,1,0.621566,1
0,1,0.538564,0
2,2,0.993877,1
1,1,0.547883,1
2,2,0.984879,1
2,2,0.985448,1
2,2,0.975594,1
2,2,0.99544,1
0,0,0.971121,1
2,2,0.996845,1
1,1,0.952021,1
0,0,0.970992,1
1,1,0.956921,1
2,2,0.983655,1
2,2,0.994562,1
0,0,0.988416,1
1,1,0.958533,1
2,2,0.996104,1
0,0,0.975563,1
1,1,0.953848,1
0,0,0.971423,1
2,2,0.975655,1
0,0,0.989504,1
1,1,0.957166,1
2,2,0.881282,1
1,1,0.949417,1
1,1,0.771175,1
1,1,0.947581,1
2,2,0.764885,1
1,1,0.956905,1
2,2,0.777393,1
2,2,0.554101,1
0,0,0.988375,1
1,1,0.64285,1
2,2,0.705769,1
1,1,0.669325,1
0,0,0.983039,1
1,1,0.955518,1
2,2,0.991867,1
2,2,0.754264,1
0,0,0.737807,1
0,0,0.978136,1
2,2,0.989126,1
1,1,0.956232,1
1,1,0.956971,1
0,0,0.897993,1
2,2,0.85634,1
1,1,0.828144,1
0,0,0.913899,1
1,1,0.954715,1
0,0,0.977749,1
1,1,0.947335,1
0,0,0.861586,1
1,0,0.506599,0
0,0,0.895592,1
0,0,0.89524,1
2,2,0.97035,1
2,2,0.979651,1
1,1,0.802012,1
2,2,0.545095,1
1,2,0.569851,0
1,1,0.919013,1
0,0,0.9938,1
1,1,0.718393,1
2,2,0.983854,1
2,2,0.873276,1
0,0,0.636338,1
1,1,0.793836,1
1,1,0.674027,1
0,0,0.965832,1
0,0,0.812361,1
2,2,0.814894,1
0,0,0.975472,1
2,2,0.995685,1
0,1,0.674468,0
0,0,0.991268,1
1,1,0.956275,1
1,1,0.951388,1
0,0,0.97488,1
1,1,0.956894,1
0,0,0.627051,1
2,2,0.905796,1
2,2,0.838682,1
0,0,0.992459,1
1,1,0.955526,1
1,2,0.552344,0
1,1,0.848152,1
0,0,0.990879,1
0,0,0.98302,1
0,0,0.962183,1
1,1,0.952631,1
1,1,0.955428,1
1,1,0.504865,1
0,0,0.983268,1
1,1,0.552865,1
0,0,0.834244,1
0,0,0.988097,1
2,2,0.819399,1
0,0,0.810205,1
0,0,0.972246,1
0,0,0.991571,1
0,0,0.986709,1
0,0,0.820138,1
1,1,0.933973,1
0,0,0.987548,1
2,2,0.981897,1
0,0,0.992379,1
2,2,0.78609,1
0,0,0.994591,1
2,2,0.994278,1
1,1,0.79594,1
2,2,0.984121,1
1,1,0.687715,1
1,1,0.802866,1
2,2,0.969491,1
0,0,0.714434,1
1,1,0.798066,1
2,2,0.976162,1
0,0,0.978375,1
0,0,0.987357,1
1,1,0.591917,1
1,1,0.789311,1
0,1,0.677523,0
0,0,0.982937,1
2,2,0.960005,1
1,1,0.955686,1
0,0,0.685941,1
0,0,0.976965,1
2,2,0.794652,1
0,0,0.990777,1
0,0,0.883079,1
0,0,0.972898,1
2,2,0.847603,1
2,2,0.988875,1
2,2,0.980853,1
1,1,0.95621,1
0,0,0.994327,1
0,0,0.991237,1
0,0,0.99318,1
2,2,0.991035,1
1,1,0.957156,1
0,0,0.844875,1
1,1,0.731803,1
0,0,0.97228,1
0,0,0.78424,1
1,1,0.928411,1
2,2,0.979821,1
1,1,0.957104,1
2,2,0.994995,1
2,2,0.777383,1
0,0,0.654341,1
1,1,0.946887,1
2,2,0.995166,1
0,0,0.988329,1
2,2,0.970423,1
0,0,0.674906,1
1,1,0.85068,1
1,1,0.59417,1
1,1,0.601195,1
1,1,0.956873,1
2,2,0.984695,1
1,1,0.789053,1
0,0,0.967062,1
2,2,0.794387,1
0,1,0.621569,0
1,1,0.703588,1
2,2,0.990498,1
0,0,0.738502,1
0,0,0.994591,1
2,2,0.825468,1
1,1,0.951289,1
1,1,0.955439,1
0,0,0.98681,1
2,2,0.993797,1
1,1,0.950858,1
0,0,0.959371,1
1,1,0.950832,1
2,2,0.984581,1
2,2,0.986324,1
2,2,0.984257,1
2,2,0.859821,1
2,2,0.969015,1
0,0,0.984074,1
2,2,0.987122,1
0,0,0.870994,1
0,0,0.993949,1
1,1,0.526415,1
1,1,0.608072,1
1,1,0.957707,1
0,0,0.988443,1
2,2,0.776151,1
1,1,0.950905,1
0,0,0.991775,1
2,2,0.988816,1
1,1,0.808772,1
1,1,0.68718,1
0,0,0.782548,1
1,2,0.699318,0
1,1,0.512807,1
1,1,0.928581,1
0,0,0.994053,1
2,2,0.986958,1
1,1,0.948298,1
0,0,0.819719,1
0,0,0.911052,1
1,1,0.957701,1
1,1,0.765518,1
1,1,0.608583,1
2,2,0.732076,1
0,0,0.990574,1
2,2,0.985882,1
0,0,0.812361,1
2,2,0.988044,1
2,2,0.828887,1
1,0,0.508156,0
0,0,0.697777,1
2,2,0.987887,1
2,2,0.985541,1
2,2,0.987472,1
2,2,0.996661,1
2,2,0.976302,1
1,1,0.608788,1
0,0,0.991387,1
1,1,0.527985,1
1,1,0.933576,1
2,2,0.850159,1
2,2,0.822261,1
0,0,0.991257,1
2,2,0.808617,1
0,0,0.9802,1
1,2,0.596652,0
1,1,0.831666,1
2,2,0.988964,1
2,2,0.975713,1
1,1,0.842952,1
0,0,0.986114,1
0,0,0.615123,1
0,0,0.659939,1
0,0,0.993993,1
0,1,0.669158,0
1,1,0.795924,1
0,0,0.843624,1
0,0,0.968957,1
0,0,0.986755,1
0,1,0.614087,0
0,0,0.994186,1
1,1,0.953236,1
1,1,0.793497,1
2,2,0.995804,1
2,2,0.989026,1
1,1,0.658023,1
2,2,0.988283,1
1,1,0.838485,1
2,2,0.850935,1
1,2,0.574849,0
2,2,0.827126,1
0,0,0.989325,1
1,1,0.955648,1
0,1,0.642449,0
2,2,0.983525,1
1,1,0.558394,1
0,0,0.808061,1
0,1,0.660984,0
0,0,0.986974,1
1,1,0.940645,1
1,1,0.638986,1
2,2,0.992608,1
0,0,0.67105,1
2,2,0.995138,1
0,0,0.991336,1
2,2,0.72744,1
0,0,0.983877,1
1,1,0.952099,1
1,1,0.72549,1
0,0,0.770288,1
2,2,0.994563,1
0,0,0.987771,1
0,0,0.980932,1
2,2,0.985001,1
0,1,0.557714,0
1,1,0.831078,1
2,2,0.960774,1
0,0,0.775168,1
2,2,0.9918,1
0,0,0.963681,1
2,2,0.883063,1
0,0,0.990329,1
2,2,0.990758,1
2,2,0.58471,1
2,2,0.99683,1
2,2,0.983049,1
2,1,0.61317,0
0,0,0.968893,1
0,0,0.98396,1
0,0,0.983018,1
2,2,0.985465,1
2,2,0.837176,1
0,0,0.992329,1
2,2,0.814786,1
1,1,0.704845,1
1,1,0.643673,1
0,0,0.989004,1
2,2,0.798714,1
0,0,0.983949,1
2,2,0.99572,1
1,1,0.511514,1
1,1,0.75949,1
1,1,0.547442,1
2,2,0.969952,1
0,0,0.993844,1
2,2,0.826267,1
1,1,0.759617,1
0,0,0.969501,1
1,1,0.953896,1
2,2,0.985153,1
1,1,0.542501,1
0,0,0.597843,1
0,0,0.565631,1
0,0,0.977127,1
1,1,0.660284,1
1,1,0.528989,1
2,2,0.748638,1
1,1,0.584579,1
2,2,0.991018,1
2,2,0.979135,1
1,1,0.499307,1
0,0,0.970305,1
0,0,0.982959,1
0,0,0.546931,1
1,1,0.956223,1
1,1,0.830639,1
2,2,0.977386,1
2,2,0.990442,1
1,1,0.953672,1
2,2,0.68114,1
2,2,0.993089,1
1,1,0.831833,1
1,1,0.953025,1
2,2,0.730601,1
0,0,0.983793,1
1,1,0.954383,1
1,2,0.686551,0
2,2,0.99291,1
2,2,0.991292,1
0,0,0.980588,1
1,1,0.953386,1
0,0,0.973902,1
1,0,0.654007,0
1,1,0.737719,1
2,2,0.637357,1
0,0,0.793773,1
2,2,0.78347,1
2,2,0.805423,1
1,1,0.957017,1
2,2,0.841711,1
2,2,0.968363,1
0,0,0.975382,1
2,2,0.979944,1
0,0,0.965791,1
2,2,0.980409,1
1,1,0.821267,1
1,1,0.956595,1
2,2,0.994717,1
2,2,0.875673,1
0,0,0.974244,1
2,2,0.770388,1
0,0,0.892248,1
1,1,0.957788,1
2,2,0.879902,1
2,2,0.979893,1
0,1,0.545726,0
0,0,0.981509,1
0,0,0.974686,1
2,2,0.975212,1
2,2,0.650209,1
2,2,0.972131,1
0,0,0.987242,1
0,0,0.826637,1
0,0,0.992217,1
0,0,0.970303,1
0,0,0.757213,1
0,0,0.988594,1
0,0,0.986911,1
1,0,0.545569,0
2,2,0.97896,1
1,1,0.942677,1
2,2,0.98564,1
0,0,0.980174,1
1,1,0.936778,1
1,1,0.935145,1
0,0,0.987784,1
2,2,0.771302,1
2,2,0.881123,1
1,1,0.753439,1
2,2,0.818136,1
2,2,0.989029,1
2,2,0.992748,1
2,2,0.992743,1
1,1,0.669108,1
1,1,0.955443,1
1,1,0.703241,1
2,2,0.981178,1
0,0,0.728406,1
2,2,0.991309,1
0,0,0.984085,1
1,1,0.937575,1
1,1,0.50598,1
0,0,0.729836,1
0,0,0.974139,1
1,1,0.790166,1
0,0,0.985725,1
0,0,0.677104,1
2,2,0.990648,1
0,0,0.992175,1
1,1,0.809187,1
0,0,0.73318,1
0,0,0.961571,1
1,1,0.957802,1
1,1,0.937679,1
2,2,0.995145,1
0,0,0.985759,1
1,0,0.607055,0
1,0,0.684411,0
1,1,0.71539,1
1,2,0.695895,0
2,2,0.982418,1
1,1,0.956456,1
2,2,0.773363,1
2,2,0.500545,1
1,1,0.631348,1
2,1,0.723336,0
2,1,0.605021,0
0,0,0.973269,1
2,2,0.756786,1
0,0,0.986534,1
1,1,0.783983,1
0,0,0.994289,1
2,2,0.818755,1
0,0,0.873977,1
1,1,0.906455,1
0,0,0.972664,1
2,2,0.987955,1
1,1,0.954753,1
1,1,0.770936,1
2,2,0.982903,1
0,0,0.988154,1
2,2,0.992988,1
2,2,0.989922,1
1,1,0.939786,1
0,0,0.912656,1
0,0,0.803671,1
1,1,0.679469,1
0,0,0.980763,1
1,1,0.952806,1
1,1,0.955003,1
0,0,0.986132,1
1,1,0.952972,1
1,1,0.803885,1
0,0,0.992746,1
2,2,0.978974,1
0,0,0.989836,1
1,1,0.948643,1
1,1,0.662178,1
0,1,0.519091,0
2,2,0.625446,1
2,2,0.71588,1
2,2,0.984581,1
1,1,0.941597,1
0,0,0.978514,1
1,1,0.957128,1
2,2,0.830908,1
0,0,0.623815,1
0,1,0.684941,0
1,1,0.936298,1
1,1,0.785603,1
1,1,0.955826,1
2,2,0.99472,1
1,1,0.762804,1
1,1,0.945794,1
0,0,0.637076,1
2,2,0.993398,1
1,1,0.830568,1
1,1,0.518168,1
0,0,0.97085,1
2,2,0.995869,1
1,1,0.953727,1
2,2,0.988324,1
1,1,0.955326,1
0,0,0.60177,1
1,1,0.62242,1
2,2,0.988413,1
2,2,0.543273,1
1,1,0.752625,1
1,1,0.811354,1
1,1,0.587296,1
2,2,0.837176,1
2,2,0.964196,1
1,2,0.676404,0
1,1,0.746772,1
1,1,0.958516,1
2,2,0.993269,1
2,2,0.83601,1
2,2,0.740629,1
1,2,0.731976,0
2,2,0.986675,1
2,2,0.848596,1
2,2,0.996361,1
0,0,0.972909,1
0,0,0.989538,1
0,0,0.98576,1
2,2,0.988587,1
1,1,0.518776,1
0,0,0.521578,1
1,2,0.538316,0
0,0,0.543182,1
0,0,0.594702,1
1,1,0.599627,1
2,2,0.760248,1
1,1,0.643016,1
0,0,0.992986,1
2,2,0.704016,1
2,2,0.995187,1
1,1,0.850128,1
2,2,0.981125,1
1,1,0.942363,1
2,2,0.97186,1
1,1,0.956494,1
2,2,0.992267,1
1,1,0.798643,1
2,2,0.976375,1
0,0,0.67706,1
2,2,0.984571,1
1,0,0.655978,0
0,0,0.979681,1
2,2,0.993641,1
2,2,0.745595,1
0,0,0.970681,1
2,2,0.996102,1
2,2,0.99569,1
0,0,0.749088,1
1,1,0.813085,1
0,0,0.990477,1
0,0,0.992217,1
1,1,0.538133,1
1,1,0.946846,1
2,2,0.845222,1
1,2,0.549449,0
0,1,0.516564,0
1,1,0.525598,1
1,1,0.816551,1
1,1,0.560774,1
0,0,0.67105,1
1,1,0.777123,1
2,2,0.691626,1
1,1,0.670683,1
1,1,0.598633,1
0,0,0.783153,1
2,2,0.986364,1
0,0,0.903981,1
2,2,0.802702,1
0,0,0.971351,1
1,1,0.856021,1
1,2,0.625652,0
0,1,0.614758,0
2,2,0.754309,1
1,1,0.724003,1
1,1,0.54296,1
2,2,0.753684,1
0,0,0.690496,1
1,1,0.95031,1
2,2,0.980375,1
2,2,0.77293,1
2,2,0.995089,1
2,2,0.794283,1
0,0,0.983365,1
0,0,0.842801,1
1,1,0.521488,1
2,2,0.995089,1
1,1,0.750339,1
0,0,0.96796,1
1,1,0.956793,1
1,1,0.95773,1
2,2,0.979703,1
1,1,0.947172,1
1,1,0.95614,1
2,2,0.96883,1
1,1,0.82099,1
2,2,0.990486,1
2,2,0.981496,1
2,2,0.812799,1
1,1,0.94646,1
1,1,0.948161,1
1,1,0.956877,1
0,0,0.973995,1
2,2,0.992946,1
2,2,0.984934,1
1,1,0.744032,1
2,2,0.99401,1
0,0,0.886103,1
2,2,0.828024,1
0,0,0.911834,1
2,2,0.629193,1
1,1,0.577457,1
0,0,0.97654,1
0,0,0.993273,1
1,1,0.948307,1
1,1,0.725148,1
1,1,0.807818,1
0,0,0.991904,1
1,1,0.695497,1
1,1,0.954803,1
1,1,0.956663,1
1,1,0.799564,1
0,0,0.983741,1
2,2,0.630187,1
0,0,0.974465,1
0,0,0.865631,1
2,2,0.988331,1
2,2,0.982068,1
1,1,0.957848,1
2,2,0.613747,1
1,0,0.578744,0
0,0,0.988665,1
1,1,0.74156,1
2,2,0.820058,1
0,0,0.991048,1
2,2,0.657729,1
2,2,0.802272,1
2,2,0.98207,1
2,2,0.968253,1
2,2,0.981532,1
2,2,0.874229,1
0,1,0.532534,0
2,2,0.989222,1
2,2,0.98753,1
2,2,0.643414,1
2,2,0.823505,1
1,1,0.949101,1
1,1,0.748277,1
1,1,0.952888,1
1,1,0.943859,1
0,0,0.981645,1
1,1,0.73253,1
0,0,0.972222,1
2,2,0.971484,1
2,2,0.972131,1
0,0,0.986827,1
0,0,0.715657,1
0,0,0.807709,1
0,0,0.972937,1
2,2,0.814894,1
0,0,0.615123,1
2,2,0.991646,1
1,1,0.958003,1
0,0,0.983812,1
2,2,0.987186,1
1,1,0.935437,1
2,2,0.988044,1
1,1,0.802318,1
1,1,0.940113,1
2,2,0.997083,1
0,0,0.983713,1
0,0,0.9215,1
0,0,0.977974,1
1,1,0.749298,1
2,2,0.989842,1
1,1,0.643038,1
0,0,0.984591,1
1,1,0.945679,1
2,2,0.734807,1
1,1,0.943506,1
0,0,0.983116,1
2,2,0.996123,1
1,1,0.948737,1
1,1,0.945495,1
1,1,0.950083,1
0,0,0.989242,1
1,1,0.709834,1
0,0,0.988985,1
1,1,0.767214,1
1,1,0.768197,1
1,1,0.95783,1
2,2,0.985555,1
1,1,0.918021,1
0,0,0.992078,1
0,0,0.984848,1
0,0,0.994851,1
1,1,0.718953,1
2,2,0.843677,1
2,2,0.986707,1
0,0,0.738924,1
2,2,0.864166,1
0,0,0.81095,1
2,2,0.72144,1
2,2,0.995588,1
1,1,0.953964,1
0,0,0.988978,1
0,0,0.985385,1
2,2,0.980362,1
1,1,0.957789,1
1,1,0.580691,1
1,1,0.589141,1
0,0,0.590453,1
1,1,0.835815,1
0,0,0.993737,1
2,2,0.99214,1
2,2,0.99061,1
0,0,0.987671,1
2,2,0.989434,1
0,0,0.989812,1
1,1,0.813061,1
0,0,0.984443,1
2,2,0.982943,1
1,1,0.94419,1
1,1,0.686584,1
1,1,0.782332,1
1,1,0.955211,1
1,1,0.505443,1
0,0,0.976643,1
0,0,0.673773,1
2,2,0.99622,1
0,0,0.992379,1
2,2,0.813709,1
1,1,0.746465,1
1,1,0.943398,1
2,2,0.963115,1
0,0,0.973476,1
2,2,0.980626,1
0,0,0.987603,1
2,2,0.996102,1
0,0,0.989444,1
0,0,0.614692,1
2,2,0.990841,1
0,1,0.654249,0
2,2,0.881318,1
1,1,0.616444,1
0,0,0.977776,1
0,0,0.98431,1
2,2,0.988226,1
2,2,0.98754,1
2,2,0.794652,1
1,1,0.597645,1
2,2,0.767645,1
0,1,0.70042,0
2,2,0.996661,1
2,2,0.976353,1
2,2,0.993196,1
1,1,0.948322,1
0,0,0.974982,1
2,2,0.985739,1
0,0,0.97591,1
2,2,0.980366,1
1,1,0.920921,1
0,0,0.761843,1
0,0,0.983498,1
2,2,0.98423,1
1,1,0.799501,1
0,0,0.968424,1
2,2,0.99615,1
2,2,0.987705,1
0,0,0.965663,1
2,2,0.763168,1
2,2,0.99325,1
1,2,0.597168,0
1,1,0.822932,1
0,0,0.989375,1
2,2,0.995148,1
2,2,0.597414,1
2,1,0.683331,0
2,2,0.981328,1
2,2,0.978476,1
0,0,0.52516,1
1,1,0.956239,1
1,1,0.802434,1
0,0,0.990904,1
2,2,0.977378,1
2,2,0.958043,1
1,1,0.957627,1
0,1,0.740598,0
1,1,0.730736,1
0,0,0.800913,1
1,1,0.950007,1
0,0,0.988129,1
2,2,0.791203,1
1,1,0.573036,1
0,0,0.977445,1
1,1,0.757135,1
0,0,0.993854,1
2,2,0.793672,1
2,2,0.752447,1
2,2,0.991355,1
2,2,0.7046,1
1,1,0.802885,1
2,1,0.624145,0
0,0,0.798866,1
0,0,0.981062,1
1,1,0.683103,1
2,2,0.991675,1
2,2,0.993765,1
2,2,0.989637,1
2,2,0.684259,1
1,1,0.691505,1
0,0,0.992379,1
1,1,0.50989,1
1,1,0.813041,1
2,2,0.979383,1
1,1,0.954062,1
2,2,0.883282,1
1,0,0.513133,0
1,1,0.943775,1
1,1,0.956472,1
0,0,0.972898,1
2,2,0.868782,1
1,1,0.956297,1
1,1,0.727584,1
0,0,0.676686,1
2,2,0.994536,1
1,1,0.951189,1
2,2,0.717038,1
2,2,0.986768,1
1,1,0.946152,1
1,1,0.692085,1
2,2,0.976702,1
1,1,0.68483,1
0,0,0.992403,1
1,1,0.951567,1
2,2,0.994913,1
2,2,0.731085,1
0,0,0.75628,1
1,1,0.952998,1
1,0,0.602118,0
0,0,0.588117,1
2,2,0.990572,1
0,0,0.980996,1
0,0,0.760564,1
0,0,0.984518,1
0,0,0.993661,1
0,0,0.976173,1
1,1,0.715277,1
2,2,0.859925,1
2,2,0.849276,1
1,1,0.791251,1
1,1,0.781299,1
1,1,0.675466,1
2,2,0.984739,1
0,0,0.991366,1
1,1,0.75952,1
0,0,0.568368,1
0,0,0.827461,1
1,1,0.808617,1
1,1,0.957785,1
2,2,0.682416,1
0,0,0.68754,1
1,1,0.955131,1
2,2,0.64429,1
2,2,0.987812,1
0,0,0.993375,1
1,1,0.841809,1
0,0,0.989665,1
2,1,0.504962,0
1,0,0.775518,0
2,2,0.829122,1
0,0,0.975936,1
1,2,0.701134,0
1,1,0.930181,1
1,1,0.508181,1
0,0,0.54536,1
2,2,0.85288,1
0,1,0.592939,0
0,0,0.991981,1
0,0,0.75823,1
2,2,0.827126,1
2,2,0.991855,1
2,2,0.807244,1
0,0,0.865659,1
2,2,0.99357,1
2,2,0.992923,1
0,0,0.91232,1
2,2,0.716612,1
0,0,0.992776,1
2,2,0.996137,1
1,1,0.713148,1
0,0,0.59846,1
1,1,0.788776,1
0,0,0.674525,1
0,0,0.994263,1
0,0,0.983798,1
2,2,0.833246,1
0,0,0.548363,1
0,0,0.990135,1
2,2,0.977102,1
0,0,0.987108,1
2,2,0.97971,1
2,2,0.776151,1
2,2,0.988712,1
2,2,0.846618,1
0,0,0.787119,1
2,2,0.804719,1
0,0,0.99016,1
0,0,0.509741,1
2,2,0.857631,1
2,2,0.977495,1
1,1,0.954213,1
2,2,0.712287,1
1,1,0.832086,1
2,2,0.767736,1
0,0,0.835268,1
0,0,0.974877,1
0,0,0.675025,1
0,0,0.98472,1
0,0,0.965362,1
2,2,0.972148,1
2,2,0.8727,1
1,1,0.946068,1
1,1,0.541907,1
1,1,0.739839,1
1,1,0.958076,1
0,0,0.737776,1
1,1,0.942461,1
2,2,0.980588,1
1,2,0.676461,0
2,2,0.738279,1
2,2,0.975825,1
1,1,0.927967,1
0,0,0.994687,1
1,1,0.55762,1
1,1,0.738223,1
1,1,0.956666,1
1,1,0.544204,1
1,1,0.956293,1
1,1,0.938454,1
0,0,0.975434,1
2,2,0.985837,1
1,1,0.667142,1
2,2,0.987331,1
0,0,0.974982,1
1,1,0.754728,1
0,0,0.981344,1
2,2,0.993249,1
0,0,0.976232,1
1,1,0.723418,1
1,1,0.939892,1
0,0,0.990802,1
0,0,0.986704,1
0,0,0.913899,1
2,2,0.995556,1
2,2,0.864898,1
0,0,0.969147,1
1,1,0.955097,1
2,2,0.859278,1
2,2,0.991176,1
2,2,0.99672,1
1,1,0.956076,1
1,1,0.955907,1
1,0,0.630716,0
2,2,0.987219,1
2,2,0.746397,1
1,0,0.581361,0
1,1,0.945195,1
2,2,0.984412,1
0,0,0.972792,1
2,2,0.597898,1
2,2,0.99019,1
2,2,0.605253,1
0,0,0.990649,1
1,2,0.585867,0
0,1,0.61558,0
1,1,0.583682,1
1,1,0.760002,1
1,1,0.881739,1
2,2,0.982894,1
1,1,0.956892,1
1,1,0.750091,1
2,2,0.983465,1
2,2,0.978726,1
2,2,0.697833,1
2,2,0.981917,1
0,0,0.913899,1
2,2,0.662465,1
0,0,0.989537,1
1,2,0.625966,0
2,2,0.969365,1
0,0,0.972338,1
1,1,0.775298,1
2,2,0.847211,1
1,1,0.679227,1
1,1,0.781532,1
0,0,0.727561,1
2,2,0.677981,1
0,0,0.985408,1
1,0,0.691166,0
2,2,0.995588,1
2,2,0.994072,1
0,0,0.773403,1
2,2,0.784944,1
2,2,0.729641,1
2,2,0.993765,1
2,2,0.965754,1
1,1,0.803694,1
2,2,0.962567,1
1,1,0.742324,1
2,2,0.993177,1
1,1,0.88473,1
2,2,0.625446,1
1,1,0.775867,1
1,1,0.823093,1
2,2,0.983404,1
1,2,0.569368,0
0,0,0.685941,1
1,1,0.596867,1
2,2,0.994174,1
0,0,0.775041,1
0,0,0.978734,1
0,0,0.987786,1
1,0,0.666695,0
1,1,0.920704,1
0,0,0.756537,1
2,2,0.975207,1
2,2,0.986688,1
1,1,0.789101,1
2,2,0.714804,1
1,1,0.702251,1
2,2,0.784596,1
2,2,0.996412,1
2,2,0.982386,1
0,0,0.972456,1
1,1,0.589408,1
1,1,0.599549,1
2,2,0.982597,1
0,0,0.796818,1
0,0,0.96715,1
0,0,0.67767,1
0,1,0.604643,0
0,0,0.965885,1
1,1,0.682913,1
1,1,0.946085,1
0,0,0.874225,1
2,2,0.509418,1
1,0,0.554206,0
0,0,0.770648,1
0,0,0.773927,1
0,0,0.680829,1
0,0,0.99403,1
2,2,0.991229,1
2,2,0.97565,1
0,0,0.972095,1
0,0,0.971121,1
2,2,0.981446,1
2,2,0.721764,1
0,0,0.732703,1
2,2,0.873034,1
0,0,0.561724,1
1,1,0.822461,1
0,1,0.511915,0
1,1,0.749989,1
2,2,0.979966,1
2,2,0.776151,1
1,1,0.951679,1
0,0,0.993562,1
0,0,0.986132,1
2,2,0.773621,1
2,2,0.984702,1
0,0,0.535165,1
0,0,0.974431,1
1,1,0.941993,1
0,0,0.869097,1
0,0,0.991272,1
1,1,0.953223,1
2,2,0.993478,1
2,2,0.996495,1
2,2,0.982002,1
0,0,0.97943,1
1,1,0.673167,1
1,1,0.824624,1
0,0,0.968177,1
0,0,0.885938,1
0,0,0.527551,1
2,2,0.996137,1
1,1,0.631328,1
1,1,0.665979,1
0,0,0.681652,1
2,2,0.970329,1
0,0,0.990574,1
2,2,0.842127,1
0,0,0.969371,1
1,1,0.769421,1
0,0,0.977594,1
2,2,0.990058,1
0,0,0.995913,1
2,2,0.982913,1
1,1,0.798618,1
2,2,0.981072,1
1,1,0.827077,1
2,2,0.992385,1
2,2,0.992871,1
0,0,0.992176,1
2,2,0.627575,1
2,2,0.995138,1
0,0,0.984485,1
2,1,0.604467,0
0,0,0.920816,1
2,2,0.974887,1
1,1,0.92563,1
0,0,0.685233,1
1,1,0.949668,1
0,0,0.99215,1
2,2,0.714613,1
1,1,0.762645,1
2,2,0.974662,1
0,0,0.888029,1
1,1,0.926512,1
2,2,0.977118,1
1,1,0.936851,1
1,1,0.79042,1
2,2,0.962567,1
0,0,0.568797,1
2,2,0.757129,1
2,2,0.57963,1
0,0,0.982531,1
2,2,0.990601,1
2,2,0.991093,1
1,1,0.728725,1
2,2,0.739524,1
1,1,0.956095,1
2,2,0.996324,1
1,1,0.741142,1
1,1,0.500549,1
2,2,0.991347,1
1,1,0.788971,1
0,0,0.97067,1
1,1,0.593314,1
1,1,0.899213,1
2,2,0.630109,1
2,2,0.982046,1
1,1,0.794479,1
2,2,0.988413,1
0,0,0.969246,1
2,2,0.997241,1
2,2,0.670902,1
1,1,0.957707,1
0,0,0.899541,1
1,1,0.95698,1
2,2,0.979117,1
2,2,0.843773,1
2,2,0.826049,1
1,1,0.953992,1
1,1,0.509801,1
0,0,0.987102,1
1,1,0.733134,1
0,0,0.975434,1
0,0,0.991895,1
2,2,0.762986,1
0,0,0.596167,1
1,1,0.7193,1
2,2,0.989282,1
0,0,0.981848,1
2,2,0.996541,1
1,1,0.774989,1
0,0,0.989513,1
2,2,0.992932,1
0,0,0.982484,1
1,1,0.774474,1
0,0,0.68754,1
1,1,0.755439,1
1,1,0.801349,1
1,1,0.651897,1
1,0,0.592813,0
2,2,0.810927,1
0,0,0.984702,1
2,1,0.651043,0
0,0,0.988802,1
2,2,0.977771,1
1,1,0.741779,1
0,0,0.990374,1
2,2,0.832248,1
1,1,0.815985,1
0,0,0.990406,1
0,0,0.995099,1
0,0,0.971399,1
0,0,0.706873,1
0,0,0.65733,1
2,2,0.992871,1
1,1,0.949566,1
2,2,0.635193,1
1,2,0.497937,0
2,2,0.776621,1
0,0,0.986883,1
0,0,0.994911,1
2,2,0.976889,1
2,2,0.716153,1
1,2,0.56961,0
0,0,0.841429,1
1,1,0.560479,1
2,2,0.76366,1
1,0,0.645332,0
0,0,0.981013,1
2,2,0.806065,1
2,2,0.650209,1
1,1,0.626677,1
2,2,0.980968,1
0,0,0.808987,1
0,0,0.812361,1
0,0,0.980114,1
0,0,0.977002,1
0,0,0.992237,1
2,2,0.781833,1
2,2,0.990288,1
2,2,0.85274,1
1,1,0.858821,1
1,1,0.955246,1
1,0,0.591034,0
1,1,0.808596,1
1,1,0.811409,1
0,0,0.994054,1
2,2,0.973934,1
1,1,0.956877,1
2,2,0.990288,1
2,2,0.99012,1
0,0,0.636338,1
0,0,0.988049,1
1,1,0.951373,1
2,2,0.826276,1
0,0,0.991409,1
0,0,0.987496,1
1,1,0.760171,1
0,0,0.984089,1
1,2,0.549612,0
0,0,0.98896,1
2,2,0.983303,1
2,2,0.996538,1
2,2,0.737945,1
2,2,0.703851,1
2,2,0.995917,1
0,0,0.710302,1
0,0,0.981075,1
2,2,0.989179,1
2,2,0.979407,1
2,2,0.974082,1
0,0,0.55927,1
0,0,0.911834,1
1,1,0.76912,1
2,2,0.991895,1
1,1,0.94592,1
0,0,0.773403,1
1,1,0.827941,1
0,1,0.546714,0
1,1,0.67062,1
2,2,0.698513,1
0,0,0.976647,1
1,1,0.955922,1
1,1,0.956499,1
0,0,0.894479,1
0,0,0.987404,1
2,2,0.984998,1
1,1,0.957508,1
1,1,0.589433,1
0,1,0.506431,0
1,1,0.616707,1
1,1,0.768535,1
0,0,0.991208,1
2,2,0.986019,1
0,1,0.50119,0
1,2,0.564588,0
2,2,0.975333,1
1,1,0.769561,1
0,0,0.987199,1
0,0,0.992022,1
0,0,0.731059,1
2,2,0.991176,1
0,0,0.984702,1
0,0,0.85651,1
2,2,0.972021,1
0,0,0.771184,1
0,0,0.981094,1
0,0,0.983039,1
2,2,0.721023,1
1,1,0.642183,1
0,0,0.978,1
2,2,0.993233,1
0,0,0.886457,1
0,0,0.974969,1
2,2,0.980681,1
1,1,0.774453,1
1,1,0.957317,1
0,1,0.518697,0
2,2,0.76959,1
0,0,0.992629,1
2,2,0.763911,1
1,1,0.951847,1
2,2,0.563567,1
0,0,0.993575,1
0,0,0.98493,1
0,0,0.516558,1
0,0,0.970164,1
0,0,0.977642,1
1,1,0.561174,1
1,2,0.553258,0
0,0,0.98227,1
2,2,0.612098,1
2,2,0.808512,1
1,1,0.771646,1
0,0,0.973888,1
2,2,0.980626,1
0,0,0.988914,1
0,0,0.975586,1
1,1,0.756944,1
0,0,0.988893,1
1,1,0.499624,1
1,1,0.954129,1
2,2,0.990298,1
2,2,0.598242,1
2,2,0.980136,1
1,1,0.704654,1
1,1,0.620973,1
2,2,0.824737,1
0,0,0.882454,1
2,2,0.996458,1
2,2,0.677619,1
0,0,0.61668,1
2,1,0.688401,0
0,0,0.993016,1
2,2,0.533127,1
0,0,0.983798,1
0,0,0.992859,1
1,1,0.713643,1
1,1,0.758446,1
1,1,0.957491,1
0,0,0.989642,1
1,1,0.76764,1
2,2,0.992098,1
1,1,0.95347,1
2,2,0.501407,1
1,1,0.566608,1
0,0,0.993063,1
2,2,0.508974,1
2,2,0.618949,1
2,2,0.521123,1
2,2,0.983899,1
2,1,0.568759,0
2,2,0.992962,1
2,2,0.601397,1
0,0,0.821589,1
0,1,0.532173,0
0,0,0.993583,1
0,0,0.948953,1
0,0,0.963141,1
2,2,0.704016,1
2,2,0.868292,1
1,2,0.589384,0
1,1,0.950518,1
1,1,0.745498,1
1,1,0.603357,1
1,1,0.81114,1
0,0,0.603363,1
2,2,0.98496,1
2,2,0.990244,1
1,1,0.686745,1
2,2,0.823345,1
2,2,0.975448,1
1,1,0.644486,1
1,1,0.957942,1
1,2,0.527496,0
2,2,0.982242,1
2,2,0.794468,1
0,0,0.985988,1
0,0,0.98383,1
2,2,0.971941,1
2,2,0.976671,1
0,0,0.993661,1
0,0,0.988084,1
1,1,0.846084,1
0,0,0.783244,1
1,1,0.925533,1
0,0,0.966906,1
2,2,0.982985,1
0,0,0.969246,1
1,1,0.636833,1
2,2,0.767736,1
2,2,0.990189,1
0,0,0.9768,1
2,2,0.759456,1
2,2,0.989512,1
0,0,0.97209,1
0,0,0.981094,1
2,2,0.996845,1
0,0,0.787119,1
0,0,0.729944,1
2,2,0.989211,1
2,2,0.990637,1
0,0,0.98396,1
1,1,0.957694,1
2,1,0.576608,0
2,2,0.994371,1
0,0,0.843602,1
1,1,0.67163,1
0,0,0.811326,1
2,2,0.995787,1
1,1,0.596963,1
0,0,0.851641,1
2,2,0.980858,1
2,2,0.974887,1
0,0,0.991775,1
2,2,0.805423,1
0,1,0.789834,0
0,0,0.506048,1
2,2,0.993462,1
1,1,0.941443,1
1,1,0.833898,1
1,1,0.957911,1
0,0,0.731594,1
1,1,0.932805,1
0,0,0.972916,1
0,0,0.964865,1
1,1,0.700183,1
2,2,0.686281,1
0,0,0.766149,1
1,1,0.955685,1
2,2,0.902636,1
1,1,0.510096,1
0,0,0.964975,1
1,1,0.846936,1
1,2,0.732665,0
2,2,0.758152,1
0,0,0.991195,1
2,2,0.982397,1
2,2,0.665126,1
1,1,0.811219,1
2,2,0.915441,1
2,2,0.651607,1
1,1,0.68905,1
0,0,0.571796,1
0,0,0.963725,1
0,0,0.987885,1
0,0,0.988978,1
0,0,0.698016,1
2,2,0.972751,1
0,0,0.836026,1
0,0,0.981268,1
0,0,0.852538,1
1,1,0.517763,1
2,2,0.823345,1
2,2,0.995312,1
1,1,0.607776,1
1,1,0.944634,1
1,1,0.942834,1
1,1,0.806614,1
1,1,0.845041,1
0,1,0.630301,0
0,0,0.988496,1
0,0,0.962463,1
0,0,0.984283,1
1,0,0.638169,0
1,1,0.619169,1
0,0,0.977491,1
0,0,0.991891,1
1,0,0.524658,0
1,1,0.925632,1
1,1,0.757988,1
0,0,0.651753,1
0,0,0.991194,1
0,0,0.942608,1
0,0,0.957592,1
0,0,0.705906,1
1,1,0.95615,1
0,0,0.992121,1
2,2,0.841534,1
1,1,0.953766,1
1,1,0.957225,1
2,2,0.749394,1
0,0,0.501708,1
0,1,0.76802,0
1,1,0.956459,1
0,0,0.852148,1
1,1,0.805186,1
0,1,0.524259,0
0,0,0.988233,1
0,0,0.984204,1
2,2,0.992988,1
2,2,0.990442,1
2,2,0.973965,1
2,2,0.524211,1
0,0,0.969813,1
1,0,0.610817,0
0,0,0.990818,1
2,2,0.976713,1
1,1,0.620328,1
2,2,0.974183,1
0,0,0.963493,1
0,0,0.98136,1
2,2,0.756867,1
2,2,0.989167,1
0,0,0.990581,1
1,1,0.956576,1
1,1,0.6843,1
2,2,0.816167,1
1,1,0.684618,1
0,0,0.988347,1
1,1,0.84255,1
0,0,0.987784,1
1,1,0.957389,1
0,0,0.739027,1
2,2,0.800188,1
1,1,0.957107,1
0,0,0.609786,1
1,1,0.949648,1
0,0,0.870246,1
2,2,0.991848,1
2,2,0.971416,1
0,0,0.81243,1
0,0,0.555984,1
2,2,0.986976,1
0,0,0.64731,1
0,0,0.964564,1
1,1,0.939946,1
0,0,0.992237,1
1,1,0.95826,1
1,1,0.745746,1
1,1,0.592052,1
2,2,0.824789,1
1,1,0.943907,1
1,1,0.504862,1
0,0,0.784043,1
2,2,0.990909,1
1,1,0.951918,1
1,1,0.702689,1
2,2,0.988981,1
0,0,0.857008,1
1,1,0.955269,1
2,2,0.829122,1
1,1,0.801332,1
0,0,0.991257,1
1,1,0.951674,1
2,2,0.781723,1
2,2,0.994805,1
1,1,0.636465,1
1,1,0.502535,1
0,0,0.975803,1
2,2,0.838752,1
2,2,0.994605,1
2,2,0.99222,1
0,0,0.974229,1
0,0,0.987344,1
2,2,0.987413,1
1,1,0.55438,1
1,1,0.82703,1
2,2,0.980367,1
2,1,0.504962,0
1,1,0.949774,1
0,0,0.754723,1
2,2,0.873276,1
1,2,0.618581,0
0,0,0.976577,1
2,2,0.992438,1
1,1,0.945467,1
2,2,0.995294,1
2,2,0.972875,1
2,2,0.985297,1
0,0,0.988082,1
2,2,0.987842,1
0,0,0.989071,1
1,1,0.818043,1
0,0,0.988931,1
1,1,0.798277,1
0,0,0.984096,1
1,1,0.737504,1
2,2,0.976671,1
0,0,0.987905,1
1,1,0.944964,1
0,0,0.98472,1
2,2,0.800778,1
1,1,0.945561,1
2,2,0.970705,1
1,1,0.673594,1
1,1,0.624171,1
1,1,0.709206,1
0,1,0.547152,0
0,0,0.972137,1
0,1,0.563633,0
2,2,0.990635,1
1,1,0.800168,1
0,0,0.994976,1
0,0,0.906665,1
0,1,0.694882,0
0,0,0.981688,1
2,2,0.982795,1
0,0,0.991443,1
1,1,0.943863,1
0,0,0.983673,1
1,1,0.814752,1
1,1,0.585168,1
1,1,0.951983,1
1,1,0.956747,1
1,1,0.757718,1
2,2,0.826657,1
2,2,0.993928,1
2,2,0.976734,1
2,2,0.984779,1
2,2,0.99232,1
1,1,0.944283,1
0,0,0.669391,1
2,2,0.983404,1
0,0,0.584777,1
1,1,0.949849,1
0,0,0.672905,1
0,0,0.842621,1
2,2,0.698614,1
1,1,0.67559,1
2,2,0.99188,1
0,0,0.992328,1
2,2,0.818959,1
2,2,0.987649,1
2,2,0.980355,1
0,0,0.984258,1
1,1,0.957229,1
2,2,0.994122,1
0,0,0.983673,1
1,2,0.569823,0
0,0,0.99444,1
0,0,0.986911,1
0,1,0.590879,0
0,0,0.968442,1
1,1,0.957389,1
1,1,0.952637,1
0,0,0.97209,1
1,1,0.778475,1
1,1,0.621006,1
0,0,0.752949,1
0,0,0.86264,1
2,2,0.806759,1
0,0,0.975551,1
2,2,0.984716,1
0,0,0.965885,1
0,0,0.714434,1
0,0,0.977615,1
1,0,0.672753,0
1,1,0.842301,1
2,2,0.981473,1
0,0,0.979996,1
1,1,0.955322,1
2,2,0.784465,1
0,0,0.783647,1
0,0,0.989812,1
1,1,0.520248,1
2,2,0.989513,1
1,1,0.784087,1
2,2,0.979308,1
2,2,0.982899,1
0,0,0.98448,1
1,1,0.85251,1
0,0,0.967644,1
1,1,0.744824,1
2,2,0.99381,1
2,2,0.721542,1
1,1,0.945556,1
1,2,0.594498,0
2,2,0.6726,1
0,0,0.82924,1
0,0,0.899541,1
1,1,0.69593,1
1,1,0.549414,1
0,0,0.990649,1
0,0,0.957562,1
1,1,0.617947,1
2,2,0.874536,1
1,1,0.882424,1
2,2,0.867421,1
0,0,0.977871,1
1,1,0.807089,1
0,0,0.974757,1
2,2,0.97858,1
2,2,0.997083,1
2,2,0.850007,1
1,2,0.71125,0
0,0,0.990147,1
0,1,0.626166,0
0,0,0.725837,1
0,0,0.75823,1
2,2,0.77504,1
1,2,0.538348,0
1,1,0.623991,1
2,2,0.875245,1
1,1,0.776436,1
0,0,0.978372,1
0,0,0.981906,1
2,2,0.995719,1
0,0,0.986292,1
0,0,0.981348,1
1,1,0.700991,1
0,0,0.985177,1
2,2,0.768747,1
2,2,0.96048,1
0,0,0.969719,1
0,0,0.983003,1
0,0,0.824832,1
0,0,0.980028,1
1,1,0.932473,1
1,1,0.947671,1
2,2,0.99252,1
0,0,0.760063,1
1,1,0.51415,1
0,0,0.978072,1
0,0,0.994851,1
1,2,0.697036,0
1,1,0.844897,1
0,0,0.971092,1
2,2,0.980136,1
0,0,0.984849,1
0,0,0.988396,1
2,2,0.846659,1
1,1,0.558877,1
1,2,0.617946,0
1,2,0.532428,0
0,0,0.968799,1
0,0,0.967764,1
0,0,0.7122,1
2,1,0.739433,0
2,2,0.867421,1
2,2,0.974865,1
0,0,0.673773,1
0,1,0.526604,0
2,2,0.986176,1
2,2,0.965382,1
2,2,0.766775,1
2,2,0.983339,1
1,0,0.553362,0
2,2,0.99311,1
0,1,0.621569,0
0,0,0.965832,1
2,2,0.653016,1
2,2,0.847293,1
1,1,0.951782,1
2,2,0.985987,1
0,0,0.983741,1
0,0,0.969646,1
0,0,0.811613,1
2,2,0.640018,1
1,1,0.793273,1
1,1,0.793915,1
1,1,0.620082,1
2,2,0.801237,1
1,1,0.947045,1
2,2,0.784944,1
2,2,0.846073,1
0,0,0.98171,1
1,2,0.569156,0
0,0,0.968814,1
2,2,0.988226,1
1,1,0.954547,1
1,0,0.677911,0
0,0,0.991313,1
0,0,0.993579,1
0,0,0.98678,1
0,0,0.673119,1
0,0,0.988416,1
2,2,0.824789,1
2,2,0.872451,1
2,2,0.992997,1
0,0,0.979573,1
1,1,0.558488,1
0,0,0.820712,1
0,0,0.847495,1
0,0,0.976488,1
2,2,0.994182,1
1,1,0.956294,1
0,0,0.97085,1
0,0,0.970649,1
2,2,0.969807,1
0,0,0.974063,1
1,1,0.947216,1
1,1,0.945545,1
2,2,0.990422,1
1,2,0.629043,0
0,0,0.715657,1
2,2,0.984814,1
0,1,0.684037,0
1,1,0.626621,1
2,2,0.782398,1
0,0,0.971423,1
0,0,0.793889,1
2,2,0.990189,1
2,2,0.630845,1
0,0,0.986431,1
0,0,0.817373,1
0,0,0.973946,1
0,1,0.521728,0
1,1,0.724456,1
1,0,0.68136,0
1,1,0.786547,1
0,0,0.846554,1
1,1,0.741042,1
0,0,0.990474,1
1,1,0.767125,1
2,2,0.605253,1
1,1,0.790882,1
2,2,0.992771,1
0,0,0.986969,1
2,2,0.972776,1
2,2,0.992405,1
2,2,0.77562,1
2,2,0.974077,1
0,0,0.977868,1
2,2,0.813709,1
2,2,0.671814,1
0,0,0.976232,1
0,1,0.651682,0
0,0,0.798006,1
1,1,0.946865,1
1,1,0.94336,1
1,1,0.950975,1
1,1,0.824947,1
0,0,0.630633,1
2,2,0.828262,1
1,1,0.953614,1
1,1,0.938927,1
0,0,0.974622,1
0,0,0.973533,1
2,2,0.807873,1
2,2,0.985471,1
1,1,0.934434,1
0,0,0.972999,1
2,2,0.969856,1
0,0,0.984071,1
0,0,0.870212,1
2,2,0.628869,1
2,2,0.671319,1
1,1,0.7623,1
0,0,0.99137,1
0,0,0.981021,1
0,0,0.775605,1
2,2,0.817275,1
0,0,0.984031,1
2,2,0.979045,1
0,0,0.977023,1
0,0,0.847404,1
0,0,0.968893,1
1,1,0.942405,1
1,1,0.604075,1
0,0,0.994036,1
0,0,0.964509,1
1,2,0.55533,0
2,2,0.984289,1
0,0,0.563205,1
2,2,0.986825,1
2,2,0.72012,1
1,0,0.618423,0
1,1,0.817666,1
2,2,0.984752,1
2,2,0.98753,1
1,1,0.694703,1
2,2,0.995457,1
0,0,0.965137,1
0,0,0.992154,1
2,2,0.709986,1
2,2,0.991248,1
0,0,0.895057,1
2,2,0.985298,1
2,2,0.786625,1
2,2,0.983128,1
2,2,0.991195,1
0,0,0.986062,1
1,1,0.95365,1
1,1,0.922794,1
0,0,0.977972,1
1,0,0.544352,0
2,2,0.764616,1
2,2,0.964451,1
0,0,0.907181,1
0,0,0.993355,1
2,2,0.993249,1
2,2,0.972131,1
2,2,0.839606,1
1,2,0.581948,0
2,2,0.816791,1
0,0,0.783647,1
0,0,0.970164,1
1,1,0.859942,1
2,2,0.994612,1
0,0,0.972814,1
2,2,0.990401,1
2,2,0.754264,1
1,1,0.95221,1
1,0,0.681212,0
0,1,0.614758,0
1,1,0.719039,1
2,2,0.985361,1
2,2,0.990968,1
0,0,0.692444,1
2,2,0.754309,1
2,2,0.991642,1
1,1,0.766988,1
0,0,0.990783,1
0,0,0.547328,1
1,1,0.870941,1
1,1,0.795172,1
0,1,0.549597,0
0,0,0.982866,1
1,1,0.956935,1
2,2,0.979522,1
1,1,0.757032,1
2,2,0.991667,1
2,2,0.982069,1
1,1,0.729361,1
0,0,0.588117,1
0,0,0.990726,1
0,0,0.749043,1
1,1,0.586839,1
1,1,0.943563,1
1,1,0.86465,1
1,1,0.958074,1
1,1,0.797593,1
0,0,0.988742,1
2,2,0.987122,1
2,2,0.997192,1
2,2,0.977386,1
1,1,0.664644,1
1,1,0.924744,1
1,0,0.509743,0
0,0,0.982206,1
0,1,0.563633,0
1,1,0.535787,1
2,2,0.848596,1
2,2,0.995685,1
2,2,0.980366,1
0,1,0.51265,0
0,0,0.977151,1
1,1,0.715087,1
0,0,0.98635,1
0,0,0.988899,1
0,0,0.783153,1
0,0,0.989427,1
0,0,0.984973,1
0,0,0.982799,1
2,2,0.993285,1
2,2,0.991363,1
2,2,0.748512,1
0,0,0.813904,1
2,2,0.978898,1
1,1,0.736882,1
0,0,0.972186,1
1,1,0.712986,1
1,1,0.953312,1
1,1,0.889292,1
0,0,0.97894,1
1,1,0.946375,1
0,0,0.705906,1
1,1,0.95346,1
2,2,0.835587,1
0,0,0.981203,1
2,2,0.859278,1
0,0,0.987285,1
2,2,0.997607,1
2,2,0.736854,1
1,1,0.934444,1
1,1,0.612079,1
0,0,0.977436,1
1,1,0.956171,1
2,2,0.995208,1
2,2,0.98313,1
2,2,0.783669,1
2,2,0.852876,1
1,1,0.657288,1
2,2,0.802522,1
1,1,0.958048,1
2,2,0.991848,1
2,2,0.980362,1
0,1,0.580637,0
2,2,0.991471,1
1,1,0.937783,1
1,1,0.942165,1
0,0,0.865952,1
2,2,0.983226,1
2,2,0.981532,1
0,0,0.989281,1
0,0,0.98263,1
1,1,0.957065,1
2,2,0.819643,1
1,1,0.653637,1
1,1,0.746908,1
2,2,0.827126,1
1,1,0.7322,1
2,2,0.884065,1
0,0,0.831302,1
1,1,0.756766,1
0,1,0.612354,0
0,0,0.957209,1
2,2,0.987529,1
1,1,0.952559,1
0,0,0.983498,1
0,0,0.826142,1
2,2,0.9909,1
1,0,0.684935,0
0,0,0.963681,1
1,1,0.713657,1
0,0,0.986776,1
1,1,0.951544,1
2,2,0.996539,1
2,2,0.991321,1
2,2,0.996104,1
2,2,0.984725,1
0,0,0.787119,1
2,2,0.973984,1
2,2,0.508974,1
2,2,0.988816,1
1,1,0.61578,1
1,1,0.945171,1
2,2,0.747658,1
2,2,0.673981,1
2,2,0.980588,1
1,1,0.661556,1
2,2,0.996538,1
0,0,0.993217,1
1,0,0.598733,0
1,1,0.849071,1
1,1,0.956849,1
0,0,0.983268,1
1,1,0.673613,1
1,1,0.938021,1
2,2,0.785571,1
2,2,0.983564,1
0,1,0.638825,0
2,2,0.980588,1
0,0,0.990417,1
2,2,0.972736,1
1,1,0.592201,1
0,0,0.967342,1
0,0,0.962494,1
0,0,0.993109,1
1,1,0.823811,1
0,0,0.978056,1
1,1,0.787322,1
1,1,0.828187,1
1,1,0.85397,1
2,2,0.989799,1
2,2,0.706968,1
1,1,0.73726,1
1,1,0.731547,1
2,2,0.993177,1
2,2,0.995896,1
1,1,0.835358,1
0,0,0.819661,1
2,2,0.987926,1
1,0,0.653552,0
1,1,0.949966,1
1,0,0.656223,0
2,2,0.99569,1
1,1,0.719792,1
1,1,0.811793,1
1,2,0.525489,0
1,1,0.952136,1
1,1,0.820579,1
0,0,0.994231,1
1,1,0.667303,1
1,1,0.713257,1
1,1,0.848641,1
2,2,0.984666,1
0,0,0.884095,1
2,2,0.986768,1
0,0,0.977072,1
0,0,0.744315,1
0,0,0.991952,1
1,1,0.787142,1
0,0,0.984988,1
2,2,0.962272,1
1,1,0.957874,1
2,2,0.96883,1
0,0,0.994826,1
1,1,0.637024,1
1,1,0.957818,1
1,0,0.625653,0
0,0,0.728119,1
1,1,0.752923,1
0,1,0.555374,0
2,2,0.743922,1
0,0,0.97894,1
2,2,0.971484,1
1,1,0.623576,1
1,1,0.948836,1
0,0,0.985469,1
1,1,0.577089,1
1,1,0.568017,1
0,0,0.705337,1
2,2,0.828887,1
1,1,0.893678,1
1,1,0.801057,1
0,0,0.992445,1
0,0,0.994002,1
2,2,0.844629,1
0,0,0.989594,1
1,1,0.944634,1
0,0,0.992746,1
2,2,0.991545,1
1,2,0.578947,0
0,0,0.973248,1
0,0,0.988233,1
0,0,0.616916,1
0,0,0.981253,1
2,2,0.978843,1
0,0,0.723681,1
1,1,0.803505,1
2,2,0.794283,1
2,2,0.692199,1
0,0,0.983242,1
2,2,0.995882,1
2,2,0.983548,1
2,2,0.983567,1
0,0,0.995013,1
0,0,0.78726,1
2,2,0.979291,1
2,2,0.995719,1
2,1,0.686209,0
1,1,0.955728,1
0,0,0.9911,1
0,0,0.976373,1
0,0,0.97405,1
2,2,0.979306,1
0,0,0.982033,1
0,0,0.649866,1
1,1,0.630101,1
2,2,0.970841,1
0,0,0.984446,1
1,1,0.767512,1
2,2,0.986567,1
0,1,0.65856,0
0,0,0.988745,1
1,1,0.539224,1
0,0,0.984601,1
2,2,0.984121,1
0,0,0.985892,1
1,0,0.637754,0
0,0,0.993501,1
2,2,0.740233,1
1,1,0.951639,1
0,0,0.989843,1
2,2,0.824737,1
2,2,0.979135,1
1,0,0.507359,0
0,0,0.990605,1
2,2,0.790322,1
0,0,0.638174,1
2,2,0.986889,1
2,2,0.995182,1
0,0,0.99077,1
1,1,0.864726,1
1,1,0.557834,1
2,2,0.99318,1
1,1,0.588372,1
1,1,0.728142,1
0,0,0.601196,1
2,2,0.662465,1
1,0,0.509348,0
0,0,0.988416,1
1,1,0.660504,1
1,1,0.762876,1
1,0,0.511288,0
0,1,0.577007,0
0,0,0.985445,1
1,0,0.606766,0
2,2,0.99191,1
2,2,0.836772,1
2,2,0.997083,1
2,2,0.869246,1
2,2,0.995037,1
0,1,0.534083,0
1,1,0.699632,1
2,2,0.816437,1
1,1,0.956175,1
2,2,0.500545,1
0,0,0.986276,1
2,2,0.991321,1
0,0,0.831025,1
1,1,0.674282,1
2,2,0.982282,1
0,0,0.87345,1
2,2,0.983548,1
1,1,0.629464,1
1,1,0.953999,1
1,1,0.746141,1
0,0,0.975384,1
1,1,0.948447,1
0,1,0.644825,0
2,2,0.874229,1
0,0,0.973269,1
0,0,0.783688,1
1,1,0.780646,1
0,0,0.878719,1
0,0,0.90092,1
0,0,0.719156,1
0,0,0.988372,1
1,1,0.757642,1
0,0,0.984377,1
2,2,0.985793,1
0,0,0.977296,1
1,1,0.844119,1
0,0,0.772338,1
0,0,0.975384,1
2,2,0.993285,1
2,2,0.763168,1
1,1,0.794796,1
1,1,0.827918,1
1,1,0.790334,1
2,2,0.671319,1
0,0,0.985307,1
2,2,0.80835,1
2,2,0.991093,1
1,0,0.497415,0
0,0,0.988566,1
2,2,0.626259,1
2,2,0.985493,1
0,0,0.97085,1
2,2,0.609324,1
2,2,0.806033,1
2,2,0.974331,1
2,2,0.97176,1
2,2,0.97543,1
0,0,0.978352,1
1,1,0.766558,1
2,2,0.782989,1
1,1,0.936955,1
0,0,0.979449,1
2,2,0.847761,1
0,0,0.992176,1
1,1,0.94999,1
2,2,0.981777,1
1,1,0.94524,1
2,2,0.993362,1
2,2,0.990522,1
1,1,0.732997,1
2,2,0.754269,1
2,2,0.626079,1
2,2,0.993024,1
2,2,0.707813,1
1,1,0.712312,1
1,2,0.582745,0
0,0,0.708195,1
1,1,0.788302,1
1,1,0.655501,1
0,0,0.828872,1
1,1,0.826721,1
1,1,0.951692,1
2,2,0.992461,1
2,2,0.739237,1
0,1,0.658675,0
1,1,0.768239,1
2,2,0.98987,1
0,0,0.994101,1
1,0,0.664844,0
1,1,0.674707,1
0,0,0.993134,1
0,0,0.981597,1
2,2,0.96819,1
0,0,0.990262,1
1,2,0.706136,0
2,2,0.973653,1
0,0,0.983047,1
0,0,0.963504,1
2,2,0.986843,1
0,0,0.990959,1
1,1,0.829535,1
0,0,0.990701,1
1,1,0.599849,1
1,1,0.956544,1
1,1,0.938589,1
2,2,0.987297,1
2,2,0.996324,1
2,2,0.972644,1
2,1,0.564862,0
1,1,0.584223,1
1,1,0.945044,1
2,2,0.975204,1
0,0,0.981902,1
1,0,0.561088,0
2,2,0.823863,1
0,0,0.975872,1
2,2,0.99551,1
1,1,0.774125,1
2,2,0.841534,1
0,1,0.614089,0
1,1,0.498067,1
0,0,0.993711,1
0,0,0.645447,1
1,1,0.930442,1
0,0,0.810188,1
2,2,0.993149,1
1,1,0.64374,1
2,2,0.989881,1
1,1,0.65102,1
1,1,0.589544,1
1,1,0.938988,1
0,0,0.754903,1
1,1,0.63701,1
2,2,0.823061,1
1,1,0.740304,1
0,0,0.959286,1
0,0,0.976058,1
1,1,0.801825,1
2,2,0.726338,1
1,1,0.602184,1
2,2,0.99224,1
0,0,0.980413,1
2,2,0.98704,1
0,0,0.986001,1
1,1,0.772823,1
1,1,0.808965,1
1,1,0.952889,1
2,2,0.97911,1
1,1,0.954187,1
2,2,0.695477,1
2,2,0.991545,1
2,2,0.982231,1
1,1,0.948711,1
2,1,0.544699,0
1,1,0.957583,1
1,1,0.956097,1
2,2,0.989637,1
0,0,0.990706,1
1,0,0.673598,0
0,0,0.836067,1
0,0,0.796675,1
1,0,0.714205,0
2,2,0.72012,1
0,1,0.524619,0
2,2,0.74513,1
2,2,0.971508,1
2,2,0.985227,1
2,2,0.996304,1
0,0,0.583504,1
0,0,0.637792,1
2,2,0.793931,1
0,0,0.984934,1
1,2,0.561774,0
1,1,0.717156,1
0,1,0.754506,0
2,2,0.981572,1
1,1,0.955307,1
1,1,0.945768,1
0,0,0.970788,1
0,0,0.975162,1
1,1,0.788065,1
2,2,0.975108,1
1,1,0.925781,1
1,1,0.956244,1
2,2,0.843933,1
1,1,0.950139,1
2,2,0.82894,1
0,0,0.993943,1
1,1,0.692499,1
1,1,0.820765,1
1,1,0.670823,1
2,2,0.981486,1
1,1,0.886633,1
2,2,0.987401,1
2,2,0.989806,1
2,2,0.788015,1
2,2,0.991071,1
1,1,0.93235,1
0,1,0.647239,0
1,1,0.774867,1
1,1,0.67626,1
1,1,0.531134,1
1,1,0.930899,1
1,1,0.512912,1
1,2,0.545846,0
2,2,0.993262,1
1,1,0.569118,1
0,0,0.957428,1
0,0,0.893786,1
2,2,0.808874,1
1,1,0.543808,1
0,0,0.970869,1
2,2,0.99535,1
0,0,0.979212,1
2,2,0.990504,1
2,2,0.872451,1
0,0,0.670232,1
